cdr_id,region_id,region_name,caller_number,callee_number,call_start,duration_seconds,call_type,bytes_transferred,network_type,rate_per_minute,charge_amount
R05-0000001,5,River-Valley,+1-829-500-1743,+1-415-661-7792,2026-06-01 05:45:10,3293,VOICE,,5G,0.08,4.39
R05-0000002,5,River-Valley,+1-934-434-4406,+1-835-354-6211,2026-06-01 23:06:51,0,VOICE,,4G,0.1,0.0
R05-0000003,5,River-Valley,+1-435-917-8288,+1-497-834-0748,2026-06-01 13:57:18,3070,VOICE,,4G,0.1,5.12
R05-0000004,5,River-Valley,+1-791-341-3709,,2026-06-01 17:43:35,2979,DATA,84417896,4G,0.0,0.84
R05-0000005,5,River-Valley,+1-583-842-9113,+1-828-545-2714,2026-06-01 05:09:08,3151,VOICE,,4G,0.1,5.25
R05-0000006,5,River-Valley,+1-736-236-7712,+1-854-200-5102,2026-06-01 08:06:27,2794,VOICE,,4G,0.1,4.66
R05-0000007,5,River-Valley,+1-315-337-8282,,2026-06-01 22:24:28,580,DATA,233929979,5G,0.0,2.34
R05-0000008,5,River-Valley,+1-746-909-7539,+1-705-240-6359,2026-06-01 10:04:36,1695,VOICE,,4G,0.1,2.83
R05-0000009,5,River-Valley,+1-638-465-5658,+1-277-283-3729,2026-06-01 14:49:00,0,SMS,,3G,0.0,0.05
R05-0000010,5,River-Valley,+1-635-925-0725,,2026-06-01 03:45:20,4161,DATA,394271881,4G,0.0,3.94
R05-0000011,5,River-Valley,+1-654-810-2102,+1-382-369-2670,2026-06-01 01:11:12,0,SMS,,4G,0.0,0.05
R05-0000012,5,River-Valley,+1-692-261-3647,+1-374-718-5759,2026-06-01 10:58:46,3032,VOICE,,4G,0.1,5.05
R05-0000013,5,River-Valley,+1-573-681-7783,+1-410-623-9383,2026-06-01 16:56:19,0,VOICE,,3G,0.12,0.0
R05-0000014,5,River-Valley,+1-785-587-2996,+1-215-280-2740,2026-06-01 10:42:11,2911,VOICE,,4G,0.1,4.85
R05-0000015,5,River-Valley,+1-683-939-9545,+1-860-857-6923,2026-06-01 05:31:09,0,SMS,,4G,0.0,0.05
R05-0000016,5,River-Valley,+1-633-853-3134,+1-968-569-3750,2026-06-01 17:42:48,2413,VOICE,,4G,0.1,4.02
R05-0000017,5,River-Valley,+1-503-496-9731,+1-465-779-1520,2026-06-01 00:00:42,0,SMS,,4G,0.0,0.05
R05-0000018,5,River-Valley,+1-913-477-7795,+1-444-282-7147,2026-06-01 20:51:00,0,SMS,,4G,0.0,0.05
R05-0000019,5,River-Valley,+1-772-979-0524,+1-628-340-8451,2026-06-01 15:29:46,3259,VOICE,,4G,0.1,5.43
R05-0000020,5,River-Valley,+1-491-724-5133,+1-210-802-7993,2026-06-01 17:00:14,0,VOICE,,5G,0.08,0.0
R05-0000021,5,River-Valley,+1-214-213-3959,+1-742-950-9323,2026-06-01 07:06:32,3471,VOICE,,3G,0.12,6.94
R05-0000022,5,River-Valley,+1-784-387-6732,,2026-06-01 00:49:11,302,DATA,351536270,4G,0.0,3.52
R05-0000023,5,River-Valley,+1-287-819-4543,+1-753-258-2004,2026-06-01 18:50:52,0,SMS,,4G,0.0,0.05
R05-0000024,5,River-Valley,+1-507-996-0068,,2026-06-01 09:27:32,3166,DATA,428491291,5G,0.0,4.28
R05-0000025,5,River-Valley,+1-960-641-3355,,2026-06-01 11:19:14,6896,DATA,455883183,4G,0.0,4.56
R05-0000026,5,River-Valley,+1-518-980-3613,+1-342-777-2668,2026-06-01 07:19:49,186,VOICE,,3G,0.12,0.37
R05-0000027,5,River-Valley,+1-651-828-5146,+1-736-452-0811,2026-06-01 06:50:44,1530,VOICE,,5G,0.08,2.04
R05-0000028,5,River-Valley,+1-967-915-7922,+1-480-708-1786,2026-06-01 22:21:17,1653,VOICE,,4G,0.1,2.76
R05-0000029,5,River-Valley,+1-233-495-9946,+1-897-494-5996,2026-06-01 12:04:26,0,VOICE,,5G,0.08,0.0
R05-0000030,5,River-Valley,+1-952-346-2546,+1-404-912-2393,2026-06-01 05:22:18,526,VOICE,,5G,0.08,0.7
R05-0000031,5,River-Valley,+1-224-411-8114,,2026-06-01 21:06:35,4403,DATA,60749935,4G,0.0,0.61
R05-0000032,5,River-Valley,+1-368-350-3541,+1-784-552-0692,2026-06-01 02:32:45,0,SMS,,5G,0.0,0.05
R05-0000033,5,River-Valley,+1-533-475-6790,,2026-06-01 03:16:32,894,DATA,254190589,5G,0.0,2.54
R05-0000034,5,River-Valley,+1-464-361-8467,,2026-06-01 00:45:47,4979,DATA,464891769,5G,0.0,4.65
R05-0000035,5,River-Valley,+1-300-848-1157,+1-544-991-1722,2026-06-01 02:56:27,3207,VOICE,,4G,0.1,5.35
R05-0000036,5,River-Valley,+1-553-554-1450,+1-574-267-6144,2026-06-01 19:40:52,0,SMS,,4G,0.0,0.05
R05-0000037,5,River-Valley,+1-481-463-1639,+1-685-965-7660,2026-06-01 05:38:01,2994,VOICE,,4G,0.1,4.99
R05-0000038,5,River-Valley,+1-741-972-3659,+1-756-664-5819,2026-06-01 23:38:49,493,VOICE,,4G,0.1,0.82
R05-0000039,5,River-Valley,+1-483-582-0603,,2026-06-01 04:10:19,6847,DATA,389884760,3G,0.0,3.9
R05-0000040,5,River-Valley,+1-436-954-0504,+1-365-630-7544,2026-06-01 10:18:14,0,SMS,,4G,0.0,0.05
R05-0000041,5,River-Valley,+1-637-829-8988,,2026-06-01 15:02:20,5015,DATA,242014713,5G,0.0,2.42
R05-0000042,5,River-Valley,+1-610-782-4732,+1-729-434-8492,2026-06-01 19:55:35,549,VOICE,,3G,0.12,1.1
R05-0000043,5,River-Valley,+1-374-719-9119,+1-584-457-7297,2026-06-01 20:28:39,673,VOICE,,3G,0.12,1.35
R05-0000044,5,River-Valley,+1-782-631-0627,+1-500-327-8499,2026-06-01 02:47:33,0,SMS,,3G,0.0,0.05
R05-0000045,5,River-Valley,+1-539-970-7588,+1-730-910-2594,2026-06-01 09:06:53,0,SMS,,5G,0.0,0.05
R05-0000046,5,River-Valley,+1-850-573-7952,+1-924-545-1329,2026-06-01 12:23:16,587,VOICE,,4G,0.1,0.98
R05-0000047,5,River-Valley,+1-242-249-4526,+1-792-265-6346,2026-06-01 02:59:25,1263,VOICE,,4G,0.1,2.1
R05-0000048,5,River-Valley,+1-376-991-1012,,2026-06-01 13:45:09,6537,DATA,279830040,3G,0.0,2.8
R05-0000049,5,River-Valley,+1-656-415-8399,+1-658-275-5327,2026-06-01 22:17:48,549,VOICE,,4G,0.1,0.92
R05-0000050,5,River-Valley,+1-952-451-5450,+1-791-415-7648,2026-06-01 04:11:13,1406,VOICE,,4G,0.1,2.34
R05-0000051,5,River-Valley,+1-447-679-8676,,2026-06-01 03:58:33,5308,DATA,107240819,3G,0.0,1.07
R05-0000052,5,River-Valley,+1-462-799-8648,+1-692-259-2632,2026-06-01 22:57:22,0,SMS,,4G,0.0,0.05
R05-0000053,5,River-Valley,+1-492-469-5084,+1-880-386-2193,2026-06-01 06:30:34,0,SMS,,4G,0.0,0.05
R05-0000054,5,River-Valley,+1-432-953-6245,,2026-06-01 02:19:02,2744,DATA,90241054,4G,0.0,0.9
R05-0000055,5,River-Valley,+1-575-951-0897,+1-650-468-7724,2026-06-01 21:41:48,0,SMS,,3G,0.0,0.05
R05-0000056,5,River-Valley,+1-424-712-2359,+1-697-751-3014,2026-06-01 11:15:34,285,VOICE,,5G,0.08,0.38
R05-0000057,5,River-Valley,+1-476-498-9456,+1-696-400-6608,2026-06-01 16:38:32,1321,VOICE,,4G,0.1,2.2
R05-0000058,5,River-Valley,+1-564-958-4828,+1-349-651-5196,2026-06-01 20:24:25,2559,VOICE,,3G,0.12,5.12
R05-0000059,5,River-Valley,+1-246-944-0433,,2026-06-01 11:54:09,306,DATA,211094492,5G,0.0,2.11
R05-0000060,5,River-Valley,+1-838-701-3902,+1-295-290-0187,2026-06-01 03:49:53,0,SMS,,4G,0.0,0.05
R05-0000061,5,River-Valley,+1-852-597-7972,+1-516-344-5721,2026-06-01 06:36:54,509,VOICE,,5G,0.08,0.68
R05-0000062,5,River-Valley,+1-618-307-4847,+1-831-916-2979,2026-06-01 19:34:16,0,SMS,,3G,0.0,0.05
R05-0000063,5,River-Valley,+1-744-202-8938,,2026-06-01 21:38:47,6167,DATA,494060170,4G,0.0,4.94
R05-0000064,5,River-Valley,+1-554-941-2149,+1-906-764-4570,2026-06-01 04:45:16,0,SMS,,5G,0.0,0.05
R05-0000065,5,River-Valley,+1-767-540-4977,+1-221-740-9384,2026-06-01 00:49:23,0,SMS,,4G,0.0,0.05
R05-0000066,5,River-Valley,+1-225-565-8657,+1-486-559-0327,2026-06-01 01:52:10,0,SMS,,4G,0.0,0.05
R05-0000067,5,River-Valley,+1-288-857-5885,,2026-06-01 02:50:46,435,DATA,237356492,5G,0.0,2.37
R05-0000068,5,River-Valley,+1-286-403-6411,+1-537-852-4799,2026-06-01 08:36:47,0,SMS,,5G,0.0,0.05
R05-0000069,5,River-Valley,+1-526-222-0692,+1-609-204-7019,2026-06-01 20:31:32,2330,VOICE,,4G,0.1,3.88
R05-0000070,5,River-Valley,+1-278-429-6302,+1-921-422-7654,2026-06-01 13:53:42,0,SMS,,5G,0.0,0.05
R05-0000071,5,River-Valley,+1-286-236-5098,+1-837-373-0896,2026-06-01 15:30:02,0,SMS,,3G,0.0,0.05
R05-0000072,5,River-Valley,+1-376-762-3758,,2026-06-01 15:51:11,5963,DATA,450344268,4G,0.0,4.5
R05-0000073,5,River-Valley,+1-644-316-2783,+1-343-391-6047,2026-06-01 16:02:51,169,VOICE,,3G,0.12,0.34
R05-0000074,5,River-Valley,+1-857-881-9595,+1-519-767-4565,2026-06-01 02:14:09,0,SMS,,5G,0.0,0.05
R05-0000075,5,River-Valley,+1-907-627-6141,+1-344-756-4250,2026-06-01 05:27:54,0,SMS,,4G,0.0,0.05
R05-0000076,5,River-Valley,+1-415-248-3067,+1-708-260-4842,2026-06-01 22:53:51,0,SMS,,4G,0.0,0.05
R05-0000077,5,River-Valley,+1-656-546-7402,+1-343-709-3950,2026-06-01 15:59:30,0,SMS,,5G,0.0,0.05
R05-0000078,5,River-Valley,+1-201-986-9023,,2026-06-01 10:03:38,6628,DATA,412370664,5G,0.0,4.12
R05-0000079,5,River-Valley,+1-568-581-1032,+1-404-396-6761,2026-06-01 05:18:41,1890,VOICE,,5G,0.08,2.52
R05-0000080,5,River-Valley,+1-590-764-3472,+1-604-988-3880,2026-06-01 05:31:09,2123,VOICE,,5G,0.08,2.83
R05-0000081,5,River-Valley,+1-504-792-4049,+1-774-691-9407,2026-06-01 00:46:05,2649,VOICE,,4G,0.1,4.42
R05-0000082,5,River-Valley,+1-520-883-6018,+1-483-529-6922,2026-06-01 16:28:07,2001,VOICE,,4G,0.1,3.34
R05-0000083,5,River-Valley,+1-634-728-1094,+1-934-980-8299,2026-06-01 10:01:13,2927,VOICE,,4G,0.1,4.88
R05-0000084,5,River-Valley,+1-967-838-4115,,2026-06-01 19:08:36,4365,DATA,421989779,5G,0.0,4.22
R05-0000085,5,River-Valley,+1-723-471-1495,+1-439-596-1554,2026-06-01 06:54:18,0,SMS,,5G,0.0,0.05
R05-0000086,5,River-Valley,+1-404-664-6020,+1-951-277-2727,2026-06-01 12:40:23,2378,VOICE,,4G,0.1,3.96
R05-0000087,5,River-Valley,+1-726-282-8300,,2026-06-01 14:53:21,7172,DATA,53317831,5G,0.0,0.53
R05-0000088,5,River-Valley,+1-504-752-9167,+1-634-551-3438,2026-06-01 17:22:35,0,VOICE,,4G,0.1,0.0
R05-0000089,5,River-Valley,+1-898-666-2167,,2026-06-01 11:35:12,3681,DATA,51455229,4G,0.0,0.51
R05-0000090,5,River-Valley,+1-652-816-0941,+1-939-743-1380,2026-06-01 00:10:36,411,VOICE,,5G,0.08,0.55
R05-0000091,5,River-Valley,+1-524-658-0737,+1-705-417-1863,2026-06-01 03:05:13,2339,VOICE,,5G,0.08,3.12
R05-0000092,5,River-Valley,+1-719-261-9599,+1-836-262-6487,2026-06-01 16:17:05,2202,VOICE,,5G,0.08,2.94
R05-0000093,5,River-Valley,+1-579-442-4965,,2026-06-01 21:45:14,2237,DATA,269747437,5G,0.0,2.7
R05-0000094,5,River-Valley,+1-943-919-6496,+1-429-261-8606,2026-06-01 11:40:44,0,SMS,,4G,0.0,0.05
R05-0000095,5,River-Valley,+1-386-288-4629,+1-457-743-6544,2026-06-01 09:19:15,0,SMS,,4G,0.0,0.05
R05-0000096,5,River-Valley,+1-373-977-9220,+1-208-484-4320,2026-06-01 00:48:22,2937,VOICE,,4G,0.1,4.9
R05-0000097,5,River-Valley,+1-713-533-0544,,2026-06-01 11:32:22,2291,DATA,170291622,5G,0.0,1.7
R05-0000098,5,River-Valley,+1-356-266-3237,+1-225-892-6236,2026-06-01 12:54:46,0,SMS,,4G,0.0,0.05
R05-0000099,5,River-Valley,+1-475-792-2899,+1-902-681-9861,2026-06-01 00:50:43,534,VOICE,,4G,0.1,0.89
R05-0000100,5,River-Valley,+1-650-521-9999,+1-424-776-1956,2026-06-01 22:23:38,0,SMS,,3G,0.0,0.05
R05-0000101,5,River-Valley,+1-881-443-8687,+1-438-712-0617,2026-06-01 00:30:36,0,SMS,,4G,0.0,0.05
R05-0000102,5,River-Valley,+1-217-232-5333,+1-277-677-6188,2026-06-01 19:30:18,0,SMS,,5G,0.0,0.05
R05-0000103,5,River-Valley,+1-642-767-7829,,2026-06-01 15:42:45,3941,DATA,13122882,4G,0.0,0.13
R05-0000104,5,River-Valley,+1-898-531-0660,,2026-06-01 12:46:34,6690,DATA,373190651,4G,0.0,3.73
R05-0000105,5,River-Valley,+1-201-525-9119,+1-322-908-2152,2026-06-01 21:13:48,3001,VOICE,,4G,0.1,5.0
R05-0000106,5,River-Valley,+1-369-427-1027,,2026-06-01 00:27:02,1145,DATA,282634573,3G,0.0,2.83
R05-0000107,5,River-Valley,+1-218-442-1378,+1-834-826-8282,2026-06-01 13:25:15,0,SMS,,4G,0.0,0.05
R05-0000108,5,River-Valley,+1-283-260-5931,+1-972-298-9100,2026-06-01 20:26:02,0,VOICE,,5G,0.08,0.0
R05-0000109,5,River-Valley,+1-954-911-4477,+1-279-670-0235,2026-06-01 15:48:15,2864,VOICE,,4G,0.1,4.77
R05-0000110,5,River-Valley,+1-762-332-7003,+1-543-447-6712,2026-06-01 01:37:22,1313,VOICE,,5G,0.08,1.75
R05-0000111,5,River-Valley,+1-352-249-3474,,2026-06-01 23:29:55,5887,DATA,439474712,4G,0.0,4.39
R05-0000112,5,River-Valley,+1-741-338-1460,+1-764-607-2025,2026-06-01 02:47:12,2999,VOICE,,4G,0.1,5.0
R05-0000113,5,River-Valley,+1-930-241-7773,+1-516-722-2790,2026-06-01 11:24:49,0,SMS,,4G,0.0,0.05
R05-0000114,5,River-Valley,+1-380-370-5426,,2026-06-01 07:33:50,90,DATA,74110321,5G,0.0,0.74
R05-0000115,5,River-Valley,+1-794-540-3503,+1-899-384-9579,2026-06-01 02:54:45,1710,VOICE,,4G,0.1,2.85
R05-0000116,5,River-Valley,+1-605-709-4936,+1-508-856-5869,2026-06-01 13:43:26,834,VOICE,,3G,0.12,1.67
R05-0000117,5,River-Valley,+1-862-247-9454,+1-557-797-1469,2026-06-01 04:31:08,0,SMS,,4G,0.0,0.05
R05-0000118,5,River-Valley,+1-425-588-0131,+1-395-404-1863,2026-06-01 02:03:29,0,SMS,,4G,0.0,0.05
R05-0000119,5,River-Valley,+1-626-866-1983,+1-307-531-2378,2026-06-01 08:50:40,0,SMS,,4G,0.0,0.05
R05-0000120,5,River-Valley,+1-731-745-2986,+1-730-910-5534,2026-06-01 05:24:33,0,SMS,,5G,0.0,0.05
R05-0000121,5,River-Valley,+1-509-724-7938,,2026-06-01 17:52:51,1463,DATA,191622495,4G,0.0,1.92
R05-0000122,5,River-Valley,+1-741-487-7250,,2026-06-01 09:51:43,3680,DATA,357844499,4G,0.0,3.58
R05-0000123,5,River-Valley,+1-836-614-4132,,2026-06-01 11:27:58,2444,DATA,134941606,5G,0.0,1.35
R05-0000124,5,River-Valley,+1-899-694-2029,+1-960-538-7051,2026-06-01 12:26:14,0,SMS,,5G,0.0,0.05
R05-0000125,5,River-Valley,+1-515-275-4881,+1-559-539-0318,2026-06-01 18:08:53,558,VOICE,,4G,0.1,0.93
R05-0000126,5,River-Valley,+1-636-999-2498,+1-231-895-9765,2026-06-01 15:55:22,0,SMS,,3G,0.0,0.05
R05-0000127,5,River-Valley,+1-612-994-9389,+1-777-680-5997,2026-06-01 22:12:05,1360,VOICE,,4G,0.1,2.27
R05-0000128,5,River-Valley,+1-339-672-3200,+1-599-953-7325,2026-06-01 16:02:04,3479,VOICE,,4G,0.1,5.8
R05-0000129,5,River-Valley,+1-540-439-5717,,2026-06-01 08:50:17,6414,DATA,385133929,5G,0.0,3.85
R05-0000130,5,River-Valley,+1-896-888-9223,+1-478-497-3943,2026-06-01 08:02:12,973,VOICE,,5G,0.08,1.3
R05-0000131,5,River-Valley,+1-917-488-4455,+1-308-340-6871,2026-06-01 23:07:51,1083,VOICE,,5G,0.08,1.44
R05-0000132,5,River-Valley,+1-644-334-8429,+1-253-696-3700,2026-06-01 15:38:33,1007,VOICE,,3G,0.12,2.01
R05-0000133,5,River-Valley,+1-449-275-9633,,2026-06-01 03:40:14,7187,DATA,143916553,4G,0.0,1.44
R05-0000134,5,River-Valley,+1-517-533-6500,+1-378-490-0450,2026-06-01 09:20:50,0,SMS,,5G,0.0,0.05
R05-0000135,5,River-Valley,+1-227-705-3554,+1-517-921-3524,2026-06-01 12:02:58,522,VOICE,,4G,0.1,0.87
R05-0000136,5,River-Valley,+1-976-701-3405,+1-433-897-3136,2026-06-01 03:07:37,543,VOICE,,5G,0.08,0.72
R05-0000137,5,River-Valley,+1-349-746-0112,+1-397-866-4453,2026-06-01 17:54:49,0,SMS,,5G,0.0,0.05
R05-0000138,5,River-Valley,+1-407-848-5923,+1-671-332-1065,2026-06-01 06:31:18,0,SMS,,4G,0.0,0.05
R05-0000139,5,River-Valley,+1-599-901-7981,,2026-06-01 00:58:39,5042,DATA,54595362,4G,0.0,0.55
R05-0000140,5,River-Valley,+1-406-544-6734,+1-559-400-0959,2026-06-01 21:29:27,0,SMS,,3G,0.0,0.05
R05-0000141,5,River-Valley,+1-521-262-0216,+1-816-714-5347,2026-06-01 19:10:11,118,VOICE,,5G,0.08,0.16
R05-0000142,5,River-Valley,+1-674-938-0472,+1-976-506-2355,2026-06-01 19:01:00,2636,VOICE,,4G,0.1,4.39
R05-0000143,5,River-Valley,+1-731-238-2732,+1-832-564-8529,2026-06-01 17:46:07,0,SMS,,4G,0.0,0.05
R05-0000144,5,River-Valley,+1-524-798-1659,+1-618-522-7737,2026-06-01 04:39:47,344,VOICE,,5G,0.08,0.46
R05-0000145,5,River-Valley,+1-414-691-9499,+1-920-641-7532,2026-06-01 15:25:42,0,SMS,,4G,0.0,0.05
R05-0000146,5,River-Valley,+1-319-681-1308,+1-736-362-4515,2026-06-01 08:37:57,0,SMS,,5G,0.0,0.05
R05-0000147,5,River-Valley,+1-872-881-4336,+1-525-957-1828,2026-06-01 11:11:55,0,SMS,,4G,0.0,0.05
R05-0000148,5,River-Valley,+1-267-284-5675,,2026-06-01 17:11:02,2209,DATA,316292544,4G,0.0,3.16
R05-0000149,5,River-Valley,+1-677-916-7017,+1-796-359-0343,2026-06-01 22:36:13,0,SMS,,4G,0.0,0.05
R05-0000150,5,River-Valley,+1-912-903-4574,+1-227-520-9571,2026-06-01 07:56:06,0,SMS,,5G,0.0,0.05
R05-0000151,5,River-Valley,+1-259-675-2536,+1-308-276-2489,2026-06-01 08:23:55,1629,VOICE,,5G,0.08,2.17
R05-0000152,5,River-Valley,+1-957-429-3541,+1-592-392-6151,2026-06-01 10:51:29,0,SMS,,3G,0.0,0.05
R05-0000153,5,River-Valley,+1-300-247-3455,+1-557-337-7202,2026-06-01 16:43:28,1239,VOICE,,5G,0.08,1.65
R05-0000154,5,River-Valley,+1-505-939-2526,+1-726-306-7857,2026-06-01 20:22:48,0,SMS,,4G,0.0,0.05
R05-0000155,5,River-Valley,+1-538-514-5564,+1-503-447-6792,2026-06-01 08:14:03,1056,VOICE,,4G,0.1,1.76
R05-0000156,5,River-Valley,+1-410-253-9114,+1-635-756-9510,2026-06-01 01:30:09,163,VOICE,,4G,0.1,0.27
R05-0000157,5,River-Valley,+1-537-306-7847,+1-681-596-2115,2026-06-01 13:29:27,0,SMS,,4G,0.0,0.05
R05-0000158,5,River-Valley,+1-567-405-1512,+1-836-479-0607,2026-06-01 22:36:25,0,SMS,,5G,0.0,0.05
R05-0000159,5,River-Valley,+1-535-336-0368,+1-963-367-9390,2026-06-01 23:29:12,2274,VOICE,,5G,0.08,3.03
R05-0000160,5,River-Valley,+1-372-785-7267,+1-879-937-8822,2026-06-01 09:56:21,2780,VOICE,,5G,0.08,3.71
R05-0000161,5,River-Valley,+1-617-454-7914,+1-338-426-2149,2026-06-01 13:25:10,2654,VOICE,,4G,0.1,4.42
R05-0000162,5,River-Valley,+1-916-549-1725,+1-582-647-6863,2026-06-01 23:52:03,1757,VOICE,,5G,0.08,2.34
R05-0000163,5,River-Valley,+1-246-853-1275,+1-209-773-2490,2026-06-01 09:30:04,0,SMS,,5G,0.0,0.05
R05-0000164,5,River-Valley,+1-306-274-8562,+1-911-621-4916,2026-06-01 03:24:08,0,SMS,,5G,0.0,0.05
R05-0000165,5,River-Valley,+1-398-719-4002,+1-487-742-7656,2026-06-01 02:51:05,1075,VOICE,,4G,0.1,1.79
R05-0000166,5,River-Valley,+1-789-264-8318,+1-935-662-1142,2026-06-01 19:57:04,0,SMS,,4G,0.0,0.05
R05-0000167,5,River-Valley,+1-567-838-8728,+1-261-836-5893,2026-06-01 09:02:45,0,SMS,,4G,0.0,0.05
R05-0000168,5,River-Valley,+1-513-355-1888,+1-680-854-9280,2026-06-01 02:29:33,2787,VOICE,,5G,0.08,3.72
R05-0000169,5,River-Valley,+1-273-431-4016,+1-573-278-8423,2026-06-01 16:20:07,693,VOICE,,4G,0.1,1.16
R05-0000170,5,River-Valley,+1-781-814-0737,,2026-06-01 12:05:52,1474,DATA,247292524,5G,0.0,2.47
R05-0000171,5,River-Valley,+1-711-587-3960,,2026-06-01 04:06:47,3063,DATA,287774424,4G,0.0,2.88
R05-0000172,5,River-Valley,+1-902-623-2102,+1-233-620-1984,2026-06-01 06:27:12,257,VOICE,,4G,0.1,0.43
R05-0000173,5,River-Valley,+1-327-818-9318,+1-381-889-2198,2026-06-01 08:53:19,0,SMS,,5G,0.0,0.05
R05-0000174,5,River-Valley,+1-323-927-9095,+1-728-255-6532,2026-06-01 01:04:33,889,VOICE,,3G,0.12,1.78
R05-0000175,5,River-Valley,+1-521-454-1597,,2026-06-01 21:06:19,246,DATA,342705436,3G,0.0,3.43
R05-0000176,5,River-Valley,+1-290-314-7800,,2026-06-01 18:16:13,3035,DATA,132669535,3G,0.0,1.33
R05-0000177,5,River-Valley,+1-570-472-4249,+1-202-782-3426,2026-06-01 18:26:19,423,VOICE,,4G,0.1,0.71
R05-0000178,5,River-Valley,+1-861-746-4982,+1-307-212-2275,2026-06-01 19:20:05,0,SMS,,4G,0.0,0.05
R05-0000179,5,River-Valley,+1-925-353-7445,+1-752-845-3688,2026-06-01 12:31:48,1409,VOICE,,4G,0.1,2.35
R05-0000180,5,River-Valley,+1-422-583-8481,+1-903-479-2626,2026-06-01 08:40:47,0,VOICE,,5G,0.08,0.0
R05-0000181,5,River-Valley,+1-943-281-1771,+1-670-949-6042,2026-06-01 09:49:35,947,VOICE,,4G,0.1,1.58
R05-0000182,5,River-Valley,+1-222-447-2240,+1-307-652-7879,2026-06-01 04:13:58,0,SMS,,4G,0.0,0.05
R05-0000183,5,River-Valley,+1-214-307-0607,+1-844-319-5066,2026-06-01 13:36:09,2429,VOICE,,4G,0.1,4.05
R05-0000184,5,River-Valley,+1-788-976-0880,+1-311-348-5109,2026-06-01 09:30:21,0,SMS,,4G,0.0,0.05
R05-0000185,5,River-Valley,+1-966-549-3525,+1-680-756-6787,2026-06-01 22:41:21,458,VOICE,,4G,0.1,0.76
R05-0000186,5,River-Valley,+1-656-997-6285,+1-591-299-5995,2026-06-01 06:32:25,2723,VOICE,,4G,0.1,4.54
R05-0000187,5,River-Valley,+1-708-470-5336,+1-524-231-8758,2026-06-01 03:54:52,2988,VOICE,,4G,0.1,4.98
R05-0000188,5,River-Valley,+1-322-213-2123,,2026-06-01 17:46:46,3155,DATA,388334678,5G,0.0,3.88
R05-0000189,5,River-Valley,+1-552-502-7479,+1-920-345-7698,2026-06-01 07:49:37,3110,VOICE,,4G,0.1,5.18
R05-0000190,5,River-Valley,+1-774-655-0967,+1-922-711-4542,2026-06-01 22:35:13,3027,VOICE,,4G,0.1,5.05
R05-0000191,5,River-Valley,+1-975-608-1978,+1-654-730-3739,2026-06-01 07:02:09,0,SMS,,4G,0.0,0.05
R05-0000192,5,River-Valley,+1-485-340-0403,+1-491-645-0174,2026-06-01 19:07:55,0,SMS,,4G,0.0,0.05
R05-0000193,5,River-Valley,+1-636-348-4710,,2026-06-01 02:30:37,5075,DATA,137307015,5G,0.0,1.37
R05-0000194,5,River-Valley,+1-631-401-5039,+1-936-697-4345,2026-06-01 15:02:00,457,VOICE,,5G,0.08,0.61
R05-0000195,5,River-Valley,+1-529-215-4705,,2026-06-01 01:37:08,4487,DATA,326069984,4G,0.0,3.26
R05-0000196,5,River-Valley,+1-509-536-1388,+1-308-572-3490,2026-06-01 06:14:35,0,SMS,,3G,0.0,0.05
R05-0000197,5,River-Valley,+1-767-616-4064,+1-961-968-1022,2026-06-01 06:28:03,0,SMS,,4G,0.0,0.05
R05-0000198,5,River-Valley,+1-431-309-4589,+1-273-226-3847,2026-06-01 17:30:58,2405,VOICE,,4G,0.1,4.01
R05-0000199,5,River-Valley,+1-805-637-9410,+1-344-288-0443,2026-06-01 12:57:29,0,SMS,,4G,0.0,0.05
R05-0000200,5,River-Valley,+1-807-733-6594,+1-273-591-4716,2026-06-01 12:32:35,0,SMS,,4G,0.0,0.05
R05-0000201,5,River-Valley,+1-480-597-0011,+1-522-324-1597,2026-06-01 06:57:39,729,VOICE,,5G,0.08,0.97
R05-0000202,5,River-Valley,+1-678-452-1777,,2026-06-01 00:11:03,3467,DATA,197328714,5G,0.0,1.97
R05-0000203,5,River-Valley,+1-332-525-8859,+1-671-886-4823,2026-06-01 21:05:05,771,VOICE,,3G,0.12,1.54
R05-0000204,5,River-Valley,+1-237-434-3275,+1-549-729-7727,2026-06-01 20:21:09,0,VOICE,,5G,0.08,0.0
R05-0000205,5,River-Valley,+1-769-370-9876,+1-700-849-0661,2026-06-01 22:01:38,677,VOICE,,4G,0.1,1.13
R05-0000206,5,River-Valley,+1-646-303-3657,,2026-06-01 14:00:26,5481,DATA,206199291,4G,0.0,2.06
R05-0000207,5,River-Valley,+1-975-376-7848,+1-585-447-2334,2026-06-01 12:29:20,2254,VOICE,,4G,0.1,3.76
R05-0000208,5,River-Valley,+1-888-454-8544,,2026-06-01 10:42:52,4284,DATA,76775209,4G,0.0,0.77
R05-0000209,5,River-Valley,+1-301-258-1769,+1-964-633-0805,2026-06-01 11:46:55,1000,VOICE,,4G,0.1,1.67
R05-0000210,5,River-Valley,+1-251-869-5861,+1-223-660-1832,2026-06-01 01:16:35,0,SMS,,4G,0.0,0.05
R05-0000211,5,River-Valley,+1-956-715-1742,+1-723-531-7764,2026-06-01 08:27:36,0,SMS,,5G,0.0,0.05
R05-0000212,5,River-Valley,+1-448-920-0570,+1-960-835-8439,2026-06-01 01:46:35,0,SMS,,4G,0.0,0.05
R05-0000213,5,River-Valley,+1-549-992-8702,+1-489-616-9701,2026-06-01 05:13:44,725,VOICE,,4G,0.1,1.21
R05-0000214,5,River-Valley,+1-941-466-3815,+1-778-905-2642,2026-06-01 15:26:08,0,SMS,,5G,0.0,0.05
R05-0000215,5,River-Valley,+1-901-525-4586,+1-749-901-3393,2026-06-01 15:56:01,0,SMS,,5G,0.0,0.05
R05-0000216,5,River-Valley,+1-665-703-3777,+1-633-613-0002,2026-06-01 08:10:43,0,SMS,,3G,0.0,0.05
R05-0000217,5,River-Valley,+1-292-523-3092,,2026-06-01 23:28:15,2637,DATA,218444739,4G,0.0,2.18
R05-0000218,5,River-Valley,+1-411-330-7827,+1-556-470-4417,2026-06-01 02:20:59,3001,VOICE,,3G,0.12,6.0
R05-0000219,5,River-Valley,+1-673-411-6018,,2026-06-01 11:29:21,1051,DATA,316093485,3G,0.0,3.16
R05-0000220,5,River-Valley,+1-969-541-4427,+1-520-698-4631,2026-06-01 14:54:36,368,VOICE,,5G,0.08,0.49
R05-0000221,5,River-Valley,+1-443-725-4086,+1-953-241-9227,2026-06-01 16:30:00,1730,VOICE,,5G,0.08,2.31
R05-0000222,5,River-Valley,+1-680-705-8249,+1-875-264-2868,2026-06-01 01:03:33,0,SMS,,3G,0.0,0.05
R05-0000223,5,River-Valley,+1-880-810-7515,+1-523-499-6311,2026-06-01 11:07:28,447,VOICE,,5G,0.08,0.6
R05-0000224,5,River-Valley,+1-554-579-3577,+1-418-885-2191,2026-06-01 03:30:16,2085,VOICE,,3G,0.12,4.17
R05-0000225,5,River-Valley,+1-289-662-2865,+1-418-793-6406,2026-06-01 21:57:44,0,SMS,,5G,0.0,0.05
R05-0000226,5,River-Valley,+1-723-580-4787,+1-828-345-6352,2026-06-01 18:06:37,2823,VOICE,,4G,0.1,4.71
R05-0000227,5,River-Valley,+1-786-934-0529,+1-483-476-8034,2026-06-01 14:18:34,2959,VOICE,,5G,0.08,3.95
R05-0000228,5,River-Valley,+1-907-892-8764,+1-765-949-7971,2026-06-01 11:47:05,182,VOICE,,4G,0.1,0.3
R05-0000229,5,River-Valley,+1-940-355-7906,,2026-06-01 04:45:35,4003,DATA,186741045,4G,0.0,1.87
R05-0000230,5,River-Valley,+1-815-239-7127,,2026-06-01 06:27:45,4152,DATA,148037458,4G,0.0,1.48
R05-0000231,5,River-Valley,+1-702-891-3403,+1-845-496-8892,2026-06-01 19:52:45,439,VOICE,,5G,0.08,0.59
R05-0000232,5,River-Valley,+1-207-943-4031,+1-230-584-5384,2026-06-01 04:26:36,3498,VOICE,,4G,0.1,5.83
R05-0000233,5,River-Valley,+1-419-540-6458,+1-503-596-4361,2026-06-01 15:06:15,0,SMS,,5G,0.0,0.05
R05-0000234,5,River-Valley,+1-672-245-0618,+1-637-948-3603,2026-06-01 18:59:42,3107,VOICE,,5G,0.08,4.14
R05-0000235,5,River-Valley,+1-334-352-6290,+1-632-456-6259,2026-06-01 12:23:00,2023,VOICE,,4G,0.1,3.37
R05-0000236,5,River-Valley,+1-418-692-4625,+1-542-973-4785,2026-06-01 00:06:17,0,SMS,,5G,0.0,0.05
R05-0000237,5,River-Valley,+1-794-912-5532,,2026-06-01 12:51:20,2447,DATA,480555392,4G,0.0,4.81
R05-0000238,5,River-Valley,+1-352-398-3065,+1-423-832-6883,2026-06-01 09:41:24,0,VOICE,,4G,0.1,0.0
R05-0000239,5,River-Valley,+1-579-619-6697,,2026-06-01 11:30:59,4045,DATA,327339130,4G,0.0,3.27
R05-0000240,5,River-Valley,+1-458-548-2055,+1-430-951-7807,2026-06-01 06:25:33,201,VOICE,,4G,0.1,0.34
R05-0000241,5,River-Valley,+1-619-873-8067,+1-200-467-4528,2026-06-01 10:53:15,1903,VOICE,,4G,0.1,3.17
R05-0000242,5,River-Valley,+1-266-431-7372,+1-518-394-6596,2026-06-01 17:42:30,1863,VOICE,,4G,0.1,3.11
R05-0000243,5,River-Valley,+1-578-420-6733,+1-844-890-5851,2026-06-01 11:58:05,0,SMS,,4G,0.0,0.05
R05-0000244,5,River-Valley,+1-989-210-9528,+1-737-330-1168,2026-06-01 20:58:19,1250,VOICE,,5G,0.08,1.67
R05-0000245,5,River-Valley,+1-929-679-0536,,2026-06-01 00:15:56,1814,DATA,434762657,4G,0.0,4.35
R05-0000246,5,River-Valley,+1-843-359-2019,+1-420-344-0425,2026-06-01 08:20:22,2194,VOICE,,4G,0.1,3.66
R05-0000247,5,River-Valley,+1-275-687-2303,+1-773-770-9629,2026-06-01 22:24:06,2920,VOICE,,4G,0.1,4.87
R05-0000248,5,River-Valley,+1-798-577-0398,+1-606-526-0896,2026-06-01 12:07:08,984,VOICE,,4G,0.1,1.64
R05-0000249,5,River-Valley,+1-601-207-1153,+1-646-263-5780,2026-06-01 01:51:56,738,VOICE,,5G,0.08,0.98
R05-0000250,5,River-Valley,+1-313-210-9755,+1-609-472-6690,2026-06-01 22:00:19,3480,VOICE,,3G,0.12,6.96
R05-0000251,5,River-Valley,+1-943-663-4009,+1-762-626-9127,2026-06-01 17:48:29,0,SMS,,4G,0.0,0.05
R05-0000252,5,River-Valley,+1-865-304-6642,+1-679-244-6915,2026-06-01 00:21:26,3221,VOICE,,4G,0.1,5.37
R05-0000253,5,River-Valley,+1-916-395-3436,,2026-06-01 21:48:27,5842,DATA,281114701,4G,0.0,2.81
R05-0000254,5,River-Valley,+1-378-301-3199,+1-364-563-2475,2026-06-01 09:53:56,1689,VOICE,,5G,0.08,2.25
R05-0000255,5,River-Valley,+1-258-437-0486,+1-416-771-7303,2026-06-01 18:59:07,1463,VOICE,,4G,0.1,2.44
R05-0000256,5,River-Valley,+1-679-237-3360,+1-617-423-9572,2026-06-01 14:36:50,739,VOICE,,4G,0.1,1.23
R05-0000257,5,River-Valley,+1-743-882-8881,,2026-06-01 12:43:06,1651,DATA,153600623,5G,0.0,1.54
R05-0000258,5,River-Valley,+1-652-731-0620,+1-687-406-4296,2026-06-01 17:18:28,2076,VOICE,,5G,0.08,2.77
R05-0000259,5,River-Valley,+1-281-433-4065,,2026-06-01 03:46:34,3280,DATA,123800476,4G,0.0,1.24
R05-0000260,5,River-Valley,+1-211-534-6561,+1-680-838-1493,2026-06-01 18:22:52,868,VOICE,,4G,0.1,1.45
R05-0000261,5,River-Valley,+1-753-687-0513,,2026-06-01 05:19:54,2373,DATA,275591718,5G,0.0,2.76
R05-0000262,5,River-Valley,+1-558-786-7629,+1-801-571-0197,2026-06-01 06:02:35,0,SMS,,4G,0.0,0.05
R05-0000263,5,River-Valley,+1-961-434-5119,+1-931-905-1375,2026-06-01 08:10:59,0,SMS,,4G,0.0,0.05
R05-0000264,5,River-Valley,+1-214-503-5579,,2026-06-01 04:32:30,5115,DATA,307794226,5G,0.0,3.08
R05-0000265,5,River-Valley,+1-785-535-8530,+1-651-697-7739,2026-06-01 13:30:28,169,VOICE,,4G,0.1,0.28
R05-0000266,5,River-Valley,+1-515-884-3342,,2026-06-01 17:29:24,2047,DATA,242757806,4G,0.0,2.43
R05-0000267,5,River-Valley,+1-843-374-2537,+1-532-280-3199,2026-06-01 01:20:13,0,SMS,,4G,0.0,0.05
R05-0000268,5,River-Valley,+1-308-895-4422,,2026-06-01 21:05:45,4692,DATA,187188659,3G,0.0,1.87
R05-0000269,5,River-Valley,+1-332-932-1951,,2026-06-01 06:01:21,3928,DATA,2254254,4G,0.0,0.02
R05-0000270,5,River-Valley,+1-642-979-7849,,2026-06-01 22:06:29,6602,DATA,278419219,4G,0.0,2.78
R05-0000271,5,River-Valley,+1-598-615-8128,+1-812-351-1842,2026-06-01 15:52:22,0,SMS,,4G,0.0,0.05
R05-0000272,5,River-Valley,+1-332-588-4362,,2026-06-01 05:12:31,1159,DATA,96740034,3G,0.0,0.97
R05-0000273,5,River-Valley,+1-543-861-8423,,2026-06-01 19:26:57,206,DATA,192028569,4G,0.0,1.92
R05-0000274,5,River-Valley,+1-871-337-5282,,2026-06-01 15:25:27,6275,DATA,261453304,4G,0.0,2.61
R05-0000275,5,River-Valley,+1-630-495-3443,+1-674-685-6026,2026-06-01 23:51:55,0,VOICE,,5G,0.08,0.0
R05-0000276,5,River-Valley,+1-614-850-9582,+1-894-547-6713,2026-06-01 16:19:20,1101,VOICE,,4G,0.1,1.84
R05-0000277,5,River-Valley,+1-941-696-6423,,2026-06-01 02:09:59,7056,DATA,286247583,4G,0.0,2.86
R05-0000278,5,River-Valley,+1-676-349-4179,+1-827-992-5567,2026-06-01 07:25:00,908,VOICE,,4G,0.1,1.51
R05-0000279,5,River-Valley,+1-763-230-8896,,2026-06-01 11:16:01,6421,DATA,352028169,5G,0.0,3.52
R05-0000280,5,River-Valley,+1-409-819-5946,,2026-06-01 03:54:06,1505,DATA,497665029,4G,0.0,4.98
R05-0000281,5,River-Valley,+1-268-629-5784,+1-562-243-1655,2026-06-01 11:17:58,726,VOICE,,4G,0.1,1.21
R05-0000282,5,River-Valley,+1-740-711-7416,+1-888-912-8419,2026-06-01 16:36:53,0,SMS,,4G,0.0,0.05
R05-0000283,5,River-Valley,+1-620-433-5077,,2026-06-01 07:00:07,6346,DATA,131062844,4G,0.0,1.31
R05-0000284,5,River-Valley,+1-802-656-2202,+1-890-830-6195,2026-06-01 23:32:20,656,VOICE,,4G,0.1,1.09
R05-0000285,5,River-Valley,+1-340-316-6699,+1-978-348-3063,2026-06-01 18:50:50,0,VOICE,,5G,0.08,0.0
R05-0000286,5,River-Valley,+1-696-478-7724,+1-877-485-3277,2026-06-01 07:16:33,3265,VOICE,,4G,0.1,5.44
R05-0000287,5,River-Valley,+1-388-648-8897,+1-345-992-6925,2026-06-01 23:56:58,676,VOICE,,4G,0.1,1.13
R05-0000288,5,River-Valley,+1-232-997-3559,+1-785-485-8087,2026-06-01 12:36:21,0,SMS,,4G,0.0,0.05
R05-0000289,5,River-Valley,+1-289-812-0746,+1-415-768-8725,2026-06-01 00:42:55,904,VOICE,,3G,0.12,1.81
R05-0000290,5,River-Valley,+1-617-708-8075,+1-297-661-5727,2026-06-01 02:53:45,0,SMS,,4G,0.0,0.05
R05-0000291,5,River-Valley,+1-714-819-3543,+1-946-379-1047,2026-06-01 09:12:34,1338,VOICE,,5G,0.08,1.78
R05-0000292,5,River-Valley,+1-540-813-4290,+1-725-924-7500,2026-06-01 17:38:00,0,SMS,,3G,0.0,0.05
R05-0000293,5,River-Valley,+1-703-457-3345,+1-394-620-3308,2026-06-01 14:04:23,0,SMS,,4G,0.0,0.05
R05-0000294,5,River-Valley,+1-628-457-3590,+1-736-974-8996,2026-06-01 11:39:24,3503,VOICE,,5G,0.08,4.67
R05-0000295,5,River-Valley,+1-933-994-2665,+1-964-658-8334,2026-06-01 13:54:48,1005,VOICE,,3G,0.12,2.01
R05-0000296,5,River-Valley,+1-823-841-5476,+1-420-624-3552,2026-06-01 21:17:44,2186,VOICE,,5G,0.08,2.91
R05-0000297,5,River-Valley,+1-712-545-1565,+1-681-682-1246,2026-06-01 05:15:25,2632,VOICE,,5G,0.08,3.51
R05-0000298,5,River-Valley,+1-411-247-1170,+1-323-848-1731,2026-06-01 00:31:53,0,SMS,,4G,0.0,0.05
R05-0000299,5,River-Valley,+1-703-528-7219,+1-614-261-0943,2026-06-01 01:31:53,2238,VOICE,,4G,0.1,3.73
R05-0000300,5,River-Valley,+1-844-798-3789,+1-483-701-9323,2026-06-01 12:45:07,0,SMS,,3G,0.0,0.05
R05-0000301,5,River-Valley,+1-616-565-9348,,2026-06-01 00:03:57,3806,DATA,96237153,5G,0.0,0.96
R05-0000302,5,River-Valley,+1-853-335-7904,+1-913-984-6122,2026-06-01 09:09:29,0,SMS,,5G,0.0,0.05
R05-0000303,5,River-Valley,+1-318-398-8735,+1-830-968-8905,2026-06-01 14:46:17,0,SMS,,4G,0.0,0.05
R05-0000304,5,River-Valley,+1-823-594-2307,+1-567-238-0526,2026-06-01 14:08:08,1089,VOICE,,4G,0.1,1.81
R05-0000305,5,River-Valley,+1-620-901-9215,+1-267-527-4886,2026-06-01 11:23:03,2852,VOICE,,4G,0.1,4.75
R05-0000306,5,River-Valley,+1-344-672-3337,+1-832-533-0035,2026-06-01 13:59:22,0,SMS,,4G,0.0,0.05
R05-0000307,5,River-Valley,+1-508-783-9916,,2026-06-01 12:58:07,3222,DATA,2259153,4G,0.0,0.02
R05-0000308,5,River-Valley,+1-814-968-6622,+1-885-354-7227,2026-06-01 11:24:28,0,VOICE,,3G,0.12,0.0
R05-0000309,5,River-Valley,+1-535-474-5398,+1-304-989-4850,2026-06-01 14:31:41,0,VOICE,,4G,0.1,0.0
R05-0000310,5,River-Valley,+1-396-693-6264,+1-693-343-5399,2026-06-01 18:21:24,0,SMS,,4G,0.0,0.05
R05-0000311,5,River-Valley,+1-757-664-9576,,2026-06-01 15:24:19,7132,DATA,94028057,5G,0.0,0.94
R05-0000312,5,River-Valley,+1-377-557-9230,+1-615-885-8844,2026-06-01 11:52:10,3238,VOICE,,4G,0.1,5.4
R05-0000313,5,River-Valley,+1-806-921-4948,,2026-06-01 19:21:55,1841,DATA,472892432,5G,0.0,4.73
R05-0000314,5,River-Valley,+1-554-532-8551,+1-210-872-2074,2026-06-01 10:27:49,2874,VOICE,,3G,0.12,5.75
R05-0000315,5,River-Valley,+1-346-603-2815,,2026-06-01 04:43:08,3850,DATA,183587027,3G,0.0,1.84
R05-0000316,5,River-Valley,+1-382-590-3929,+1-930-631-3161,2026-06-01 07:46:49,0,SMS,,4G,0.0,0.05
R05-0000317,5,River-Valley,+1-742-619-0623,+1-513-473-4847,2026-06-01 00:26:43,0,SMS,,4G,0.0,0.05
R05-0000318,5,River-Valley,+1-736-869-3327,,2026-06-01 05:13:44,4601,DATA,98004335,4G,0.0,0.98
R05-0000319,5,River-Valley,+1-884-486-6658,+1-726-991-1383,2026-06-01 17:41:13,2658,VOICE,,4G,0.1,4.43
R05-0000320,5,River-Valley,+1-299-324-6312,,2026-06-01 22:59:03,2905,DATA,20484115,4G,0.0,0.2
R05-0000321,5,River-Valley,+1-884-395-9794,+1-914-486-6184,2026-06-01 18:01:03,740,VOICE,,5G,0.08,0.99
R05-0000322,5,River-Valley,+1-370-698-5134,+1-930-226-7348,2026-06-01 09:28:48,2647,VOICE,,4G,0.1,4.41
R05-0000323,5,River-Valley,+1-681-895-1691,+1-655-916-4223,2026-06-01 11:03:51,1884,VOICE,,4G,0.1,3.14
R05-0000324,5,River-Valley,+1-799-326-7850,+1-550-771-3649,2026-06-01 02:05:39,0,SMS,,4G,0.0,0.05
R05-0000325,5,River-Valley,+1-729-497-7567,+1-561-690-2850,2026-06-01 23:58:45,3186,VOICE,,4G,0.1,5.31
R05-0000326,5,River-Valley,+1-232-489-8835,+1-942-456-3622,2026-06-01 18:33:36,431,VOICE,,3G,0.12,0.86
R05-0000327,5,River-Valley,+1-690-675-6350,+1-427-686-6693,2026-06-01 04:45:01,2749,VOICE,,4G,0.1,4.58
R05-0000328,5,River-Valley,+1-429-382-8468,+1-580-552-6386,2026-06-01 15:13:09,0,SMS,,4G,0.0,0.05
R05-0000329,5,River-Valley,+1-203-895-6907,+1-592-571-5536,2026-06-01 22:05:19,0,SMS,,4G,0.0,0.05
R05-0000330,5,River-Valley,+1-220-352-0190,,2026-06-01 15:27:10,1320,DATA,182280812,5G,0.0,1.82
R05-0000331,5,River-Valley,+1-514-440-7210,+1-907-647-3661,2026-06-01 21:39:57,0,SMS,,5G,0.0,0.05
R05-0000332,5,River-Valley,+1-664-214-4449,+1-201-903-2977,2026-06-01 04:45:21,3061,VOICE,,4G,0.1,5.1
R05-0000333,5,River-Valley,+1-221-643-3097,+1-367-399-8406,2026-06-01 23:49:14,0,SMS,,5G,0.0,0.05
R05-0000334,5,River-Valley,+1-246-557-3046,+1-558-679-4687,2026-06-01 20:38:04,1308,VOICE,,4G,0.1,2.18
R05-0000335,5,River-Valley,+1-206-211-1178,+1-934-911-7334,2026-06-01 17:38:06,2211,VOICE,,5G,0.08,2.95
R05-0000336,5,River-Valley,+1-764-227-2306,,2026-06-01 12:04:24,2180,DATA,61760796,4G,0.0,0.62
R05-0000337,5,River-Valley,+1-688-855-4434,+1-442-267-4201,2026-06-01 15:36:31,1423,VOICE,,3G,0.12,2.85
R05-0000338,5,River-Valley,+1-352-524-3687,+1-986-461-1834,2026-06-01 16:17:32,683,VOICE,,3G,0.12,1.37
R05-0000339,5,River-Valley,+1-302-863-7702,+1-783-816-9170,2026-06-01 02:57:11,177,VOICE,,3G,0.12,0.35
R05-0000340,5,River-Valley,+1-681-979-5828,+1-228-837-4977,2026-06-01 08:56:57,0,SMS,,5G,0.0,0.05
R05-0000341,5,River-Valley,+1-574-377-5415,+1-918-997-7807,2026-06-01 07:25:36,1229,VOICE,,5G,0.08,1.64
R05-0000342,5,River-Valley,+1-637-383-5498,+1-887-279-1291,2026-06-01 00:13:54,0,SMS,,5G,0.0,0.05
R05-0000343,5,River-Valley,+1-689-685-6863,,2026-06-01 13:53:10,6844,DATA,61327433,4G,0.0,0.61
R05-0000344,5,River-Valley,+1-437-698-7183,+1-688-832-1717,2026-06-01 20:02:11,3343,VOICE,,5G,0.08,4.46
R05-0000345,5,River-Valley,+1-580-278-6526,+1-306-374-8633,2026-06-01 23:59:19,2740,VOICE,,4G,0.1,4.57
R05-0000346,5,River-Valley,+1-756-622-4070,+1-650-711-3635,2026-06-01 09:11:13,1245,VOICE,,5G,0.08,1.66
R05-0000347,5,River-Valley,+1-470-267-6051,+1-623-290-1568,2026-06-01 03:32:08,1546,VOICE,,5G,0.08,2.06
R05-0000348,5,River-Valley,+1-755-723-6917,,2026-06-01 06:14:21,1272,DATA,411972507,5G,0.0,4.12
R05-0000349,5,River-Valley,+1-500-296-7416,,2026-06-01 03:05:47,5462,DATA,49501786,3G,0.0,0.5
R05-0000350,5,River-Valley,+1-743-733-0025,+1-659-415-7636,2026-06-01 11:49:13,0,SMS,,4G,0.0,0.05
R05-0000351,5,River-Valley,+1-599-937-8606,+1-411-607-2318,2026-06-01 13:28:07,0,SMS,,4G,0.0,0.05
R05-0000352,5,River-Valley,+1-253-967-9741,,2026-06-01 06:01:12,680,DATA,312469923,3G,0.0,3.12
R05-0000353,5,River-Valley,+1-553-351-3025,,2026-06-01 21:50:59,3709,DATA,11586601,4G,0.0,0.12
R05-0000354,5,River-Valley,+1-366-616-1486,+1-536-972-5332,2026-06-01 10:06:58,3330,VOICE,,4G,0.1,5.55
R05-0000355,5,River-Valley,+1-754-208-3995,+1-228-352-5789,2026-06-01 14:47:25,1979,VOICE,,5G,0.08,2.64
R05-0000356,5,River-Valley,+1-644-598-5655,+1-414-495-1455,2026-06-01 07:16:01,3321,VOICE,,4G,0.1,5.54
R05-0000357,5,River-Valley,+1-446-200-5049,+1-919-283-2299,2026-06-01 07:15:03,292,VOICE,,4G,0.1,0.49
R05-0000358,5,River-Valley,+1-523-325-0883,+1-725-721-5878,2026-06-01 00:32:06,1504,VOICE,,5G,0.08,2.01
R05-0000359,5,River-Valley,+1-385-521-7149,+1-698-772-5220,2026-06-01 00:43:54,3319,VOICE,,3G,0.12,6.64
R05-0000360,5,River-Valley,+1-350-558-2771,+1-203-608-5322,2026-06-01 07:28:52,615,VOICE,,5G,0.08,0.82
R05-0000361,5,River-Valley,+1-928-973-8148,+1-505-494-0995,2026-06-01 20:45:55,1352,VOICE,,4G,0.1,2.25
R05-0000362,5,River-Valley,+1-568-433-2390,+1-856-482-7512,2026-06-01 06:44:42,0,SMS,,3G,0.0,0.05
R05-0000363,5,River-Valley,+1-345-602-3318,+1-234-772-3575,2026-06-01 01:13:09,387,VOICE,,4G,0.1,0.65
R05-0000364,5,River-Valley,+1-774-829-4229,+1-974-766-1901,2026-06-01 14:55:05,0,SMS,,5G,0.0,0.05
R05-0000365,5,River-Valley,+1-579-742-2074,+1-465-888-0718,2026-06-01 00:02:28,0,VOICE,,4G,0.1,0.0
R05-0000366,5,River-Valley,+1-860-530-5154,+1-900-347-3530,2026-06-01 14:58:27,2011,VOICE,,5G,0.08,2.68
R05-0000367,5,River-Valley,+1-493-519-2246,+1-354-773-8235,2026-06-01 22:35:54,2855,VOICE,,4G,0.1,4.76
R05-0000368,5,River-Valley,+1-661-710-1880,+1-336-644-5142,2026-06-01 06:29:01,2477,VOICE,,4G,0.1,4.13
R05-0000369,5,River-Valley,+1-393-409-6636,+1-331-374-0036,2026-06-01 00:13:36,915,VOICE,,5G,0.08,1.22
R05-0000370,5,River-Valley,+1-590-616-1485,+1-736-640-6441,2026-06-01 18:22:53,0,SMS,,4G,0.0,0.05
R05-0000371,5,River-Valley,+1-968-726-5474,+1-868-438-5399,2026-06-01 21:57:08,0,SMS,,5G,0.0,0.05
R05-0000372,5,River-Valley,+1-581-694-6359,+1-558-832-3441,2026-06-01 21:53:15,2106,VOICE,,5G,0.08,2.81
R05-0000373,5,River-Valley,+1-268-471-7062,+1-912-700-2083,2026-06-01 19:23:20,1718,VOICE,,5G,0.08,2.29
R05-0000374,5,River-Valley,+1-833-805-5508,+1-431-609-9364,2026-06-01 01:34:06,693,VOICE,,4G,0.1,1.16
R05-0000375,5,River-Valley,+1-596-855-5921,+1-607-474-6166,2026-06-01 19:09:09,1595,VOICE,,5G,0.08,2.13
R05-0000376,5,River-Valley,+1-353-657-4474,+1-924-267-2292,2026-06-01 10:30:45,108,VOICE,,5G,0.08,0.14
R05-0000377,5,River-Valley,+1-507-386-5625,+1-348-843-4164,2026-06-01 16:23:26,0,SMS,,4G,0.0,0.05
R05-0000378,5,River-Valley,+1-357-654-5658,+1-260-490-4917,2026-06-01 04:58:27,1951,VOICE,,5G,0.08,2.6
R05-0000379,5,River-Valley,+1-700-950-9020,+1-519-696-5767,2026-06-01 22:30:47,0,SMS,,3G,0.0,0.05
R05-0000380,5,River-Valley,+1-261-401-6980,,2026-06-01 08:44:53,4361,DATA,210230709,5G,0.0,2.1
R05-0000381,5,River-Valley,+1-221-806-7950,,2026-06-01 20:53:00,4042,DATA,366135755,4G,0.0,3.66
R05-0000382,5,River-Valley,+1-470-768-3155,+1-605-570-1136,2026-06-01 07:30:18,0,SMS,,5G,0.0,0.05
R05-0000383,5,River-Valley,+1-222-720-8764,+1-234-215-3357,2026-06-01 12:49:59,0,SMS,,4G,0.0,0.05
R05-0000384,5,River-Valley,+1-753-644-6694,+1-408-536-6287,2026-06-01 01:00:02,0,SMS,,4G,0.0,0.05
R05-0000385,5,River-Valley,+1-533-640-7845,+1-705-731-3715,2026-06-01 08:47:02,634,VOICE,,5G,0.08,0.85
R05-0000386,5,River-Valley,+1-598-271-7751,+1-421-732-8828,2026-06-01 12:22:59,2394,VOICE,,5G,0.08,3.19
R05-0000387,5,River-Valley,+1-843-622-4289,+1-331-567-5522,2026-06-01 23:59:40,3490,VOICE,,4G,0.1,5.82
R05-0000388,5,River-Valley,+1-641-707-8650,,2026-06-01 08:00:56,6387,DATA,266122725,5G,0.0,2.66
R05-0000389,5,River-Valley,+1-845-653-8491,,2026-06-01 23:06:47,3228,DATA,143784397,4G,0.0,1.44
R05-0000390,5,River-Valley,+1-988-524-1844,+1-640-329-9569,2026-06-01 07:06:47,0,SMS,,3G,0.0,0.05
R05-0000391,5,River-Valley,+1-440-817-9099,+1-730-229-9680,2026-06-01 09:51:51,0,SMS,,4G,0.0,0.05
R05-0000392,5,River-Valley,+1-772-459-7512,+1-244-500-5049,2026-06-01 17:46:14,0,SMS,,5G,0.0,0.05
R05-0000393,5,River-Valley,+1-987-406-9633,+1-863-314-0492,2026-06-01 02:25:27,0,SMS,,5G,0.0,0.05
R05-0000394,5,River-Valley,+1-888-924-3490,+1-962-897-7456,2026-06-01 07:48:32,0,SMS,,4G,0.0,0.05
R05-0000395,5,River-Valley,+1-256-262-5456,+1-340-822-5841,2026-06-01 13:05:51,0,SMS,,4G,0.0,0.05
R05-0000396,5,River-Valley,+1-644-870-5718,,2026-06-01 10:00:50,5043,DATA,189932894,4G,0.0,1.9
R05-0000397,5,River-Valley,+1-461-717-5776,,2026-06-01 00:16:13,514,DATA,102888584,5G,0.0,1.03
R05-0000398,5,River-Valley,+1-728-828-0514,+1-369-532-0658,2026-06-01 08:06:18,718,VOICE,,5G,0.08,0.96
R05-0000399,5,River-Valley,+1-443-294-9770,+1-221-697-8474,2026-06-01 19:48:37,649,VOICE,,5G,0.08,0.87
R05-0000400,5,River-Valley,+1-935-885-0562,+1-874-567-7368,2026-06-01 11:22:02,1031,VOICE,,4G,0.1,1.72
R05-0000401,5,River-Valley,+1-264-233-8986,,2026-06-01 04:09:56,3187,DATA,54285253,3G,0.0,0.54
R05-0000402,5,River-Valley,+1-346-645-6905,+1-721-449-8042,2026-06-01 20:41:11,0,SMS,,3G,0.0,0.05
R05-0000403,5,River-Valley,+1-374-787-5329,,2026-06-01 13:35:12,4032,DATA,111637384,4G,0.0,1.12
R05-0000404,5,River-Valley,+1-709-296-0122,+1-939-913-1430,2026-06-01 10:43:41,0,SMS,,3G,0.0,0.05
R05-0000405,5,River-Valley,+1-313-468-9474,,2026-06-01 15:34:43,2003,DATA,249873592,5G,0.0,2.5
R05-0000406,5,River-Valley,+1-251-823-0911,+1-558-350-3643,2026-06-01 17:11:42,1718,VOICE,,4G,0.1,2.86
R05-0000407,5,River-Valley,+1-601-321-5228,+1-989-822-2549,2026-06-01 04:40:49,851,VOICE,,3G,0.12,1.7
R05-0000408,5,River-Valley,+1-896-810-2935,+1-579-624-8575,2026-06-01 22:22:09,0,VOICE,,4G,0.1,0.0
R05-0000409,5,River-Valley,+1-328-218-1385,+1-855-612-9362,2026-06-01 22:23:50,1834,VOICE,,4G,0.1,3.06
R05-0000410,5,River-Valley,+1-510-707-4577,+1-419-686-1541,2026-06-01 19:25:21,1294,VOICE,,4G,0.1,2.16
R05-0000411,5,River-Valley,+1-288-798-4932,+1-348-245-6673,2026-06-01 03:56:58,2533,VOICE,,5G,0.08,3.38
R05-0000412,5,River-Valley,+1-451-763-9246,+1-459-287-2379,2026-06-01 06:12:27,1017,VOICE,,5G,0.08,1.36
R05-0000413,5,River-Valley,+1-772-735-2688,+1-368-490-6757,2026-06-01 08:53:02,1407,VOICE,,4G,0.1,2.35
R05-0000414,5,River-Valley,+1-880-795-4508,+1-458-631-8314,2026-06-01 09:40:27,1980,VOICE,,4G,0.1,3.3
R05-0000415,5,River-Valley,+1-225-849-6426,+1-867-940-7926,2026-06-01 23:42:09,0,SMS,,5G,0.0,0.05
R05-0000416,5,River-Valley,+1-791-316-6751,+1-929-893-8701,2026-06-01 20:37:08,0,SMS,,4G,0.0,0.05
R05-0000417,5,River-Valley,+1-514-861-0880,+1-948-742-9632,2026-06-01 01:31:34,353,VOICE,,5G,0.08,0.47
R05-0000418,5,River-Valley,+1-587-329-8239,+1-385-473-7312,2026-06-01 15:33:18,0,SMS,,4G,0.0,0.05
R05-0000419,5,River-Valley,+1-350-372-2643,+1-207-485-4578,2026-06-01 12:32:34,0,SMS,,4G,0.0,0.05
R05-0000420,5,River-Valley,+1-482-540-7247,+1-878-999-1351,2026-06-01 14:11:08,541,VOICE,,5G,0.08,0.72
R05-0000421,5,River-Valley,+1-399-893-9068,+1-925-862-1317,2026-06-01 23:20:50,3213,VOICE,,4G,0.1,5.36
R05-0000422,5,River-Valley,+1-807-459-7490,+1-285-912-9846,2026-06-01 01:53:10,3434,VOICE,,3G,0.12,6.87
R05-0000423,5,River-Valley,+1-643-900-2339,+1-320-702-9418,2026-06-01 02:42:07,0,SMS,,4G,0.0,0.05
R05-0000424,5,River-Valley,+1-385-645-9659,+1-221-376-2254,2026-06-01 21:26:41,1141,VOICE,,5G,0.08,1.52
R05-0000425,5,River-Valley,+1-450-229-9580,+1-362-997-1094,2026-06-01 15:35:25,0,SMS,,4G,0.0,0.05
R05-0000426,5,River-Valley,+1-987-687-8116,+1-851-490-9238,2026-06-01 22:10:05,3355,VOICE,,4G,0.1,5.59
R05-0000427,5,River-Valley,+1-499-752-2776,+1-974-929-7663,2026-06-01 10:18:10,0,SMS,,4G,0.0,0.05
R05-0000428,5,River-Valley,+1-940-408-6303,+1-600-796-7078,2026-06-01 08:14:29,589,VOICE,,4G,0.1,0.98
R05-0000429,5,River-Valley,+1-322-747-0121,+1-919-346-0742,2026-06-01 04:13:08,2472,VOICE,,5G,0.08,3.3
R05-0000430,5,River-Valley,+1-731-535-7338,+1-911-477-3578,2026-06-01 21:07:14,622,VOICE,,3G,0.12,1.24
R05-0000431,5,River-Valley,+1-440-713-5262,+1-688-370-0463,2026-06-01 12:27:23,0,SMS,,5G,0.0,0.05
R05-0000432,5,River-Valley,+1-438-641-6709,,2026-06-01 10:32:27,6047,DATA,348977451,4G,0.0,3.49
R05-0000433,5,River-Valley,+1-902-404-1971,+1-495-471-6891,2026-06-01 18:43:01,2136,VOICE,,4G,0.1,3.56
R05-0000434,5,River-Valley,+1-328-321-4438,+1-391-496-6947,2026-06-01 08:03:10,0,SMS,,4G,0.0,0.05
R05-0000435,5,River-Valley,+1-662-279-5505,,2026-06-01 04:08:45,2636,DATA,4029614,4G,0.0,0.04
R05-0000436,5,River-Valley,+1-731-349-2297,+1-582-940-8224,2026-06-01 13:45:32,2973,VOICE,,5G,0.08,3.96
R05-0000437,5,River-Valley,+1-721-908-8127,+1-666-970-4465,2026-06-01 03:09:42,0,SMS,,5G,0.0,0.05
R05-0000438,5,River-Valley,+1-977-524-6136,+1-722-483-1275,2026-06-01 20:58:40,3504,VOICE,,3G,0.12,7.01
R05-0000439,5,River-Valley,+1-929-509-0878,,2026-06-01 18:36:04,5160,DATA,234586644,5G,0.0,2.35
R05-0000440,5,River-Valley,+1-860-907-4170,,2026-06-01 07:13:09,3455,DATA,55122183,4G,0.0,0.55
R05-0000441,5,River-Valley,+1-443-629-1540,+1-906-589-2949,2026-06-01 07:17:10,0,SMS,,5G,0.0,0.05
R05-0000442,5,River-Valley,+1-578-718-1811,+1-477-763-8022,2026-06-01 12:15:29,1932,VOICE,,4G,0.1,3.22
R05-0000443,5,River-Valley,+1-631-942-3613,+1-580-235-7430,2026-06-01 06:29:29,354,VOICE,,5G,0.08,0.47
R05-0000444,5,River-Valley,+1-553-376-0549,+1-970-591-8423,2026-06-01 23:00:39,3330,VOICE,,4G,0.1,5.55
R05-0000445,5,River-Valley,+1-351-743-7007,+1-814-880-2428,2026-06-01 19:34:56,806,VOICE,,3G,0.12,1.61
R05-0000446,5,River-Valley,+1-685-374-7704,+1-389-967-5501,2026-06-01 21:57:46,0,SMS,,5G,0.0,0.05
R05-0000447,5,River-Valley,+1-567-225-1658,+1-766-298-2996,2026-06-01 13:38:08,0,SMS,,5G,0.0,0.05
R05-0000448,5,River-Valley,+1-249-674-7194,+1-738-266-1401,2026-06-01 10:06:34,2952,VOICE,,4G,0.1,4.92
R05-0000449,5,River-Valley,+1-437-422-4524,+1-217-381-2656,2026-06-01 04:19:15,0,SMS,,4G,0.0,0.05
R05-0000450,5,River-Valley,+1-216-622-1511,+1-359-386-8606,2026-06-01 04:53:58,1589,VOICE,,3G,0.12,3.18
R05-0000451,5,River-Valley,+1-977-429-8723,+1-241-696-4690,2026-06-01 03:02:40,0,SMS,,5G,0.0,0.05
R05-0000452,5,River-Valley,+1-418-507-5098,+1-296-863-5274,2026-06-01 00:13:29,0,SMS,,5G,0.0,0.05
R05-0000453,5,River-Valley,+1-445-887-6326,+1-356-547-5844,2026-06-01 07:41:48,620,VOICE,,4G,0.1,1.03
R05-0000454,5,River-Valley,+1-387-912-0560,+1-823-464-8823,2026-06-01 08:39:47,0,SMS,,5G,0.0,0.05
R05-0000455,5,River-Valley,+1-337-595-0207,+1-285-830-6756,2026-06-01 22:41:41,2169,VOICE,,3G,0.12,4.34
R05-0000456,5,River-Valley,+1-845-737-7220,+1-265-720-4214,2026-06-01 06:09:49,354,VOICE,,3G,0.12,0.71
R05-0000457,5,River-Valley,+1-432-792-8028,+1-273-325-5507,2026-06-01 19:07:24,3217,VOICE,,4G,0.1,5.36
R05-0000458,5,River-Valley,+1-638-642-1032,+1-497-957-2765,2026-06-01 09:17:22,81,VOICE,,4G,0.1,0.14
R05-0000459,5,River-Valley,+1-615-593-1672,+1-543-294-1670,2026-06-01 20:59:32,475,VOICE,,5G,0.08,0.63
R05-0000460,5,River-Valley,+1-945-990-1886,+1-370-350-6119,2026-06-01 12:25:22,0,SMS,,3G,0.0,0.05
R05-0000461,5,River-Valley,+1-625-490-7550,,2026-06-01 06:07:37,5541,DATA,452007146,4G,0.0,4.52
R05-0000462,5,River-Valley,+1-463-245-2623,+1-410-538-0963,2026-06-01 20:26:56,717,VOICE,,4G,0.1,1.2
R05-0000463,5,River-Valley,+1-424-739-9151,+1-393-476-3193,2026-06-01 02:41:36,0,SMS,,4G,0.0,0.05
R05-0000464,5,River-Valley,+1-200-915-6537,,2026-06-01 01:47:49,4485,DATA,32922926,5G,0.0,0.33
R05-0000465,5,River-Valley,+1-928-563-6920,+1-503-672-0123,2026-06-01 02:48:53,0,SMS,,4G,0.0,0.05
R05-0000466,5,River-Valley,+1-635-213-8945,+1-957-791-6959,2026-06-01 21:11:36,1370,VOICE,,4G,0.1,2.28
R05-0000467,5,River-Valley,+1-809-851-8594,+1-488-276-6447,2026-06-01 18:40:03,1524,VOICE,,4G,0.1,2.54
R05-0000468,5,River-Valley,+1-623-219-6529,,2026-06-01 12:34:38,4313,DATA,304092479,5G,0.0,3.04
R05-0000469,5,River-Valley,+1-466-527-8506,,2026-06-01 10:17:23,4018,DATA,463643649,4G,0.0,4.64
R05-0000470,5,River-Valley,+1-904-829-3694,,2026-06-01 14:28:58,2874,DATA,74657048,4G,0.0,0.75
R05-0000471,5,River-Valley,+1-334-841-6264,+1-717-447-7232,2026-06-01 13:23:25,2595,VOICE,,5G,0.08,3.46
R05-0000472,5,River-Valley,+1-793-342-5883,+1-588-500-3130,2026-06-01 12:30:00,0,SMS,,3G,0.0,0.05
R05-0000473,5,River-Valley,+1-292-725-5225,,2026-06-01 00:52:27,405,DATA,10439110,3G,0.0,0.1
R05-0000474,5,River-Valley,+1-309-524-9418,+1-743-790-3660,2026-06-01 01:43:15,0,SMS,,4G,0.0,0.05
R05-0000475,5,River-Valley,+1-685-862-3473,+1-485-476-1099,2026-06-01 17:55:00,1854,VOICE,,4G,0.1,3.09
R05-0000476,5,River-Valley,+1-395-780-5573,+1-925-529-3411,2026-06-01 09:08:11,407,VOICE,,5G,0.08,0.54
R05-0000477,5,River-Valley,+1-886-232-5539,+1-543-383-7305,2026-06-01 16:53:11,674,VOICE,,5G,0.08,0.9
R05-0000478,5,River-Valley,+1-353-643-8590,+1-657-378-4334,2026-06-01 10:14:23,279,VOICE,,5G,0.08,0.37
R05-0000479,5,River-Valley,+1-345-724-1852,+1-626-274-1305,2026-06-01 01:59:42,1583,VOICE,,5G,0.08,2.11
R05-0000480,5,River-Valley,+1-500-214-7463,+1-311-302-1700,2026-06-01 04:13:49,3501,VOICE,,4G,0.1,5.84
R05-0000481,5,River-Valley,+1-203-570-0259,+1-506-446-8996,2026-06-01 14:39:52,0,SMS,,4G,0.0,0.05
R05-0000482,5,River-Valley,+1-426-783-8855,+1-799-851-5349,2026-06-01 11:04:04,2134,VOICE,,5G,0.08,2.85
R05-0000483,5,River-Valley,+1-351-893-5438,+1-891-376-3149,2026-06-01 20:42:31,0,SMS,,3G,0.0,0.05
R05-0000484,5,River-Valley,+1-335-532-4416,+1-725-401-8420,2026-06-01 10:04:59,981,VOICE,,4G,0.1,1.64
R05-0000485,5,River-Valley,+1-620-851-1350,,2026-06-01 23:19:37,3531,DATA,13827393,3G,0.0,0.14
R05-0000486,5,River-Valley,+1-741-928-0244,+1-353-534-8727,2026-06-01 08:57:36,0,SMS,,4G,0.0,0.05
R05-0000487,5,River-Valley,+1-718-657-9715,+1-597-861-2650,2026-06-01 07:04:57,552,VOICE,,5G,0.08,0.74
R05-0000488,5,River-Valley,+1-833-527-6557,,2026-06-01 08:38:05,4862,DATA,460035338,4G,0.0,4.6
R05-0000489,5,River-Valley,+1-686-842-7898,+1-911-631-5317,2026-06-01 15:06:32,1027,VOICE,,4G,0.1,1.71
R05-0000490,5,River-Valley,+1-344-990-7091,+1-623-733-0737,2026-06-01 14:46:46,0,SMS,,4G,0.0,0.05
R05-0000491,5,River-Valley,+1-432-645-9917,,2026-06-01 06:17:38,1397,DATA,404041182,3G,0.0,4.04
R05-0000492,5,River-Valley,+1-490-880-7293,+1-803-541-2290,2026-06-01 10:55:18,0,SMS,,4G,0.0,0.05
R05-0000493,5,River-Valley,+1-505-433-3446,+1-769-937-9426,2026-06-01 15:57:08,0,SMS,,5G,0.0,0.05
R05-0000494,5,River-Valley,+1-768-551-8401,+1-678-836-0295,2026-06-01 18:26:44,0,SMS,,4G,0.0,0.05
R05-0000495,5,River-Valley,+1-705-930-1045,+1-564-768-5997,2026-06-01 20:50:31,0,SMS,,3G,0.0,0.05
R05-0000496,5,River-Valley,+1-723-630-7985,,2026-06-01 02:47:58,6022,DATA,307994386,4G,0.0,3.08
R05-0000497,5,River-Valley,+1-685-621-1726,+1-904-372-8140,2026-06-01 05:18:14,0,VOICE,,4G,0.1,0.0
R05-0000498,5,River-Valley,+1-865-374-4549,+1-831-571-3668,2026-06-01 23:14:38,1695,VOICE,,4G,0.1,2.83
R05-0000499,5,River-Valley,+1-928-768-0919,,2026-06-01 12:11:40,4501,DATA,158311748,5G,0.0,1.58
R05-0000500,5,River-Valley,+1-732-283-6168,+1-561-357-4104,2026-06-01 15:25:43,0,SMS,,4G,0.0,0.05
R05-0000501,5,River-Valley,+1-622-798-6416,,2026-06-01 12:37:36,7064,DATA,50216175,4G,0.0,0.5
R05-0000502,5,River-Valley,+1-406-596-1105,+1-783-638-0898,2026-06-01 04:05:31,3367,VOICE,,4G,0.1,5.61
R05-0000503,5,River-Valley,+1-341-855-3260,,2026-06-01 00:39:04,6689,DATA,215089785,4G,0.0,2.15
R05-0000504,5,River-Valley,+1-285-626-3237,+1-296-893-3412,2026-06-01 06:38:26,3424,VOICE,,5G,0.08,4.57
R05-0000505,5,River-Valley,+1-944-886-7987,,2026-06-01 18:06:36,662,DATA,105418269,4G,0.0,1.05
R05-0000506,5,River-Valley,+1-862-228-8050,+1-911-357-2407,2026-06-01 00:30:48,1813,VOICE,,5G,0.08,2.42
R05-0000507,5,River-Valley,+1-637-915-6930,+1-452-785-9100,2026-06-01 09:38:42,1480,VOICE,,5G,0.08,1.97
R05-0000508,5,River-Valley,+1-440-704-8787,,2026-06-01 16:32:07,5024,DATA,333474680,5G,0.0,3.33
R05-0000509,5,River-Valley,+1-351-385-3708,,2026-06-01 17:36:44,3428,DATA,251960522,4G,0.0,2.52
R05-0000510,5,River-Valley,+1-400-855-2716,+1-938-837-6286,2026-06-01 03:30:02,603,VOICE,,4G,0.1,1.01
R05-0000511,5,River-Valley,+1-802-276-1086,,2026-06-01 04:32:39,3450,DATA,491414072,4G,0.0,4.91
R05-0000512,5,River-Valley,+1-268-472-0721,+1-429-309-0329,2026-06-01 17:45:37,2538,VOICE,,5G,0.08,3.38
R05-0000513,5,River-Valley,+1-511-424-6121,,2026-06-01 18:54:51,1549,DATA,391067755,3G,0.0,3.91
R05-0000514,5,River-Valley,+1-785-641-1137,+1-805-638-2322,2026-06-01 17:19:32,0,SMS,,5G,0.0,0.05
R05-0000515,5,River-Valley,+1-625-374-8052,+1-931-396-5836,2026-06-01 06:51:12,3378,VOICE,,4G,0.1,5.63
R05-0000516,5,River-Valley,+1-710-537-4700,+1-713-419-9204,2026-06-01 06:44:13,1465,VOICE,,5G,0.08,1.95
R05-0000517,5,River-Valley,+1-511-378-4641,+1-709-704-8776,2026-06-01 08:24:41,0,SMS,,4G,0.0,0.05
R05-0000518,5,River-Valley,+1-571-576-4514,,2026-06-01 17:26:11,4429,DATA,84053041,5G,0.0,0.84
R05-0000519,5,River-Valley,+1-918-769-8326,+1-901-396-0942,2026-06-01 14:55:44,1903,VOICE,,3G,0.12,3.81
R05-0000520,5,River-Valley,+1-918-372-3195,+1-672-748-3833,2026-06-01 03:24:58,992,VOICE,,5G,0.08,1.32
R05-0000521,5,River-Valley,+1-521-557-4469,+1-286-836-1227,2026-06-01 05:51:47,0,SMS,,4G,0.0,0.05
R05-0000522,5,River-Valley,+1-412-743-5211,+1-961-215-9181,2026-06-01 22:42:57,1412,VOICE,,4G,0.1,2.35
R05-0000523,5,River-Valley,+1-214-408-1210,+1-744-670-6071,2026-06-01 15:04:40,0,VOICE,,5G,0.08,0.0
R05-0000524,5,River-Valley,+1-476-279-5886,+1-418-472-9078,2026-06-01 19:36:02,948,VOICE,,4G,0.1,1.58
R05-0000525,5,River-Valley,+1-964-463-9389,+1-887-532-2424,2026-06-01 13:20:24,1156,VOICE,,5G,0.08,1.54
R05-0000526,5,River-Valley,+1-388-877-6582,+1-439-695-4434,2026-06-01 02:14:33,0,SMS,,4G,0.0,0.05
R05-0000527,5,River-Valley,+1-903-938-5982,+1-379-489-9876,2026-06-01 23:21:23,2466,VOICE,,4G,0.1,4.11
R05-0000528,5,River-Valley,+1-931-723-7507,+1-585-614-7793,2026-06-01 13:51:10,0,SMS,,4G,0.0,0.05
R05-0000529,5,River-Valley,+1-601-508-5732,+1-545-516-2717,2026-06-01 15:16:22,3581,VOICE,,3G,0.12,7.16
R05-0000530,5,River-Valley,+1-373-948-8606,+1-270-444-7334,2026-06-01 01:32:41,0,SMS,,4G,0.0,0.05
R05-0000531,5,River-Valley,+1-790-462-1729,+1-760-305-0918,2026-06-01 07:23:29,0,VOICE,,4G,0.1,0.0
R05-0000532,5,River-Valley,+1-795-747-5136,+1-524-673-1083,2026-06-01 01:22:02,0,SMS,,5G,0.0,0.05
R05-0000533,5,River-Valley,+1-534-484-5448,+1-914-419-4182,2026-06-01 17:00:06,0,SMS,,4G,0.0,0.05
R05-0000534,5,River-Valley,+1-387-960-4394,+1-542-378-8983,2026-06-01 15:55:29,0,VOICE,,4G,0.1,0.0
R05-0000535,5,River-Valley,+1-725-886-5911,,2026-06-01 23:29:30,4978,DATA,135144486,3G,0.0,1.35
R05-0000536,5,River-Valley,+1-436-469-5542,+1-748-432-2244,2026-06-01 15:55:04,3030,VOICE,,4G,0.1,5.05
R05-0000537,5,River-Valley,+1-531-598-3640,+1-504-652-4461,2026-06-01 00:30:34,0,SMS,,5G,0.0,0.05
R05-0000538,5,River-Valley,+1-283-510-7366,+1-580-856-4885,2026-06-01 14:53:07,0,SMS,,3G,0.0,0.05
R05-0000539,5,River-Valley,+1-657-415-8710,+1-581-614-6918,2026-06-01 16:07:50,2052,VOICE,,4G,0.1,3.42
R05-0000540,5,River-Valley,+1-425-554-2731,+1-670-927-8807,2026-06-01 02:11:02,0,SMS,,5G,0.0,0.05
R05-0000541,5,River-Valley,+1-976-823-1396,,2026-06-01 17:01:05,5748,DATA,431428813,5G,0.0,4.31
R05-0000542,5,River-Valley,+1-291-899-2190,+1-933-977-0436,2026-06-01 11:05:35,690,VOICE,,4G,0.1,1.15
R05-0000543,5,River-Valley,+1-671-327-0901,+1-897-665-5166,2026-06-01 19:52:18,464,VOICE,,4G,0.1,0.77
R05-0000544,5,River-Valley,+1-811-918-5109,+1-741-354-1607,2026-06-01 13:45:17,1327,VOICE,,4G,0.1,2.21
R05-0000545,5,River-Valley,+1-399-579-6679,+1-688-265-4302,2026-06-01 11:56:38,0,SMS,,4G,0.0,0.05
R05-0000546,5,River-Valley,+1-356-637-5449,,2026-06-01 22:08:36,4365,DATA,445855255,4G,0.0,4.46
R05-0000547,5,River-Valley,+1-862-253-8107,+1-307-638-9114,2026-06-01 16:40:43,521,VOICE,,5G,0.08,0.69
R05-0000548,5,River-Valley,+1-553-568-1258,,2026-06-01 22:35:24,654,DATA,203933597,5G,0.0,2.04
R05-0000549,5,River-Valley,+1-381-318-9813,+1-394-594-9188,2026-06-01 17:38:31,0,SMS,,5G,0.0,0.05
R05-0000550,5,River-Valley,+1-705-999-5363,+1-302-339-0563,2026-06-01 23:42:32,1103,VOICE,,4G,0.1,1.84
R05-0000551,5,River-Valley,+1-836-467-2571,,2026-06-01 04:55:02,1174,DATA,46477023,5G,0.0,0.46
R05-0000552,5,River-Valley,+1-504-667-8081,+1-293-734-0112,2026-06-01 00:17:48,1331,VOICE,,5G,0.08,1.77
R05-0000553,5,River-Valley,+1-586-523-8483,+1-411-432-9681,2026-06-01 00:08:25,3522,VOICE,,5G,0.08,4.7
R05-0000554,5,River-Valley,+1-681-840-7604,+1-395-260-3782,2026-06-01 09:44:09,0,SMS,,4G,0.0,0.05
R05-0000555,5,River-Valley,+1-203-847-6834,,2026-06-01 21:05:54,3317,DATA,336846865,5G,0.0,3.37
R05-0000556,5,River-Valley,+1-979-585-8525,,2026-06-01 23:35:30,1313,DATA,409134154,3G,0.0,4.09
R05-0000557,5,River-Valley,+1-958-796-8808,+1-216-234-0638,2026-06-01 04:18:56,0,SMS,,5G,0.0,0.05
R05-0000558,5,River-Valley,+1-607-682-1336,+1-432-447-5177,2026-06-01 15:38:34,1460,VOICE,,5G,0.08,1.95
R05-0000559,5,River-Valley,+1-543-948-0843,+1-774-388-7305,2026-06-01 18:32:28,0,SMS,,3G,0.0,0.05
R05-0000560,5,River-Valley,+1-578-237-2351,,2026-06-01 17:28:26,2342,DATA,252879792,5G,0.0,2.53
R05-0000561,5,River-Valley,+1-307-957-7374,,2026-06-01 04:41:28,5659,DATA,247132992,4G,0.0,2.47
R05-0000562,5,River-Valley,+1-457-402-9766,+1-431-999-2454,2026-06-01 09:28:05,0,SMS,,4G,0.0,0.05
R05-0000563,5,River-Valley,+1-875-727-8648,+1-507-252-5225,2026-06-01 18:41:52,0,SMS,,4G,0.0,0.05
R05-0000564,5,River-Valley,+1-738-780-1795,+1-881-645-2673,2026-06-01 14:14:16,2555,VOICE,,4G,0.1,4.26
R05-0000565,5,River-Valley,+1-564-754-4752,+1-306-504-1727,2026-06-01 04:11:30,2807,VOICE,,4G,0.1,4.68
R05-0000566,5,River-Valley,+1-807-669-7960,+1-397-491-4823,2026-06-01 08:12:01,3359,VOICE,,3G,0.12,6.72
R05-0000567,5,River-Valley,+1-719-438-9427,+1-305-564-4298,2026-06-01 23:03:41,2404,VOICE,,4G,0.1,4.01
R05-0000568,5,River-Valley,+1-675-651-8324,+1-909-830-2201,2026-06-01 11:02:24,2322,VOICE,,4G,0.1,3.87
R05-0000569,5,River-Valley,+1-786-469-4020,+1-687-565-2448,2026-06-01 05:21:22,0,SMS,,4G,0.0,0.05
R05-0000570,5,River-Valley,+1-775-770-4617,,2026-06-01 13:34:20,4532,DATA,239455926,4G,0.0,2.39
R05-0000571,5,River-Valley,+1-632-800-3773,+1-620-427-2845,2026-06-01 18:40:58,783,VOICE,,4G,0.1,1.31
R05-0000572,5,River-Valley,+1-711-267-1089,+1-394-741-7439,2026-06-01 00:42:35,0,SMS,,5G,0.0,0.05
R05-0000573,5,River-Valley,+1-473-591-5684,+1-826-235-8536,2026-06-01 17:33:22,31,VOICE,,4G,0.1,0.05
R05-0000574,5,River-Valley,+1-740-217-2778,+1-522-723-7711,2026-06-01 15:01:32,2887,VOICE,,5G,0.08,3.85
R05-0000575,5,River-Valley,+1-865-202-5368,+1-446-674-8190,2026-06-01 19:12:24,3069,VOICE,,5G,0.08,4.09
R05-0000576,5,River-Valley,+1-378-613-5935,+1-556-842-3779,2026-06-01 16:52:54,425,VOICE,,5G,0.08,0.57
R05-0000577,5,River-Valley,+1-321-920-8306,+1-475-550-4890,2026-06-01 23:20:57,2467,VOICE,,5G,0.08,3.29
R05-0000578,5,River-Valley,+1-672-847-5516,+1-466-252-9202,2026-06-01 09:21:48,3269,VOICE,,4G,0.1,5.45
R05-0000579,5,River-Valley,+1-713-628-6342,+1-944-559-2474,2026-06-01 13:43:46,472,VOICE,,3G,0.12,0.94
R05-0000580,5,River-Valley,+1-335-782-7975,+1-501-897-9444,2026-06-01 10:19:06,2765,VOICE,,4G,0.1,4.61
R05-0000581,5,River-Valley,+1-277-290-5889,+1-322-633-3122,2026-06-01 13:45:32,0,SMS,,4G,0.0,0.05
R05-0000582,5,River-Valley,+1-459-747-0753,,2026-06-01 09:06:13,5735,DATA,183314748,5G,0.0,1.83
R05-0000583,5,River-Valley,+1-389-497-3570,+1-316-359-7425,2026-06-01 18:47:08,3551,VOICE,,4G,0.1,5.92
R05-0000584,5,River-Valley,+1-351-826-2848,+1-809-501-0603,2026-06-01 09:15:41,0,SMS,,3G,0.0,0.05
R05-0000585,5,River-Valley,+1-239-348-3149,+1-593-338-5684,2026-06-01 22:24:49,0,SMS,,4G,0.0,0.05
R05-0000586,5,River-Valley,+1-948-473-9912,+1-983-895-7554,2026-06-01 04:34:47,0,SMS,,3G,0.0,0.05
R05-0000587,5,River-Valley,+1-814-265-2938,+1-564-497-8559,2026-06-01 05:21:07,963,VOICE,,4G,0.1,1.61
R05-0000588,5,River-Valley,+1-454-740-7126,+1-565-210-9598,2026-06-01 14:51:53,2279,VOICE,,5G,0.08,3.04
R05-0000589,5,River-Valley,+1-619-709-4400,+1-838-385-5157,2026-06-01 11:36:21,2775,VOICE,,4G,0.1,4.62
R05-0000590,5,River-Valley,+1-630-593-4940,+1-810-511-3825,2026-06-01 04:53:40,0,SMS,,4G,0.0,0.05
R05-0000591,5,River-Valley,+1-900-898-5592,+1-448-814-9509,2026-06-01 00:25:53,96,VOICE,,4G,0.1,0.16
R05-0000592,5,River-Valley,+1-911-698-0864,+1-793-810-4855,2026-06-01 04:40:27,0,SMS,,4G,0.0,0.05
R05-0000593,5,River-Valley,+1-797-664-3765,+1-593-290-5067,2026-06-01 02:51:22,1535,VOICE,,4G,0.1,2.56
R05-0000594,5,River-Valley,+1-773-830-5701,+1-241-607-8312,2026-06-01 19:06:12,0,SMS,,3G,0.0,0.05
R05-0000595,5,River-Valley,+1-447-294-3961,+1-200-662-6376,2026-06-01 00:21:53,1353,VOICE,,4G,0.1,2.26
R05-0000596,5,River-Valley,+1-875-733-0779,+1-412-578-7062,2026-06-01 20:09:34,0,SMS,,3G,0.0,0.05
R05-0000597,5,River-Valley,+1-824-374-0450,+1-395-691-0685,2026-06-01 22:01:47,3218,VOICE,,4G,0.1,5.36
R05-0000598,5,River-Valley,+1-663-684-1338,+1-420-556-2626,2026-06-01 12:18:37,0,SMS,,5G,0.0,0.05
R05-0000599,5,River-Valley,+1-338-801-2355,+1-210-776-4002,2026-06-01 13:54:25,0,SMS,,5G,0.0,0.05
R05-0000600,5,River-Valley,+1-780-844-3555,+1-698-216-7401,2026-06-01 21:52:23,225,VOICE,,5G,0.08,0.3
R05-0000601,5,River-Valley,+1-469-223-5238,+1-655-761-1056,2026-06-01 08:38:04,685,VOICE,,5G,0.08,0.91
R05-0000602,5,River-Valley,+1-796-951-4312,,2026-06-01 11:53:49,5704,DATA,144212194,5G,0.0,1.44
R05-0000603,5,River-Valley,+1-250-912-1527,+1-758-968-6217,2026-06-01 13:17:24,916,VOICE,,4G,0.1,1.53
R05-0000604,5,River-Valley,+1-240-391-4960,+1-643-318-4952,2026-06-01 19:34:03,1093,VOICE,,5G,0.08,1.46
R05-0000605,5,River-Valley,+1-682-973-2067,,2026-06-01 12:30:23,3314,DATA,158377521,4G,0.0,1.58
R05-0000606,5,River-Valley,+1-455-398-7998,+1-233-588-5787,2026-06-01 19:31:28,1129,VOICE,,4G,0.1,1.88
R05-0000607,5,River-Valley,+1-819-611-6731,+1-449-257-5228,2026-06-01 19:13:12,2468,VOICE,,4G,0.1,4.11
R05-0000608,5,River-Valley,+1-948-817-0985,+1-242-497-1562,2026-06-01 08:27:55,0,SMS,,5G,0.0,0.05
R05-0000609,5,River-Valley,+1-377-268-5500,+1-315-859-6534,2026-06-01 04:26:57,3351,VOICE,,4G,0.1,5.59
R05-0000610,5,River-Valley,+1-589-205-8659,+1-270-701-8108,2026-06-01 06:18:28,2438,VOICE,,3G,0.12,4.88
R05-0000611,5,River-Valley,+1-802-719-2408,,2026-06-01 14:14:33,4124,DATA,427666774,4G,0.0,4.28
R05-0000612,5,River-Valley,+1-279-597-8462,+1-372-986-4725,2026-06-01 09:29:04,0,SMS,,4G,0.0,0.05
R05-0000613,5,River-Valley,+1-886-768-9287,+1-317-507-3776,2026-06-01 11:38:44,0,SMS,,4G,0.0,0.05
R05-0000614,5,River-Valley,+1-644-845-4793,+1-925-256-6766,2026-06-01 22:35:25,2917,VOICE,,4G,0.1,4.86
R05-0000615,5,River-Valley,+1-553-309-8742,,2026-06-01 12:33:20,3359,DATA,148641030,4G,0.0,1.49
R05-0000616,5,River-Valley,+1-821-644-1444,,2026-06-01 03:31:09,2618,DATA,443954204,4G,0.0,4.44
R05-0000617,5,River-Valley,+1-339-292-0957,+1-384-817-3142,2026-06-01 06:41:24,0,SMS,,5G,0.0,0.05
R05-0000618,5,River-Valley,+1-359-348-6260,,2026-06-01 10:52:20,4832,DATA,441483446,4G,0.0,4.41
R05-0000619,5,River-Valley,+1-567-451-7869,+1-623-537-2495,2026-06-01 14:08:17,3230,VOICE,,4G,0.1,5.38
R05-0000620,5,River-Valley,+1-732-587-4321,+1-311-307-7265,2026-06-01 02:00:20,0,SMS,,4G,0.0,0.05
R05-0000621,5,River-Valley,+1-489-846-4603,,2026-06-01 04:46:00,1773,DATA,454115827,5G,0.0,4.54
R05-0000622,5,River-Valley,+1-539-827-7582,+1-918-871-7930,2026-06-01 01:06:48,0,SMS,,5G,0.0,0.05
R05-0000623,5,River-Valley,+1-572-554-3811,+1-564-958-0661,2026-06-01 05:26:33,2562,VOICE,,4G,0.1,4.27
R05-0000624,5,River-Valley,+1-557-512-0132,+1-640-608-1466,2026-06-01 05:31:30,0,SMS,,5G,0.0,0.05
R05-0000625,5,River-Valley,+1-956-467-4239,+1-579-269-1282,2026-06-01 12:10:00,0,SMS,,5G,0.0,0.05
R05-0000626,5,River-Valley,+1-481-339-6946,,2026-06-01 22:35:53,3637,DATA,488670394,3G,0.0,4.89
R05-0000627,5,River-Valley,+1-676-468-8993,+1-694-796-2026,2026-06-01 20:50:50,2101,VOICE,,5G,0.08,2.8
R05-0000628,5,River-Valley,+1-925-376-3182,+1-460-755-5065,2026-06-01 00:57:49,0,SMS,,5G,0.0,0.05
R05-0000629,5,River-Valley,+1-582-676-7568,+1-562-292-3700,2026-06-01 11:50:46,0,SMS,,5G,0.0,0.05
R05-0000630,5,River-Valley,+1-716-594-7816,+1-766-246-9670,2026-06-01 12:30:37,2129,VOICE,,4G,0.1,3.55
R05-0000631,5,River-Valley,+1-452-393-6275,+1-987-822-5202,2026-06-01 15:34:08,0,SMS,,4G,0.0,0.05
R05-0000632,5,River-Valley,+1-823-957-1543,+1-502-340-9722,2026-06-01 12:33:56,828,VOICE,,3G,0.12,1.66
R05-0000633,5,River-Valley,+1-831-771-0588,+1-715-267-3430,2026-06-01 14:18:05,1645,VOICE,,3G,0.12,3.29
R05-0000634,5,River-Valley,+1-509-216-8704,+1-826-572-7859,2026-06-01 23:12:29,2358,VOICE,,4G,0.1,3.93
R05-0000635,5,River-Valley,+1-568-370-3942,,2026-06-01 14:07:18,6519,DATA,195621775,4G,0.0,1.96
R05-0000636,5,River-Valley,+1-319-874-4825,+1-434-431-1262,2026-06-01 21:07:17,3323,VOICE,,4G,0.1,5.54
R05-0000637,5,River-Valley,+1-765-512-1373,,2026-06-01 14:26:39,5866,DATA,447647263,4G,0.0,4.48
R05-0000638,5,River-Valley,+1-828-762-0179,+1-950-550-4790,2026-06-01 08:48:44,0,SMS,,4G,0.0,0.05
R05-0000639,5,River-Valley,+1-837-551-4491,+1-760-485-4814,2026-06-01 04:18:22,0,SMS,,4G,0.0,0.05
R05-0000640,5,River-Valley,+1-676-769-5603,+1-411-248-6805,2026-06-01 17:14:12,705,VOICE,,4G,0.1,1.18
R05-0000641,5,River-Valley,+1-540-462-4863,,2026-06-01 00:57:39,2503,DATA,182180519,4G,0.0,1.82
R05-0000642,5,River-Valley,+1-551-916-9244,+1-582-906-5491,2026-06-01 18:54:55,0,VOICE,,5G,0.08,0.0
R05-0000643,5,River-Valley,+1-423-595-3375,+1-839-722-0773,2026-06-01 01:08:19,2748,VOICE,,4G,0.1,4.58
R05-0000644,5,River-Valley,+1-802-207-6022,+1-754-983-4744,2026-06-01 00:58:15,3482,VOICE,,5G,0.08,4.64
R05-0000645,5,River-Valley,+1-310-899-4084,,2026-06-01 13:21:03,4590,DATA,1849688,3G,0.0,0.02
R05-0000646,5,River-Valley,+1-906-847-2088,,2026-06-01 08:11:05,813,DATA,84718902,4G,0.0,0.85
R05-0000647,5,River-Valley,+1-745-635-9205,+1-361-300-2606,2026-06-01 15:18:48,2562,VOICE,,3G,0.12,5.12
R05-0000648,5,River-Valley,+1-882-484-2836,+1-952-803-9573,2026-06-01 21:19:43,0,SMS,,4G,0.0,0.05
R05-0000649,5,River-Valley,+1-822-393-3626,+1-496-451-7452,2026-06-01 05:12:19,0,SMS,,5G,0.0,0.05
R05-0000650,5,River-Valley,+1-707-499-6516,+1-915-249-6496,2026-06-01 15:28:09,3297,VOICE,,5G,0.08,4.4
R05-0000651,5,River-Valley,+1-898-791-9586,+1-799-413-4754,2026-06-01 00:03:23,1580,VOICE,,5G,0.08,2.11
R05-0000652,5,River-Valley,+1-938-631-9730,+1-775-293-2673,2026-06-01 05:21:40,275,VOICE,,4G,0.1,0.46
R05-0000653,5,River-Valley,+1-897-321-1313,,2026-06-01 16:18:43,1572,DATA,438054512,4G,0.0,4.38
R05-0000654,5,River-Valley,+1-865-577-8437,+1-668-955-0009,2026-06-01 17:00:32,0,SMS,,4G,0.0,0.05
R05-0000655,5,River-Valley,+1-919-820-6694,,2026-06-01 15:12:30,6711,DATA,173353727,5G,0.0,1.73
R05-0000656,5,River-Valley,+1-344-560-5458,+1-589-932-7287,2026-06-01 16:36:25,3372,VOICE,,4G,0.1,5.62
R05-0000657,5,River-Valley,+1-923-529-3931,+1-746-537-1570,2026-06-01 00:27:09,0,VOICE,,5G,0.08,0.0
R05-0000658,5,River-Valley,+1-898-436-2767,+1-851-940-5111,2026-06-01 23:39:56,2525,VOICE,,4G,0.1,4.21
R05-0000659,5,River-Valley,+1-539-941-5658,+1-936-321-8003,2026-06-01 12:17:20,0,SMS,,4G,0.0,0.05
R05-0000660,5,River-Valley,+1-271-628-6107,,2026-06-01 04:53:21,592,DATA,490766718,5G,0.0,4.91
R05-0000661,5,River-Valley,+1-825-791-8718,+1-792-525-1435,2026-06-01 05:26:28,1954,VOICE,,5G,0.08,2.61
R05-0000662,5,River-Valley,+1-403-720-0046,+1-495-981-4735,2026-06-01 16:02:17,164,VOICE,,3G,0.12,0.33
R05-0000663,5,River-Valley,+1-770-825-4309,+1-929-732-6565,2026-06-01 02:31:27,0,SMS,,4G,0.0,0.05
R05-0000664,5,River-Valley,+1-761-295-3116,+1-858-454-6353,2026-06-01 13:41:16,970,VOICE,,4G,0.1,1.62
R05-0000665,5,River-Valley,+1-464-970-6559,+1-430-553-9153,2026-06-01 10:59:44,2490,VOICE,,5G,0.08,3.32
R05-0000666,5,River-Valley,+1-746-691-8274,+1-904-256-0534,2026-06-01 01:05:11,81,VOICE,,4G,0.1,0.14
R05-0000667,5,River-Valley,+1-599-384-5907,+1-474-377-5678,2026-06-01 14:04:33,3103,VOICE,,5G,0.08,4.14
R05-0000668,5,River-Valley,+1-602-512-5328,+1-289-812-4582,2026-06-01 10:24:52,413,VOICE,,5G,0.08,0.55
R05-0000669,5,River-Valley,+1-291-775-1826,,2026-06-01 14:40:19,5239,DATA,376968867,3G,0.0,3.77
R05-0000670,5,River-Valley,+1-893-366-9110,+1-755-628-4471,2026-06-01 08:43:00,0,SMS,,5G,0.0,0.05
R05-0000671,5,River-Valley,+1-316-525-2743,+1-599-800-1085,2026-06-01 12:11:57,2331,VOICE,,3G,0.12,4.66
R05-0000672,5,River-Valley,+1-919-474-2194,+1-680-480-3221,2026-06-01 23:23:00,744,VOICE,,5G,0.08,0.99
R05-0000673,5,River-Valley,+1-416-583-6762,+1-974-267-2993,2026-06-01 09:17:58,2701,VOICE,,5G,0.08,3.6
R05-0000674,5,River-Valley,+1-691-753-2958,+1-592-767-4165,2026-06-01 08:34:11,0,SMS,,4G,0.0,0.05
R05-0000675,5,River-Valley,+1-754-963-0395,+1-374-809-6614,2026-06-01 14:49:05,0,SMS,,4G,0.0,0.05
R05-0000676,5,River-Valley,+1-964-302-0033,+1-274-264-2395,2026-06-01 03:41:38,637,VOICE,,3G,0.12,1.27
R05-0000677,5,River-Valley,+1-946-795-5175,+1-989-896-3207,2026-06-01 17:24:07,996,VOICE,,4G,0.1,1.66
R05-0000678,5,River-Valley,+1-830-547-3163,+1-841-808-0895,2026-06-01 08:13:24,0,SMS,,4G,0.0,0.05
R05-0000679,5,River-Valley,+1-667-757-0932,+1-487-973-6340,2026-06-01 00:26:27,349,VOICE,,4G,0.1,0.58
R05-0000680,5,River-Valley,+1-689-304-8711,+1-397-279-5532,2026-06-01 19:32:47,109,VOICE,,4G,0.1,0.18
R05-0000681,5,River-Valley,+1-642-582-2576,+1-935-628-4869,2026-06-01 14:22:56,3451,VOICE,,4G,0.1,5.75
R05-0000682,5,River-Valley,+1-808-915-8982,+1-492-810-7595,2026-06-01 08:04:40,3366,VOICE,,5G,0.08,4.49
R05-0000683,5,River-Valley,+1-314-743-5987,,2026-06-01 15:33:42,2543,DATA,444285733,4G,0.0,4.44
R05-0000684,5,River-Valley,+1-457-830-5881,+1-985-549-3251,2026-06-01 16:47:35,1286,VOICE,,4G,0.1,2.14
R05-0000685,5,River-Valley,+1-436-803-8748,+1-946-458-9194,2026-06-01 09:42:25,0,SMS,,4G,0.0,0.05
R05-0000686,5,River-Valley,+1-727-658-9339,+1-504-707-1279,2026-06-01 02:49:37,1588,VOICE,,5G,0.08,2.12
R05-0000687,5,River-Valley,+1-423-424-1945,+1-411-717-4699,2026-06-01 02:07:24,0,SMS,,4G,0.0,0.05
R05-0000688,5,River-Valley,+1-573-421-1367,+1-821-880-5975,2026-06-01 13:14:11,0,SMS,,4G,0.0,0.05
R05-0000689,5,River-Valley,+1-212-947-0647,+1-447-378-6079,2026-06-01 14:20:54,489,VOICE,,4G,0.1,0.82
R05-0000690,5,River-Valley,+1-749-292-5157,+1-504-487-8764,2026-06-01 01:51:51,0,VOICE,,4G,0.1,0.0
R05-0000691,5,River-Valley,+1-636-464-4320,+1-372-359-2924,2026-06-01 06:08:06,920,VOICE,,4G,0.1,1.53
R05-0000692,5,River-Valley,+1-486-559-2198,,2026-06-01 13:31:41,4601,DATA,39693330,5G,0.0,0.4
R05-0000693,5,River-Valley,+1-674-486-2011,+1-915-524-8809,2026-06-01 01:31:47,141,VOICE,,5G,0.08,0.19
R05-0000694,5,River-Valley,+1-372-288-6798,,2026-06-01 02:56:51,2970,DATA,247759820,5G,0.0,2.48
R05-0000695,5,River-Valley,+1-985-598-8885,+1-826-943-5976,2026-06-01 16:15:01,3202,VOICE,,4G,0.1,5.34
R05-0000696,5,River-Valley,+1-982-374-1265,+1-898-262-8010,2026-06-01 01:45:49,2249,VOICE,,3G,0.12,4.5
R05-0000697,5,River-Valley,+1-338-309-3847,+1-420-381-6320,2026-06-01 21:18:19,0,SMS,,4G,0.0,0.05
R05-0000698,5,River-Valley,+1-953-579-2628,+1-929-301-3874,2026-06-01 12:23:21,0,SMS,,4G,0.0,0.05
R05-0000699,5,River-Valley,+1-583-233-7501,+1-225-298-0167,2026-06-01 20:26:55,1875,VOICE,,4G,0.1,3.12
R05-0000700,5,River-Valley,+1-878-812-3155,,2026-06-01 16:06:30,6697,DATA,400792544,5G,0.0,4.01
R05-0000701,5,River-Valley,+1-851-511-3542,+1-668-241-3273,2026-06-01 19:25:53,0,SMS,,4G,0.0,0.05
R05-0000702,5,River-Valley,+1-852-573-1962,+1-793-770-1590,2026-06-01 03:05:16,1222,VOICE,,4G,0.1,2.04
R05-0000703,5,River-Valley,+1-865-764-9995,+1-790-937-5694,2026-06-01 09:44:42,1907,VOICE,,4G,0.1,3.18
R05-0000704,5,River-Valley,+1-809-527-5657,+1-362-628-6922,2026-06-01 18:10:09,2605,VOICE,,3G,0.12,5.21
R05-0000705,5,River-Valley,+1-661-964-6369,+1-751-838-2407,2026-06-01 08:40:03,2272,VOICE,,5G,0.08,3.03
R05-0000706,5,River-Valley,+1-289-838-4081,,2026-06-01 14:28:00,3223,DATA,484745315,3G,0.0,4.85
R05-0000707,5,River-Valley,+1-808-881-1565,+1-350-952-1926,2026-06-01 08:25:03,0,SMS,,3G,0.0,0.05
R05-0000708,5,River-Valley,+1-753-766-1223,+1-801-966-2201,2026-06-01 16:57:43,0,SMS,,4G,0.0,0.05
R05-0000709,5,River-Valley,+1-813-938-1364,,2026-06-01 12:01:42,5401,DATA,47296679,5G,0.0,0.47
R05-0000710,5,River-Valley,+1-746-653-6857,+1-705-277-4594,2026-06-01 17:23:53,0,SMS,,4G,0.0,0.05
R05-0000711,5,River-Valley,+1-224-949-1917,,2026-06-01 16:41:55,2365,DATA,485187953,5G,0.0,4.85
R05-0000712,5,River-Valley,+1-823-813-9157,+1-702-702-3664,2026-06-01 14:53:56,3303,VOICE,,5G,0.08,4.4
R05-0000713,5,River-Valley,+1-564-285-9418,+1-486-663-7605,2026-06-01 14:54:34,0,SMS,,3G,0.0,0.05
R05-0000714,5,River-Valley,+1-206-610-2055,+1-313-687-7869,2026-06-01 09:21:44,0,SMS,,5G,0.0,0.05
R05-0000715,5,River-Valley,+1-291-635-4726,+1-929-293-8168,2026-06-01 08:11:02,0,SMS,,4G,0.0,0.05
R05-0000716,5,River-Valley,+1-715-750-6644,,2026-06-01 15:11:48,5438,DATA,120871884,3G,0.0,1.21
R05-0000717,5,River-Valley,+1-842-352-9614,+1-751-493-2781,2026-06-01 20:21:17,2833,VOICE,,4G,0.1,4.72
R05-0000718,5,River-Valley,+1-771-989-2474,+1-721-697-1393,2026-06-01 20:00:18,0,SMS,,4G,0.0,0.05
R05-0000719,5,River-Valley,+1-218-765-5096,+1-965-361-6094,2026-06-01 09:48:19,0,SMS,,4G,0.0,0.05
R05-0000720,5,River-Valley,+1-834-632-0945,+1-636-230-5013,2026-06-01 04:54:14,2335,VOICE,,3G,0.12,4.67
R05-0000721,5,River-Valley,+1-555-660-4186,+1-263-294-1660,2026-06-01 07:16:17,1852,VOICE,,3G,0.12,3.7
R05-0000722,5,River-Valley,+1-249-406-9695,+1-454-309-8170,2026-06-01 12:59:22,0,SMS,,3G,0.0,0.05
R05-0000723,5,River-Valley,+1-702-372-1460,+1-672-710-7146,2026-06-01 02:00:42,3087,VOICE,,4G,0.1,5.15
R05-0000724,5,River-Valley,+1-574-627-1727,+1-694-861-6217,2026-06-01 01:46:57,0,SMS,,5G,0.0,0.05
R05-0000725,5,River-Valley,+1-390-477-7972,+1-731-903-1337,2026-06-01 10:13:54,3354,VOICE,,5G,0.08,4.47
R05-0000726,5,River-Valley,+1-378-593-4102,,2026-06-01 17:23:54,6794,DATA,364065367,5G,0.0,3.64
R05-0000727,5,River-Valley,+1-515-569-6005,+1-486-799-0973,2026-06-01 03:38:31,1840,VOICE,,4G,0.1,3.07
R05-0000728,5,River-Valley,+1-216-547-3503,,2026-06-01 22:23:46,6139,DATA,6883681,4G,0.0,0.07
R05-0000729,5,River-Valley,+1-488-941-4543,+1-240-619-9753,2026-06-01 03:26:55,1567,VOICE,,4G,0.1,2.61
R05-0000730,5,River-Valley,+1-624-572-1620,+1-243-578-0246,2026-06-01 17:19:25,1422,VOICE,,4G,0.1,2.37
R05-0000731,5,River-Valley,+1-740-585-5167,+1-562-551-8861,2026-06-01 18:18:50,1727,VOICE,,3G,0.12,3.45
R05-0000732,5,River-Valley,+1-587-512-4958,+1-857-878-1547,2026-06-01 23:12:20,2988,VOICE,,4G,0.1,4.98
R05-0000733,5,River-Valley,+1-954-708-7618,+1-485-858-6453,2026-06-01 07:28:36,322,VOICE,,5G,0.08,0.43
R05-0000734,5,River-Valley,+1-495-455-6416,+1-350-899-0929,2026-06-01 00:45:40,0,SMS,,3G,0.0,0.05
R05-0000735,5,River-Valley,+1-403-326-4535,,2026-06-01 18:16:57,5391,DATA,469349844,4G,0.0,4.69
R05-0000736,5,River-Valley,+1-359-984-4040,+1-605-947-6149,2026-06-01 08:21:42,0,SMS,,5G,0.0,0.05
R05-0000737,5,River-Valley,+1-303-452-4974,,2026-06-01 06:19:03,6554,DATA,376892283,3G,0.0,3.77
R05-0000738,5,River-Valley,+1-836-654-0149,+1-437-637-1667,2026-06-01 19:25:21,0,SMS,,5G,0.0,0.05
R05-0000739,5,River-Valley,+1-485-399-4904,+1-876-331-8958,2026-06-01 19:37:41,2291,VOICE,,4G,0.1,3.82
R05-0000740,5,River-Valley,+1-973-318-7161,,2026-06-01 18:45:00,7184,DATA,230278758,3G,0.0,2.3
R05-0000741,5,River-Valley,+1-535-678-4425,+1-928-608-9007,2026-06-01 05:28:09,1889,VOICE,,5G,0.08,2.52
R05-0000742,5,River-Valley,+1-305-380-3394,+1-215-880-1516,2026-06-01 17:54:18,0,SMS,,4G,0.0,0.05
R05-0000743,5,River-Valley,+1-845-918-0567,,2026-06-01 13:49:33,515,DATA,72475623,4G,0.0,0.72
R05-0000744,5,River-Valley,+1-889-216-0914,+1-216-968-3390,2026-06-01 20:56:56,1910,VOICE,,5G,0.08,2.55
R05-0000745,5,River-Valley,+1-587-656-7585,,2026-06-01 16:06:27,6609,DATA,19278216,5G,0.0,0.19
R05-0000746,5,River-Valley,+1-214-971-7905,,2026-06-01 10:47:28,4998,DATA,393294217,5G,0.0,3.93
R05-0000747,5,River-Valley,+1-630-385-7337,+1-905-510-2774,2026-06-01 11:12:57,0,SMS,,4G,0.0,0.05
R05-0000748,5,River-Valley,+1-519-580-8399,+1-400-614-0926,2026-06-01 04:07:15,935,VOICE,,4G,0.1,1.56
R05-0000749,5,River-Valley,+1-851-622-6872,+1-227-948-5611,2026-06-01 13:24:51,0,SMS,,4G,0.0,0.05
R05-0000750,5,River-Valley,+1-901-751-8401,+1-989-529-2284,2026-06-01 09:36:02,931,VOICE,,4G,0.1,1.55
R05-0000751,5,River-Valley,+1-792-957-1520,,2026-06-01 11:58:03,7141,DATA,398964126,4G,0.0,3.99
R05-0000752,5,River-Valley,+1-482-294-7506,+1-394-273-5661,2026-06-01 16:42:55,3247,VOICE,,5G,0.08,4.33
R05-0000753,5,River-Valley,+1-475-332-8837,+1-200-502-4441,2026-06-01 11:28:07,1455,VOICE,,5G,0.08,1.94
R05-0000754,5,River-Valley,+1-507-456-1312,+1-904-882-6734,2026-06-01 19:52:44,701,VOICE,,4G,0.1,1.17
R05-0000755,5,River-Valley,+1-768-510-5106,,2026-06-01 12:23:36,4036,DATA,78976444,4G,0.0,0.79
R05-0000756,5,River-Valley,+1-989-648-3908,+1-735-844-1588,2026-06-01 11:01:25,1020,VOICE,,5G,0.08,1.36
R05-0000757,5,River-Valley,+1-772-349-2109,,2026-06-01 06:44:18,4643,DATA,380996383,4G,0.0,3.81
R05-0000758,5,River-Valley,+1-752-349-7588,,2026-06-01 15:29:06,733,DATA,490384326,5G,0.0,4.9
R05-0000759,5,River-Valley,+1-355-670-7106,+1-760-988-5517,2026-06-01 17:50:54,3052,VOICE,,4G,0.1,5.09
R05-0000760,5,River-Valley,+1-897-207-2873,+1-405-914-0174,2026-06-01 22:53:34,0,SMS,,4G,0.0,0.05
R05-0000761,5,River-Valley,+1-496-697-5158,,2026-06-01 18:42:35,6122,DATA,227017344,4G,0.0,2.27
R05-0000762,5,River-Valley,+1-331-227-6866,+1-773-410-4025,2026-06-01 08:40:11,1880,VOICE,,4G,0.1,3.13
R05-0000763,5,River-Valley,+1-605-657-3469,,2026-06-01 09:51:09,2634,DATA,50905822,5G,0.0,0.51
R05-0000764,5,River-Valley,+1-903-964-5367,+1-775-653-3893,2026-06-01 01:29:06,1704,VOICE,,4G,0.1,2.84
R05-0000765,5,River-Valley,+1-601-979-2008,+1-653-312-3654,2026-06-01 08:04:00,1963,VOICE,,4G,0.1,3.27
R05-0000766,5,River-Valley,+1-729-395-9534,+1-233-778-0305,2026-06-01 08:21:30,0,SMS,,5G,0.0,0.05
R05-0000767,5,River-Valley,+1-930-845-8789,+1-596-928-4796,2026-06-01 23:27:39,3472,VOICE,,4G,0.1,5.79
R05-0000768,5,River-Valley,+1-343-897-9104,+1-819-883-0876,2026-06-01 16:09:39,0,SMS,,5G,0.0,0.05
R05-0000769,5,River-Valley,+1-495-459-3862,,2026-06-01 14:54:07,2626,DATA,18029653,5G,0.0,0.18
R05-0000770,5,River-Valley,+1-908-248-4244,+1-519-795-6237,2026-06-01 20:38:14,472,VOICE,,3G,0.12,0.94
R05-0000771,5,River-Valley,+1-606-519-3209,+1-895-540-2386,2026-06-01 17:39:21,416,VOICE,,4G,0.1,0.69
R05-0000772,5,River-Valley,+1-668-960-7896,+1-635-624-3160,2026-06-01 14:07:24,680,VOICE,,5G,0.08,0.91
R05-0000773,5,River-Valley,+1-511-608-3188,+1-402-250-3294,2026-06-01 11:57:11,3134,VOICE,,5G,0.08,4.18
R05-0000774,5,River-Valley,+1-748-287-2649,+1-463-421-3882,2026-06-01 09:13:10,0,SMS,,3G,0.0,0.05
R05-0000775,5,River-Valley,+1-804-465-0103,+1-559-798-9487,2026-06-01 06:57:50,598,VOICE,,4G,0.1,1.0
R05-0000776,5,River-Valley,+1-501-616-9642,+1-984-588-7162,2026-06-01 21:13:51,0,SMS,,4G,0.0,0.05
R05-0000777,5,River-Valley,+1-925-738-0453,+1-470-387-7056,2026-06-01 01:50:26,0,VOICE,,3G,0.12,0.0
R05-0000778,5,River-Valley,+1-222-308-3845,+1-209-313-8963,2026-06-01 20:42:26,2009,VOICE,,5G,0.08,2.68
R05-0000779,5,River-Valley,+1-541-909-7553,+1-487-328-4823,2026-06-01 09:44:05,0,SMS,,4G,0.0,0.05
R05-0000780,5,River-Valley,+1-416-302-6015,+1-834-575-7270,2026-06-01 09:09:19,1709,VOICE,,5G,0.08,2.28
R05-0000781,5,River-Valley,+1-874-224-2059,+1-299-473-6522,2026-06-01 19:48:59,2064,VOICE,,3G,0.12,4.13
R05-0000782,5,River-Valley,+1-595-845-5795,+1-826-685-8391,2026-06-01 07:21:33,502,VOICE,,5G,0.08,0.67
R05-0000783,5,River-Valley,+1-945-764-5513,+1-430-419-4178,2026-06-01 06:58:58,813,VOICE,,4G,0.1,1.36
R05-0000784,5,River-Valley,+1-866-581-9809,,2026-06-01 23:50:29,2702,DATA,265005744,3G,0.0,2.65
R05-0000785,5,River-Valley,+1-737-832-2137,+1-632-296-8048,2026-06-01 14:18:15,0,SMS,,5G,0.0,0.05
R05-0000786,5,River-Valley,+1-958-493-0218,+1-967-931-9792,2026-06-01 22:17:41,0,SMS,,3G,0.0,0.05
R05-0000787,5,River-Valley,+1-290-485-6757,,2026-06-01 14:57:11,1378,DATA,138220768,5G,0.0,1.38
R05-0000788,5,River-Valley,+1-402-387-3205,+1-279-512-3128,2026-06-01 18:53:05,0,SMS,,5G,0.0,0.05
R05-0000789,5,River-Valley,+1-571-765-3725,+1-407-900-0910,2026-06-01 12:50:34,3099,VOICE,,4G,0.1,5.17
R05-0000790,5,River-Valley,+1-286-487-4093,,2026-06-01 09:56:30,3700,DATA,491676479,3G,0.0,4.92
R05-0000791,5,River-Valley,+1-758-334-4216,+1-890-369-2079,2026-06-01 07:06:16,0,SMS,,5G,0.0,0.05
R05-0000792,5,River-Valley,+1-914-759-9036,+1-337-543-8869,2026-06-01 00:42:51,0,SMS,,4G,0.0,0.05
R05-0000793,5,River-Valley,+1-462-460-2666,+1-653-580-7946,2026-06-01 04:21:44,0,SMS,,3G,0.0,0.05
R05-0000794,5,River-Valley,+1-765-448-7821,+1-510-261-1558,2026-06-01 16:01:25,971,VOICE,,5G,0.08,1.29
R05-0000795,5,River-Valley,+1-570-298-7397,+1-963-351-7351,2026-06-01 17:46:23,2534,VOICE,,5G,0.08,3.38
R05-0000796,5,River-Valley,+1-652-828-1350,+1-881-514-2611,2026-06-01 08:13:08,0,SMS,,5G,0.0,0.05
R05-0000797,5,River-Valley,+1-309-925-1105,,2026-06-01 13:29:48,1179,DATA,317311524,5G,0.0,3.17
R05-0000798,5,River-Valley,+1-574-807-5526,+1-382-409-9531,2026-06-01 10:11:11,0,SMS,,4G,0.0,0.05
R05-0000799,5,River-Valley,+1-718-235-9474,+1-945-292-6283,2026-06-01 22:40:01,0,SMS,,4G,0.0,0.05
R05-0000800,5,River-Valley,+1-249-645-7734,+1-297-765-0221,2026-06-01 16:58:01,849,VOICE,,4G,0.1,1.42
R05-0000801,5,River-Valley,+1-852-574-2267,+1-260-571-0270,2026-06-01 04:14:18,0,SMS,,4G,0.0,0.05
R05-0000802,5,River-Valley,+1-309-956-6604,+1-235-998-8583,2026-06-01 01:13:40,0,SMS,,5G,0.0,0.05
R05-0000803,5,River-Valley,+1-744-225-2565,+1-647-450-5516,2026-06-01 01:55:15,1286,VOICE,,4G,0.1,2.14
R05-0000804,5,River-Valley,+1-750-288-9458,+1-403-597-9989,2026-06-01 21:01:41,2292,VOICE,,4G,0.1,3.82
R05-0000805,5,River-Valley,+1-443-634-7718,+1-272-698-4481,2026-06-01 01:58:48,3094,VOICE,,5G,0.08,4.13
R05-0000806,5,River-Valley,+1-675-919-8665,+1-345-706-7024,2026-06-01 13:04:54,855,VOICE,,3G,0.12,1.71
R05-0000807,5,River-Valley,+1-835-608-1740,+1-684-617-1057,2026-06-01 13:54:28,0,SMS,,5G,0.0,0.05
R05-0000808,5,River-Valley,+1-634-783-1631,+1-532-446-1692,2026-06-01 15:54:15,0,SMS,,3G,0.0,0.05
R05-0000809,5,River-Valley,+1-955-417-7930,+1-449-326-8398,2026-06-01 08:10:43,0,SMS,,5G,0.0,0.05
R05-0000810,5,River-Valley,+1-213-572-7492,+1-616-570-7547,2026-06-01 17:26:49,1190,VOICE,,4G,0.1,1.98
R05-0000811,5,River-Valley,+1-907-717-5314,+1-546-207-0644,2026-06-01 17:55:59,1246,VOICE,,4G,0.1,2.08
R05-0000812,5,River-Valley,+1-229-880-1794,+1-800-631-6188,2026-06-01 21:12:43,0,SMS,,3G,0.0,0.05
R05-0000813,5,River-Valley,+1-726-330-5957,,2026-06-01 12:02:53,2874,DATA,56919419,4G,0.0,0.57
R05-0000814,5,River-Valley,+1-206-897-8595,+1-930-663-2120,2026-06-01 11:17:30,932,VOICE,,5G,0.08,1.24
R05-0000815,5,River-Valley,+1-283-266-0421,+1-499-510-3409,2026-06-01 15:18:38,0,SMS,,5G,0.0,0.05
R05-0000816,5,River-Valley,+1-401-798-4214,+1-402-659-8529,2026-06-01 15:35:56,1758,VOICE,,5G,0.08,2.34
R05-0000817,5,River-Valley,+1-799-569-9883,+1-261-473-6407,2026-06-01 16:31:59,1929,VOICE,,3G,0.12,3.86
R05-0000818,5,River-Valley,+1-524-559-9647,+1-370-875-2388,2026-06-01 16:21:26,2827,VOICE,,4G,0.1,4.71
R05-0000819,5,River-Valley,+1-883-571-4109,,2026-06-01 10:53:49,2797,DATA,302249132,4G,0.0,3.02
R05-0000820,5,River-Valley,+1-227-366-2298,+1-813-858-3033,2026-06-01 00:08:04,0,SMS,,4G,0.0,0.05
R05-0000821,5,River-Valley,+1-794-952-5157,,2026-06-01 05:09:41,326,DATA,125448580,4G,0.0,1.25
R05-0000822,5,River-Valley,+1-884-477-5199,+1-242-337-9471,2026-06-01 08:51:14,1374,VOICE,,4G,0.1,2.29
R05-0000823,5,River-Valley,+1-495-988-9391,+1-491-353-7847,2026-06-01 11:09:00,0,SMS,,4G,0.0,0.05
R05-0000824,5,River-Valley,+1-670-653-1714,+1-237-832-8558,2026-06-01 14:16:39,0,SMS,,4G,0.0,0.05
R05-0000825,5,River-Valley,+1-855-926-2731,+1-939-205-7760,2026-06-01 19:23:45,0,VOICE,,3G,0.12,0.0
R05-0000826,5,River-Valley,+1-606-685-9638,+1-655-314-7247,2026-06-01 15:59:34,1040,VOICE,,4G,0.1,1.73
R05-0000827,5,River-Valley,+1-892-404-6833,+1-799-879-5603,2026-06-01 08:15:04,0,VOICE,,4G,0.1,0.0
R05-0000828,5,River-Valley,+1-213-308-9469,,2026-06-01 19:27:28,1194,DATA,439378508,5G,0.0,4.39
R05-0000829,5,River-Valley,+1-276-256-1427,+1-923-801-4936,2026-06-01 11:23:53,2658,VOICE,,4G,0.1,4.43
R05-0000830,5,River-Valley,+1-937-811-1584,+1-548-729-6430,2026-06-01 20:52:10,3001,VOICE,,4G,0.1,5.0
R05-0000831,5,River-Valley,+1-259-274-4855,,2026-06-01 17:30:54,7146,DATA,404441861,5G,0.0,4.04
R05-0000832,5,River-Valley,+1-934-759-7144,+1-347-700-8204,2026-06-01 23:14:23,0,SMS,,5G,0.0,0.05
R05-0000833,5,River-Valley,+1-895-489-1982,,2026-06-01 11:56:16,1374,DATA,408181883,4G,0.0,4.08
R05-0000834,5,River-Valley,+1-671-471-4945,+1-279-762-1636,2026-06-01 11:34:03,0,SMS,,4G,0.0,0.05
R05-0000835,5,River-Valley,+1-423-861-0109,+1-226-534-7820,2026-06-01 09:02:49,2981,VOICE,,4G,0.1,4.97
R05-0000836,5,River-Valley,+1-583-297-1935,+1-885-342-7314,2026-06-01 23:48:00,0,SMS,,4G,0.0,0.05
R05-0000837,5,River-Valley,+1-460-560-4381,+1-569-620-1903,2026-06-01 21:41:10,3014,VOICE,,3G,0.12,6.03
R05-0000838,5,River-Valley,+1-692-297-7892,+1-629-745-6454,2026-06-01 16:45:20,3487,VOICE,,4G,0.1,5.81
R05-0000839,5,River-Valley,+1-956-338-5624,+1-399-791-2061,2026-06-01 03:10:30,699,VOICE,,5G,0.08,0.93
R05-0000840,5,River-Valley,+1-943-851-5667,+1-269-766-9426,2026-06-01 18:09:31,0,SMS,,3G,0.0,0.05
R05-0000841,5,River-Valley,+1-839-631-0750,+1-691-391-5677,2026-06-01 15:13:55,369,VOICE,,4G,0.1,0.62
R05-0000842,5,River-Valley,+1-387-687-2953,+1-346-281-8671,2026-06-01 22:00:32,374,VOICE,,4G,0.1,0.62
R05-0000843,5,River-Valley,+1-753-970-1003,+1-861-915-2641,2026-06-01 09:58:43,775,VOICE,,5G,0.08,1.03
R05-0000844,5,River-Valley,+1-653-832-0074,,2026-06-01 16:36:09,1127,DATA,306079563,4G,0.0,3.06
R05-0000845,5,River-Valley,+1-210-383-1504,+1-206-250-5942,2026-06-01 14:22:22,0,SMS,,4G,0.0,0.05
R05-0000846,5,River-Valley,+1-716-727-6806,+1-298-207-0377,2026-06-01 01:58:12,1243,VOICE,,3G,0.12,2.49
R05-0000847,5,River-Valley,+1-965-381-8840,,2026-06-01 06:54:23,3524,DATA,272862063,4G,0.0,2.73
R05-0000848,5,River-Valley,+1-958-416-1718,+1-660-695-5120,2026-06-01 19:39:07,263,VOICE,,5G,0.08,0.35
R05-0000849,5,River-Valley,+1-700-294-3205,+1-805-386-5224,2026-06-01 23:16:21,160,VOICE,,3G,0.12,0.32
R05-0000850,5,River-Valley,+1-326-265-8545,,2026-06-01 20:46:39,2156,DATA,454689206,5G,0.0,4.55
R05-0000851,5,River-Valley,+1-882-589-8484,,2026-06-01 10:56:18,1428,DATA,55496500,4G,0.0,0.55
R05-0000852,5,River-Valley,+1-558-508-4733,+1-892-367-9182,2026-06-01 03:33:21,3296,VOICE,,4G,0.1,5.49
R05-0000853,5,River-Valley,+1-740-310-4657,+1-667-713-1651,2026-06-01 18:15:29,3279,VOICE,,3G,0.12,6.56
R05-0000854,5,River-Valley,+1-969-295-6271,+1-284-788-8296,2026-06-01 02:21:31,0,SMS,,4G,0.0,0.05
R05-0000855,5,River-Valley,+1-298-343-8298,,2026-06-01 12:29:22,6313,DATA,38605196,4G,0.0,0.39
R05-0000856,5,River-Valley,+1-827-808-9357,,2026-06-01 10:07:54,3050,DATA,231493071,4G,0.0,2.31
R05-0000857,5,River-Valley,+1-453-854-9279,+1-369-477-8642,2026-06-01 13:56:02,3428,VOICE,,4G,0.1,5.71
R05-0000858,5,River-Valley,+1-343-898-4374,+1-706-269-9980,2026-06-01 23:21:12,3442,VOICE,,5G,0.08,4.59
R05-0000859,5,River-Valley,+1-477-923-2505,,2026-06-01 17:36:12,2224,DATA,408601473,4G,0.0,4.09
R05-0000860,5,River-Valley,+1-671-460-9431,+1-589-687-7821,2026-06-01 00:52:06,0,SMS,,4G,0.0,0.05
R05-0000861,5,River-Valley,+1-932-610-0734,+1-377-818-5363,2026-06-01 21:58:31,2677,VOICE,,4G,0.1,4.46
R05-0000862,5,River-Valley,+1-709-506-7211,+1-291-956-7209,2026-06-01 23:53:01,641,VOICE,,5G,0.08,0.85
R05-0000863,5,River-Valley,+1-940-913-2667,+1-651-332-3771,2026-06-01 08:23:59,1901,VOICE,,4G,0.1,3.17
R05-0000864,5,River-Valley,+1-543-261-7242,+1-491-241-7271,2026-06-01 16:32:11,0,SMS,,4G,0.0,0.05
R05-0000865,5,River-Valley,+1-366-824-2131,+1-770-349-0174,2026-06-01 10:04:21,0,SMS,,5G,0.0,0.05
R05-0000866,5,River-Valley,+1-804-556-0621,+1-740-668-9261,2026-06-01 07:38:32,423,VOICE,,4G,0.1,0.71
R05-0000867,5,River-Valley,+1-980-569-5186,+1-858-996-9430,2026-06-01 05:52:30,1932,VOICE,,5G,0.08,2.58
R05-0000868,5,River-Valley,+1-957-730-8535,+1-589-453-1199,2026-06-01 03:34:30,192,VOICE,,3G,0.12,0.38
R05-0000869,5,River-Valley,+1-773-291-1744,+1-219-288-0099,2026-06-01 23:35:09,0,SMS,,5G,0.0,0.05
R05-0000870,5,River-Valley,+1-419-219-8812,+1-944-445-2932,2026-06-01 09:07:18,0,SMS,,4G,0.0,0.05
R05-0000871,5,River-Valley,+1-441-376-0285,+1-543-691-3894,2026-06-01 17:56:20,0,VOICE,,3G,0.12,0.0
R05-0000872,5,River-Valley,+1-476-908-5244,+1-788-309-0151,2026-06-01 21:18:00,0,SMS,,5G,0.0,0.05
R05-0000873,5,River-Valley,+1-551-301-3115,+1-616-206-5506,2026-06-01 18:12:45,3025,VOICE,,4G,0.1,5.04
R05-0000874,5,River-Valley,+1-338-860-0127,+1-456-417-9903,2026-06-01 17:17:34,0,SMS,,5G,0.0,0.05
R05-0000875,5,River-Valley,+1-454-957-3114,,2026-06-01 10:52:20,3047,DATA,34343281,4G,0.0,0.34
R05-0000876,5,River-Valley,+1-331-513-9204,+1-552-706-4407,2026-06-01 17:51:18,0,SMS,,5G,0.0,0.05
R05-0000877,5,River-Valley,+1-346-514-6466,+1-515-355-4163,2026-06-01 09:35:24,77,VOICE,,3G,0.12,0.15
R05-0000878,5,River-Valley,+1-212-415-7712,+1-738-939-4945,2026-06-01 10:17:22,0,SMS,,4G,0.0,0.05
R05-0000879,5,River-Valley,+1-261-853-0650,+1-405-603-9287,2026-06-01 21:39:07,2410,VOICE,,5G,0.08,3.21
R05-0000880,5,River-Valley,+1-326-548-9715,+1-520-611-7667,2026-06-01 15:25:55,0,SMS,,5G,0.0,0.05
R05-0000881,5,River-Valley,+1-298-948-3483,+1-834-359-0875,2026-06-01 03:47:53,0,SMS,,4G,0.0,0.05
R05-0000882,5,River-Valley,+1-236-674-3815,+1-409-333-9108,2026-06-01 14:00:29,2722,VOICE,,5G,0.08,3.63
R05-0000883,5,River-Valley,+1-860-645-1199,,2026-06-01 15:15:31,5065,DATA,233640846,5G,0.0,2.34
R05-0000884,5,River-Valley,+1-650-611-2330,+1-280-521-3134,2026-06-01 20:55:22,924,VOICE,,4G,0.1,1.54
R05-0000885,5,River-Valley,+1-367-644-1231,,2026-06-01 00:20:30,5178,DATA,160296546,5G,0.0,1.6
R05-0000886,5,River-Valley,+1-335-597-5619,,2026-06-01 17:52:37,2140,DATA,45046670,3G,0.0,0.45
R05-0000887,5,River-Valley,+1-848-947-6466,,2026-06-01 08:33:36,812,DATA,144539108,4G,0.0,1.45
R05-0000888,5,River-Valley,+1-988-307-1317,,2026-06-01 00:22:19,1885,DATA,188265368,4G,0.0,1.88
R05-0000889,5,River-Valley,+1-419-814-7701,+1-921-597-1149,2026-06-01 09:34:14,952,VOICE,,4G,0.1,1.59
R05-0000890,5,River-Valley,+1-691-530-4821,,2026-06-01 21:20:52,5817,DATA,416151777,5G,0.0,4.16
R05-0000891,5,River-Valley,+1-680-688-2923,+1-545-964-5411,2026-06-01 05:58:48,1516,VOICE,,4G,0.1,2.53
R05-0000892,5,River-Valley,+1-953-695-9273,,2026-06-01 15:25:31,6904,DATA,271682087,4G,0.0,2.72
R05-0000893,5,River-Valley,+1-331-983-2394,+1-559-742-1348,2026-06-01 05:01:15,0,SMS,,4G,0.0,0.05
R05-0000894,5,River-Valley,+1-928-536-8616,+1-874-477-1268,2026-06-01 17:19:59,0,SMS,,5G,0.0,0.05
R05-0000895,5,River-Valley,+1-310-775-8404,+1-680-629-8207,2026-06-01 16:52:47,0,SMS,,4G,0.0,0.05
R05-0000896,5,River-Valley,+1-278-957-7909,,2026-06-01 21:52:43,4103,DATA,307464841,4G,0.0,3.07
R05-0000897,5,River-Valley,+1-932-305-8486,,2026-06-01 19:38:15,6107,DATA,267695442,5G,0.0,2.68
R05-0000898,5,River-Valley,+1-296-206-0000,+1-479-785-9854,2026-06-01 03:46:51,1170,VOICE,,4G,0.1,1.95
R05-0000899,5,River-Valley,+1-644-433-4127,,2026-06-01 13:35:27,2733,DATA,396762078,4G,0.0,3.97
R05-0000900,5,River-Valley,+1-572-442-9656,+1-580-775-3200,2026-06-01 09:31:11,0,SMS,,5G,0.0,0.05
R05-0000901,5,River-Valley,+1-887-940-8728,+1-296-766-6820,2026-06-01 14:53:16,2710,VOICE,,5G,0.08,3.61
R05-0000902,5,River-Valley,+1-707-645-3470,+1-502-860-0147,2026-06-01 04:18:49,0,SMS,,4G,0.0,0.05
R05-0000903,5,River-Valley,+1-497-260-4200,,2026-06-01 07:59:10,6910,DATA,379475616,4G,0.0,3.79
R05-0000904,5,River-Valley,+1-404-382-3395,+1-937-461-9724,2026-06-01 21:37:38,0,SMS,,5G,0.0,0.05
R05-0000905,5,River-Valley,+1-599-932-4092,+1-491-879-9219,2026-06-01 19:24:52,0,SMS,,4G,0.0,0.05
R05-0000906,5,River-Valley,+1-974-585-4574,+1-333-313-3212,2026-06-01 23:44:36,2654,VOICE,,4G,0.1,4.42
R05-0000907,5,River-Valley,+1-709-466-0525,+1-222-397-6298,2026-06-01 14:03:05,3312,VOICE,,3G,0.12,6.62
R05-0000908,5,River-Valley,+1-387-704-8493,+1-963-754-1511,2026-06-01 19:17:14,0,SMS,,4G,0.0,0.05
R05-0000909,5,River-Valley,+1-917-331-6474,+1-308-422-8590,2026-06-01 22:25:48,2104,VOICE,,4G,0.1,3.51
R05-0000910,5,River-Valley,+1-691-236-8757,,2026-06-01 09:54:05,3693,DATA,77440915,3G,0.0,0.77
R05-0000911,5,River-Valley,+1-203-329-5508,+1-705-960-5035,2026-06-01 08:07:14,895,VOICE,,3G,0.12,1.79
R05-0000912,5,River-Valley,+1-555-343-5842,+1-642-257-9923,2026-06-01 18:28:41,3412,VOICE,,3G,0.12,6.82
R05-0000913,5,River-Valley,+1-274-778-5346,+1-959-395-5011,2026-06-01 23:54:51,0,VOICE,,4G,0.1,0.0
R05-0000914,5,River-Valley,+1-619-336-1919,+1-367-966-1866,2026-06-01 07:38:31,0,SMS,,4G,0.0,0.05
R05-0000915,5,River-Valley,+1-216-722-1992,+1-506-623-8150,2026-06-01 20:36:45,1490,VOICE,,3G,0.12,2.98
R05-0000916,5,River-Valley,+1-284-520-3620,+1-606-306-1790,2026-06-01 08:21:07,2507,VOICE,,4G,0.1,4.18
R05-0000917,5,River-Valley,+1-484-354-3133,+1-964-757-4559,2026-06-01 13:09:48,603,VOICE,,4G,0.1,1.01
R05-0000918,5,River-Valley,+1-750-575-2249,+1-401-986-4592,2026-06-01 00:31:15,1318,VOICE,,3G,0.12,2.64
R05-0000919,5,River-Valley,+1-530-777-4259,+1-342-210-2202,2026-06-01 06:34:04,1965,VOICE,,4G,0.1,3.28
R05-0000920,5,River-Valley,+1-203-675-4336,+1-501-508-9830,2026-06-01 03:35:03,2471,VOICE,,5G,0.08,3.29
R05-0000921,5,River-Valley,+1-284-990-8074,+1-890-318-8879,2026-06-01 01:39:01,807,VOICE,,3G,0.12,1.61
R05-0000922,5,River-Valley,+1-347-957-2419,+1-613-463-9780,2026-06-01 00:16:22,0,SMS,,4G,0.0,0.05
R05-0000923,5,River-Valley,+1-586-876-1373,+1-254-633-0502,2026-06-01 17:33:45,1347,VOICE,,5G,0.08,1.8
R05-0000924,5,River-Valley,+1-706-658-2658,+1-436-709-7746,2026-06-01 00:21:51,0,SMS,,5G,0.0,0.05
R05-0000925,5,River-Valley,+1-313-889-9150,+1-709-390-5125,2026-06-01 10:24:08,0,SMS,,4G,0.0,0.05
R05-0000926,5,River-Valley,+1-714-286-7131,+1-424-559-0506,2026-06-01 04:33:42,3163,VOICE,,5G,0.08,4.22
R05-0000927,5,River-Valley,+1-344-636-2302,,2026-06-01 18:06:54,4141,DATA,117103704,4G,0.0,1.17
R05-0000928,5,River-Valley,+1-310-788-4003,+1-883-561-4216,2026-06-01 03:13:28,507,VOICE,,4G,0.1,0.84
R05-0000929,5,River-Valley,+1-256-393-9516,+1-911-476-8382,2026-06-01 13:40:33,1927,VOICE,,5G,0.08,2.57
R05-0000930,5,River-Valley,+1-919-692-1627,+1-385-785-1685,2026-06-01 09:25:15,658,VOICE,,4G,0.1,1.1
R05-0000931,5,River-Valley,+1-216-867-4954,+1-537-466-6456,2026-06-01 04:40:36,0,SMS,,3G,0.0,0.05
R05-0000932,5,River-Valley,+1-731-310-2985,+1-931-899-1042,2026-06-01 06:04:32,0,SMS,,3G,0.0,0.05
R05-0000933,5,River-Valley,+1-623-430-4282,+1-361-919-1255,2026-06-01 21:06:47,0,SMS,,3G,0.0,0.05
R05-0000934,5,River-Valley,+1-941-232-3270,+1-939-821-5516,2026-06-01 16:03:38,0,SMS,,5G,0.0,0.05
R05-0000935,5,River-Valley,+1-716-272-3857,+1-900-630-7681,2026-06-01 22:11:35,1140,VOICE,,3G,0.12,2.28
R05-0000936,5,River-Valley,+1-224-622-9082,+1-615-978-7549,2026-06-01 11:33:40,1849,VOICE,,4G,0.1,3.08
R05-0000937,5,River-Valley,+1-746-730-2926,+1-988-401-8608,2026-06-01 21:47:57,1981,VOICE,,5G,0.08,2.64
R05-0000938,5,River-Valley,+1-922-567-5595,+1-967-298-0038,2026-06-01 23:04:45,0,SMS,,4G,0.0,0.05
R05-0000939,5,River-Valley,+1-476-746-8162,+1-713-999-4435,2026-06-01 18:47:34,1320,VOICE,,5G,0.08,1.76
R05-0000940,5,River-Valley,+1-309-572-9219,+1-327-887-4216,2026-06-01 20:05:07,0,SMS,,4G,0.0,0.05
R05-0000941,5,River-Valley,+1-802-628-5200,+1-213-669-3911,2026-06-01 02:51:03,0,SMS,,4G,0.0,0.05
R05-0000942,5,River-Valley,+1-747-623-0523,+1-888-803-1714,2026-06-01 13:57:05,1016,VOICE,,3G,0.12,2.03
R05-0000943,5,River-Valley,+1-757-828-4374,,2026-06-01 22:55:59,476,DATA,129590915,5G,0.0,1.3
R05-0000944,5,River-Valley,+1-455-325-2232,+1-403-723-2130,2026-06-01 16:38:25,0,SMS,,5G,0.0,0.05
R05-0000945,5,River-Valley,+1-279-930-7059,,2026-06-01 16:26:42,1554,DATA,479889822,4G,0.0,4.8
R05-0000946,5,River-Valley,+1-878-536-2906,+1-290-923-2975,2026-06-01 18:53:39,3434,VOICE,,5G,0.08,4.58
R05-0000947,5,River-Valley,+1-530-821-4233,,2026-06-01 15:00:54,1863,DATA,237081453,4G,0.0,2.37
R05-0000948,5,River-Valley,+1-439-343-4719,+1-301-452-4389,2026-06-01 22:52:19,2783,VOICE,,5G,0.08,3.71
R05-0000949,5,River-Valley,+1-409-910-3325,+1-695-350-7674,2026-06-01 00:03:30,2806,VOICE,,4G,0.1,4.68
R05-0000950,5,River-Valley,+1-497-936-0823,,2026-06-01 06:28:41,3891,DATA,355831683,4G,0.0,3.56
R05-0000951,5,River-Valley,+1-661-381-5463,,2026-06-01 23:07:43,6601,DATA,494099863,5G,0.0,4.94
R05-0000952,5,River-Valley,+1-966-424-2365,+1-962-916-4977,2026-06-01 02:51:00,0,SMS,,5G,0.0,0.05
R05-0000953,5,River-Valley,+1-664-948-7531,,2026-06-01 20:19:45,4137,DATA,449333212,4G,0.0,4.49
R05-0000954,5,River-Valley,+1-517-744-7433,+1-378-705-3220,2026-06-01 01:52:11,345,VOICE,,4G,0.1,0.58
R05-0000955,5,River-Valley,+1-800-839-8241,,2026-06-01 01:18:48,1832,DATA,224732479,5G,0.0,2.25
R05-0000956,5,River-Valley,+1-854-878-5175,+1-258-696-1668,2026-06-01 20:25:38,2205,VOICE,,4G,0.1,3.68
R05-0000957,5,River-Valley,+1-489-294-1877,+1-726-541-4580,2026-06-01 20:48:58,922,VOICE,,5G,0.08,1.23
R05-0000958,5,River-Valley,+1-306-913-8441,+1-916-261-6068,2026-06-01 04:38:47,0,SMS,,4G,0.0,0.05
R05-0000959,5,River-Valley,+1-313-463-0227,+1-864-355-3713,2026-06-01 01:09:44,0,SMS,,4G,0.0,0.05
R05-0000960,5,River-Valley,+1-693-706-4045,+1-524-845-2608,2026-06-01 00:10:58,3405,VOICE,,4G,0.1,5.68
R05-0000961,5,River-Valley,+1-929-305-6566,+1-939-203-8701,2026-06-01 18:27:34,3109,VOICE,,5G,0.08,4.15
R05-0000962,5,River-Valley,+1-674-963-5426,,2026-06-01 18:15:22,6187,DATA,241830338,4G,0.0,2.42
R05-0000963,5,River-Valley,+1-317-629-3734,+1-326-439-8750,2026-06-01 12:47:26,2769,VOICE,,4G,0.1,4.62
R05-0000964,5,River-Valley,+1-266-425-8837,+1-740-540-5627,2026-06-01 01:47:52,1512,VOICE,,4G,0.1,2.52
R05-0000965,5,River-Valley,+1-551-200-0522,+1-651-258-3335,2026-06-01 22:44:03,2294,VOICE,,4G,0.1,3.82
R05-0000966,5,River-Valley,+1-959-461-7642,+1-887-241-6424,2026-06-01 00:08:39,1901,VOICE,,5G,0.08,2.53
R05-0000967,5,River-Valley,+1-974-947-5176,,2026-06-01 04:09:15,656,DATA,205753465,5G,0.0,2.06
R05-0000968,5,River-Valley,+1-776-914-6285,+1-414-478-5580,2026-06-01 09:15:34,0,VOICE,,5G,0.08,0.0
R05-0000969,5,River-Valley,+1-661-376-4199,+1-342-682-0270,2026-06-01 09:15:51,0,SMS,,5G,0.0,0.05
R05-0000970,5,River-Valley,+1-697-767-1823,,2026-06-01 23:22:27,5907,DATA,214171430,4G,0.0,2.14
R05-0000971,5,River-Valley,+1-656-669-7984,,2026-06-01 02:22:41,3601,DATA,277570340,3G,0.0,2.78
R05-0000972,5,River-Valley,+1-631-662-2825,+1-406-351-5715,2026-06-01 17:19:38,0,SMS,,4G,0.0,0.05
R05-0000973,5,River-Valley,+1-207-364-8017,+1-930-547-7694,2026-06-01 04:31:03,2358,VOICE,,4G,0.1,3.93
R05-0000974,5,River-Valley,+1-870-359-1238,+1-771-886-5945,2026-06-01 05:48:21,2303,VOICE,,4G,0.1,3.84
R05-0000975,5,River-Valley,+1-356-340-3060,+1-692-701-0241,2026-06-01 22:24:20,546,VOICE,,4G,0.1,0.91
R05-0000976,5,River-Valley,+1-511-911-6441,+1-883-365-3266,2026-06-01 20:46:26,0,VOICE,,4G,0.1,0.0
R05-0000977,5,River-Valley,+1-483-745-8273,+1-677-802-6417,2026-06-01 19:41:10,77,VOICE,,5G,0.08,0.1
R05-0000978,5,River-Valley,+1-311-377-4695,+1-854-873-7969,2026-06-01 04:17:02,285,VOICE,,5G,0.08,0.38
R05-0000979,5,River-Valley,+1-816-713-3386,+1-230-442-9896,2026-06-01 04:39:53,0,SMS,,5G,0.0,0.05
R05-0000980,5,River-Valley,+1-362-844-8237,+1-318-527-8913,2026-06-01 17:40:42,0,SMS,,5G,0.0,0.05
R05-0000981,5,River-Valley,+1-205-804-0972,+1-485-539-1646,2026-06-01 10:10:52,98,VOICE,,4G,0.1,0.16
R05-0000982,5,River-Valley,+1-905-734-8884,+1-362-678-3642,2026-06-01 11:23:52,2698,VOICE,,4G,0.1,4.5
R05-0000983,5,River-Valley,+1-326-962-4540,+1-226-922-3412,2026-06-01 17:46:21,3166,VOICE,,5G,0.08,4.22
R05-0000984,5,River-Valley,+1-326-533-6378,+1-447-373-9351,2026-06-01 09:27:17,1796,VOICE,,4G,0.1,2.99
R05-0000985,5,River-Valley,+1-261-257-6166,+1-342-974-5944,2026-06-01 00:46:11,0,SMS,,4G,0.0,0.05
R05-0000986,5,River-Valley,+1-829-719-7739,+1-513-599-1370,2026-06-01 11:26:38,2607,VOICE,,4G,0.1,4.35
R05-0000987,5,River-Valley,+1-492-857-4837,+1-638-484-6379,2026-06-01 19:30:07,0,SMS,,4G,0.0,0.05
R05-0000988,5,River-Valley,+1-421-615-9546,+1-758-467-3505,2026-06-01 09:58:03,0,SMS,,3G,0.0,0.05
R05-0000989,5,River-Valley,+1-557-780-1302,,2026-06-01 19:56:25,1945,DATA,335474719,4G,0.0,3.35
R05-0000990,5,River-Valley,+1-687-552-9516,+1-760-420-3157,2026-06-01 00:19:21,2005,VOICE,,4G,0.1,3.34
R05-0000991,5,River-Valley,+1-618-620-7633,+1-828-854-7995,2026-06-01 23:46:06,1660,VOICE,,4G,0.1,2.77
R05-0000992,5,River-Valley,+1-849-305-8399,+1-725-849-7013,2026-06-01 12:17:10,0,SMS,,5G,0.0,0.05
R05-0000993,5,River-Valley,+1-291-978-2908,,2026-06-01 22:06:11,3795,DATA,27464615,5G,0.0,0.27
R05-0000994,5,River-Valley,+1-454-458-4914,+1-962-690-2502,2026-06-01 10:43:50,0,SMS,,3G,0.0,0.05
R05-0000995,5,River-Valley,+1-386-827-9911,+1-539-923-2470,2026-06-01 18:30:11,1144,VOICE,,4G,0.1,1.91
R05-0000996,5,River-Valley,+1-489-928-8714,+1-889-872-6482,2026-06-01 12:22:08,2663,VOICE,,4G,0.1,4.44
R05-0000997,5,River-Valley,+1-692-438-6619,+1-764-282-0326,2026-06-01 15:30:07,0,SMS,,4G,0.0,0.05
R05-0000998,5,River-Valley,+1-706-649-5025,+1-550-954-0063,2026-06-01 09:32:13,1943,VOICE,,5G,0.08,2.59
R05-0000999,5,River-Valley,+1-968-775-0449,+1-253-272-7806,2026-06-01 12:56:05,333,VOICE,,4G,0.1,0.56
R05-0001000,5,River-Valley,+1-717-537-4821,+1-289-689-9825,2026-06-01 19:44:49,0,SMS,,4G,0.0,0.05
R05-0001001,5,River-Valley,+1-454-998-1846,+1-808-671-1793,2026-06-01 19:25:49,708,VOICE,,5G,0.08,0.94
R05-0001002,5,River-Valley,+1-776-965-9853,+1-808-223-2385,2026-06-01 09:50:26,0,SMS,,3G,0.0,0.05
R05-0001003,5,River-Valley,+1-753-714-3134,+1-313-246-3781,2026-06-01 09:33:51,0,SMS,,4G,0.0,0.05
R05-0001004,5,River-Valley,+1-827-387-2506,+1-721-948-5421,2026-06-01 15:18:48,0,SMS,,4G,0.0,0.05
R05-0001005,5,River-Valley,+1-811-352-1770,+1-841-227-8612,2026-06-01 17:00:25,35,VOICE,,3G,0.12,0.07
R05-0001006,5,River-Valley,+1-427-928-9523,,2026-06-01 22:21:02,343,DATA,474971959,4G,0.0,4.75
R05-0001007,5,River-Valley,+1-401-236-6210,+1-846-937-6275,2026-06-01 02:51:09,1277,VOICE,,5G,0.08,1.7
R05-0001008,5,River-Valley,+1-418-765-8119,+1-982-381-1140,2026-06-01 19:56:54,0,SMS,,3G,0.0,0.05
R05-0001009,5,River-Valley,+1-645-367-0191,+1-366-753-6212,2026-06-01 09:05:09,0,VOICE,,4G,0.1,0.0
R05-0001010,5,River-Valley,+1-441-584-6989,,2026-06-01 20:59:59,516,DATA,180996619,5G,0.0,1.81
R05-0001011,5,River-Valley,+1-584-829-9675,+1-643-425-2211,2026-06-01 02:14:37,774,VOICE,,3G,0.12,1.55
R05-0001012,5,River-Valley,+1-929-400-2904,,2026-06-01 00:09:18,2798,DATA,89807169,4G,0.0,0.9
R05-0001013,5,River-Valley,+1-957-208-8579,+1-699-728-3131,2026-06-01 01:44:25,2820,VOICE,,4G,0.1,4.7
R05-0001014,5,River-Valley,+1-728-563-9891,+1-931-982-9012,2026-06-01 04:11:54,223,VOICE,,5G,0.08,0.3
R05-0001015,5,River-Valley,+1-468-956-8589,+1-334-764-3001,2026-06-01 22:33:03,63,VOICE,,4G,0.1,0.11
R05-0001016,5,River-Valley,+1-363-426-7564,+1-341-840-0236,2026-06-01 18:21:05,0,SMS,,5G,0.0,0.05
R05-0001017,5,River-Valley,+1-370-840-9953,+1-909-662-9254,2026-06-01 13:57:55,2438,VOICE,,4G,0.1,4.06
R05-0001018,5,River-Valley,+1-667-837-0313,+1-543-251-1203,2026-06-01 04:32:48,866,VOICE,,4G,0.1,1.44
R05-0001019,5,River-Valley,+1-618-755-2500,+1-215-455-7992,2026-06-01 14:42:37,2479,VOICE,,4G,0.1,4.13
R05-0001020,5,River-Valley,+1-413-933-2427,+1-864-601-4721,2026-06-01 07:31:13,3026,VOICE,,4G,0.1,5.04
R05-0001021,5,River-Valley,+1-301-930-7546,,2026-06-01 00:08:43,4923,DATA,485538684,4G,0.0,4.86
R05-0001022,5,River-Valley,+1-545-501-7494,+1-741-985-4071,2026-06-01 14:54:27,1758,VOICE,,5G,0.08,2.34
R05-0001023,5,River-Valley,+1-311-749-0744,+1-531-280-3109,2026-06-01 10:26:38,139,VOICE,,4G,0.1,0.23
R05-0001024,5,River-Valley,+1-854-922-9679,,2026-06-01 08:30:15,219,DATA,196011078,4G,0.0,1.96
R05-0001025,5,River-Valley,+1-484-391-9013,+1-967-616-1453,2026-06-01 10:33:32,2260,VOICE,,4G,0.1,3.77
R05-0001026,5,River-Valley,+1-369-666-5555,+1-677-992-3728,2026-06-01 00:09:54,0,SMS,,5G,0.0,0.05
R05-0001027,5,River-Valley,+1-942-810-0377,,2026-06-01 13:09:57,5841,DATA,486198005,4G,0.0,4.86
R05-0001028,5,River-Valley,+1-501-819-3671,,2026-06-01 06:24:38,750,DATA,386912096,4G,0.0,3.87
R05-0001029,5,River-Valley,+1-923-566-3677,+1-614-413-6104,2026-06-01 13:11:43,0,SMS,,3G,0.0,0.05
R05-0001030,5,River-Valley,+1-958-396-5785,+1-292-564-6629,2026-06-01 17:17:57,0,SMS,,5G,0.0,0.05
R05-0001031,5,River-Valley,+1-834-491-7245,+1-251-711-0369,2026-06-01 05:13:52,2318,VOICE,,4G,0.1,3.86
R05-0001032,5,River-Valley,+1-224-546-1312,+1-894-689-3711,2026-06-01 12:03:55,3267,VOICE,,4G,0.1,5.45
R05-0001033,5,River-Valley,+1-368-701-9350,+1-283-888-7005,2026-06-01 13:41:50,400,VOICE,,4G,0.1,0.67
R05-0001034,5,River-Valley,+1-221-633-0889,,2026-06-01 15:50:39,6437,DATA,467243238,3G,0.0,4.67
R05-0001035,5,River-Valley,+1-912-952-4729,+1-929-852-7674,2026-06-01 17:28:08,116,VOICE,,4G,0.1,0.19
R05-0001036,5,River-Valley,+1-236-966-9524,+1-414-234-9577,2026-06-01 06:59:56,0,SMS,,3G,0.0,0.05
R05-0001037,5,River-Valley,+1-329-235-5946,,2026-06-01 04:55:37,1076,DATA,113668805,5G,0.0,1.14
R05-0001038,5,River-Valley,+1-570-367-4262,,2026-06-01 12:55:58,847,DATA,445945698,4G,0.0,4.46
R05-0001039,5,River-Valley,+1-946-632-6962,+1-686-685-6989,2026-06-01 02:29:54,2021,VOICE,,5G,0.08,2.69
R05-0001040,5,River-Valley,+1-212-806-4131,+1-685-202-7381,2026-06-01 12:23:08,0,SMS,,4G,0.0,0.05
R05-0001041,5,River-Valley,+1-280-728-8424,+1-251-280-7034,2026-06-01 23:28:54,2006,VOICE,,4G,0.1,3.34
R05-0001042,5,River-Valley,+1-867-601-8261,+1-711-231-1352,2026-06-01 02:02:56,0,SMS,,5G,0.0,0.05
R05-0001043,5,River-Valley,+1-257-208-2536,+1-621-630-9828,2026-06-01 21:17:11,58,VOICE,,4G,0.1,0.1
R05-0001044,5,River-Valley,+1-888-527-7357,+1-671-530-0237,2026-06-01 07:40:02,296,VOICE,,4G,0.1,0.49
R05-0001045,5,River-Valley,+1-291-841-2146,+1-520-262-7992,2026-06-01 21:19:41,2906,VOICE,,3G,0.12,5.81
R05-0001046,5,River-Valley,+1-214-656-8964,+1-355-213-9329,2026-06-01 03:22:55,1484,VOICE,,4G,0.1,2.47
R05-0001047,5,River-Valley,+1-664-285-3830,+1-516-430-1416,2026-06-01 20:37:27,0,SMS,,3G,0.0,0.05
R05-0001048,5,River-Valley,+1-396-716-6381,+1-989-237-2411,2026-06-01 21:14:44,0,SMS,,4G,0.0,0.05
R05-0001049,5,River-Valley,+1-204-778-4044,+1-641-213-6495,2026-06-01 20:00:32,2142,VOICE,,3G,0.12,4.28
R05-0001050,5,River-Valley,+1-392-778-5720,,2026-06-01 16:43:18,6150,DATA,420769061,5G,0.0,4.21
R05-0001051,5,River-Valley,+1-402-467-0886,,2026-06-01 18:38:05,3159,DATA,478680228,4G,0.0,4.79
R05-0001052,5,River-Valley,+1-371-381-8147,+1-237-662-0219,2026-06-01 22:37:45,2883,VOICE,,3G,0.12,5.77
R05-0001053,5,River-Valley,+1-705-690-7915,+1-348-918-0943,2026-06-01 22:51:58,0,VOICE,,4G,0.1,0.0
R05-0001054,5,River-Valley,+1-726-294-3508,+1-312-625-9077,2026-06-01 02:52:04,1738,VOICE,,3G,0.12,3.48
R05-0001055,5,River-Valley,+1-325-518-1355,+1-485-435-2992,2026-06-01 20:53:45,0,SMS,,4G,0.0,0.05
R05-0001056,5,River-Valley,+1-287-528-6144,+1-681-425-5233,2026-06-01 02:09:08,0,SMS,,3G,0.0,0.05
R05-0001057,5,River-Valley,+1-279-276-0489,+1-845-687-4407,2026-06-01 17:16:53,927,VOICE,,5G,0.08,1.24
R05-0001058,5,River-Valley,+1-639-387-1440,+1-672-440-0736,2026-06-01 16:03:33,813,VOICE,,4G,0.1,1.36
R05-0001059,5,River-Valley,+1-518-635-9879,+1-675-880-3127,2026-06-01 07:27:42,3171,VOICE,,4G,0.1,5.29
R05-0001060,5,River-Valley,+1-398-477-0312,+1-702-490-4811,2026-06-01 21:02:47,0,SMS,,5G,0.0,0.05
R05-0001061,5,River-Valley,+1-266-750-1978,,2026-06-01 09:34:05,3873,DATA,10638761,4G,0.0,0.11
R05-0001062,5,River-Valley,+1-936-800-9198,+1-352-880-0823,2026-06-01 03:36:27,1748,VOICE,,4G,0.1,2.91
R05-0001063,5,River-Valley,+1-897-819-3796,+1-759-308-5791,2026-06-01 19:16:19,1244,VOICE,,4G,0.1,2.07
R05-0001064,5,River-Valley,+1-979-340-0509,+1-218-897-3729,2026-06-01 13:46:03,0,SMS,,4G,0.0,0.05
R05-0001065,5,River-Valley,+1-783-951-7075,+1-804-232-9488,2026-06-01 15:54:11,2830,VOICE,,4G,0.1,4.72
R05-0001066,5,River-Valley,+1-863-742-5217,,2026-06-01 03:50:11,4679,DATA,172379499,4G,0.0,1.72
R05-0001067,5,River-Valley,+1-487-201-6376,,2026-06-01 02:35:11,919,DATA,374577331,3G,0.0,3.75
R05-0001068,5,River-Valley,+1-526-661-2298,+1-544-651-2837,2026-06-01 10:17:42,0,SMS,,4G,0.0,0.05
R05-0001069,5,River-Valley,+1-593-839-3467,+1-329-356-1297,2026-06-01 18:05:36,0,SMS,,3G,0.0,0.05
R05-0001070,5,River-Valley,+1-481-596-4199,,2026-06-01 08:18:19,1597,DATA,210232473,4G,0.0,2.1
R05-0001071,5,River-Valley,+1-260-514-4080,+1-509-419-7763,2026-06-01 11:31:56,647,VOICE,,3G,0.12,1.29
R05-0001072,5,River-Valley,+1-891-348-1700,+1-965-283-2213,2026-06-01 23:11:53,2652,VOICE,,5G,0.08,3.54
R05-0001073,5,River-Valley,+1-639-997-7016,+1-665-863-8158,2026-06-01 19:01:13,1856,VOICE,,5G,0.08,2.47
R05-0001074,5,River-Valley,+1-319-440-7838,+1-304-532-4737,2026-06-01 03:11:42,0,SMS,,3G,0.0,0.05
R05-0001075,5,River-Valley,+1-267-429-4556,,2026-06-01 18:51:45,239,DATA,207388853,5G,0.0,2.07
R05-0001076,5,River-Valley,+1-913-599-6718,+1-323-393-2292,2026-06-01 11:18:16,3259,VOICE,,5G,0.08,4.35
R05-0001077,5,River-Valley,+1-205-747-4542,+1-696-881-0928,2026-06-01 23:21:33,0,SMS,,4G,0.0,0.05
R05-0001078,5,River-Valley,+1-419-359-7006,,2026-06-01 20:38:45,3583,DATA,122279926,4G,0.0,1.22
R05-0001079,5,River-Valley,+1-779-734-9375,+1-276-804-0128,2026-06-01 09:36:02,0,SMS,,4G,0.0,0.05
R05-0001080,5,River-Valley,+1-599-662-1707,+1-921-369-6713,2026-06-01 19:56:02,843,VOICE,,4G,0.1,1.41
R05-0001081,5,River-Valley,+1-347-348-0142,+1-659-251-1104,2026-06-01 06:20:09,0,SMS,,3G,0.0,0.05
R05-0001082,5,River-Valley,+1-434-913-9741,+1-501-426-7363,2026-06-01 22:45:07,2905,VOICE,,5G,0.08,3.87
R05-0001083,5,River-Valley,+1-367-726-3209,+1-490-379-6963,2026-06-01 06:45:47,0,SMS,,4G,0.0,0.05
R05-0001084,5,River-Valley,+1-941-218-9865,+1-842-909-9314,2026-06-01 22:44:03,697,VOICE,,3G,0.12,1.39
R05-0001085,5,River-Valley,+1-634-321-9887,+1-399-537-1161,2026-06-01 04:40:48,2343,VOICE,,5G,0.08,3.12
R05-0001086,5,River-Valley,+1-648-419-8615,+1-575-815-1700,2026-06-01 11:33:54,999,VOICE,,5G,0.08,1.33
R05-0001087,5,River-Valley,+1-912-612-1188,+1-488-999-2006,2026-06-01 11:13:31,2438,VOICE,,4G,0.1,4.06
R05-0001088,5,River-Valley,+1-643-227-2984,+1-660-974-4452,2026-06-01 01:26:53,0,SMS,,4G,0.0,0.05
R05-0001089,5,River-Valley,+1-925-248-3705,+1-462-757-8524,2026-06-01 20:13:39,0,SMS,,4G,0.0,0.05
R05-0001090,5,River-Valley,+1-367-473-9988,+1-371-554-9848,2026-06-01 02:54:42,2694,VOICE,,4G,0.1,4.49
R05-0001091,5,River-Valley,+1-699-784-2501,+1-848-487-9107,2026-06-01 11:51:06,950,VOICE,,4G,0.1,1.58
R05-0001092,5,River-Valley,+1-512-608-4412,+1-663-440-5474,2026-06-01 20:13:51,3585,VOICE,,4G,0.1,5.98
R05-0001093,5,River-Valley,+1-441-522-8014,+1-645-824-1225,2026-06-01 09:22:37,2241,VOICE,,4G,0.1,3.74
R05-0001094,5,River-Valley,+1-452-728-7698,+1-225-290-5217,2026-06-01 02:32:11,0,SMS,,5G,0.0,0.05
R05-0001095,5,River-Valley,+1-476-804-8351,+1-283-579-5063,2026-06-01 04:45:43,2407,VOICE,,3G,0.12,4.81
R05-0001096,5,River-Valley,+1-859-331-4857,+1-600-988-1865,2026-06-01 08:27:38,0,VOICE,,5G,0.08,0.0
R05-0001097,5,River-Valley,+1-454-893-9450,+1-903-853-7566,2026-06-01 11:50:52,3353,VOICE,,5G,0.08,4.47
R05-0001098,5,River-Valley,+1-856-546-1189,+1-655-635-9463,2026-06-01 15:35:16,2103,VOICE,,4G,0.1,3.5
R05-0001099,5,River-Valley,+1-805-275-0082,+1-624-877-8536,2026-06-01 20:54:07,0,SMS,,5G,0.0,0.05
R05-0001100,5,River-Valley,+1-473-547-9572,+1-418-418-1534,2026-06-01 02:41:20,2057,VOICE,,3G,0.12,4.11
R05-0001101,5,River-Valley,+1-380-210-9426,+1-943-638-8072,2026-06-01 15:09:30,214,VOICE,,4G,0.1,0.36
R05-0001102,5,River-Valley,+1-681-231-3082,,2026-06-01 15:38:55,3941,DATA,460931484,4G,0.0,4.61
R05-0001103,5,River-Valley,+1-389-462-2649,+1-724-844-1018,2026-06-01 06:25:56,0,SMS,,4G,0.0,0.05
R05-0001104,5,River-Valley,+1-926-846-4713,+1-298-935-9855,2026-06-01 08:20:43,2551,VOICE,,4G,0.1,4.25
R05-0001105,5,River-Valley,+1-271-693-9211,+1-375-873-5634,2026-06-01 11:06:53,3313,VOICE,,4G,0.1,5.52
R05-0001106,5,River-Valley,+1-227-292-9421,+1-622-800-0179,2026-06-01 07:43:31,1574,VOICE,,3G,0.12,3.15
R05-0001107,5,River-Valley,+1-875-215-1278,+1-870-294-4236,2026-06-01 16:20:06,2606,VOICE,,4G,0.1,4.34
R05-0001108,5,River-Valley,+1-695-731-3331,+1-886-857-2868,2026-06-01 04:38:55,0,SMS,,5G,0.0,0.05
R05-0001109,5,River-Valley,+1-201-246-1860,+1-237-573-1317,2026-06-01 16:49:21,1721,VOICE,,5G,0.08,2.29
R05-0001110,5,River-Valley,+1-234-667-4068,+1-659-290-5450,2026-06-01 19:57:04,2137,VOICE,,3G,0.12,4.27
R05-0001111,5,River-Valley,+1-317-467-5702,+1-933-509-7872,2026-06-01 22:00:50,2682,VOICE,,5G,0.08,3.58
R05-0001112,5,River-Valley,+1-425-821-9321,+1-725-537-8568,2026-06-01 07:24:55,1274,VOICE,,3G,0.12,2.55
R05-0001113,5,River-Valley,+1-543-383-4725,+1-318-848-6603,2026-06-01 08:39:20,0,SMS,,4G,0.0,0.05
R05-0001114,5,River-Valley,+1-612-724-0318,+1-481-489-5627,2026-06-01 22:09:09,2930,VOICE,,4G,0.1,4.88
R05-0001115,5,River-Valley,+1-617-203-1143,+1-595-851-7476,2026-06-01 00:46:40,0,SMS,,4G,0.0,0.05
R05-0001116,5,River-Valley,+1-510-373-5794,,2026-06-01 05:18:27,5617,DATA,129140204,3G,0.0,1.29
R05-0001117,5,River-Valley,+1-770-282-9966,,2026-06-01 08:21:33,3461,DATA,327648331,4G,0.0,3.28
R05-0001118,5,River-Valley,+1-604-297-1356,+1-556-592-6239,2026-06-01 03:25:33,0,SMS,,5G,0.0,0.05
R05-0001119,5,River-Valley,+1-347-318-9377,+1-935-618-2183,2026-06-01 01:11:04,647,VOICE,,5G,0.08,0.86
R05-0001120,5,River-Valley,+1-776-204-4817,,2026-06-01 09:42:06,5642,DATA,345775830,5G,0.0,3.46
R05-0001121,5,River-Valley,+1-507-644-7917,+1-768-930-8251,2026-06-01 03:29:40,1574,VOICE,,3G,0.12,3.15
R05-0001122,5,River-Valley,+1-217-528-6742,+1-574-992-4763,2026-06-01 10:51:13,3215,VOICE,,4G,0.1,5.36
R05-0001123,5,River-Valley,+1-931-547-3851,+1-514-834-6721,2026-06-01 17:18:00,0,SMS,,4G,0.0,0.05
R05-0001124,5,River-Valley,+1-210-623-3300,+1-407-449-9311,2026-06-01 06:35:22,3209,VOICE,,5G,0.08,4.28
R05-0001125,5,River-Valley,+1-790-218-9839,,2026-06-01 09:40:30,4182,DATA,327914305,3G,0.0,3.28
R05-0001126,5,River-Valley,+1-263-607-5613,+1-690-984-5323,2026-06-01 09:30:11,2860,VOICE,,4G,0.1,4.77
R05-0001127,5,River-Valley,+1-428-951-2771,+1-637-658-0181,2026-06-01 12:53:02,3470,VOICE,,4G,0.1,5.78
R05-0001128,5,River-Valley,+1-868-504-4248,+1-452-426-8557,2026-06-01 03:36:37,666,VOICE,,5G,0.08,0.89
R05-0001129,5,River-Valley,+1-293-577-7731,+1-480-395-9853,2026-06-01 16:37:50,495,VOICE,,5G,0.08,0.66
R05-0001130,5,River-Valley,+1-949-352-4283,+1-675-674-4305,2026-06-01 15:57:50,0,SMS,,4G,0.0,0.05
R05-0001131,5,River-Valley,+1-466-924-9299,+1-469-767-4252,2026-06-01 06:28:03,3221,VOICE,,4G,0.1,5.37
R05-0001132,5,River-Valley,+1-329-867-2723,+1-317-409-0021,2026-06-01 20:05:20,2540,VOICE,,5G,0.08,3.39
R05-0001133,5,River-Valley,+1-443-474-1167,,2026-06-01 14:11:34,5136,DATA,418016008,3G,0.0,4.18
R05-0001134,5,River-Valley,+1-968-304-5368,+1-680-333-6192,2026-06-01 10:14:56,2663,VOICE,,5G,0.08,3.55
R05-0001135,5,River-Valley,+1-244-620-9687,+1-412-854-3919,2026-06-01 13:44:34,1693,VOICE,,3G,0.12,3.39
R05-0001136,5,River-Valley,+1-923-622-1173,+1-257-724-1015,2026-06-01 21:51:55,0,SMS,,4G,0.0,0.05
R05-0001137,5,River-Valley,+1-475-437-5936,+1-810-212-6303,2026-06-01 19:10:17,550,VOICE,,4G,0.1,0.92
R05-0001138,5,River-Valley,+1-537-945-0474,+1-244-389-3201,2026-06-01 12:12:04,3143,VOICE,,5G,0.08,4.19
R05-0001139,5,River-Valley,+1-927-381-7875,+1-963-346-1589,2026-06-01 23:02:36,3125,VOICE,,5G,0.08,4.17
R05-0001140,5,River-Valley,+1-650-418-7054,+1-404-805-6616,2026-06-01 15:50:25,1054,VOICE,,4G,0.1,1.76
R05-0001141,5,River-Valley,+1-731-600-4027,+1-217-708-8351,2026-06-01 06:55:57,0,SMS,,4G,0.0,0.05
R05-0001142,5,River-Valley,+1-286-827-0011,+1-570-613-9989,2026-06-01 19:20:51,757,VOICE,,4G,0.1,1.26
R05-0001143,5,River-Valley,+1-924-554-6837,+1-963-905-6149,2026-06-01 20:15:21,1270,VOICE,,4G,0.1,2.12
R05-0001144,5,River-Valley,+1-407-328-1616,+1-780-880-1134,2026-06-01 17:47:05,0,SMS,,4G,0.0,0.05
R05-0001145,5,River-Valley,+1-425-355-3700,+1-523-665-1495,2026-06-01 18:18:45,3419,VOICE,,4G,0.1,5.7
R05-0001146,5,River-Valley,+1-896-714-8555,+1-447-525-3631,2026-06-01 17:41:28,202,VOICE,,5G,0.08,0.27
R05-0001147,5,River-Valley,+1-834-780-8397,+1-906-666-7816,2026-06-01 20:38:40,0,SMS,,5G,0.0,0.05
R05-0001148,5,River-Valley,+1-590-909-1406,+1-973-868-8020,2026-06-01 00:38:34,2794,VOICE,,5G,0.08,3.73
R05-0001149,5,River-Valley,+1-788-927-5210,+1-722-456-7074,2026-06-01 22:45:06,0,SMS,,5G,0.0,0.05
R05-0001150,5,River-Valley,+1-296-559-2447,+1-977-407-6831,2026-06-01 17:56:34,0,SMS,,4G,0.0,0.05
R05-0001151,5,River-Valley,+1-641-882-8073,+1-380-272-2104,2026-06-01 20:47:16,0,SMS,,4G,0.0,0.05
R05-0001152,5,River-Valley,+1-986-972-6246,+1-509-448-5305,2026-06-01 05:45:27,3499,VOICE,,4G,0.1,5.83
R05-0001153,5,River-Valley,+1-248-333-8153,+1-738-332-4134,2026-06-01 12:00:45,0,SMS,,5G,0.0,0.05
R05-0001154,5,River-Valley,+1-965-811-5880,+1-533-502-5446,2026-06-01 02:31:37,0,SMS,,5G,0.0,0.05
R05-0001155,5,River-Valley,+1-465-944-6349,,2026-06-01 08:17:43,2562,DATA,107601729,4G,0.0,1.08
R05-0001156,5,River-Valley,+1-491-364-8433,,2026-06-01 09:16:38,5064,DATA,281366053,3G,0.0,2.81
R05-0001157,5,River-Valley,+1-207-742-8765,+1-977-357-5571,2026-06-01 11:28:52,0,SMS,,5G,0.0,0.05
R05-0001158,5,River-Valley,+1-825-730-0183,+1-779-648-9018,2026-06-01 06:26:57,0,SMS,,4G,0.0,0.05
R05-0001159,5,River-Valley,+1-219-623-8785,+1-903-549-7038,2026-06-01 08:16:30,1935,VOICE,,4G,0.1,3.23
R05-0001160,5,River-Valley,+1-597-604-4245,+1-610-760-5842,2026-06-01 16:00:04,0,SMS,,5G,0.0,0.05
R05-0001161,5,River-Valley,+1-888-583-9674,+1-505-840-2868,2026-06-01 18:06:21,636,VOICE,,4G,0.1,1.06
R05-0001162,5,River-Valley,+1-819-715-3649,+1-769-839-5950,2026-06-01 12:42:49,0,SMS,,4G,0.0,0.05
R05-0001163,5,River-Valley,+1-356-754-4867,+1-806-623-1081,2026-06-01 23:49:58,2197,VOICE,,5G,0.08,2.93
R05-0001164,5,River-Valley,+1-984-853-2027,,2026-06-01 04:28:04,4046,DATA,312032676,4G,0.0,3.12
R05-0001165,5,River-Valley,+1-281-758-9227,,2026-06-01 21:44:47,2123,DATA,145321454,3G,0.0,1.45
R05-0001166,5,River-Valley,+1-811-418-2799,+1-532-793-3657,2026-06-01 00:46:48,1799,VOICE,,4G,0.1,3.0
R05-0001167,5,River-Valley,+1-809-231-2677,+1-870-838-8628,2026-06-01 02:03:46,0,SMS,,5G,0.0,0.05
R05-0001168,5,River-Valley,+1-683-708-5533,+1-740-534-0527,2026-06-01 18:33:05,394,VOICE,,4G,0.1,0.66
R05-0001169,5,River-Valley,+1-480-538-0992,,2026-06-01 15:59:14,5491,DATA,292485103,4G,0.0,2.92
R05-0001170,5,River-Valley,+1-298-707-4677,+1-878-237-7260,2026-06-01 14:33:21,0,SMS,,5G,0.0,0.05
R05-0001171,5,River-Valley,+1-605-865-7272,+1-896-464-2383,2026-06-01 14:53:12,0,SMS,,3G,0.0,0.05
R05-0001172,5,River-Valley,+1-420-225-2008,+1-951-848-6580,2026-06-01 08:01:03,867,VOICE,,4G,0.1,1.45
R05-0001173,5,River-Valley,+1-938-275-1663,+1-432-247-0466,2026-06-01 19:04:14,1114,VOICE,,5G,0.08,1.49
R05-0001174,5,River-Valley,+1-655-601-4819,+1-673-215-5778,2026-06-01 01:19:04,0,SMS,,4G,0.0,0.05
R05-0001175,5,River-Valley,+1-522-804-4373,,2026-06-01 06:55:05,4458,DATA,120230505,3G,0.0,1.2
R05-0001176,5,River-Valley,+1-402-647-9997,+1-719-917-1997,2026-06-01 23:02:53,0,VOICE,,3G,0.12,0.0
R05-0001177,5,River-Valley,+1-519-638-6143,+1-458-232-3204,2026-06-01 19:43:26,2799,VOICE,,5G,0.08,3.73
R05-0001178,5,River-Valley,+1-222-284-1235,+1-944-785-7472,2026-06-01 21:57:23,0,SMS,,4G,0.0,0.05
R05-0001179,5,River-Valley,+1-377-333-4636,+1-537-448-4729,2026-06-01 13:19:22,0,SMS,,4G,0.0,0.05
R05-0001180,5,River-Valley,+1-455-905-2063,+1-525-897-6579,2026-06-01 01:00:04,0,SMS,,5G,0.0,0.05
R05-0001181,5,River-Valley,+1-467-438-6224,,2026-06-01 05:30:38,3894,DATA,385437697,4G,0.0,3.85
R05-0001182,5,River-Valley,+1-561-875-2818,,2026-06-01 15:36:40,5924,DATA,334521887,4G,0.0,3.35
R05-0001183,5,River-Valley,+1-834-795-4187,+1-368-457-3459,2026-06-01 23:16:52,0,SMS,,3G,0.0,0.05
R05-0001184,5,River-Valley,+1-837-749-2401,+1-359-415-9170,2026-06-01 08:52:15,1561,VOICE,,4G,0.1,2.6
R05-0001185,5,River-Valley,+1-691-519-7395,+1-381-799-3995,2026-06-01 13:27:53,120,VOICE,,4G,0.1,0.2
R05-0001186,5,River-Valley,+1-596-624-3467,+1-311-448-0845,2026-06-01 00:03:38,0,SMS,,4G,0.0,0.05
R05-0001187,5,River-Valley,+1-378-688-2651,+1-595-803-0100,2026-06-01 22:06:55,0,SMS,,4G,0.0,0.05
R05-0001188,5,River-Valley,+1-801-344-7570,,2026-06-01 15:23:18,3728,DATA,411486952,4G,0.0,4.11
R05-0001189,5,River-Valley,+1-241-570-8832,,2026-06-01 13:05:23,6547,DATA,299640960,4G,0.0,3.0
R05-0001190,5,River-Valley,+1-678-532-3076,,2026-06-01 17:53:01,1350,DATA,179730749,3G,0.0,1.8
R05-0001191,5,River-Valley,+1-870-783-5661,+1-502-526-6788,2026-06-01 02:03:16,0,SMS,,4G,0.0,0.05
R05-0001192,5,River-Valley,+1-775-448-9054,,2026-06-01 14:35:50,2941,DATA,197141409,5G,0.0,1.97
R05-0001193,5,River-Valley,+1-852-356-6386,+1-662-770-4295,2026-06-01 15:29:25,0,SMS,,5G,0.0,0.05
R05-0001194,5,River-Valley,+1-677-517-6668,,2026-06-01 03:22:25,4032,DATA,277873836,4G,0.0,2.78
R05-0001195,5,River-Valley,+1-922-405-2227,+1-653-326-4641,2026-06-01 23:17:21,0,SMS,,4G,0.0,0.05
R05-0001196,5,River-Valley,+1-986-731-0701,+1-421-906-4868,2026-06-01 14:56:41,2457,VOICE,,4G,0.1,4.1
R05-0001197,5,River-Valley,+1-545-809-4762,+1-924-902-8164,2026-06-01 06:03:33,0,VOICE,,4G,0.1,0.0
R05-0001198,5,River-Valley,+1-550-287-4635,+1-810-634-7009,2026-06-01 01:05:43,2859,VOICE,,4G,0.1,4.76
R05-0001199,5,River-Valley,+1-488-381-2338,+1-602-998-0475,2026-06-01 00:11:47,2567,VOICE,,4G,0.1,4.28
R05-0001200,5,River-Valley,+1-747-923-6055,+1-853-285-3002,2026-06-01 08:14:55,0,SMS,,5G,0.0,0.05
R05-0001201,5,River-Valley,+1-556-836-9875,+1-521-438-1843,2026-06-01 16:26:33,0,SMS,,4G,0.0,0.05
R05-0001202,5,River-Valley,+1-420-708-1868,+1-337-468-0687,2026-06-01 04:48:18,0,SMS,,3G,0.0,0.05
R05-0001203,5,River-Valley,+1-593-362-0835,+1-407-691-1252,2026-06-01 07:48:04,0,SMS,,4G,0.0,0.05
R05-0001204,5,River-Valley,+1-525-271-8111,+1-235-922-0434,2026-06-01 08:44:59,243,VOICE,,4G,0.1,0.41
R05-0001205,5,River-Valley,+1-610-650-6381,+1-918-259-2619,2026-06-01 22:00:58,0,SMS,,4G,0.0,0.05
R05-0001206,5,River-Valley,+1-740-628-9361,+1-877-319-1105,2026-06-01 15:11:53,0,SMS,,4G,0.0,0.05
R05-0001207,5,River-Valley,+1-346-311-9245,+1-676-572-3680,2026-06-01 03:54:30,2032,VOICE,,4G,0.1,3.39
R05-0001208,5,River-Valley,+1-718-902-4917,+1-419-820-0175,2026-06-01 00:26:07,436,VOICE,,3G,0.12,0.87
R05-0001209,5,River-Valley,+1-950-682-3201,+1-459-568-4225,2026-06-01 10:20:27,2096,VOICE,,4G,0.1,3.49
R05-0001210,5,River-Valley,+1-224-763-5353,+1-448-928-3246,2026-06-01 05:51:51,3336,VOICE,,4G,0.1,5.56
R05-0001211,5,River-Valley,+1-373-214-5133,+1-488-911-2580,2026-06-01 12:54:23,1797,VOICE,,3G,0.12,3.59
R05-0001212,5,River-Valley,+1-453-567-2231,,2026-06-01 03:52:34,3694,DATA,134207918,4G,0.0,1.34
R05-0001213,5,River-Valley,+1-803-203-6207,+1-748-790-7402,2026-06-01 14:04:44,0,SMS,,4G,0.0,0.05
R05-0001214,5,River-Valley,+1-820-387-5357,+1-429-942-3280,2026-06-01 03:35:44,2178,VOICE,,4G,0.1,3.63
R05-0001215,5,River-Valley,+1-721-882-9014,+1-244-724-7605,2026-06-01 04:31:18,0,SMS,,5G,0.0,0.05
R05-0001216,5,River-Valley,+1-511-545-0472,+1-286-897-6439,2026-06-01 18:00:46,0,SMS,,4G,0.0,0.05
R05-0001217,5,River-Valley,+1-502-985-0578,+1-743-682-0540,2026-06-01 09:14:27,0,SMS,,5G,0.0,0.05
R05-0001218,5,River-Valley,+1-261-448-0807,+1-467-494-9096,2026-06-01 14:28:56,3033,VOICE,,4G,0.1,5.05
R05-0001219,5,River-Valley,+1-463-589-1623,+1-828-686-0720,2026-06-01 16:29:14,1428,VOICE,,4G,0.1,2.38
R05-0001220,5,River-Valley,+1-471-833-4505,+1-564-377-3608,2026-06-01 07:35:52,155,VOICE,,4G,0.1,0.26
R05-0001221,5,River-Valley,+1-522-422-3123,,2026-06-01 03:26:18,4594,DATA,262026322,4G,0.0,2.62
R05-0001222,5,River-Valley,+1-422-762-8849,+1-790-613-7680,2026-06-01 03:21:03,0,SMS,,4G,0.0,0.05
R05-0001223,5,River-Valley,+1-821-630-7296,+1-636-392-6254,2026-06-01 07:25:15,555,VOICE,,3G,0.12,1.11
R05-0001224,5,River-Valley,+1-647-709-9321,,2026-06-01 22:39:49,3480,DATA,240562487,5G,0.0,2.41
R05-0001225,5,River-Valley,+1-683-516-6646,+1-313-912-7380,2026-06-01 17:17:51,0,VOICE,,5G,0.08,0.0
R05-0001226,5,River-Valley,+1-983-533-4145,+1-955-776-3316,2026-06-01 01:24:04,0,VOICE,,5G,0.08,0.0
R05-0001227,5,River-Valley,+1-410-772-0736,+1-875-436-3952,2026-06-01 19:02:36,0,SMS,,4G,0.0,0.05
R05-0001228,5,River-Valley,+1-394-937-4197,+1-829-417-2970,2026-06-01 13:33:21,714,VOICE,,4G,0.1,1.19
R05-0001229,5,River-Valley,+1-407-579-5524,+1-492-989-5612,2026-06-01 18:29:21,1594,VOICE,,3G,0.12,3.19
R05-0001230,5,River-Valley,+1-201-417-3560,,2026-06-01 12:46:10,4126,DATA,126451943,4G,0.0,1.26
R05-0001231,5,River-Valley,+1-584-803-3578,+1-507-811-5968,2026-06-01 01:27:04,0,SMS,,4G,0.0,0.05
R05-0001232,5,River-Valley,+1-312-985-0170,+1-928-716-1835,2026-06-01 14:29:27,607,VOICE,,5G,0.08,0.81
R05-0001233,5,River-Valley,+1-281-962-1252,+1-884-351-1230,2026-06-01 17:40:12,318,VOICE,,3G,0.12,0.64
R05-0001234,5,River-Valley,+1-745-599-7549,,2026-06-01 20:20:46,1754,DATA,107070514,3G,0.0,1.07
R05-0001235,5,River-Valley,+1-943-624-5032,+1-610-473-7168,2026-06-01 08:12:59,2118,VOICE,,4G,0.1,3.53
R05-0001236,5,River-Valley,+1-281-696-0947,+1-699-388-1514,2026-06-01 23:05:20,1629,VOICE,,4G,0.1,2.71
R05-0001237,5,River-Valley,+1-528-329-5883,,2026-06-01 12:48:12,5768,DATA,332150124,3G,0.0,3.32
R05-0001238,5,River-Valley,+1-424-608-5387,+1-592-559-4233,2026-06-01 16:56:55,215,VOICE,,3G,0.12,0.43
R05-0001239,5,River-Valley,+1-880-870-8484,+1-730-656-0409,2026-06-01 07:06:57,3256,VOICE,,3G,0.12,6.51
R05-0001240,5,River-Valley,+1-917-699-7116,+1-232-299-7182,2026-06-01 08:58:44,0,SMS,,4G,0.0,0.05
R05-0001241,5,River-Valley,+1-937-828-3154,+1-254-350-9333,2026-06-01 08:08:36,1103,VOICE,,5G,0.08,1.47
R05-0001242,5,River-Valley,+1-460-777-2894,+1-213-570-8594,2026-06-01 08:55:36,891,VOICE,,5G,0.08,1.19
R05-0001243,5,River-Valley,+1-290-742-5845,+1-653-476-3628,2026-06-01 03:29:32,2439,VOICE,,5G,0.08,3.25
R05-0001244,5,River-Valley,+1-960-780-0597,+1-369-265-6033,2026-06-01 05:38:42,888,VOICE,,3G,0.12,1.78
R05-0001245,5,River-Valley,+1-800-663-6049,+1-713-818-8996,2026-06-01 17:55:47,0,SMS,,3G,0.0,0.05
R05-0001246,5,River-Valley,+1-820-930-2530,+1-989-389-6930,2026-06-01 20:05:00,1276,VOICE,,4G,0.1,2.13
R05-0001247,5,River-Valley,+1-229-208-6825,+1-485-666-2156,2026-06-01 16:15:29,2179,VOICE,,3G,0.12,4.36
R05-0001248,5,River-Valley,+1-567-935-8785,+1-753-329-1301,2026-06-01 17:44:20,0,SMS,,4G,0.0,0.05
R05-0001249,5,River-Valley,+1-235-663-4707,+1-735-268-4188,2026-06-01 22:37:41,0,SMS,,5G,0.0,0.05
R05-0001250,5,River-Valley,+1-767-477-9108,+1-766-606-0738,2026-06-01 11:54:27,2795,VOICE,,3G,0.12,5.59
R05-0001251,5,River-Valley,+1-373-925-4743,+1-954-781-6484,2026-06-01 00:42:36,919,VOICE,,4G,0.1,1.53
R05-0001252,5,River-Valley,+1-428-729-4908,+1-480-615-8851,2026-06-01 07:12:29,238,VOICE,,4G,0.1,0.4
R05-0001253,5,River-Valley,+1-760-938-0805,,2026-06-01 02:31:50,5807,DATA,334456655,4G,0.0,3.34
R05-0001254,5,River-Valley,+1-832-882-6074,+1-319-359-7168,2026-06-01 19:11:27,2122,VOICE,,5G,0.08,2.83
R05-0001255,5,River-Valley,+1-906-862-2121,+1-690-379-6557,2026-06-01 15:38:23,0,SMS,,5G,0.0,0.05
R05-0001256,5,River-Valley,+1-933-908-0115,+1-363-288-4336,2026-06-01 06:01:02,2986,VOICE,,4G,0.1,4.98
R05-0001257,5,River-Valley,+1-851-553-1049,+1-875-292-3258,2026-06-01 13:19:38,0,SMS,,5G,0.0,0.05
R05-0001258,5,River-Valley,+1-658-889-1185,+1-885-821-6203,2026-06-01 07:36:57,0,SMS,,4G,0.0,0.05
R05-0001259,5,River-Valley,+1-462-943-5982,+1-854-839-2243,2026-06-01 20:54:30,0,SMS,,5G,0.0,0.05
R05-0001260,5,River-Valley,+1-764-250-2235,+1-840-781-7179,2026-06-01 00:21:51,1437,VOICE,,4G,0.1,2.4
R05-0001261,5,River-Valley,+1-742-267-7368,+1-762-850-1693,2026-06-01 02:42:37,0,SMS,,4G,0.0,0.05
R05-0001262,5,River-Valley,+1-476-785-3103,+1-875-243-2233,2026-06-01 16:04:47,1249,VOICE,,4G,0.1,2.08
R05-0001263,5,River-Valley,+1-557-838-9210,,2026-06-01 15:05:55,4682,DATA,223811796,5G,0.0,2.24
R05-0001264,5,River-Valley,+1-814-443-8164,,2026-06-01 13:23:38,1706,DATA,171146073,5G,0.0,1.71
R05-0001265,5,River-Valley,+1-715-823-2979,+1-526-262-2572,2026-06-01 17:55:34,0,SMS,,4G,0.0,0.05
R05-0001266,5,River-Valley,+1-884-692-9886,+1-665-765-7147,2026-06-01 04:04:48,35,VOICE,,5G,0.08,0.05
R05-0001267,5,River-Valley,+1-710-358-9151,+1-563-830-0396,2026-06-01 01:53:02,1512,VOICE,,5G,0.08,2.02
R05-0001268,5,River-Valley,+1-585-671-5543,+1-758-359-7273,2026-06-01 08:33:45,63,VOICE,,5G,0.08,0.08
R05-0001269,5,River-Valley,+1-799-893-2665,+1-232-929-7927,2026-06-01 06:00:09,0,SMS,,4G,0.0,0.05
R05-0001270,5,River-Valley,+1-745-376-8468,+1-576-740-3472,2026-06-01 13:57:42,0,SMS,,5G,0.0,0.05
R05-0001271,5,River-Valley,+1-357-538-6715,+1-741-897-9955,2026-06-01 11:39:49,0,SMS,,4G,0.0,0.05
R05-0001272,5,River-Valley,+1-963-728-0024,+1-736-287-6662,2026-06-01 20:40:15,0,SMS,,4G,0.0,0.05
R05-0001273,5,River-Valley,+1-517-571-9580,+1-749-826-0391,2026-06-01 06:08:18,3323,VOICE,,4G,0.1,5.54
R05-0001274,5,River-Valley,+1-895-332-8158,+1-824-511-6522,2026-06-01 11:37:19,0,SMS,,4G,0.0,0.05
R05-0001275,5,River-Valley,+1-476-216-0829,+1-328-363-9376,2026-06-01 12:48:58,158,VOICE,,5G,0.08,0.21
R05-0001276,5,River-Valley,+1-807-263-8707,+1-957-810-2321,2026-06-01 00:56:21,0,VOICE,,3G,0.12,0.0
R05-0001277,5,River-Valley,+1-552-394-4572,+1-503-623-9572,2026-06-01 06:45:50,0,SMS,,5G,0.0,0.05
R05-0001278,5,River-Valley,+1-700-307-5647,+1-202-600-1802,2026-06-01 12:34:49,0,SMS,,4G,0.0,0.05
R05-0001279,5,River-Valley,+1-572-967-2791,,2026-06-01 20:11:53,3198,DATA,397628347,3G,0.0,3.98
R05-0001280,5,River-Valley,+1-398-527-1833,+1-420-292-0742,2026-06-01 23:43:01,0,SMS,,5G,0.0,0.05
R05-0001281,5,River-Valley,+1-647-458-9453,+1-500-829-2369,2026-06-01 00:22:30,592,VOICE,,4G,0.1,0.99
R05-0001282,5,River-Valley,+1-702-463-4808,,2026-06-01 05:58:44,2911,DATA,152534424,4G,0.0,1.53
R05-0001283,5,River-Valley,+1-748-702-7986,,2026-06-01 14:52:07,6581,DATA,381090993,4G,0.0,3.81
R05-0001284,5,River-Valley,+1-638-669-8949,+1-562-669-1902,2026-06-01 21:56:19,2658,VOICE,,4G,0.1,4.43
R05-0001285,5,River-Valley,+1-573-882-0524,+1-559-801-5262,2026-06-01 14:12:57,0,SMS,,3G,0.0,0.05
R05-0001286,5,River-Valley,+1-658-401-0286,+1-704-905-3132,2026-06-01 20:24:22,900,VOICE,,4G,0.1,1.5
R05-0001287,5,River-Valley,+1-223-706-0177,+1-945-977-1541,2026-06-01 02:06:48,3395,VOICE,,5G,0.08,4.53
R05-0001288,5,River-Valley,+1-318-650-5125,+1-357-642-6342,2026-06-01 11:32:10,2651,VOICE,,4G,0.1,4.42
R05-0001289,5,River-Valley,+1-587-367-2772,+1-207-954-1928,2026-06-01 11:04:30,279,VOICE,,3G,0.12,0.56
R05-0001290,5,River-Valley,+1-986-766-4205,+1-580-252-5541,2026-06-01 08:02:57,2781,VOICE,,4G,0.1,4.64
R05-0001291,5,River-Valley,+1-331-289-5109,+1-676-228-6395,2026-06-01 20:53:12,1671,VOICE,,4G,0.1,2.79
R05-0001292,5,River-Valley,+1-890-258-2107,+1-202-675-4913,2026-06-01 14:06:25,0,SMS,,4G,0.0,0.05
R05-0001293,5,River-Valley,+1-757-318-3486,,2026-06-01 02:18:07,7091,DATA,88824884,5G,0.0,0.89
R05-0001294,5,River-Valley,+1-708-360-8544,+1-694-899-4281,2026-06-01 21:56:12,3439,VOICE,,4G,0.1,5.73
R05-0001295,5,River-Valley,+1-539-729-1410,+1-641-232-0501,2026-06-01 13:31:17,3149,VOICE,,4G,0.1,5.25
R05-0001296,5,River-Valley,+1-268-547-4121,,2026-06-01 20:23:54,2150,DATA,39943850,4G,0.0,0.4
R05-0001297,5,River-Valley,+1-412-729-3395,+1-349-456-6399,2026-06-01 12:04:05,0,SMS,,5G,0.0,0.05
R05-0001298,5,River-Valley,+1-374-664-7213,+1-963-892-1815,2026-06-01 09:27:30,1070,VOICE,,4G,0.1,1.78
R05-0001299,5,River-Valley,+1-883-467-3318,+1-445-437-2706,2026-06-01 05:37:17,0,SMS,,5G,0.0,0.05
R05-0001300,5,River-Valley,+1-661-253-5326,+1-430-854-1157,2026-06-01 11:57:27,0,SMS,,5G,0.0,0.05
R05-0001301,5,River-Valley,+1-576-485-5119,,2026-06-01 04:41:39,2444,DATA,345643622,4G,0.0,3.46
R05-0001302,5,River-Valley,+1-853-366-3276,+1-953-298-3607,2026-06-01 23:47:00,2042,VOICE,,3G,0.12,4.08
R05-0001303,5,River-Valley,+1-451-849-1417,+1-538-638-4718,2026-06-01 20:32:02,0,SMS,,4G,0.0,0.05
R05-0001304,5,River-Valley,+1-616-819-0570,+1-768-452-4112,2026-06-01 22:09:19,0,SMS,,5G,0.0,0.05
R05-0001305,5,River-Valley,+1-836-738-5425,+1-765-325-0709,2026-06-01 09:57:26,719,VOICE,,3G,0.12,1.44
R05-0001306,5,River-Valley,+1-394-371-0045,+1-865-931-1439,2026-06-01 07:49:29,0,SMS,,5G,0.0,0.05
R05-0001307,5,River-Valley,+1-802-238-3549,+1-634-451-6518,2026-06-01 16:07:54,0,SMS,,5G,0.0,0.05
R05-0001308,5,River-Valley,+1-745-567-2120,+1-371-635-7114,2026-06-01 09:24:16,2055,VOICE,,4G,0.1,3.43
R05-0001309,5,River-Valley,+1-778-683-9153,+1-785-278-1282,2026-06-01 22:53:24,1259,VOICE,,4G,0.1,2.1
R05-0001310,5,River-Valley,+1-260-571-6515,+1-715-682-3067,2026-06-01 21:46:50,0,SMS,,4G,0.0,0.05
R05-0001311,5,River-Valley,+1-752-552-3367,+1-968-927-8012,2026-06-01 11:04:28,2219,VOICE,,5G,0.08,2.96
R05-0001312,5,River-Valley,+1-805-733-6909,,2026-06-01 05:59:36,2149,DATA,58533477,4G,0.0,0.59
R05-0001313,5,River-Valley,+1-658-492-4096,+1-744-718-5911,2026-06-01 18:51:54,389,VOICE,,5G,0.08,0.52
R05-0001314,5,River-Valley,+1-815-868-7602,+1-242-994-2836,2026-06-01 18:12:17,0,VOICE,,4G,0.1,0.0
R05-0001315,5,River-Valley,+1-544-737-5943,+1-249-974-7730,2026-06-01 16:56:14,2583,VOICE,,4G,0.1,4.3
R05-0001316,5,River-Valley,+1-511-442-6692,+1-204-465-7248,2026-06-01 09:24:10,0,SMS,,4G,0.0,0.05
R05-0001317,5,River-Valley,+1-471-749-8945,,2026-06-01 17:19:59,7076,DATA,441490630,4G,0.0,4.41
R05-0001318,5,River-Valley,+1-391-947-4779,+1-985-542-3194,2026-06-01 01:25:58,2923,VOICE,,5G,0.08,3.9
R05-0001319,5,River-Valley,+1-755-270-6451,,2026-06-01 09:23:00,513,DATA,466102239,4G,0.0,4.66
R05-0001320,5,River-Valley,+1-571-651-3103,+1-542-272-1525,2026-06-01 04:15:06,1157,VOICE,,4G,0.1,1.93
R05-0001321,5,River-Valley,+1-551-386-8180,+1-605-315-8812,2026-06-01 00:56:46,290,VOICE,,5G,0.08,0.39
R05-0001322,5,River-Valley,+1-966-778-1901,,2026-06-01 03:11:46,1164,DATA,312137981,4G,0.0,3.12
R05-0001323,5,River-Valley,+1-913-910-6872,+1-703-358-6800,2026-06-01 09:22:13,1217,VOICE,,4G,0.1,2.03
R05-0001324,5,River-Valley,+1-287-394-2575,+1-214-944-4423,2026-06-01 12:03:17,2701,VOICE,,3G,0.12,5.4
R05-0001325,5,River-Valley,+1-946-548-2048,+1-771-634-3721,2026-06-01 11:28:45,399,VOICE,,4G,0.1,0.67
R05-0001326,5,River-Valley,+1-762-536-8349,,2026-06-01 15:02:03,3288,DATA,198973051,4G,0.0,1.99
R05-0001327,5,River-Valley,+1-392-812-4533,+1-738-512-9358,2026-06-01 07:33:58,0,SMS,,3G,0.0,0.05
R05-0001328,5,River-Valley,+1-844-598-9217,+1-481-650-2425,2026-06-01 08:32:20,0,SMS,,4G,0.0,0.05
R05-0001329,5,River-Valley,+1-788-428-7837,+1-742-290-0389,2026-06-01 21:33:49,2580,VOICE,,4G,0.1,4.3
R05-0001330,5,River-Valley,+1-549-391-0065,,2026-06-01 10:24:29,3144,DATA,203198541,4G,0.0,2.03
R05-0001331,5,River-Valley,+1-613-516-5618,+1-805-338-0812,2026-06-01 11:22:55,0,SMS,,5G,0.0,0.05
R05-0001332,5,River-Valley,+1-300-636-1062,+1-297-253-7833,2026-06-01 18:52:33,3168,VOICE,,3G,0.12,6.34
R05-0001333,5,River-Valley,+1-834-992-5299,+1-951-988-4685,2026-06-01 05:47:16,362,VOICE,,5G,0.08,0.48
R05-0001334,5,River-Valley,+1-562-470-4615,+1-444-737-8109,2026-06-01 17:47:51,1229,VOICE,,5G,0.08,1.64
R05-0001335,5,River-Valley,+1-815-761-0119,,2026-06-01 13:11:21,3671,DATA,421935294,4G,0.0,4.22
R05-0001336,5,River-Valley,+1-343-967-3818,,2026-06-01 14:39:50,2156,DATA,420330185,4G,0.0,4.2
R05-0001337,5,River-Valley,+1-487-497-7969,+1-681-862-8202,2026-06-01 22:41:30,0,SMS,,4G,0.0,0.05
R05-0001338,5,River-Valley,+1-738-862-5986,+1-620-362-4097,2026-06-01 08:57:26,442,VOICE,,5G,0.08,0.59
R05-0001339,5,River-Valley,+1-840-454-6775,+1-563-467-1810,2026-06-01 09:09:36,3135,VOICE,,4G,0.1,5.23
R05-0001340,5,River-Valley,+1-294-983-0527,+1-527-748-8310,2026-06-01 14:00:24,1597,VOICE,,3G,0.12,3.19
R05-0001341,5,River-Valley,+1-342-289-9170,+1-327-526-6713,2026-06-01 05:38:39,2931,VOICE,,5G,0.08,3.91
R05-0001342,5,River-Valley,+1-762-245-0097,+1-975-578-0962,2026-06-01 14:38:04,0,SMS,,4G,0.0,0.05
R05-0001343,5,River-Valley,+1-976-246-8280,+1-674-872-6653,2026-06-01 21:53:20,0,SMS,,5G,0.0,0.05
R05-0001344,5,River-Valley,+1-216-270-2346,+1-930-280-1805,2026-06-01 17:07:12,3297,VOICE,,5G,0.08,4.4
R05-0001345,5,River-Valley,+1-861-462-6113,,2026-06-01 23:27:10,4880,DATA,389960448,4G,0.0,3.9
R05-0001346,5,River-Valley,+1-564-674-2752,+1-611-874-3927,2026-06-01 17:00:50,2218,VOICE,,4G,0.1,3.7
R05-0001347,5,River-Valley,+1-942-204-7120,+1-719-619-9722,2026-06-01 07:47:41,2583,VOICE,,5G,0.08,3.44
R05-0001348,5,River-Valley,+1-860-888-1001,+1-626-950-2624,2026-06-01 09:38:50,2687,VOICE,,4G,0.1,4.48
R05-0001349,5,River-Valley,+1-537-778-8111,+1-267-899-1971,2026-06-01 07:46:40,1884,VOICE,,5G,0.08,2.51
R05-0001350,5,River-Valley,+1-495-682-0924,+1-860-485-3916,2026-06-01 05:03:27,761,VOICE,,4G,0.1,1.27
R05-0001351,5,River-Valley,+1-518-401-3795,+1-384-460-2677,2026-06-01 06:45:01,0,SMS,,5G,0.0,0.05
R05-0001352,5,River-Valley,+1-742-726-6814,+1-696-868-7511,2026-06-01 17:00:43,2207,VOICE,,4G,0.1,3.68
R05-0001353,5,River-Valley,+1-937-955-8225,+1-760-796-6638,2026-06-01 14:13:28,1303,VOICE,,4G,0.1,2.17
R05-0001354,5,River-Valley,+1-709-216-5011,+1-923-461-8759,2026-06-01 09:57:58,0,SMS,,5G,0.0,0.05
R05-0001355,5,River-Valley,+1-912-641-1801,+1-811-990-9105,2026-06-01 01:13:22,2717,VOICE,,5G,0.08,3.62
R05-0001356,5,River-Valley,+1-887-817-8824,+1-805-427-9394,2026-06-01 13:05:47,0,SMS,,4G,0.0,0.05
R05-0001357,5,River-Valley,+1-958-589-3018,+1-311-589-2506,2026-06-01 17:06:33,3276,VOICE,,4G,0.1,5.46
R05-0001358,5,River-Valley,+1-515-508-2207,+1-591-763-6099,2026-06-01 17:19:18,2631,VOICE,,5G,0.08,3.51
R05-0001359,5,River-Valley,+1-539-441-9167,+1-918-921-4960,2026-06-01 23:09:57,3485,VOICE,,5G,0.08,4.65
R05-0001360,5,River-Valley,+1-253-725-5218,+1-917-923-6438,2026-06-01 16:11:44,0,SMS,,4G,0.0,0.05
R05-0001361,5,River-Valley,+1-723-514-8566,+1-560-694-0671,2026-06-01 10:32:06,0,SMS,,4G,0.0,0.05
R05-0001362,5,River-Valley,+1-754-899-0861,,2026-06-01 11:44:00,5400,DATA,205053211,5G,0.0,2.05
R05-0001363,5,River-Valley,+1-692-514-0048,+1-487-810-1487,2026-06-01 22:59:27,1717,VOICE,,4G,0.1,2.86
R05-0001364,5,River-Valley,+1-786-676-3594,+1-893-980-1246,2026-06-01 21:48:01,1648,VOICE,,4G,0.1,2.75
R05-0001365,5,River-Valley,+1-903-590-1902,+1-900-787-3277,2026-06-01 09:58:23,0,VOICE,,5G,0.08,0.0
R05-0001366,5,River-Valley,+1-717-690-5958,,2026-06-01 05:02:35,5529,DATA,197460896,4G,0.0,1.97
R05-0001367,5,River-Valley,+1-374-633-2153,+1-557-593-7827,2026-06-01 09:26:35,0,SMS,,4G,0.0,0.05
R05-0001368,5,River-Valley,+1-860-475-5281,+1-489-958-1946,2026-06-01 08:07:10,2117,VOICE,,3G,0.12,4.23
R05-0001369,5,River-Valley,+1-954-400-2611,+1-370-720-3242,2026-06-01 16:58:10,1072,VOICE,,4G,0.1,1.79
R05-0001370,5,River-Valley,+1-930-700-9128,+1-417-739-3167,2026-06-01 21:10:43,0,SMS,,4G,0.0,0.05
R05-0001371,5,River-Valley,+1-931-689-2710,,2026-06-01 10:14:21,144,DATA,59317099,4G,0.0,0.59
R05-0001372,5,River-Valley,+1-910-342-1893,+1-452-721-6661,2026-06-01 20:12:11,0,SMS,,3G,0.0,0.05
R05-0001373,5,River-Valley,+1-955-707-2405,,2026-06-01 03:13:21,4672,DATA,274441976,5G,0.0,2.74
R05-0001374,5,River-Valley,+1-228-534-9693,+1-926-529-2721,2026-06-01 13:07:12,2800,VOICE,,4G,0.1,4.67
R05-0001375,5,River-Valley,+1-580-215-6007,+1-898-495-6042,2026-06-01 11:44:15,0,SMS,,5G,0.0,0.05
R05-0001376,5,River-Valley,+1-487-256-8627,+1-487-797-5305,2026-06-01 08:20:54,0,SMS,,3G,0.0,0.05
R05-0001377,5,River-Valley,+1-319-838-1501,+1-359-914-0052,2026-06-01 18:08:52,779,VOICE,,3G,0.12,1.56
R05-0001378,5,River-Valley,+1-205-269-0232,+1-820-201-7266,2026-06-01 21:12:01,728,VOICE,,4G,0.1,1.21
R05-0001379,5,River-Valley,+1-527-312-7592,+1-661-561-8370,2026-06-01 18:12:32,0,SMS,,4G,0.0,0.05
R05-0001380,5,River-Valley,+1-943-246-9713,+1-912-359-6476,2026-06-01 03:44:44,0,SMS,,4G,0.0,0.05
R05-0001381,5,River-Valley,+1-288-203-6038,,2026-06-01 10:32:26,300,DATA,73458756,5G,0.0,0.73
R05-0001382,5,River-Valley,+1-537-693-3552,+1-929-813-2352,2026-06-01 19:06:09,1561,VOICE,,4G,0.1,2.6
R05-0001383,5,River-Valley,+1-709-912-4062,+1-944-526-4166,2026-06-01 21:06:22,1928,VOICE,,4G,0.1,3.21
R05-0001384,5,River-Valley,+1-678-492-3670,,2026-06-01 18:08:21,2823,DATA,188413264,4G,0.0,1.88
R05-0001385,5,River-Valley,+1-838-237-5010,+1-673-357-5106,2026-06-01 21:38:33,0,VOICE,,3G,0.12,0.0
R05-0001386,5,River-Valley,+1-558-601-9918,+1-770-691-9006,2026-06-01 11:21:29,2925,VOICE,,4G,0.1,4.88
R05-0001387,5,River-Valley,+1-305-561-7706,,2026-06-01 13:14:49,5774,DATA,214734303,4G,0.0,2.15
R05-0001388,5,River-Valley,+1-979-955-6852,+1-611-391-3619,2026-06-01 16:44:09,0,VOICE,,4G,0.1,0.0
R05-0001389,5,River-Valley,+1-950-550-5279,+1-966-420-1016,2026-06-01 19:18:46,1035,VOICE,,3G,0.12,2.07
R05-0001390,5,River-Valley,+1-582-753-9949,+1-385-678-4782,2026-06-01 14:11:07,2825,VOICE,,4G,0.1,4.71
R05-0001391,5,River-Valley,+1-256-483-3404,,2026-06-01 04:59:04,2444,DATA,101203334,5G,0.0,1.01
R05-0001392,5,River-Valley,+1-327-954-6780,+1-864-602-8839,2026-06-01 10:34:17,732,VOICE,,5G,0.08,0.98
R05-0001393,5,River-Valley,+1-566-597-7657,+1-392-477-7647,2026-06-01 11:30:04,1147,VOICE,,4G,0.1,1.91
R05-0001394,5,River-Valley,+1-668-411-4650,+1-277-721-0699,2026-06-01 02:22:49,0,VOICE,,4G,0.1,0.0
R05-0001395,5,River-Valley,+1-928-757-5114,+1-713-729-7964,2026-06-01 00:06:52,0,SMS,,4G,0.0,0.05
R05-0001396,5,River-Valley,+1-941-369-0676,+1-941-796-7696,2026-06-01 11:57:58,903,VOICE,,4G,0.1,1.51
R05-0001397,5,River-Valley,+1-799-814-9033,,2026-06-01 08:33:56,2526,DATA,399083141,5G,0.0,3.99
R05-0001398,5,River-Valley,+1-492-863-1564,+1-401-939-5454,2026-06-01 09:54:04,541,VOICE,,5G,0.08,0.72
R05-0001399,5,River-Valley,+1-788-901-2915,+1-844-309-8750,2026-06-01 22:22:04,1885,VOICE,,5G,0.08,2.51
R05-0001400,5,River-Valley,+1-262-299-9150,+1-718-895-2037,2026-06-01 21:47:24,474,VOICE,,5G,0.08,0.63
R05-0001401,5,River-Valley,+1-793-738-8562,,2026-06-01 10:08:42,5479,DATA,346717161,4G,0.0,3.47
R05-0001402,5,River-Valley,+1-988-976-1999,+1-741-379-8490,2026-06-01 00:13:04,2703,VOICE,,5G,0.08,3.6
R05-0001403,5,River-Valley,+1-394-316-3344,+1-799-271-9242,2026-06-01 12:02:02,0,SMS,,3G,0.0,0.05
R05-0001404,5,River-Valley,+1-441-985-1235,+1-833-205-6314,2026-06-01 04:21:47,547,VOICE,,5G,0.08,0.73
R05-0001405,5,River-Valley,+1-536-820-0968,+1-745-605-3377,2026-06-01 02:45:01,0,SMS,,5G,0.0,0.05
R05-0001406,5,River-Valley,+1-943-690-2170,+1-558-437-3455,2026-06-01 00:50:41,1178,VOICE,,4G,0.1,1.96
R05-0001407,5,River-Valley,+1-583-860-9255,+1-504-509-3923,2026-06-01 08:27:33,961,VOICE,,3G,0.12,1.92
R05-0001408,5,River-Valley,+1-528-449-1348,+1-330-748-3277,2026-06-01 20:53:16,1646,VOICE,,5G,0.08,2.19
R05-0001409,5,River-Valley,+1-287-569-4427,+1-428-307-3106,2026-06-01 12:06:31,0,SMS,,4G,0.0,0.05
R05-0001410,5,River-Valley,+1-753-936-2998,+1-382-995-2688,2026-06-01 21:42:10,655,VOICE,,4G,0.1,1.09
R05-0001411,5,River-Valley,+1-628-314-3930,,2026-06-01 16:27:11,211,DATA,203071734,5G,0.0,2.03
R05-0001412,5,River-Valley,+1-812-421-8355,+1-869-795-9224,2026-06-01 05:16:00,1167,VOICE,,4G,0.1,1.95
R05-0001413,5,River-Valley,+1-693-678-6691,+1-680-201-7288,2026-06-01 10:47:34,2672,VOICE,,4G,0.1,4.45
R05-0001414,5,River-Valley,+1-272-856-1537,+1-516-780-9737,2026-06-01 09:13:38,0,SMS,,5G,0.0,0.05
R05-0001415,5,River-Valley,+1-789-892-0101,+1-258-362-9182,2026-06-01 22:44:02,62,VOICE,,4G,0.1,0.1
R05-0001416,5,River-Valley,+1-632-436-6512,+1-277-255-6465,2026-06-01 11:21:55,2116,VOICE,,5G,0.08,2.82
R05-0001417,5,River-Valley,+1-806-728-9039,+1-942-603-4917,2026-06-01 15:23:31,0,SMS,,5G,0.0,0.05
R05-0001418,5,River-Valley,+1-329-850-6140,+1-509-415-8705,2026-06-01 00:40:13,2293,VOICE,,5G,0.08,3.06
R05-0001419,5,River-Valley,+1-515-397-8531,+1-969-759-6272,2026-06-01 07:44:56,3234,VOICE,,4G,0.1,5.39
R05-0001420,5,River-Valley,+1-777-768-5233,+1-504-543-4863,2026-06-01 16:51:50,2288,VOICE,,4G,0.1,3.81
R05-0001421,5,River-Valley,+1-918-253-6283,+1-766-744-2291,2026-06-01 10:33:11,0,SMS,,5G,0.0,0.05
R05-0001422,5,River-Valley,+1-211-458-6888,+1-602-531-5856,2026-06-01 03:04:06,0,SMS,,4G,0.0,0.05
R05-0001423,5,River-Valley,+1-640-227-9933,,2026-06-01 12:41:32,400,DATA,376706193,4G,0.0,3.77
R05-0001424,5,River-Valley,+1-988-976-3544,+1-329-221-3990,2026-06-01 10:02:15,0,SMS,,4G,0.0,0.05
R05-0001425,5,River-Valley,+1-409-468-7252,,2026-06-01 18:18:19,5184,DATA,71100140,4G,0.0,0.71
R05-0001426,5,River-Valley,+1-954-745-4914,+1-804-433-7243,2026-06-01 15:44:25,613,VOICE,,3G,0.12,1.23
R05-0001427,5,River-Valley,+1-836-451-0884,+1-526-809-5920,2026-06-01 01:26:00,3199,VOICE,,5G,0.08,4.27
R05-0001428,5,River-Valley,+1-219-734-0895,,2026-06-01 20:34:25,4183,DATA,103708417,5G,0.0,1.04
R05-0001429,5,River-Valley,+1-740-594-4485,+1-794-726-4405,2026-06-01 21:51:26,908,VOICE,,4G,0.1,1.51
R05-0001430,5,River-Valley,+1-911-367-4750,+1-299-810-4242,2026-06-01 05:03:29,1455,VOICE,,4G,0.1,2.43
R05-0001431,5,River-Valley,+1-827-627-8563,+1-356-934-8736,2026-06-01 14:51:33,2699,VOICE,,4G,0.1,4.5
R05-0001432,5,River-Valley,+1-872-967-3965,+1-981-479-3016,2026-06-01 02:45:28,388,VOICE,,4G,0.1,0.65
R05-0001433,5,River-Valley,+1-817-937-6911,+1-606-278-0630,2026-06-01 23:42:14,0,SMS,,5G,0.0,0.05
R05-0001434,5,River-Valley,+1-256-964-1950,,2026-06-01 00:56:43,2525,DATA,109313219,5G,0.0,1.09
R05-0001435,5,River-Valley,+1-550-866-1898,+1-504-248-0037,2026-06-01 22:11:34,0,SMS,,4G,0.0,0.05
R05-0001436,5,River-Valley,+1-776-413-4075,+1-394-714-7270,2026-06-01 22:53:08,3174,VOICE,,4G,0.1,5.29
R05-0001437,5,River-Valley,+1-853-254-7807,+1-426-411-3146,2026-06-01 08:16:41,0,SMS,,4G,0.0,0.05
R05-0001438,5,River-Valley,+1-540-801-3375,,2026-06-01 04:09:56,1029,DATA,87957154,5G,0.0,0.88
R05-0001439,5,River-Valley,+1-283-811-5441,,2026-06-01 16:42:47,3984,DATA,153671163,4G,0.0,1.54
R05-0001440,5,River-Valley,+1-216-560-2560,+1-257-266-4572,2026-06-01 18:57:15,2262,VOICE,,4G,0.1,3.77
R05-0001441,5,River-Valley,+1-580-270-0153,,2026-06-01 09:59:58,2616,DATA,300860159,4G,0.0,3.01
R05-0001442,5,River-Valley,+1-709-326-2974,+1-214-544-0683,2026-06-01 04:10:17,2650,VOICE,,4G,0.1,4.42
R05-0001443,5,River-Valley,+1-561-443-1208,+1-654-421-8210,2026-06-01 05:53:31,551,VOICE,,5G,0.08,0.73
R05-0001444,5,River-Valley,+1-631-305-3426,+1-556-509-6203,2026-06-01 09:59:23,2811,VOICE,,5G,0.08,3.75
R05-0001445,5,River-Valley,+1-238-564-4179,+1-680-975-1100,2026-06-01 04:10:49,0,VOICE,,4G,0.1,0.0
R05-0001446,5,River-Valley,+1-677-225-5309,+1-383-574-6772,2026-06-01 03:47:47,2196,VOICE,,4G,0.1,3.66
R05-0001447,5,River-Valley,+1-876-446-1565,+1-343-711-9745,2026-06-01 11:11:24,2574,VOICE,,3G,0.12,5.15
R05-0001448,5,River-Valley,+1-416-530-2193,,2026-06-01 14:48:16,1707,DATA,436330704,4G,0.0,4.36
R05-0001449,5,River-Valley,+1-978-768-5697,,2026-06-01 18:48:38,3174,DATA,177590268,4G,0.0,1.78
R05-0001450,5,River-Valley,+1-486-957-7512,,2026-06-01 07:14:38,3424,DATA,432454737,4G,0.0,4.32
R05-0001451,5,River-Valley,+1-547-350-8518,+1-808-203-4410,2026-06-01 19:36:21,0,SMS,,4G,0.0,0.05
R05-0001452,5,River-Valley,+1-724-208-1508,+1-318-456-4063,2026-06-01 01:04:43,3158,VOICE,,4G,0.1,5.26
R05-0001453,5,River-Valley,+1-302-990-8288,+1-422-966-0553,2026-06-01 12:00:16,989,VOICE,,3G,0.12,1.98
R05-0001454,5,River-Valley,+1-242-935-8758,+1-692-552-3141,2026-06-01 06:53:38,3436,VOICE,,4G,0.1,5.73
R05-0001455,5,River-Valley,+1-653-863-9876,,2026-06-01 16:32:25,138,DATA,223202994,4G,0.0,2.23
R05-0001456,5,River-Valley,+1-516-869-2207,+1-739-907-9225,2026-06-01 05:44:14,2081,VOICE,,4G,0.1,3.47
R05-0001457,5,River-Valley,+1-464-910-9165,+1-946-485-1572,2026-06-01 08:01:51,2745,VOICE,,4G,0.1,4.58
R05-0001458,5,River-Valley,+1-398-825-1553,+1-875-547-5364,2026-06-01 13:48:28,2842,VOICE,,4G,0.1,4.74
R05-0001459,5,River-Valley,+1-899-593-8570,+1-759-463-6953,2026-06-01 11:34:41,765,VOICE,,5G,0.08,1.02
R05-0001460,5,River-Valley,+1-562-227-8601,+1-486-545-2840,2026-06-01 22:51:46,0,SMS,,5G,0.0,0.05
R05-0001461,5,River-Valley,+1-600-760-1015,+1-889-702-3693,2026-06-01 07:57:05,0,SMS,,4G,0.0,0.05
R05-0001462,5,River-Valley,+1-613-885-4798,+1-339-506-5301,2026-06-01 04:58:39,0,SMS,,5G,0.0,0.05
R05-0001463,5,River-Valley,+1-568-447-2710,+1-505-537-6255,2026-06-01 01:53:50,3296,VOICE,,4G,0.1,5.49
R05-0001464,5,River-Valley,+1-805-941-8910,+1-495-660-1870,2026-06-01 09:08:16,1294,VOICE,,4G,0.1,2.16
R05-0001465,5,River-Valley,+1-310-565-2452,+1-712-437-4437,2026-06-01 11:01:51,1785,VOICE,,4G,0.1,2.98
R05-0001466,5,River-Valley,+1-685-561-7242,+1-920-982-5062,2026-06-01 22:19:57,0,SMS,,3G,0.0,0.05
R05-0001467,5,River-Valley,+1-229-581-7925,+1-623-752-2953,2026-06-01 14:15:05,2216,VOICE,,4G,0.1,3.69
R05-0001468,5,River-Valley,+1-939-412-2386,+1-794-627-4094,2026-06-01 04:27:46,2119,VOICE,,5G,0.08,2.83
R05-0001469,5,River-Valley,+1-543-398-6599,+1-438-224-0178,2026-06-01 00:14:55,164,VOICE,,5G,0.08,0.22
R05-0001470,5,River-Valley,+1-561-452-8968,+1-830-591-2942,2026-06-01 02:23:01,0,SMS,,4G,0.0,0.05
R05-0001471,5,River-Valley,+1-953-333-5309,,2026-06-01 20:16:59,5513,DATA,415834294,3G,0.0,4.16
R05-0001472,5,River-Valley,+1-910-342-2904,+1-874-995-7956,2026-06-01 11:07:02,2381,VOICE,,4G,0.1,3.97
R05-0001473,5,River-Valley,+1-828-636-2393,,2026-06-01 00:17:17,5616,DATA,452875913,4G,0.0,4.53
R05-0001474,5,River-Valley,+1-383-716-3047,,2026-06-01 08:42:51,3030,DATA,70360019,5G,0.0,0.7
R05-0001475,5,River-Valley,+1-299-478-0446,+1-620-681-8766,2026-06-01 09:34:11,2921,VOICE,,3G,0.12,5.84
R05-0001476,5,River-Valley,+1-646-808-4036,+1-413-412-8949,2026-06-01 21:46:15,0,SMS,,5G,0.0,0.05
R05-0001477,5,River-Valley,+1-721-970-8885,+1-526-229-5679,2026-06-01 18:52:15,2473,VOICE,,4G,0.1,4.12
R05-0001478,5,River-Valley,+1-887-509-2517,+1-271-649-0452,2026-06-01 03:29:58,532,VOICE,,5G,0.08,0.71
R05-0001479,5,River-Valley,+1-606-367-7171,+1-604-464-2851,2026-06-01 02:39:29,543,VOICE,,3G,0.12,1.09
R05-0001480,5,River-Valley,+1-378-603-9081,,2026-06-01 04:00:53,825,DATA,493545333,3G,0.0,4.94
R05-0001481,5,River-Valley,+1-809-834-1497,+1-687-342-1156,2026-06-01 00:43:01,1664,VOICE,,3G,0.12,3.33
R05-0001482,5,River-Valley,+1-479-348-1411,,2026-06-01 07:18:51,2814,DATA,358694497,4G,0.0,3.59
R05-0001483,5,River-Valley,+1-466-406-0374,,2026-06-01 03:30:54,2728,DATA,214814538,3G,0.0,2.15
R05-0001484,5,River-Valley,+1-792-569-0047,+1-530-737-6380,2026-06-01 21:41:29,1497,VOICE,,4G,0.1,2.5
R05-0001485,5,River-Valley,+1-322-989-3580,+1-877-765-0065,2026-06-01 18:03:41,0,SMS,,3G,0.0,0.05
R05-0001486,5,River-Valley,+1-439-895-2592,+1-591-258-3126,2026-06-01 10:36:58,0,SMS,,4G,0.0,0.05
R05-0001487,5,River-Valley,+1-354-917-6606,+1-622-388-9994,2026-06-01 01:23:46,2091,VOICE,,5G,0.08,2.79
R05-0001488,5,River-Valley,+1-565-660-8333,,2026-06-01 19:53:09,4927,DATA,491714172,4G,0.0,4.92
R05-0001489,5,River-Valley,+1-339-922-7620,+1-934-810-8311,2026-06-01 05:37:05,1632,VOICE,,4G,0.1,2.72
R05-0001490,5,River-Valley,+1-637-938-5816,+1-376-918-8254,2026-06-01 01:31:35,2428,VOICE,,4G,0.1,4.05
R05-0001491,5,River-Valley,+1-719-894-3766,,2026-06-01 21:29:53,6888,DATA,69580985,5G,0.0,0.7
R05-0001492,5,River-Valley,+1-686-200-5404,+1-579-442-8755,2026-06-01 04:09:39,2272,VOICE,,4G,0.1,3.79
R05-0001493,5,River-Valley,+1-806-579-4508,+1-594-638-5111,2026-06-01 01:43:38,0,SMS,,5G,0.0,0.05
R05-0001494,5,River-Valley,+1-831-913-0236,+1-661-572-7602,2026-06-01 18:13:02,2103,VOICE,,4G,0.1,3.5
R05-0001495,5,River-Valley,+1-276-299-9797,+1-292-363-4043,2026-06-01 03:57:02,0,SMS,,4G,0.0,0.05
R05-0001496,5,River-Valley,+1-898-695-7848,+1-626-605-7605,2026-06-01 22:37:41,3580,VOICE,,3G,0.12,7.16
R05-0001497,5,River-Valley,+1-937-617-4845,,2026-06-01 02:13:43,5614,DATA,309165722,5G,0.0,3.09
R05-0001498,5,River-Valley,+1-608-890-6974,+1-207-895-4418,2026-06-01 12:53:33,2599,VOICE,,4G,0.1,4.33
R05-0001499,5,River-Valley,+1-952-514-7571,+1-295-868-0818,2026-06-01 15:24:11,0,SMS,,5G,0.0,0.05
R05-0001500,5,River-Valley,+1-847-854-8561,,2026-06-01 19:19:38,3237,DATA,332032356,4G,0.0,3.32
R05-0001501,5,River-Valley,+1-905-306-3546,+1-368-417-2853,2026-06-01 06:09:49,0,SMS,,4G,0.0,0.05
R05-0001502,5,River-Valley,+1-659-644-4808,+1-506-465-2937,2026-06-01 21:28:28,0,SMS,,3G,0.0,0.05
R05-0001503,5,River-Valley,+1-366-525-3851,+1-697-684-3973,2026-06-01 23:38:10,0,SMS,,5G,0.0,0.05
R05-0001504,5,River-Valley,+1-777-328-7019,+1-418-417-6575,2026-06-01 12:39:28,352,VOICE,,4G,0.1,0.59
R05-0001505,5,River-Valley,+1-532-994-2941,,2026-06-01 06:57:48,6713,DATA,32201660,3G,0.0,0.32
R05-0001506,5,River-Valley,+1-699-642-2566,+1-342-783-1328,2026-06-01 19:08:15,3390,VOICE,,3G,0.12,6.78
R05-0001507,5,River-Valley,+1-584-645-5210,+1-906-643-2219,2026-06-01 01:13:11,2751,VOICE,,4G,0.1,4.58
R05-0001508,5,River-Valley,+1-403-981-6328,+1-259-582-5548,2026-06-01 04:38:38,0,SMS,,4G,0.0,0.05
R05-0001509,5,River-Valley,+1-700-638-8415,+1-755-246-0007,2026-06-01 02:55:23,0,SMS,,5G,0.0,0.05
R05-0001510,5,River-Valley,+1-955-890-4915,+1-680-705-6352,2026-06-01 05:37:28,1975,VOICE,,5G,0.08,2.63
R05-0001511,5,River-Valley,+1-739-936-1858,,2026-06-01 02:23:00,446,DATA,423900108,5G,0.0,4.24
R05-0001512,5,River-Valley,+1-211-755-9055,,2026-06-01 20:04:35,796,DATA,52444588,5G,0.0,0.52
R05-0001513,5,River-Valley,+1-694-558-9825,+1-527-350-4570,2026-06-01 18:02:33,0,SMS,,3G,0.0,0.05
R05-0001514,5,River-Valley,+1-424-998-3210,,2026-06-01 19:47:13,4584,DATA,320115418,4G,0.0,3.2
R05-0001515,5,River-Valley,+1-292-803-2241,,2026-06-01 09:04:47,3014,DATA,10345661,4G,0.0,0.1
R05-0001516,5,River-Valley,+1-296-388-1124,+1-447-798-5268,2026-06-01 07:01:37,0,SMS,,4G,0.0,0.05
R05-0001517,5,River-Valley,+1-937-643-1224,+1-580-611-1620,2026-06-01 05:34:23,3071,VOICE,,5G,0.08,4.09
R05-0001518,5,River-Valley,+1-852-604-6029,+1-554-513-4704,2026-06-01 05:08:11,0,SMS,,5G,0.0,0.05
R05-0001519,5,River-Valley,+1-669-858-3219,+1-878-245-7274,2026-06-01 06:22:11,0,SMS,,4G,0.0,0.05
R05-0001520,5,River-Valley,+1-877-660-2876,,2026-06-01 21:33:45,6011,DATA,453105076,4G,0.0,4.53
R05-0001521,5,River-Valley,+1-294-584-8551,+1-397-230-3933,2026-06-01 06:16:55,395,VOICE,,5G,0.08,0.53
R05-0001522,5,River-Valley,+1-373-361-5933,+1-237-602-3787,2026-06-01 01:04:26,1961,VOICE,,4G,0.1,3.27
R05-0001523,5,River-Valley,+1-301-787-4048,+1-699-298-4116,2026-06-01 04:25:33,3431,VOICE,,4G,0.1,5.72
R05-0001524,5,River-Valley,+1-556-882-4455,+1-261-899-0371,2026-06-01 10:18:50,0,SMS,,4G,0.0,0.05
R05-0001525,5,River-Valley,+1-576-523-2693,+1-271-387-7192,2026-06-01 10:08:55,0,SMS,,4G,0.0,0.05
R05-0001526,5,River-Valley,+1-802-790-2951,+1-434-586-5185,2026-06-01 11:09:26,2030,VOICE,,4G,0.1,3.38
R05-0001527,5,River-Valley,+1-647-409-6024,+1-256-280-8902,2026-06-01 09:14:43,3005,VOICE,,4G,0.1,5.01
R05-0001528,5,River-Valley,+1-363-211-0773,+1-219-992-1638,2026-06-01 20:52:20,2439,VOICE,,4G,0.1,4.07
R05-0001529,5,River-Valley,+1-728-917-4291,,2026-06-01 14:07:52,4447,DATA,463676887,5G,0.0,4.64
R05-0001530,5,River-Valley,+1-280-226-9574,+1-536-563-5838,2026-06-01 15:11:16,3239,VOICE,,4G,0.1,5.4
R05-0001531,5,River-Valley,+1-310-563-6233,+1-911-601-3266,2026-06-01 22:44:35,87,VOICE,,5G,0.08,0.12
R05-0001532,5,River-Valley,+1-970-491-4249,,2026-06-01 18:35:25,4867,DATA,245885579,4G,0.0,2.46
R05-0001533,5,River-Valley,+1-840-297-8268,,2026-06-01 11:49:15,4934,DATA,42021128,4G,0.0,0.42
R05-0001534,5,River-Valley,+1-387-562-0605,+1-551-617-2261,2026-06-01 19:47:02,2498,VOICE,,3G,0.12,5.0
R05-0001535,5,River-Valley,+1-531-944-8395,+1-257-554-5540,2026-06-01 11:26:10,0,SMS,,4G,0.0,0.05
R05-0001536,5,River-Valley,+1-869-821-8050,+1-390-862-3248,2026-06-01 05:58:42,0,SMS,,4G,0.0,0.05
R05-0001537,5,River-Valley,+1-925-497-9639,,2026-06-01 16:49:43,5273,DATA,490545033,3G,0.0,4.91
R05-0001538,5,River-Valley,+1-866-487-6977,+1-251-855-1558,2026-06-01 04:20:52,0,SMS,,4G,0.0,0.05
R05-0001539,5,River-Valley,+1-325-516-0589,,2026-06-01 02:20:01,4082,DATA,212869728,3G,0.0,2.13
R05-0001540,5,River-Valley,+1-203-411-0800,+1-715-345-8097,2026-06-01 01:39:35,0,SMS,,5G,0.0,0.05
R05-0001541,5,River-Valley,+1-308-809-9812,+1-539-836-6249,2026-06-01 10:55:47,0,SMS,,4G,0.0,0.05
R05-0001542,5,River-Valley,+1-842-361-2602,+1-538-762-4605,2026-06-01 07:33:17,0,SMS,,4G,0.0,0.05
R05-0001543,5,River-Valley,+1-667-696-6282,+1-749-489-7652,2026-06-01 19:18:51,2845,VOICE,,5G,0.08,3.79
R05-0001544,5,River-Valley,+1-591-604-4821,+1-723-251-3206,2026-06-01 19:17:39,0,SMS,,4G,0.0,0.05
R05-0001545,5,River-Valley,+1-908-929-9597,,2026-06-01 17:30:37,2845,DATA,78701006,5G,0.0,0.79
R05-0001546,5,River-Valley,+1-799-990-2623,+1-319-265-5960,2026-06-01 12:13:03,0,SMS,,5G,0.0,0.05
R05-0001547,5,River-Valley,+1-976-319-7571,+1-742-218-7030,2026-06-01 03:53:21,0,SMS,,4G,0.0,0.05
R05-0001548,5,River-Valley,+1-804-730-3131,+1-851-375-6414,2026-06-01 20:06:22,0,SMS,,5G,0.0,0.05
R05-0001549,5,River-Valley,+1-649-308-4297,+1-921-941-9663,2026-06-01 11:55:04,1344,VOICE,,5G,0.08,1.79
R05-0001550,5,River-Valley,+1-962-523-0190,+1-233-421-7113,2026-06-01 23:57:08,2429,VOICE,,4G,0.1,4.05
R05-0001551,5,River-Valley,+1-686-672-1434,+1-761-438-2961,2026-06-01 01:23:29,287,VOICE,,5G,0.08,0.38
R05-0001552,5,River-Valley,+1-270-381-1924,+1-588-326-0619,2026-06-01 15:06:13,1990,VOICE,,4G,0.1,3.32
R05-0001553,5,River-Valley,+1-279-717-0438,+1-503-551-5632,2026-06-01 07:28:48,1085,VOICE,,4G,0.1,1.81
R05-0001554,5,River-Valley,+1-937-278-9855,+1-291-545-3030,2026-06-01 19:29:58,0,SMS,,5G,0.0,0.05
R05-0001555,5,River-Valley,+1-301-822-2874,,2026-06-01 10:28:58,2788,DATA,16970464,3G,0.0,0.17
R05-0001556,5,River-Valley,+1-889-759-3590,+1-720-543-8032,2026-06-01 03:04:48,3407,VOICE,,4G,0.1,5.68
R05-0001557,5,River-Valley,+1-880-661-9098,+1-288-522-0429,2026-06-01 14:08:41,1197,VOICE,,3G,0.12,2.39
R05-0001558,5,River-Valley,+1-933-358-4021,+1-949-946-9449,2026-06-01 22:30:25,3567,VOICE,,3G,0.12,7.13
R05-0001559,5,River-Valley,+1-442-271-2171,,2026-06-01 20:56:19,3593,DATA,108213118,5G,0.0,1.08
R05-0001560,5,River-Valley,+1-459-806-5836,+1-570-524-9148,2026-06-01 05:16:36,0,SMS,,5G,0.0,0.05
R05-0001561,5,River-Valley,+1-245-870-1631,+1-865-774-4677,2026-06-01 12:35:45,27,VOICE,,5G,0.08,0.04
R05-0001562,5,River-Valley,+1-435-601-8901,+1-704-768-0712,2026-06-01 22:02:29,0,SMS,,4G,0.0,0.05
R05-0001563,5,River-Valley,+1-637-707-4460,,2026-06-01 02:50:52,73,DATA,171390572,4G,0.0,1.71
R05-0001564,5,River-Valley,+1-262-963-8927,+1-329-310-9366,2026-06-01 23:49:57,0,SMS,,4G,0.0,0.05
R05-0001565,5,River-Valley,+1-266-316-1625,+1-239-621-1217,2026-06-01 23:52:39,0,SMS,,4G,0.0,0.05
R05-0001566,5,River-Valley,+1-628-940-9250,+1-611-678-4491,2026-06-01 14:30:00,1618,VOICE,,4G,0.1,2.7
R05-0001567,5,River-Valley,+1-371-535-4611,+1-533-513-9624,2026-06-01 00:06:55,0,SMS,,5G,0.0,0.05
R05-0001568,5,River-Valley,+1-493-948-7202,+1-640-858-9651,2026-06-01 22:31:09,0,SMS,,4G,0.0,0.05
R05-0001569,5,River-Valley,+1-400-959-6401,+1-945-344-2489,2026-06-01 11:14:24,3101,VOICE,,4G,0.1,5.17
R05-0001570,5,River-Valley,+1-861-318-4899,+1-952-998-1849,2026-06-01 19:16:56,2390,VOICE,,5G,0.08,3.19
R05-0001571,5,River-Valley,+1-384-763-6019,+1-243-313-4072,2026-06-01 08:43:20,0,SMS,,4G,0.0,0.05
R05-0001572,5,River-Valley,+1-294-474-6978,+1-731-327-1899,2026-06-01 13:16:11,0,SMS,,3G,0.0,0.05
R05-0001573,5,River-Valley,+1-863-559-7081,+1-484-519-2551,2026-06-01 02:16:16,0,SMS,,5G,0.0,0.05
R05-0001574,5,River-Valley,+1-543-335-3921,+1-962-272-1284,2026-06-01 13:08:59,0,SMS,,4G,0.0,0.05
R05-0001575,5,River-Valley,+1-451-838-0693,+1-359-439-7088,2026-06-01 09:52:31,3144,VOICE,,4G,0.1,5.24
R05-0001576,5,River-Valley,+1-956-804-1598,+1-318-484-8202,2026-06-01 17:23:49,2581,VOICE,,5G,0.08,3.44
R05-0001577,5,River-Valley,+1-891-765-4060,+1-412-967-9565,2026-06-01 20:20:22,1897,VOICE,,5G,0.08,2.53
R05-0001578,5,River-Valley,+1-836-685-7357,,2026-06-01 10:49:51,4841,DATA,277943091,4G,0.0,2.78
R05-0001579,5,River-Valley,+1-526-529-8713,,2026-06-01 02:28:16,1627,DATA,496076765,5G,0.0,4.96
R05-0001580,5,River-Valley,+1-500-432-9419,,2026-06-01 10:35:18,3734,DATA,62280646,4G,0.0,0.62
R05-0001581,5,River-Valley,+1-591-406-5868,+1-417-318-7000,2026-06-01 22:41:04,0,SMS,,4G,0.0,0.05
R05-0001582,5,River-Valley,+1-354-379-4186,+1-466-842-8427,2026-06-01 16:13:38,403,VOICE,,5G,0.08,0.54
R05-0001583,5,River-Valley,+1-431-924-3239,+1-433-381-8154,2026-06-01 00:57:08,319,VOICE,,4G,0.1,0.53
R05-0001584,5,River-Valley,+1-372-883-3059,+1-619-990-6686,2026-06-01 05:38:48,3348,VOICE,,4G,0.1,5.58
R05-0001585,5,River-Valley,+1-586-712-0009,+1-957-887-9138,2026-06-01 05:51:24,2209,VOICE,,4G,0.1,3.68
R05-0001586,5,River-Valley,+1-445-887-2738,+1-386-712-5120,2026-06-01 08:45:34,1897,VOICE,,5G,0.08,2.53
R05-0001587,5,River-Valley,+1-816-584-3308,+1-894-815-8538,2026-06-01 13:49:58,0,SMS,,4G,0.0,0.05
R05-0001588,5,River-Valley,+1-670-892-2735,+1-893-330-1651,2026-06-01 10:15:56,1341,VOICE,,5G,0.08,1.79
R05-0001589,5,River-Valley,+1-676-634-4261,+1-551-896-1401,2026-06-01 23:35:01,1787,VOICE,,4G,0.1,2.98
R05-0001590,5,River-Valley,+1-249-672-7348,+1-269-984-7970,2026-06-01 16:06:16,0,SMS,,3G,0.0,0.05
R05-0001591,5,River-Valley,+1-950-420-2486,+1-603-735-5742,2026-06-01 06:42:16,910,VOICE,,4G,0.1,1.52
R05-0001592,5,River-Valley,+1-264-745-7017,+1-806-962-4196,2026-06-01 17:35:50,0,SMS,,4G,0.0,0.05
R05-0001593,5,River-Valley,+1-709-505-1007,+1-725-468-8788,2026-06-01 02:40:14,2486,VOICE,,4G,0.1,4.14
R05-0001594,5,River-Valley,+1-626-304-7591,+1-413-400-9477,2026-06-01 15:32:52,0,SMS,,4G,0.0,0.05
R05-0001595,5,River-Valley,+1-205-327-3922,,2026-06-01 17:43:44,2831,DATA,400283270,5G,0.0,4.0
R05-0001596,5,River-Valley,+1-622-988-9682,+1-570-352-9812,2026-06-01 05:47:35,3571,VOICE,,4G,0.1,5.95
R05-0001597,5,River-Valley,+1-673-995-5773,+1-642-751-6523,2026-06-01 01:27:21,2347,VOICE,,4G,0.1,3.91
R05-0001598,5,River-Valley,+1-438-611-3955,+1-952-794-0120,2026-06-01 07:21:40,273,VOICE,,4G,0.1,0.46
R05-0001599,5,River-Valley,+1-634-423-6000,+1-869-926-4104,2026-06-01 16:50:28,0,SMS,,4G,0.0,0.05
R05-0001600,5,River-Valley,+1-794-690-3918,+1-242-556-4814,2026-06-01 23:54:58,0,SMS,,4G,0.0,0.05
R05-0001601,5,River-Valley,+1-672-387-7171,+1-562-672-6812,2026-06-01 05:30:51,2628,VOICE,,3G,0.12,5.26
R05-0001602,5,River-Valley,+1-921-866-4746,+1-452-398-0987,2026-06-01 10:10:06,0,VOICE,,4G,0.1,0.0
R05-0001603,5,River-Valley,+1-855-616-9230,,2026-06-01 09:12:16,2964,DATA,54003615,4G,0.0,0.54
R05-0001604,5,River-Valley,+1-788-538-7384,,2026-06-01 03:21:30,1586,DATA,454121590,5G,0.0,4.54
R05-0001605,5,River-Valley,+1-551-668-7601,+1-511-282-7787,2026-06-01 14:57:35,1683,VOICE,,3G,0.12,3.37
R05-0001606,5,River-Valley,+1-775-622-1995,+1-424-237-0371,2026-06-01 00:06:21,0,SMS,,4G,0.0,0.05
R05-0001607,5,River-Valley,+1-912-949-8924,+1-313-768-1492,2026-06-01 07:29:51,0,SMS,,4G,0.0,0.05
R05-0001608,5,River-Valley,+1-500-500-6221,+1-541-851-8033,2026-06-01 01:38:45,3475,VOICE,,5G,0.08,4.63
R05-0001609,5,River-Valley,+1-945-279-3934,+1-894-643-3382,2026-06-01 11:28:16,3011,VOICE,,4G,0.1,5.02
R05-0001610,5,River-Valley,+1-971-744-7055,,2026-06-01 05:10:06,4876,DATA,300310700,4G,0.0,3.0
R05-0001611,5,River-Valley,+1-868-653-2095,,2026-06-01 19:16:52,2637,DATA,393653888,4G,0.0,3.94
R05-0001612,5,River-Valley,+1-781-979-6771,+1-298-455-4928,2026-06-01 07:20:58,2459,VOICE,,5G,0.08,3.28
R05-0001613,5,River-Valley,+1-934-215-4406,+1-757-530-6357,2026-06-01 01:33:26,0,SMS,,4G,0.0,0.05
R05-0001614,5,River-Valley,+1-828-304-1269,+1-883-391-5877,2026-06-01 21:57:49,43,VOICE,,4G,0.1,0.07
R05-0001615,5,River-Valley,+1-851-519-0661,,2026-06-01 00:04:19,5551,DATA,455343958,4G,0.0,4.55
R05-0001616,5,River-Valley,+1-372-344-9223,+1-240-517-2087,2026-06-01 21:51:55,265,VOICE,,3G,0.12,0.53
R05-0001617,5,River-Valley,+1-579-970-4776,+1-846-353-2230,2026-06-01 12:20:08,0,SMS,,5G,0.0,0.05
R05-0001618,5,River-Valley,+1-320-767-3669,+1-449-611-4057,2026-06-01 15:37:34,3130,VOICE,,5G,0.08,4.17
R05-0001619,5,River-Valley,+1-978-994-3358,+1-318-811-8395,2026-06-01 04:00:21,3009,VOICE,,4G,0.1,5.02
R05-0001620,5,River-Valley,+1-721-873-5999,,2026-06-01 10:07:06,3663,DATA,240349130,5G,0.0,2.4
R05-0001621,5,River-Valley,+1-930-657-9034,+1-502-285-7534,2026-06-01 00:52:43,3165,VOICE,,4G,0.1,5.28
R05-0001622,5,River-Valley,+1-965-291-7098,+1-653-547-3049,2026-06-01 07:19:43,1676,VOICE,,4G,0.1,2.79
R05-0001623,5,River-Valley,+1-547-379-7080,+1-523-267-5946,2026-06-01 20:57:52,0,SMS,,5G,0.0,0.05
R05-0001624,5,River-Valley,+1-658-791-4750,,2026-06-01 19:59:20,4478,DATA,331026378,4G,0.0,3.31
R05-0001625,5,River-Valley,+1-582-717-9499,+1-799-660-9182,2026-06-01 16:51:26,0,SMS,,4G,0.0,0.05
R05-0001626,5,River-Valley,+1-712-964-2422,+1-948-243-2009,2026-06-01 02:41:56,0,SMS,,4G,0.0,0.05
R05-0001627,5,River-Valley,+1-445-460-0740,+1-948-408-0249,2026-06-01 22:59:53,0,SMS,,4G,0.0,0.05
R05-0001628,5,River-Valley,+1-492-324-2975,+1-746-852-1816,2026-06-01 23:21:08,0,SMS,,5G,0.0,0.05
R05-0001629,5,River-Valley,+1-864-327-0246,+1-353-251-3809,2026-06-01 09:29:09,2549,VOICE,,5G,0.08,3.4
R05-0001630,5,River-Valley,+1-977-283-5234,+1-585-302-8567,2026-06-01 14:17:29,2946,VOICE,,4G,0.1,4.91
R05-0001631,5,River-Valley,+1-881-685-7662,+1-244-921-3302,2026-06-01 17:13:57,0,VOICE,,5G,0.08,0.0
R05-0001632,5,River-Valley,+1-224-853-0569,+1-329-524-5639,2026-06-01 12:39:07,501,VOICE,,4G,0.1,0.83
R05-0001633,5,River-Valley,+1-432-775-4286,+1-334-478-9306,2026-06-01 15:10:21,2398,VOICE,,4G,0.1,4.0
R05-0001634,5,River-Valley,+1-219-369-0740,+1-331-984-8735,2026-06-01 10:20:49,1157,VOICE,,4G,0.1,1.93
R05-0001635,5,River-Valley,+1-442-534-5421,,2026-06-01 07:06:40,650,DATA,240514183,4G,0.0,2.41
R05-0001636,5,River-Valley,+1-436-492-6672,+1-337-783-6231,2026-06-01 03:15:27,3460,VOICE,,5G,0.08,4.61
R05-0001637,5,River-Valley,+1-277-370-8380,,2026-06-01 15:03:48,1235,DATA,419309687,5G,0.0,4.19
R05-0001638,5,River-Valley,+1-474-339-7669,+1-918-989-3593,2026-06-01 07:00:06,1848,VOICE,,5G,0.08,2.46
R05-0001639,5,River-Valley,+1-970-556-2807,+1-845-711-5145,2026-06-01 10:02:14,0,SMS,,4G,0.0,0.05
R05-0001640,5,River-Valley,+1-842-695-1284,+1-699-331-1657,2026-06-01 18:07:44,2645,VOICE,,4G,0.1,4.41
R05-0001641,5,River-Valley,+1-213-420-2364,,2026-06-01 00:00:20,4574,DATA,446560569,4G,0.0,4.47
R05-0001642,5,River-Valley,+1-901-449-5799,+1-902-418-0886,2026-06-01 14:43:45,0,SMS,,3G,0.0,0.05
R05-0001643,5,River-Valley,+1-668-493-5722,+1-297-264-4237,2026-06-01 07:50:28,386,VOICE,,4G,0.1,0.64
R05-0001644,5,River-Valley,+1-730-969-9848,+1-987-368-1984,2026-06-01 15:44:11,2906,VOICE,,5G,0.08,3.87
R05-0001645,5,River-Valley,+1-966-464-2135,+1-984-275-3041,2026-06-01 17:47:59,0,SMS,,4G,0.0,0.05
R05-0001646,5,River-Valley,+1-291-469-8672,+1-652-972-7799,2026-06-01 01:43:57,1674,VOICE,,4G,0.1,2.79
R05-0001647,5,River-Valley,+1-869-464-1005,+1-950-462-9167,2026-06-01 16:29:24,0,SMS,,5G,0.0,0.05
R05-0001648,5,River-Valley,+1-766-743-7479,+1-551-800-1121,2026-06-01 10:30:01,3321,VOICE,,4G,0.1,5.54
R05-0001649,5,River-Valley,+1-606-331-0452,+1-582-642-3347,2026-06-01 11:52:26,799,VOICE,,4G,0.1,1.33
R05-0001650,5,River-Valley,+1-675-901-9260,+1-761-709-7945,2026-06-01 10:17:43,1193,VOICE,,4G,0.1,1.99
R05-0001651,5,River-Valley,+1-663-805-4184,,2026-06-01 20:54:38,6351,DATA,21479164,5G,0.0,0.21
R05-0001652,5,River-Valley,+1-365-528-1498,+1-344-687-3051,2026-06-01 21:02:38,0,SMS,,3G,0.0,0.05
R05-0001653,5,River-Valley,+1-438-201-8925,+1-855-628-4804,2026-06-01 10:15:25,0,SMS,,3G,0.0,0.05
R05-0001654,5,River-Valley,+1-922-533-7360,,2026-06-01 19:54:55,6411,DATA,240064254,5G,0.0,2.4
R05-0001655,5,River-Valley,+1-384-513-5293,+1-372-266-8266,2026-06-01 01:27:20,2000,VOICE,,5G,0.08,2.67
R05-0001656,5,River-Valley,+1-823-325-9762,+1-518-924-6442,2026-06-01 02:50:36,0,SMS,,4G,0.0,0.05
R05-0001657,5,River-Valley,+1-645-423-2307,,2026-06-01 08:34:00,868,DATA,22828704,3G,0.0,0.23
R05-0001658,5,River-Valley,+1-818-329-8703,,2026-06-01 17:47:10,191,DATA,339689830,5G,0.0,3.4
R05-0001659,5,River-Valley,+1-629-700-8206,+1-727-353-2301,2026-06-01 03:42:57,0,SMS,,4G,0.0,0.05
R05-0001660,5,River-Valley,+1-988-235-2798,+1-409-587-9194,2026-06-01 01:21:32,0,VOICE,,4G,0.1,0.0
R05-0001661,5,River-Valley,+1-919-360-4960,+1-925-332-2837,2026-06-01 14:13:21,0,SMS,,4G,0.0,0.05
R05-0001662,5,River-Valley,+1-665-269-5274,+1-886-568-4580,2026-06-01 05:46:10,0,SMS,,4G,0.0,0.05
R05-0001663,5,River-Valley,+1-480-986-4603,+1-529-593-3112,2026-06-01 02:13:24,0,SMS,,4G,0.0,0.05
R05-0001664,5,River-Valley,+1-693-789-0079,+1-364-529-5228,2026-06-01 18:53:02,2789,VOICE,,3G,0.12,5.58
R05-0001665,5,River-Valley,+1-321-977-5891,+1-826-288-9495,2026-06-01 08:16:24,0,VOICE,,3G,0.12,0.0
R05-0001666,5,River-Valley,+1-376-935-8039,+1-347-964-7839,2026-06-01 12:31:48,1734,VOICE,,4G,0.1,2.89
R05-0001667,5,River-Valley,+1-807-380-3192,+1-297-352-0954,2026-06-01 06:25:28,1452,VOICE,,4G,0.1,2.42
R05-0001668,5,River-Valley,+1-651-617-4489,+1-311-630-2288,2026-06-01 10:45:32,0,SMS,,4G,0.0,0.05
R05-0001669,5,River-Valley,+1-350-863-5746,+1-543-681-4227,2026-06-01 06:42:05,2478,VOICE,,4G,0.1,4.13
R05-0001670,5,River-Valley,+1-983-505-4470,+1-385-214-9220,2026-06-01 11:14:25,362,VOICE,,4G,0.1,0.6
R05-0001671,5,River-Valley,+1-537-667-1946,+1-703-434-2525,2026-06-01 16:09:32,0,SMS,,3G,0.0,0.05
R05-0001672,5,River-Valley,+1-930-979-6739,+1-868-998-9295,2026-06-01 18:20:32,2763,VOICE,,5G,0.08,3.68
R05-0001673,5,River-Valley,+1-528-542-1203,+1-313-586-1927,2026-06-01 07:04:18,3585,VOICE,,4G,0.1,5.98
R05-0001674,5,River-Valley,+1-274-318-5654,+1-604-296-2140,2026-06-01 18:24:19,3350,VOICE,,3G,0.12,6.7
R05-0001675,5,River-Valley,+1-523-984-5101,+1-451-573-4334,2026-06-01 07:21:35,3301,VOICE,,4G,0.1,5.5
R05-0001676,5,River-Valley,+1-824-863-9864,+1-318-474-2490,2026-06-01 14:14:31,2299,VOICE,,3G,0.12,4.6
R05-0001677,5,River-Valley,+1-284-217-0974,+1-402-651-2682,2026-06-01 22:01:27,378,VOICE,,4G,0.1,0.63
R05-0001678,5,River-Valley,+1-884-420-1487,+1-767-980-2174,2026-06-01 16:10:20,3173,VOICE,,4G,0.1,5.29
R05-0001679,5,River-Valley,+1-722-448-7888,+1-401-228-0172,2026-06-01 21:42:14,0,SMS,,5G,0.0,0.05
R05-0001680,5,River-Valley,+1-523-334-4421,+1-810-227-4694,2026-06-01 12:31:36,2985,VOICE,,4G,0.1,4.98
R05-0001681,5,River-Valley,+1-881-239-6448,+1-569-368-3108,2026-06-01 10:24:54,0,SMS,,4G,0.0,0.05
R05-0001682,5,River-Valley,+1-213-710-8349,+1-423-339-4665,2026-06-01 16:38:52,1103,VOICE,,5G,0.08,1.47
R05-0001683,5,River-Valley,+1-788-413-3364,,2026-06-01 01:27:29,2038,DATA,226189445,4G,0.0,2.26
R05-0001684,5,River-Valley,+1-931-232-4114,+1-878-655-1416,2026-06-01 11:19:46,699,VOICE,,4G,0.1,1.17
R05-0001685,5,River-Valley,+1-929-764-0932,,2026-06-01 07:45:13,2429,DATA,182146430,4G,0.0,1.82
R05-0001686,5,River-Valley,+1-525-938-6709,+1-900-463-9451,2026-06-01 16:42:29,0,SMS,,5G,0.0,0.05
R05-0001687,5,River-Valley,+1-927-335-1140,+1-684-653-0720,2026-06-01 19:50:37,2212,VOICE,,3G,0.12,4.42
R05-0001688,5,River-Valley,+1-984-321-7070,+1-517-500-9668,2026-06-01 14:27:32,2587,VOICE,,4G,0.1,4.31
R05-0001689,5,River-Valley,+1-723-963-2258,,2026-06-01 10:53:15,1372,DATA,21521823,4G,0.0,0.22
R05-0001690,5,River-Valley,+1-235-395-4476,+1-936-405-7245,2026-06-01 10:21:36,1123,VOICE,,4G,0.1,1.87
R05-0001691,5,River-Valley,+1-922-559-4091,+1-653-822-6153,2026-06-01 01:56:47,1738,VOICE,,4G,0.1,2.9
R05-0001692,5,River-Valley,+1-937-759-2545,+1-354-395-0918,2026-06-01 05:05:26,0,SMS,,4G,0.0,0.05
R05-0001693,5,River-Valley,+1-443-902-1421,+1-236-514-8405,2026-06-01 18:11:07,0,SMS,,4G,0.0,0.05
R05-0001694,5,River-Valley,+1-704-932-9964,+1-327-419-0918,2026-06-01 14:55:48,2340,VOICE,,5G,0.08,3.12
R05-0001695,5,River-Valley,+1-583-471-3043,+1-816-613-8734,2026-06-01 22:02:02,215,VOICE,,4G,0.1,0.36
R05-0001696,5,River-Valley,+1-679-784-5779,+1-463-880-8195,2026-06-01 19:00:57,3310,VOICE,,3G,0.12,6.62
R05-0001697,5,River-Valley,+1-690-607-2638,,2026-06-01 23:06:05,3405,DATA,349446962,4G,0.0,3.49
R05-0001698,5,River-Valley,+1-478-565-7612,+1-605-423-7393,2026-06-01 23:07:39,2512,VOICE,,4G,0.1,4.19
R05-0001699,5,River-Valley,+1-239-751-9858,+1-908-759-1102,2026-06-01 02:38:31,0,SMS,,4G,0.0,0.05
R05-0001700,5,River-Valley,+1-701-610-6851,+1-794-744-7148,2026-06-01 07:20:03,0,SMS,,4G,0.0,0.05
R05-0001701,5,River-Valley,+1-623-334-2926,+1-908-903-0989,2026-06-01 20:44:07,396,VOICE,,4G,0.1,0.66
R05-0001702,5,River-Valley,+1-694-575-7577,+1-520-701-6231,2026-06-01 19:53:19,1086,VOICE,,5G,0.08,1.45
R05-0001703,5,River-Valley,+1-840-666-7392,,2026-06-01 23:12:28,1370,DATA,132180341,4G,0.0,1.32
R05-0001704,5,River-Valley,+1-824-235-7580,+1-694-232-6866,2026-06-01 07:10:46,0,SMS,,4G,0.0,0.05
R05-0001705,5,River-Valley,+1-452-330-2207,+1-771-929-2119,2026-06-01 23:03:02,2942,VOICE,,4G,0.1,4.9
R05-0001706,5,River-Valley,+1-449-220-7532,,2026-06-01 22:35:12,402,DATA,368911276,5G,0.0,3.69
R05-0001707,5,River-Valley,+1-941-697-1301,+1-962-927-4649,2026-06-01 15:28:53,0,SMS,,4G,0.0,0.05
R05-0001708,5,River-Valley,+1-718-564-4922,+1-679-318-6971,2026-06-01 08:32:56,139,VOICE,,4G,0.1,0.23
R05-0001709,5,River-Valley,+1-915-707-8882,+1-811-607-8506,2026-06-01 12:53:56,808,VOICE,,3G,0.12,1.62
R05-0001710,5,River-Valley,+1-520-708-7290,+1-680-424-4668,2026-06-01 18:04:10,1712,VOICE,,4G,0.1,2.85
R05-0001711,5,River-Valley,+1-424-361-0120,+1-369-562-9840,2026-06-01 01:34:57,3490,VOICE,,5G,0.08,4.65
R05-0001712,5,River-Valley,+1-532-642-8544,+1-514-537-3114,2026-06-01 04:57:23,595,VOICE,,4G,0.1,0.99
R05-0001713,5,River-Valley,+1-553-757-7270,+1-313-768-2730,2026-06-01 09:00:19,2213,VOICE,,4G,0.1,3.69
R05-0001714,5,River-Valley,+1-543-205-6123,+1-937-861-1746,2026-06-01 15:38:29,2319,VOICE,,5G,0.08,3.09
R05-0001715,5,River-Valley,+1-287-493-1051,+1-652-369-1528,2026-06-01 14:56:28,0,SMS,,5G,0.0,0.05
R05-0001716,5,River-Valley,+1-985-816-1387,,2026-06-01 09:34:55,4446,DATA,114472062,4G,0.0,1.14
R05-0001717,5,River-Valley,+1-666-738-4823,+1-732-257-0420,2026-06-01 01:58:18,0,SMS,,4G,0.0,0.05
R05-0001718,5,River-Valley,+1-462-421-5611,+1-333-888-6999,2026-06-01 06:41:05,0,SMS,,5G,0.0,0.05
R05-0001719,5,River-Valley,+1-735-854-2396,+1-482-425-3920,2026-06-01 21:17:35,0,SMS,,4G,0.0,0.05
R05-0001720,5,River-Valley,+1-312-748-4073,+1-439-799-7895,2026-06-01 05:45:20,0,VOICE,,4G,0.1,0.0
R05-0001721,5,River-Valley,+1-732-583-4585,,2026-06-01 02:45:32,1480,DATA,336846674,4G,0.0,3.37
R05-0001722,5,River-Valley,+1-317-777-0490,+1-575-534-2743,2026-06-01 21:10:48,0,SMS,,3G,0.0,0.05
R05-0001723,5,River-Valley,+1-454-324-4700,,2026-06-01 13:52:25,4448,DATA,463156683,5G,0.0,4.63
R05-0001724,5,River-Valley,+1-247-227-1771,+1-350-215-2005,2026-06-01 01:48:49,1467,VOICE,,4G,0.1,2.45
R05-0001725,5,River-Valley,+1-705-227-6516,,2026-06-01 10:12:41,905,DATA,339122102,4G,0.0,3.39
R05-0001726,5,River-Valley,+1-691-983-5530,+1-225-969-2355,2026-06-01 05:27:14,0,VOICE,,4G,0.1,0.0
R05-0001727,5,River-Valley,+1-844-624-5820,+1-311-988-2990,2026-06-01 15:53:54,0,SMS,,3G,0.0,0.05
R05-0001728,5,River-Valley,+1-760-312-3596,+1-266-642-8419,2026-06-01 01:22:35,0,SMS,,3G,0.0,0.05
R05-0001729,5,River-Valley,+1-854-250-5526,+1-253-300-6910,2026-06-01 07:30:17,0,SMS,,5G,0.0,0.05
R05-0001730,5,River-Valley,+1-370-954-3769,+1-811-409-4334,2026-06-01 09:38:25,77,VOICE,,4G,0.1,0.13
R05-0001731,5,River-Valley,+1-693-432-8856,+1-518-359-5907,2026-06-01 11:35:36,388,VOICE,,4G,0.1,0.65
R05-0001732,5,River-Valley,+1-736-426-9717,+1-797-834-5688,2026-06-01 17:52:26,2399,VOICE,,3G,0.12,4.8
R05-0001733,5,River-Valley,+1-399-420-6806,+1-972-352-1750,2026-06-01 03:44:29,0,VOICE,,4G,0.1,0.0
R05-0001734,5,River-Valley,+1-702-704-9251,+1-694-252-4523,2026-06-01 11:09:15,494,VOICE,,5G,0.08,0.66
R05-0001735,5,River-Valley,+1-371-325-6240,+1-835-621-1162,2026-06-01 07:46:41,1208,VOICE,,4G,0.1,2.01
R05-0001736,5,River-Valley,+1-271-440-0044,,2026-06-01 13:46:09,2507,DATA,369088192,4G,0.0,3.69
R05-0001737,5,River-Valley,+1-224-905-8745,+1-849-243-5419,2026-06-01 00:33:52,0,SMS,,4G,0.0,0.05
R05-0001738,5,River-Valley,+1-678-644-1978,,2026-06-01 09:34:49,6803,DATA,108175725,4G,0.0,1.08
R05-0001739,5,River-Valley,+1-610-946-6902,+1-773-824-3948,2026-06-01 03:10:08,2705,VOICE,,4G,0.1,4.51
R05-0001740,5,River-Valley,+1-639-900-4524,+1-942-792-1866,2026-06-01 18:50:40,3134,VOICE,,3G,0.12,6.27
R05-0001741,5,River-Valley,+1-564-232-9785,+1-741-375-5812,2026-06-01 21:01:13,955,VOICE,,3G,0.12,1.91
R05-0001742,5,River-Valley,+1-982-212-5497,+1-334-728-9004,2026-06-01 22:19:11,0,SMS,,5G,0.0,0.05
R05-0001743,5,River-Valley,+1-352-842-0701,+1-548-636-8683,2026-06-01 13:04:34,0,SMS,,5G,0.0,0.05
R05-0001744,5,River-Valley,+1-336-782-2987,,2026-06-01 22:58:35,3236,DATA,294868896,5G,0.0,2.95
R05-0001745,5,River-Valley,+1-701-990-3555,+1-427-488-0385,2026-06-01 07:13:44,585,VOICE,,4G,0.1,0.98
R05-0001746,5,River-Valley,+1-941-555-6203,+1-825-229-3703,2026-06-01 14:18:23,440,VOICE,,4G,0.1,0.73
R05-0001747,5,River-Valley,+1-313-961-2655,,2026-06-01 08:09:43,3847,DATA,11426412,5G,0.0,0.11
R05-0001748,5,River-Valley,+1-524-580-4545,,2026-06-01 05:01:12,1195,DATA,5195560,5G,0.0,0.05
R05-0001749,5,River-Valley,+1-432-385-3778,+1-980-555-4546,2026-06-01 19:40:36,791,VOICE,,3G,0.12,1.58
R05-0001750,5,River-Valley,+1-270-348-2190,+1-701-781-2461,2026-06-01 20:10:48,2728,VOICE,,4G,0.1,4.55
R05-0001751,5,River-Valley,+1-618-443-2395,,2026-06-01 23:08:49,7052,DATA,195622698,4G,0.0,1.96
R05-0001752,5,River-Valley,+1-369-617-3236,,2026-06-01 06:41:03,3209,DATA,85923396,3G,0.0,0.86
R05-0001753,5,River-Valley,+1-596-745-4003,+1-405-617-7985,2026-06-01 16:23:40,1708,VOICE,,3G,0.12,3.42
R05-0001754,5,River-Valley,+1-799-456-0171,+1-430-492-7652,2026-06-01 14:23:20,2669,VOICE,,4G,0.1,4.45
R05-0001755,5,River-Valley,+1-970-850-6605,+1-683-777-7160,2026-06-01 02:10:42,997,VOICE,,4G,0.1,1.66
R05-0001756,5,River-Valley,+1-344-404-9997,+1-922-854-9881,2026-06-01 18:09:09,470,VOICE,,4G,0.1,0.78
R05-0001757,5,River-Valley,+1-511-244-0635,,2026-06-01 05:27:16,2581,DATA,196749093,5G,0.0,1.97
R05-0001758,5,River-Valley,+1-283-408-1521,+1-603-864-5026,2026-06-01 16:41:33,2177,VOICE,,4G,0.1,3.63
R05-0001759,5,River-Valley,+1-310-541-8344,+1-931-576-8536,2026-06-01 22:01:46,2418,VOICE,,4G,0.1,4.03
R05-0001760,5,River-Valley,+1-274-569-9111,+1-971-393-6053,2026-06-01 16:28:22,400,VOICE,,4G,0.1,0.67
R05-0001761,5,River-Valley,+1-792-294-6144,+1-524-554-3658,2026-06-01 07:06:45,0,SMS,,4G,0.0,0.05
R05-0001762,5,River-Valley,+1-316-739-8509,,2026-06-01 04:21:55,7071,DATA,129435796,5G,0.0,1.29
R05-0001763,5,River-Valley,+1-945-235-6551,+1-273-769-8870,2026-06-01 04:16:24,3282,VOICE,,4G,0.1,5.47
R05-0001764,5,River-Valley,+1-510-532-2814,+1-957-673-1161,2026-06-01 15:10:49,0,VOICE,,5G,0.08,0.0
R05-0001765,5,River-Valley,+1-947-368-7204,+1-681-305-1620,2026-06-01 19:23:16,3551,VOICE,,4G,0.1,5.92
R05-0001766,5,River-Valley,+1-436-464-8499,+1-217-215-7977,2026-06-01 05:54:12,0,SMS,,4G,0.0,0.05
R05-0001767,5,River-Valley,+1-390-228-6741,+1-681-589-0915,2026-06-01 14:20:13,0,SMS,,4G,0.0,0.05
R05-0001768,5,River-Valley,+1-347-676-5037,+1-307-930-7700,2026-06-01 17:12:58,1807,VOICE,,4G,0.1,3.01
R05-0001769,5,River-Valley,+1-830-583-8129,+1-517-202-9817,2026-06-01 11:22:03,994,VOICE,,5G,0.08,1.33
R05-0001770,5,River-Valley,+1-917-957-4066,+1-425-340-1181,2026-06-01 02:00:28,0,SMS,,5G,0.0,0.05
R05-0001771,5,River-Valley,+1-882-868-9471,+1-340-458-4479,2026-06-01 05:34:27,0,SMS,,4G,0.0,0.05
R05-0001772,5,River-Valley,+1-296-816-8474,+1-692-215-6034,2026-06-01 13:02:32,0,SMS,,4G,0.0,0.05
R05-0001773,5,River-Valley,+1-409-464-4532,+1-498-614-4707,2026-06-01 01:15:01,0,SMS,,5G,0.0,0.05
R05-0001774,5,River-Valley,+1-523-413-3901,+1-661-832-6821,2026-06-01 17:34:52,2109,VOICE,,5G,0.08,2.81
R05-0001775,5,River-Valley,+1-775-764-0954,+1-559-240-2970,2026-06-01 13:14:56,0,SMS,,4G,0.0,0.05
R05-0001776,5,River-Valley,+1-940-559-0583,+1-702-993-6622,2026-06-01 00:30:08,0,SMS,,4G,0.0,0.05
R05-0001777,5,River-Valley,+1-950-585-5248,+1-844-355-4632,2026-06-01 23:29:51,2479,VOICE,,5G,0.08,3.31
R05-0001778,5,River-Valley,+1-279-588-3037,,2026-06-01 08:38:39,489,DATA,317139208,5G,0.0,3.17
R05-0001779,5,River-Valley,+1-628-222-0729,+1-826-809-4808,2026-06-01 23:10:46,383,VOICE,,4G,0.1,0.64
R05-0001780,5,River-Valley,+1-516-482-7338,+1-673-744-8842,2026-06-01 19:46:44,2473,VOICE,,4G,0.1,4.12
R05-0001781,5,River-Valley,+1-324-690-3145,+1-476-735-7970,2026-06-01 18:44:45,0,SMS,,5G,0.0,0.05
R05-0001782,5,River-Valley,+1-485-365-8903,+1-731-430-4960,2026-06-01 02:39:22,0,SMS,,4G,0.0,0.05
R05-0001783,5,River-Valley,+1-229-735-5929,,2026-06-01 11:15:41,6202,DATA,431166750,3G,0.0,4.31
R05-0001784,5,River-Valley,+1-200-631-4661,+1-717-450-4104,2026-06-01 12:46:09,2208,VOICE,,4G,0.1,3.68
R05-0001785,5,River-Valley,+1-434-408-7380,+1-329-530-4349,2026-06-01 18:48:08,2492,VOICE,,4G,0.1,4.15
R05-0001786,5,River-Valley,+1-446-528-3630,+1-854-227-9752,2026-06-01 21:07:52,1270,VOICE,,3G,0.12,2.54
R05-0001787,5,River-Valley,+1-941-869-2635,+1-953-739-9257,2026-06-01 22:51:49,0,VOICE,,5G,0.08,0.0
R05-0001788,5,River-Valley,+1-936-510-9051,+1-413-219-7743,2026-06-01 03:19:41,1945,VOICE,,5G,0.08,2.59
R05-0001789,5,River-Valley,+1-286-626-7452,+1-641-850-2533,2026-06-01 10:04:59,3353,VOICE,,4G,0.1,5.59
R05-0001790,5,River-Valley,+1-707-510-3207,+1-974-999-5866,2026-06-01 18:09:56,975,VOICE,,5G,0.08,1.3
R05-0001791,5,River-Valley,+1-256-755-0323,+1-209-292-4229,2026-06-01 04:15:52,0,VOICE,,3G,0.12,0.0
R05-0001792,5,River-Valley,+1-677-231-1764,,2026-06-01 13:04:10,4246,DATA,333832564,3G,0.0,3.34
R05-0001793,5,River-Valley,+1-599-451-1473,+1-421-524-1231,2026-06-01 13:23:25,0,SMS,,5G,0.0,0.05
R05-0001794,5,River-Valley,+1-972-252-1018,+1-486-426-2165,2026-06-01 10:25:16,0,SMS,,4G,0.0,0.05
R05-0001795,5,River-Valley,+1-432-807-3059,,2026-06-01 08:26:34,6754,DATA,211554684,5G,0.0,2.12
R05-0001796,5,River-Valley,+1-927-364-6100,+1-977-765-8950,2026-06-01 11:21:08,286,VOICE,,5G,0.08,0.38
R05-0001797,5,River-Valley,+1-340-311-8770,+1-473-744-2896,2026-06-01 07:40:39,2005,VOICE,,4G,0.1,3.34
R05-0001798,5,River-Valley,+1-313-349-6389,+1-455-298-4777,2026-06-01 06:06:31,1131,VOICE,,4G,0.1,1.89
R05-0001799,5,River-Valley,+1-512-591-6453,+1-603-950-4552,2026-06-01 07:38:48,0,SMS,,5G,0.0,0.05
R05-0001800,5,River-Valley,+1-879-988-6542,+1-780-967-6449,2026-06-01 01:02:37,1235,VOICE,,4G,0.1,2.06
R05-0001801,5,River-Valley,+1-837-445-4860,+1-768-825-2971,2026-06-01 20:28:18,0,SMS,,4G,0.0,0.05
R05-0001802,5,River-Valley,+1-400-884-9666,+1-879-478-1427,2026-06-01 07:56:40,1479,VOICE,,3G,0.12,2.96
R05-0001803,5,River-Valley,+1-830-245-0761,,2026-06-01 22:12:10,6745,DATA,85704392,4G,0.0,0.86
R05-0001804,5,River-Valley,+1-308-686-0275,+1-902-662-1278,2026-06-01 17:47:47,2602,VOICE,,4G,0.1,4.34
R05-0001805,5,River-Valley,+1-696-749-8422,+1-647-691-3274,2026-06-01 14:38:07,1313,VOICE,,3G,0.12,2.63
R05-0001806,5,River-Valley,+1-530-431-7840,+1-795-649-3549,2026-06-01 18:18:15,2820,VOICE,,5G,0.08,3.76
R05-0001807,5,River-Valley,+1-425-872-9878,+1-514-831-2744,2026-06-01 23:03:01,0,SMS,,4G,0.0,0.05
R05-0001808,5,River-Valley,+1-522-359-9618,+1-547-753-2929,2026-06-01 03:28:12,392,VOICE,,4G,0.1,0.65
R05-0001809,5,River-Valley,+1-947-386-6614,+1-874-319-2004,2026-06-01 21:33:13,0,SMS,,4G,0.0,0.05
R05-0001810,5,River-Valley,+1-801-636-3350,+1-937-585-1269,2026-06-01 09:11:37,1936,VOICE,,4G,0.1,3.23
R05-0001811,5,River-Valley,+1-479-502-1322,+1-770-955-8267,2026-06-01 07:49:13,0,SMS,,4G,0.0,0.05
R05-0001812,5,River-Valley,+1-468-551-8191,,2026-06-01 09:16:39,5933,DATA,270144303,4G,0.0,2.7
R05-0001813,5,River-Valley,+1-879-586-4769,+1-389-740-0314,2026-06-01 17:48:23,0,VOICE,,4G,0.1,0.0
R05-0001814,5,River-Valley,+1-893-498-7514,+1-389-839-4586,2026-06-01 22:23:20,1433,VOICE,,4G,0.1,2.39
R05-0001815,5,River-Valley,+1-872-452-5563,+1-511-223-7531,2026-06-01 15:15:16,0,SMS,,5G,0.0,0.05
R05-0001816,5,River-Valley,+1-524-974-3456,+1-490-351-0845,2026-06-01 14:17:00,0,SMS,,4G,0.0,0.05
R05-0001817,5,River-Valley,+1-535-594-5394,+1-851-322-7102,2026-06-01 22:37:30,3273,VOICE,,4G,0.1,5.46
R05-0001818,5,River-Valley,+1-604-280-8679,+1-558-630-3116,2026-06-01 14:58:19,529,VOICE,,4G,0.1,0.88
R05-0001819,5,River-Valley,+1-569-205-2041,+1-888-863-7968,2026-06-01 21:33:14,648,VOICE,,5G,0.08,0.86
R05-0001820,5,River-Valley,+1-707-984-8444,+1-963-992-9596,2026-06-01 03:11:04,0,SMS,,4G,0.0,0.05
R05-0001821,5,River-Valley,+1-730-242-0933,+1-404-724-6211,2026-06-01 21:58:09,2323,VOICE,,4G,0.1,3.87
R05-0001822,5,River-Valley,+1-854-866-0371,,2026-06-01 01:07:11,6485,DATA,137636437,4G,0.0,1.38
R05-0001823,5,River-Valley,+1-843-474-1795,,2026-06-01 00:52:31,6753,DATA,366050644,4G,0.0,3.66
R05-0001824,5,River-Valley,+1-345-442-0591,,2026-06-01 06:09:20,5550,DATA,233842386,4G,0.0,2.34
R05-0001825,5,River-Valley,+1-455-649-3031,,2026-06-01 14:35:27,4154,DATA,280985692,5G,0.0,2.81
R05-0001826,5,River-Valley,+1-209-735-7643,,2026-06-01 06:58:55,4150,DATA,396111854,4G,0.0,3.96
R05-0001827,5,River-Valley,+1-376-649-2671,+1-905-767-9090,2026-06-01 02:08:14,2815,VOICE,,5G,0.08,3.75
R05-0001828,5,River-Valley,+1-682-693-7611,+1-670-749-2849,2026-06-01 04:20:55,2060,VOICE,,5G,0.08,2.75
R05-0001829,5,River-Valley,+1-927-915-1481,+1-507-435-1102,2026-06-01 23:12:55,3540,VOICE,,4G,0.1,5.9
R05-0001830,5,River-Valley,+1-909-990-3190,+1-787-574-1883,2026-06-01 15:47:52,3237,VOICE,,4G,0.1,5.4
R05-0001831,5,River-Valley,+1-500-546-6871,,2026-06-01 05:16:43,6671,DATA,228250043,4G,0.0,2.28
R05-0001832,5,River-Valley,+1-922-790-2227,+1-681-999-5345,2026-06-01 04:55:10,2546,VOICE,,5G,0.08,3.39
R05-0001833,5,River-Valley,+1-947-506-6575,+1-433-263-8999,2026-06-01 03:59:27,0,SMS,,5G,0.0,0.05
R05-0001834,5,River-Valley,+1-421-433-0236,+1-615-937-0698,2026-06-01 00:24:04,0,SMS,,4G,0.0,0.05
R05-0001835,5,River-Valley,+1-271-359-4101,+1-489-645-8291,2026-06-01 21:29:20,658,VOICE,,5G,0.08,0.88
R05-0001836,5,River-Valley,+1-575-640-1041,+1-925-684-5498,2026-06-01 07:27:11,191,VOICE,,4G,0.1,0.32
R05-0001837,5,River-Valley,+1-941-616-8532,+1-785-219-5718,2026-06-01 04:20:05,450,VOICE,,4G,0.1,0.75
R05-0001838,5,River-Valley,+1-838-411-8853,+1-986-812-2117,2026-06-01 01:39:39,0,SMS,,5G,0.0,0.05
R05-0001839,5,River-Valley,+1-482-479-7567,,2026-06-01 02:58:39,5357,DATA,68505552,4G,0.0,0.69
R05-0001840,5,River-Valley,+1-955-204-4767,+1-503-226-8813,2026-06-01 12:59:03,1584,VOICE,,4G,0.1,2.64
R05-0001841,5,River-Valley,+1-604-322-6661,+1-558-224-8066,2026-06-01 05:41:28,125,VOICE,,4G,0.1,0.21
R05-0001842,5,River-Valley,+1-385-823-8645,+1-646-622-7782,2026-06-01 05:06:46,0,SMS,,5G,0.0,0.05
R05-0001843,5,River-Valley,+1-272-566-4125,+1-921-839-8943,2026-06-01 19:45:21,1926,VOICE,,5G,0.08,2.57
R05-0001844,5,River-Valley,+1-781-673-2201,+1-311-539-0866,2026-06-01 17:19:47,3544,VOICE,,4G,0.1,5.91
R05-0001845,5,River-Valley,+1-846-356-8113,+1-233-749-9352,2026-06-01 00:32:12,2867,VOICE,,5G,0.08,3.82
R05-0001846,5,River-Valley,+1-387-387-1328,+1-985-422-7750,2026-06-01 08:03:49,0,SMS,,4G,0.0,0.05
R05-0001847,5,River-Valley,+1-400-434-4480,,2026-06-01 19:46:20,434,DATA,28449834,4G,0.0,0.28
R05-0001848,5,River-Valley,+1-340-876-0534,+1-725-878-3883,2026-06-01 06:00:42,2861,VOICE,,3G,0.12,5.72
R05-0001849,5,River-Valley,+1-459-230-6667,+1-895-855-6424,2026-06-01 14:12:19,1922,VOICE,,4G,0.1,3.2
R05-0001850,5,River-Valley,+1-338-384-2514,,2026-06-01 22:02:40,450,DATA,447934363,4G,0.0,4.48
R05-0001851,5,River-Valley,+1-678-759-6135,+1-704-377-5252,2026-06-01 00:08:22,0,VOICE,,4G,0.1,0.0
R05-0001852,5,River-Valley,+1-960-950-4908,+1-826-883-9776,2026-06-01 22:25:10,0,SMS,,5G,0.0,0.05
R05-0001853,5,River-Valley,+1-398-759-3076,,2026-06-01 17:21:08,2810,DATA,15706891,5G,0.0,0.16
R05-0001854,5,River-Valley,+1-532-946-5917,+1-856-605-3185,2026-06-01 17:03:36,0,SMS,,4G,0.0,0.05
R05-0001855,5,River-Valley,+1-784-998-5877,+1-288-244-4748,2026-06-01 20:44:48,0,VOICE,,4G,0.1,0.0
R05-0001856,5,River-Valley,+1-810-574-7562,+1-895-541-5855,2026-06-01 22:03:44,1695,VOICE,,5G,0.08,2.26
R05-0001857,5,River-Valley,+1-512-451-0648,,2026-06-01 06:33:56,3490,DATA,151287335,5G,0.0,1.51
R05-0001858,5,River-Valley,+1-627-335-1316,,2026-06-01 01:38:58,4277,DATA,41200696,3G,0.0,0.41
R05-0001859,5,River-Valley,+1-486-757-6844,+1-318-846-0688,2026-06-01 14:25:31,0,SMS,,4G,0.0,0.05
R05-0001860,5,River-Valley,+1-979-601-4576,+1-591-451-0033,2026-06-01 22:15:18,0,SMS,,5G,0.0,0.05
R05-0001861,5,River-Valley,+1-201-403-3040,+1-715-856-8381,2026-06-01 06:51:05,3119,VOICE,,5G,0.08,4.16
R05-0001862,5,River-Valley,+1-689-915-1206,+1-350-851-2504,2026-06-01 19:50:00,2055,VOICE,,3G,0.12,4.11
R05-0001863,5,River-Valley,+1-754-301-1649,+1-674-949-0754,2026-06-01 19:56:05,0,SMS,,4G,0.0,0.05
R05-0001864,5,River-Valley,+1-376-377-7046,+1-773-282-9130,2026-06-01 15:54:26,1335,VOICE,,4G,0.1,2.23
R05-0001865,5,River-Valley,+1-932-439-4574,+1-621-817-7173,2026-06-01 23:01:16,730,VOICE,,4G,0.1,1.22
R05-0001866,5,River-Valley,+1-652-527-6483,+1-845-562-6536,2026-06-01 18:15:45,0,SMS,,3G,0.0,0.05
R05-0001867,5,River-Valley,+1-987-552-6433,+1-537-705-2575,2026-06-01 16:13:10,1504,VOICE,,4G,0.1,2.51
R05-0001868,5,River-Valley,+1-500-959-1277,+1-689-661-9287,2026-06-01 19:40:58,0,SMS,,4G,0.0,0.05
R05-0001869,5,River-Valley,+1-984-268-2348,,2026-06-01 06:26:10,400,DATA,161273836,4G,0.0,1.61
R05-0001870,5,River-Valley,+1-206-835-0495,+1-647-703-6438,2026-06-01 17:39:52,362,VOICE,,3G,0.12,0.72
R05-0001871,5,River-Valley,+1-760-696-8671,+1-881-655-2685,2026-06-01 01:23:57,3525,VOICE,,3G,0.12,7.05
R05-0001872,5,River-Valley,+1-486-859-9100,+1-222-409-1180,2026-06-01 15:34:08,458,VOICE,,3G,0.12,0.92
R05-0001873,5,River-Valley,+1-509-686-9167,+1-517-739-2416,2026-06-01 19:17:09,250,VOICE,,4G,0.1,0.42
R05-0001874,5,River-Valley,+1-808-244-2358,+1-940-956-4944,2026-06-01 22:52:25,465,VOICE,,4G,0.1,0.78
R05-0001875,5,River-Valley,+1-479-983-4497,+1-592-203-5350,2026-06-01 05:38:11,2573,VOICE,,3G,0.12,5.15
R05-0001876,5,River-Valley,+1-665-985-0325,+1-563-929-7654,2026-06-01 14:33:21,186,VOICE,,5G,0.08,0.25
R05-0001877,5,River-Valley,+1-505-551-2904,,2026-06-01 20:26:35,308,DATA,411022953,4G,0.0,4.11
R05-0001878,5,River-Valley,+1-884-438-7075,+1-876-558-0160,2026-06-01 09:37:35,3415,VOICE,,3G,0.12,6.83
R05-0001879,5,River-Valley,+1-354-820-6153,,2026-06-01 17:00:44,5041,DATA,6594045,4G,0.0,0.07
R05-0001880,5,River-Valley,+1-923-988-3883,+1-895-685-2339,2026-06-01 04:16:23,2855,VOICE,,4G,0.1,4.76
R05-0001881,5,River-Valley,+1-333-764-5148,+1-907-998-5937,2026-06-01 19:09:32,208,VOICE,,4G,0.1,0.35
R05-0001882,5,River-Valley,+1-845-530-1907,+1-807-645-5074,2026-06-01 22:16:32,2972,VOICE,,4G,0.1,4.95
R05-0001883,5,River-Valley,+1-536-492-6515,+1-810-460-9405,2026-06-01 19:49:58,593,VOICE,,5G,0.08,0.79
R05-0001884,5,River-Valley,+1-830-773-6589,,2026-06-01 11:54:39,1394,DATA,455891793,4G,0.0,4.56
R05-0001885,5,River-Valley,+1-478-907-7838,+1-478-693-9940,2026-06-01 22:47:52,0,SMS,,5G,0.0,0.05
R05-0001886,5,River-Valley,+1-800-771-0769,+1-222-857-2484,2026-06-01 17:10:46,0,SMS,,4G,0.0,0.05
R05-0001887,5,River-Valley,+1-828-304-9701,+1-484-274-2514,2026-06-01 06:46:26,1397,VOICE,,5G,0.08,1.86
R05-0001888,5,River-Valley,+1-933-337-3246,+1-870-737-0748,2026-06-01 17:48:05,0,SMS,,5G,0.0,0.05
R05-0001889,5,River-Valley,+1-911-676-2245,+1-818-649-9705,2026-06-01 12:45:21,3135,VOICE,,5G,0.08,4.18
R05-0001890,5,River-Valley,+1-576-561-1169,+1-411-860-6932,2026-06-01 21:08:39,0,SMS,,5G,0.0,0.05
R05-0001891,5,River-Valley,+1-474-612-8434,+1-578-855-3439,2026-06-01 20:45:33,0,SMS,,4G,0.0,0.05
R05-0001892,5,River-Valley,+1-475-976-7935,+1-290-435-2103,2026-06-01 02:44:00,0,SMS,,4G,0.0,0.05
R05-0001893,5,River-Valley,+1-804-555-7798,,2026-06-01 10:22:26,4714,DATA,296509332,5G,0.0,2.97
R05-0001894,5,River-Valley,+1-497-941-0099,+1-672-897-7167,2026-06-01 16:08:39,2360,VOICE,,5G,0.08,3.15
R05-0001895,5,River-Valley,+1-617-417-9985,+1-583-505-6194,2026-06-01 04:03:22,0,SMS,,3G,0.0,0.05
R05-0001896,5,River-Valley,+1-326-413-8310,+1-877-370-4944,2026-06-01 06:09:21,2887,VOICE,,4G,0.1,4.81
R05-0001897,5,River-Valley,+1-905-559-0777,,2026-06-01 22:05:16,6419,DATA,267927856,3G,0.0,2.68
R05-0001898,5,River-Valley,+1-487-256-6448,+1-919-207-7718,2026-06-01 03:49:07,0,VOICE,,4G,0.1,0.0
R05-0001899,5,River-Valley,+1-527-595-8341,,2026-06-01 02:37:26,1403,DATA,261805440,4G,0.0,2.62
R05-0001900,5,River-Valley,+1-706-248-8879,+1-598-994-4695,2026-06-01 04:11:05,286,VOICE,,4G,0.1,0.48
R05-0001901,5,River-Valley,+1-749-922-5065,+1-637-619-0076,2026-06-01 08:44:45,0,SMS,,3G,0.0,0.05
R05-0001902,5,River-Valley,+1-945-708-2463,,2026-06-01 23:24:55,1918,DATA,15037759,5G,0.0,0.15
R05-0001903,5,River-Valley,+1-841-459-0219,+1-550-605-1687,2026-06-01 12:18:04,1980,VOICE,,4G,0.1,3.3
R05-0001904,5,River-Valley,+1-271-937-7242,+1-268-530-5278,2026-06-01 23:29:30,1230,VOICE,,3G,0.12,2.46
R05-0001905,5,River-Valley,+1-308-569-7505,+1-566-369-0291,2026-06-01 13:17:50,0,SMS,,4G,0.0,0.05
R05-0001906,5,River-Valley,+1-548-642-1824,+1-640-862-3982,2026-06-01 16:37:52,194,VOICE,,4G,0.1,0.32
R05-0001907,5,River-Valley,+1-578-208-5518,+1-503-452-4559,2026-06-01 13:55:55,0,SMS,,5G,0.0,0.05
R05-0001908,5,River-Valley,+1-928-741-0107,+1-952-877-4066,2026-06-01 20:47:03,1895,VOICE,,4G,0.1,3.16
R05-0001909,5,River-Valley,+1-654-966-8325,+1-453-699-7205,2026-06-01 03:45:53,350,VOICE,,4G,0.1,0.58
R05-0001910,5,River-Valley,+1-233-433-1119,+1-608-432-4692,2026-06-01 18:29:29,2944,VOICE,,5G,0.08,3.93
R05-0001911,5,River-Valley,+1-606-543-2207,+1-655-694-7158,2026-06-01 14:46:14,2483,VOICE,,5G,0.08,3.31
R05-0001912,5,River-Valley,+1-915-634-3185,,2026-06-01 01:32:15,2428,DATA,97651501,5G,0.0,0.98
R05-0001913,5,River-Valley,+1-787-958-0013,+1-932-226-4164,2026-06-01 22:30:09,2907,VOICE,,4G,0.1,4.85
R05-0001914,5,River-Valley,+1-320-505-5519,+1-814-464-4254,2026-06-01 02:15:33,1667,VOICE,,4G,0.1,2.78
R05-0001915,5,River-Valley,+1-848-724-0519,+1-288-624-7189,2026-06-01 17:45:12,1733,VOICE,,3G,0.12,3.47
R05-0001916,5,River-Valley,+1-862-843-3153,+1-841-463-4475,2026-06-01 07:04:12,0,SMS,,4G,0.0,0.05
R05-0001917,5,River-Valley,+1-395-644-6901,+1-405-367-7136,2026-06-01 10:21:38,778,VOICE,,5G,0.08,1.04
R05-0001918,5,River-Valley,+1-473-518-4834,+1-558-602-2001,2026-06-01 01:02:30,2733,VOICE,,5G,0.08,3.64
R05-0001919,5,River-Valley,+1-446-890-1468,+1-634-983-6595,2026-06-01 15:23:47,2721,VOICE,,4G,0.1,4.54
R05-0001920,5,River-Valley,+1-405-563-5578,+1-565-581-8524,2026-06-01 13:37:29,2155,VOICE,,4G,0.1,3.59
R05-0001921,5,River-Valley,+1-739-905-3904,+1-267-247-5397,2026-06-01 16:15:46,0,SMS,,5G,0.0,0.05
R05-0001922,5,River-Valley,+1-935-548-2369,+1-352-228-1248,2026-06-01 12:39:10,0,SMS,,5G,0.0,0.05
R05-0001923,5,River-Valley,+1-775-207-0235,+1-430-533-5100,2026-06-01 08:18:16,0,SMS,,5G,0.0,0.05
R05-0001924,5,River-Valley,+1-446-245-5545,+1-562-709-5782,2026-06-01 10:30:28,0,SMS,,4G,0.0,0.05
R05-0001925,5,River-Valley,+1-591-549-4363,,2026-06-01 21:34:27,3228,DATA,499162614,3G,0.0,4.99
R05-0001926,5,River-Valley,+1-564-513-7280,+1-889-425-1039,2026-06-01 02:55:06,0,SMS,,4G,0.0,0.05
R05-0001927,5,River-Valley,+1-762-572-2613,+1-500-242-0303,2026-06-01 17:05:39,3076,VOICE,,4G,0.1,5.13
R05-0001928,5,River-Valley,+1-735-255-5688,+1-806-520-7627,2026-06-01 18:18:13,1213,VOICE,,4G,0.1,2.02
R05-0001929,5,River-Valley,+1-896-946-8371,+1-911-269-4462,2026-06-01 17:19:20,367,VOICE,,4G,0.1,0.61
R05-0001930,5,River-Valley,+1-704-507-3311,+1-798-970-9834,2026-06-01 17:28:27,1882,VOICE,,4G,0.1,3.14
R05-0001931,5,River-Valley,+1-228-611-9522,+1-263-809-2648,2026-06-01 00:01:17,3396,VOICE,,3G,0.12,6.79
R05-0001932,5,River-Valley,+1-841-804-0692,+1-844-503-2555,2026-06-01 15:42:09,3160,VOICE,,4G,0.1,5.27
R05-0001933,5,River-Valley,+1-683-249-7714,+1-537-976-1553,2026-06-01 20:59:10,1298,VOICE,,3G,0.12,2.6
R05-0001934,5,River-Valley,+1-683-810-3447,+1-524-900-5885,2026-06-01 21:08:03,2840,VOICE,,5G,0.08,3.79
R05-0001935,5,River-Valley,+1-382-910-6795,+1-543-976-4597,2026-06-01 21:07:32,1659,VOICE,,5G,0.08,2.21
R05-0001936,5,River-Valley,+1-903-845-7166,,2026-06-01 00:12:10,1504,DATA,454774550,5G,0.0,4.55
R05-0001937,5,River-Valley,+1-431-640-6571,+1-734-291-0817,2026-06-01 16:53:42,0,VOICE,,3G,0.12,0.0
R05-0001938,5,River-Valley,+1-246-794-4166,+1-804-639-5873,2026-06-01 13:58:14,3387,VOICE,,4G,0.1,5.65
R05-0001939,5,River-Valley,+1-846-626-6601,+1-891-685-1125,2026-06-01 00:25:39,1456,VOICE,,4G,0.1,2.43
R05-0001940,5,River-Valley,+1-595-794-2272,,2026-06-01 17:13:40,5483,DATA,112296723,5G,0.0,1.12
R05-0001941,5,River-Valley,+1-291-445-2198,+1-239-885-3851,2026-06-01 07:02:45,990,VOICE,,4G,0.1,1.65
R05-0001942,5,River-Valley,+1-535-503-5611,+1-973-608-6969,2026-06-01 15:10:11,0,SMS,,4G,0.0,0.05
R05-0001943,5,River-Valley,+1-245-413-5148,+1-799-342-9113,2026-06-01 07:36:24,0,SMS,,5G,0.0,0.05
R05-0001944,5,River-Valley,+1-690-921-5165,,2026-06-01 22:00:03,3186,DATA,28357904,4G,0.0,0.28
R05-0001945,5,River-Valley,+1-467-409-0960,+1-296-462-3849,2026-06-01 00:19:04,0,SMS,,4G,0.0,0.05
R05-0001946,5,River-Valley,+1-878-488-1052,+1-778-974-1036,2026-06-01 13:52:29,0,SMS,,5G,0.0,0.05
R05-0001947,5,River-Valley,+1-590-905-4132,+1-548-863-5675,2026-06-01 16:53:27,1467,VOICE,,5G,0.08,1.96
R05-0001948,5,River-Valley,+1-493-998-9151,+1-470-533-0595,2026-06-01 13:54:31,0,SMS,,5G,0.0,0.05
R05-0001949,5,River-Valley,+1-743-657-1785,+1-723-817-0028,2026-06-01 20:55:28,3505,VOICE,,3G,0.12,7.01
R05-0001950,5,River-Valley,+1-377-407-7523,+1-646-419-6640,2026-06-01 12:26:41,0,VOICE,,4G,0.1,0.0
R05-0001951,5,River-Valley,+1-414-557-4640,+1-803-685-8355,2026-06-01 02:49:57,1251,VOICE,,5G,0.08,1.67
R05-0001952,5,River-Valley,+1-959-738-8327,+1-733-727-1033,2026-06-01 17:38:39,232,VOICE,,5G,0.08,0.31
R05-0001953,5,River-Valley,+1-380-316-6478,+1-972-849-4883,2026-06-01 12:52:42,0,SMS,,4G,0.0,0.05
R05-0001954,5,River-Valley,+1-775-484-9341,+1-881-368-6993,2026-06-01 12:01:22,0,SMS,,3G,0.0,0.05
R05-0001955,5,River-Valley,+1-930-759-2725,+1-632-655-7559,2026-06-01 03:15:16,0,SMS,,4G,0.0,0.05
R05-0001956,5,River-Valley,+1-397-212-8952,+1-782-634-4919,2026-06-01 17:48:57,0,SMS,,4G,0.0,0.05
R05-0001957,5,River-Valley,+1-464-567-2891,+1-245-989-5498,2026-06-01 09:39:42,2026,VOICE,,4G,0.1,3.38
R05-0001958,5,River-Valley,+1-411-309-6269,,2026-06-01 07:38:52,7040,DATA,208806883,5G,0.0,2.09
R05-0001959,5,River-Valley,+1-309-816-8406,,2026-06-01 15:07:10,3345,DATA,48845535,4G,0.0,0.49
R05-0001960,5,River-Valley,+1-228-798-3043,+1-668-996-9738,2026-06-01 15:14:26,1797,VOICE,,4G,0.1,3.0
R05-0001961,5,River-Valley,+1-972-233-1895,+1-868-443-7139,2026-06-01 14:09:58,311,VOICE,,4G,0.1,0.52
R05-0001962,5,River-Valley,+1-757-341-6762,+1-669-787-5102,2026-06-01 14:04:35,0,SMS,,4G,0.0,0.05
R05-0001963,5,River-Valley,+1-458-760-5670,+1-475-509-4891,2026-06-01 03:54:02,1848,VOICE,,5G,0.08,2.46
R05-0001964,5,River-Valley,+1-649-916-0225,+1-370-360-4782,2026-06-01 19:40:30,0,SMS,,4G,0.0,0.05
R05-0001965,5,River-Valley,+1-711-372-4980,+1-477-903-8811,2026-06-01 20:56:14,2416,VOICE,,4G,0.1,4.03
R05-0001966,5,River-Valley,+1-257-776-9438,+1-832-721-6624,2026-06-01 17:50:25,2128,VOICE,,5G,0.08,2.84
R05-0001967,5,River-Valley,+1-815-924-3378,+1-565-949-4580,2026-06-01 08:16:53,0,SMS,,4G,0.0,0.05
R05-0001968,5,River-Valley,+1-249-243-3463,+1-451-338-4857,2026-06-01 12:37:21,534,VOICE,,4G,0.1,0.89
R05-0001969,5,River-Valley,+1-235-274-9357,+1-360-749-8884,2026-06-01 08:55:56,0,SMS,,3G,0.0,0.05
R05-0001970,5,River-Valley,+1-911-970-0455,+1-651-398-7927,2026-06-01 10:46:37,0,SMS,,4G,0.0,0.05
R05-0001971,5,River-Valley,+1-337-607-4549,+1-870-626-8886,2026-06-01 23:14:37,555,VOICE,,5G,0.08,0.74
R05-0001972,5,River-Valley,+1-325-469-8441,+1-531-344-0806,2026-06-01 13:04:03,726,VOICE,,3G,0.12,1.45
R05-0001973,5,River-Valley,+1-318-493-3308,+1-356-489-3740,2026-06-01 12:41:41,3384,VOICE,,4G,0.1,5.64
R05-0001974,5,River-Valley,+1-859-393-9876,+1-531-899-0363,2026-06-01 12:33:25,2978,VOICE,,5G,0.08,3.97
R05-0001975,5,River-Valley,+1-745-923-4102,,2026-06-01 12:32:56,6812,DATA,385962843,4G,0.0,3.86
R05-0001976,5,River-Valley,+1-896-680-0625,+1-714-963-0355,2026-06-01 13:42:56,2865,VOICE,,4G,0.1,4.78
R05-0001977,5,River-Valley,+1-826-704-7920,+1-339-275-7955,2026-06-01 08:31:41,3093,VOICE,,3G,0.12,6.19
R05-0001978,5,River-Valley,+1-468-236-2659,+1-321-358-0346,2026-06-01 12:51:05,0,SMS,,4G,0.0,0.05
R05-0001979,5,River-Valley,+1-627-844-5640,+1-491-825-8316,2026-06-01 00:25:00,1242,VOICE,,4G,0.1,2.07
R05-0001980,5,River-Valley,+1-217-908-5212,,2026-06-01 00:39:36,6924,DATA,154943492,4G,0.0,1.55
R05-0001981,5,River-Valley,+1-821-957-8048,+1-781-394-7521,2026-06-01 00:43:11,3293,VOICE,,4G,0.1,5.49
R05-0001982,5,River-Valley,+1-668-821-8588,+1-924-912-5998,2026-06-01 13:23:26,0,SMS,,5G,0.0,0.05
R05-0001983,5,River-Valley,+1-221-881-2118,+1-505-557-2798,2026-06-01 13:07:07,1529,VOICE,,5G,0.08,2.04
R05-0001984,5,River-Valley,+1-317-834-7234,+1-393-918-0464,2026-06-01 12:24:12,0,SMS,,5G,0.0,0.05
R05-0001985,5,River-Valley,+1-352-816-5319,+1-551-209-3531,2026-06-01 07:49:39,2672,VOICE,,4G,0.1,4.45
R05-0001986,5,River-Valley,+1-391-243-2667,+1-788-711-2236,2026-06-01 08:17:46,0,SMS,,5G,0.0,0.05
R05-0001987,5,River-Valley,+1-512-601-1074,+1-847-784-5771,2026-06-01 01:02:17,2579,VOICE,,4G,0.1,4.3
R05-0001988,5,River-Valley,+1-327-316-6389,+1-687-744-8951,2026-06-01 23:25:37,0,SMS,,4G,0.0,0.05
R05-0001989,5,River-Valley,+1-443-207-9111,+1-454-352-0333,2026-06-01 01:58:02,0,SMS,,4G,0.0,0.05
R05-0001990,5,River-Valley,+1-532-732-6119,+1-422-289-8807,2026-06-01 00:13:49,2719,VOICE,,5G,0.08,3.63
R05-0001991,5,River-Valley,+1-707-675-0710,+1-236-990-7984,2026-06-01 02:34:11,1814,VOICE,,5G,0.08,2.42
R05-0001992,5,River-Valley,+1-431-414-9712,+1-876-469-6499,2026-06-01 23:04:06,0,SMS,,5G,0.0,0.05
R05-0001993,5,River-Valley,+1-371-364-2986,,2026-06-01 12:58:23,4674,DATA,383984392,5G,0.0,3.84
R05-0001994,5,River-Valley,+1-363-355-9187,,2026-06-01 03:52:25,1660,DATA,157690981,3G,0.0,1.58
R05-0001995,5,River-Valley,+1-430-577-1364,+1-356-255-9704,2026-06-01 22:55:08,253,VOICE,,4G,0.1,0.42
R05-0001996,5,River-Valley,+1-344-890-6896,+1-410-879-9162,2026-06-01 21:25:49,566,VOICE,,4G,0.1,0.94
R05-0001997,5,River-Valley,+1-965-916-4991,,2026-06-01 08:45:13,1175,DATA,255620148,5G,0.0,2.56
R05-0001998,5,River-Valley,+1-827-494-7552,+1-250-336-9695,2026-06-01 15:18:46,1742,VOICE,,5G,0.08,2.32
R05-0001999,5,River-Valley,+1-850-337-0759,+1-635-381-3902,2026-06-01 13:56:57,1423,VOICE,,4G,0.1,2.37
R05-0002000,5,River-Valley,+1-713-859-4350,+1-762-226-3725,2026-06-01 10:49:46,1967,VOICE,,4G,0.1,3.28
R05-0002001,5,River-Valley,+1-666-775-2823,+1-205-606-5663,2026-06-01 12:06:23,0,VOICE,,4G,0.1,0.0
R05-0002002,5,River-Valley,+1-406-620-4063,,2026-06-01 14:08:50,1613,DATA,93131203,4G,0.0,0.93
R05-0002003,5,River-Valley,+1-801-425-9102,+1-602-704-2523,2026-06-01 22:58:28,0,SMS,,4G,0.0,0.05
R05-0002004,5,River-Valley,+1-327-289-7673,,2026-06-01 09:34:35,7043,DATA,63836955,3G,0.0,0.64
R05-0002005,5,River-Valley,+1-893-427-0601,+1-955-489-0715,2026-06-01 00:44:36,0,SMS,,4G,0.0,0.05
R05-0002006,5,River-Valley,+1-595-210-6198,+1-778-503-3791,2026-06-01 18:41:16,0,SMS,,4G,0.0,0.05
R05-0002007,5,River-Valley,+1-691-423-1497,,2026-06-01 17:50:57,3876,DATA,15680412,3G,0.0,0.16
R05-0002008,5,River-Valley,+1-778-208-9998,+1-723-730-6073,2026-06-01 05:15:36,0,SMS,,4G,0.0,0.05
R05-0002009,5,River-Valley,+1-275-478-8168,+1-413-613-2821,2026-06-01 10:52:38,0,SMS,,5G,0.0,0.05
R05-0002010,5,River-Valley,+1-325-666-4753,+1-358-486-1300,2026-06-01 10:15:47,2645,VOICE,,4G,0.1,4.41
R05-0002011,5,River-Valley,+1-394-287-3233,+1-457-922-7698,2026-06-01 21:58:37,0,SMS,,3G,0.0,0.05
R05-0002012,5,River-Valley,+1-838-994-6412,+1-941-297-0614,2026-06-01 03:03:34,0,SMS,,5G,0.0,0.05
R05-0002013,5,River-Valley,+1-923-235-7712,+1-812-635-3006,2026-06-01 03:31:07,1925,VOICE,,4G,0.1,3.21
R05-0002014,5,River-Valley,+1-380-652-5883,+1-467-621-6899,2026-06-01 07:51:14,0,SMS,,4G,0.0,0.05
R05-0002015,5,River-Valley,+1-370-801-7660,,2026-06-01 15:05:58,6689,DATA,347691098,4G,0.0,3.48
R05-0002016,5,River-Valley,+1-691-927-4175,,2026-06-01 07:48:51,3458,DATA,377747681,5G,0.0,3.78
R05-0002017,5,River-Valley,+1-822-800-7511,,2026-06-01 01:51:43,5360,DATA,23768573,5G,0.0,0.24
R05-0002018,5,River-Valley,+1-744-276-9401,+1-646-518-4963,2026-06-01 21:57:51,0,SMS,,4G,0.0,0.05
R05-0002019,5,River-Valley,+1-720-619-7551,,2026-06-01 10:33:46,2741,DATA,385475138,3G,0.0,3.85
R05-0002020,5,River-Valley,+1-565-698-7134,,2026-06-01 00:52:47,290,DATA,496768765,4G,0.0,4.97
R05-0002021,5,River-Valley,+1-900-842-1013,+1-723-619-1864,2026-06-01 21:11:58,1973,VOICE,,4G,0.1,3.29
R05-0002022,5,River-Valley,+1-940-515-4847,,2026-06-01 20:36:04,3433,DATA,366420657,3G,0.0,3.66
R05-0002023,5,River-Valley,+1-361-572-8445,,2026-06-01 09:17:28,3326,DATA,372789964,4G,0.0,3.73
R05-0002024,5,River-Valley,+1-521-756-4183,+1-411-655-3226,2026-06-01 13:46:18,1605,VOICE,,4G,0.1,2.68
R05-0002025,5,River-Valley,+1-243-464-4131,+1-761-489-2307,2026-06-01 16:05:56,0,SMS,,3G,0.0,0.05
R05-0002026,5,River-Valley,+1-578-718-0440,+1-806-491-8991,2026-06-01 15:27:21,2330,VOICE,,4G,0.1,3.88
R05-0002027,5,River-Valley,+1-975-463-0418,,2026-06-01 19:11:50,1376,DATA,279340746,4G,0.0,2.79
R05-0002028,5,River-Valley,+1-513-484-9226,+1-539-679-4018,2026-06-01 18:36:51,0,SMS,,4G,0.0,0.05
R05-0002029,5,River-Valley,+1-556-261-7927,,2026-06-01 04:24:07,583,DATA,464101,4G,0.0,0.0
R05-0002030,5,River-Valley,+1-415-369-9592,+1-495-689-9739,2026-06-01 15:01:43,1331,VOICE,,3G,0.12,2.66
