cdr_id,region_id,region_name,caller_number,callee_number,call_start,duration_seconds,call_type,bytes_transferred,network_type,rate_per_minute,charge_amount
R10-0000001,10,Bayshore,+1-768-712-9045,+1-358-724-7090,2026-06-01 06:21:36,0,SMS,,4G,0.0,0.05
R10-0000002,10,Bayshore,+1-830-784-7672,+1-824-951-5829,2026-06-01 20:03:11,0,SMS,,5G,0.0,0.05
R10-0000003,10,Bayshore,+1-927-964-2507,+1-358-708-2365,2026-06-01 02:55:59,0,VOICE,,4G,0.1,0.0
R10-0000004,10,Bayshore,+1-295-985-3926,+1-881-840-0227,2026-06-01 05:01:22,271,VOICE,,3G,0.12,0.54
R10-0000005,10,Bayshore,+1-704-488-5233,+1-823-917-7498,2026-06-01 17:04:51,2961,VOICE,,5G,0.08,3.95
R10-0000006,10,Bayshore,+1-915-311-9831,,2026-06-01 05:54:45,245,DATA,201683235,4G,0.0,2.02
R10-0000007,10,Bayshore,+1-972-628-1608,+1-638-393-1519,2026-06-01 12:57:34,2597,VOICE,,4G,0.1,4.33
R10-0000008,10,Bayshore,+1-727-235-6646,+1-718-660-7932,2026-06-01 21:32:54,0,SMS,,4G,0.0,0.05
R10-0000009,10,Bayshore,+1-532-478-5737,+1-413-753-2056,2026-06-01 21:23:40,0,SMS,,4G,0.0,0.05
R10-0000010,10,Bayshore,+1-442-399-2324,+1-207-759-5842,2026-06-01 16:23:09,1110,VOICE,,3G,0.12,2.22
R10-0000011,10,Bayshore,+1-459-442-1818,+1-879-975-3060,2026-06-01 09:32:06,0,VOICE,,5G,0.08,0.0
R10-0000012,10,Bayshore,+1-892-843-2238,+1-791-503-6031,2026-06-01 16:17:19,2737,VOICE,,4G,0.1,4.56
R10-0000013,10,Bayshore,+1-747-422-4291,+1-745-826-1326,2026-06-01 13:30:14,0,SMS,,4G,0.0,0.05
R10-0000014,10,Bayshore,+1-252-455-3078,+1-310-770-5083,2026-06-01 08:39:53,1627,VOICE,,4G,0.1,2.71
R10-0000015,10,Bayshore,+1-637-964-1467,,2026-06-01 20:46:48,4030,DATA,58213148,4G,0.0,0.58
R10-0000016,10,Bayshore,+1-948-930-5381,+1-868-438-8632,2026-06-01 12:14:39,1662,VOICE,,4G,0.1,2.77
R10-0000017,10,Bayshore,+1-852-711-2287,,2026-06-01 03:40:22,1191,DATA,180708561,4G,0.0,1.81
R10-0000018,10,Bayshore,+1-333-378-1923,,2026-06-01 14:48:19,3857,DATA,241606091,4G,0.0,2.42
R10-0000019,10,Bayshore,+1-834-441-8706,,2026-06-01 10:56:50,6348,DATA,405667599,3G,0.0,4.06
R10-0000020,10,Bayshore,+1-682-755-0609,+1-659-597-6649,2026-06-01 22:12:14,2852,VOICE,,4G,0.1,4.75
R10-0000021,10,Bayshore,+1-635-539-8388,+1-863-941-6801,2026-06-01 15:50:57,0,VOICE,,3G,0.12,0.0
R10-0000022,10,Bayshore,+1-838-464-4140,+1-387-796-5924,2026-06-01 14:25:39,0,SMS,,4G,0.0,0.05
R10-0000023,10,Bayshore,+1-643-594-5033,+1-609-369-6651,2026-06-01 20:55:12,1721,VOICE,,5G,0.08,2.29
R10-0000024,10,Bayshore,+1-552-398-2743,+1-543-970-8957,2026-06-01 16:43:01,2924,VOICE,,5G,0.08,3.9
R10-0000025,10,Bayshore,+1-879-957-3907,+1-597-788-4552,2026-06-01 00:24:06,0,SMS,,4G,0.0,0.05
R10-0000026,10,Bayshore,+1-219-928-2448,,2026-06-01 16:24:39,3436,DATA,291525862,4G,0.0,2.92
R10-0000027,10,Bayshore,+1-225-952-1877,+1-891-821-3134,2026-06-01 09:55:17,0,SMS,,4G,0.0,0.05
R10-0000028,10,Bayshore,+1-321-247-7679,+1-456-251-4605,2026-06-01 19:15:29,2204,VOICE,,4G,0.1,3.67
R10-0000029,10,Bayshore,+1-563-599-7538,+1-885-623-5784,2026-06-01 04:21:24,441,VOICE,,5G,0.08,0.59
R10-0000030,10,Bayshore,+1-354-215-7043,+1-377-868-3248,2026-06-01 08:02:31,0,SMS,,4G,0.0,0.05
R10-0000031,10,Bayshore,+1-258-409-4120,+1-800-512-0327,2026-06-01 04:07:40,383,VOICE,,4G,0.1,0.64
R10-0000032,10,Bayshore,+1-245-743-2165,,2026-06-01 09:01:37,3246,DATA,296977689,4G,0.0,2.97
R10-0000033,10,Bayshore,+1-713-723-5723,+1-781-795-3838,2026-06-01 08:55:26,0,SMS,,5G,0.0,0.05
R10-0000034,10,Bayshore,+1-230-839-6397,+1-450-617-5681,2026-06-01 19:18:16,3013,VOICE,,4G,0.1,5.02
R10-0000035,10,Bayshore,+1-351-670-3852,,2026-06-01 10:25:27,1555,DATA,304495387,3G,0.0,3.04
R10-0000036,10,Bayshore,+1-239-223-6936,+1-576-238-4999,2026-06-01 10:29:16,0,SMS,,5G,0.0,0.05
R10-0000037,10,Bayshore,+1-516-450-6967,+1-611-704-4116,2026-06-01 03:33:54,0,SMS,,4G,0.0,0.05
R10-0000038,10,Bayshore,+1-579-563-5372,+1-561-555-7774,2026-06-01 13:18:48,0,SMS,,5G,0.0,0.05
R10-0000039,10,Bayshore,+1-241-788-8603,+1-245-873-3449,2026-06-01 21:05:09,0,SMS,,4G,0.0,0.05
R10-0000040,10,Bayshore,+1-669-447-8049,+1-660-426-8730,2026-06-01 11:43:39,43,VOICE,,4G,0.1,0.07
R10-0000041,10,Bayshore,+1-695-640-8788,+1-559-479-7003,2026-06-01 18:09:42,3479,VOICE,,4G,0.1,5.8
R10-0000042,10,Bayshore,+1-897-908-1862,+1-675-353-7786,2026-06-01 16:59:51,0,SMS,,5G,0.0,0.05
R10-0000043,10,Bayshore,+1-259-536-6100,+1-880-769-3466,2026-06-01 23:32:30,0,SMS,,5G,0.0,0.05
R10-0000044,10,Bayshore,+1-273-720-1559,+1-331-422-6624,2026-06-01 00:52:07,0,SMS,,4G,0.0,0.05
R10-0000045,10,Bayshore,+1-523-951-1522,+1-832-653-6405,2026-06-01 10:28:52,2433,VOICE,,5G,0.08,3.24
R10-0000046,10,Bayshore,+1-734-695-1627,+1-255-279-3168,2026-06-01 16:20:08,489,VOICE,,3G,0.12,0.98
R10-0000047,10,Bayshore,+1-982-613-0241,,2026-06-01 07:40:44,4935,DATA,237316084,3G,0.0,2.37
R10-0000048,10,Bayshore,+1-945-287-2911,,2026-06-01 14:21:48,1068,DATA,483159499,4G,0.0,4.83
R10-0000049,10,Bayshore,+1-229-832-7444,+1-348-549-7404,2026-06-01 17:29:18,0,SMS,,4G,0.0,0.05
R10-0000050,10,Bayshore,+1-353-910-0400,+1-902-506-9651,2026-06-01 18:06:41,1508,VOICE,,4G,0.1,2.51
R10-0000051,10,Bayshore,+1-952-625-7488,+1-465-388-6866,2026-06-01 01:09:08,2725,VOICE,,5G,0.08,3.63
R10-0000052,10,Bayshore,+1-435-953-8511,+1-451-231-4113,2026-06-01 06:02:09,1736,VOICE,,5G,0.08,2.31
R10-0000053,10,Bayshore,+1-844-618-2843,+1-506-597-9718,2026-06-01 17:19:52,2010,VOICE,,3G,0.12,4.02
R10-0000054,10,Bayshore,+1-932-833-3562,,2026-06-01 21:01:15,2403,DATA,419774741,4G,0.0,4.2
R10-0000055,10,Bayshore,+1-318-212-9614,+1-657-830-5574,2026-06-01 04:16:42,3086,VOICE,,5G,0.08,4.11
R10-0000056,10,Bayshore,+1-200-747-7982,+1-271-615-5475,2026-06-01 22:58:53,1908,VOICE,,5G,0.08,2.54
R10-0000057,10,Bayshore,+1-215-280-4204,+1-319-825-4616,2026-06-01 01:06:41,0,SMS,,3G,0.0,0.05
R10-0000058,10,Bayshore,+1-335-608-4137,+1-674-298-7151,2026-06-01 12:01:05,0,SMS,,4G,0.0,0.05
R10-0000059,10,Bayshore,+1-984-718-3656,+1-255-243-2492,2026-06-01 05:04:12,488,VOICE,,5G,0.08,0.65
R10-0000060,10,Bayshore,+1-263-955-0136,+1-859-346-7349,2026-06-01 12:46:12,0,SMS,,3G,0.0,0.05
R10-0000061,10,Bayshore,+1-274-997-5000,+1-900-847-6969,2026-06-01 12:38:51,0,SMS,,4G,0.0,0.05
R10-0000062,10,Bayshore,+1-679-343-8581,+1-302-837-0365,2026-06-01 12:16:13,1491,VOICE,,4G,0.1,2.49
R10-0000063,10,Bayshore,+1-684-428-8257,+1-230-512-3182,2026-06-01 13:16:04,51,VOICE,,5G,0.08,0.07
R10-0000064,10,Bayshore,+1-621-549-2510,+1-567-209-1202,2026-06-01 01:53:45,3213,VOICE,,4G,0.1,5.36
R10-0000065,10,Bayshore,+1-896-206-3833,,2026-06-01 07:08:25,4927,DATA,349953107,4G,0.0,3.5
R10-0000066,10,Bayshore,+1-504-383-5244,+1-640-448-3399,2026-06-01 19:22:18,0,SMS,,4G,0.0,0.05
R10-0000067,10,Bayshore,+1-263-992-6945,+1-483-411-8629,2026-06-01 20:51:24,2892,VOICE,,5G,0.08,3.86
R10-0000068,10,Bayshore,+1-571-274-8899,+1-840-875-6403,2026-06-01 23:22:07,1633,VOICE,,4G,0.1,2.72
R10-0000069,10,Bayshore,+1-903-270-5174,,2026-06-01 01:42:15,6144,DATA,355737956,4G,0.0,3.56
R10-0000070,10,Bayshore,+1-457-679-6667,+1-540-451-8844,2026-06-01 12:35:51,439,VOICE,,4G,0.1,0.73
R10-0000071,10,Bayshore,+1-227-948-4288,+1-893-562-2100,2026-06-01 12:14:23,1222,VOICE,,4G,0.1,2.04
R10-0000072,10,Bayshore,+1-227-716-0047,,2026-06-01 12:43:07,2285,DATA,378167648,4G,0.0,3.78
R10-0000073,10,Bayshore,+1-626-816-0256,+1-423-508-6350,2026-06-01 20:48:53,0,SMS,,4G,0.0,0.05
R10-0000074,10,Bayshore,+1-474-204-6687,+1-281-561-9785,2026-06-01 05:13:47,3319,VOICE,,4G,0.1,5.53
R10-0000075,10,Bayshore,+1-471-486-0012,,2026-06-01 18:29:39,5861,DATA,143677083,5G,0.0,1.44
R10-0000076,10,Bayshore,+1-523-267-3507,+1-290-788-4325,2026-06-01 01:22:53,1874,VOICE,,5G,0.08,2.5
R10-0000077,10,Bayshore,+1-857-469-4197,,2026-06-01 06:15:02,6090,DATA,118995025,4G,0.0,1.19
R10-0000078,10,Bayshore,+1-953-585-6252,+1-384-988-2692,2026-06-01 11:28:08,2611,VOICE,,4G,0.1,4.35
R10-0000079,10,Bayshore,+1-603-532-0129,+1-488-998-3771,2026-06-01 13:03:26,0,SMS,,4G,0.0,0.05
R10-0000080,10,Bayshore,+1-265-586-2714,+1-362-670-3370,2026-06-01 23:46:12,2272,VOICE,,4G,0.1,3.79
R10-0000081,10,Bayshore,+1-282-367-2504,+1-351-661-7306,2026-06-01 13:16:47,2153,VOICE,,5G,0.08,2.87
R10-0000082,10,Bayshore,+1-694-765-6507,+1-259-943-9782,2026-06-01 04:36:22,0,SMS,,4G,0.0,0.05
R10-0000083,10,Bayshore,+1-764-684-3021,+1-798-922-0227,2026-06-01 08:01:21,2054,VOICE,,4G,0.1,3.42
R10-0000084,10,Bayshore,+1-736-287-5903,+1-402-205-6153,2026-06-01 18:31:47,1329,VOICE,,3G,0.12,2.66
R10-0000085,10,Bayshore,+1-667-567-1251,+1-838-351-1837,2026-06-01 13:44:56,1870,VOICE,,4G,0.1,3.12
R10-0000086,10,Bayshore,+1-607-803-4763,+1-978-763-1616,2026-06-01 14:49:25,1217,VOICE,,4G,0.1,2.03
R10-0000087,10,Bayshore,+1-806-769-3343,+1-701-293-2967,2026-06-01 05:47:27,0,SMS,,4G,0.0,0.05
R10-0000088,10,Bayshore,+1-505-753-6522,+1-880-510-7617,2026-06-01 00:22:22,3521,VOICE,,4G,0.1,5.87
R10-0000089,10,Bayshore,+1-392-495-4144,,2026-06-01 22:26:10,5065,DATA,484803789,5G,0.0,4.85
R10-0000090,10,Bayshore,+1-276-329-9289,+1-560-292-4857,2026-06-01 07:30:49,3567,VOICE,,4G,0.1,5.95
R10-0000091,10,Bayshore,+1-270-438-1931,+1-977-837-1538,2026-06-01 16:59:57,75,VOICE,,3G,0.12,0.15
R10-0000092,10,Bayshore,+1-327-665-0153,+1-937-634-2408,2026-06-01 05:13:45,0,SMS,,5G,0.0,0.05
R10-0000093,10,Bayshore,+1-474-309-1228,+1-526-464-5727,2026-06-01 00:40:30,0,VOICE,,4G,0.1,0.0
R10-0000094,10,Bayshore,+1-260-572-2568,+1-230-986-1920,2026-06-01 11:59:08,0,SMS,,5G,0.0,0.05
R10-0000095,10,Bayshore,+1-976-462-5443,+1-780-334-9534,2026-06-01 01:02:15,0,SMS,,5G,0.0,0.05
R10-0000096,10,Bayshore,+1-740-604-2094,+1-327-284-1426,2026-06-01 20:09:59,2131,VOICE,,3G,0.12,4.26
R10-0000097,10,Bayshore,+1-349-575-3851,+1-908-935-6250,2026-06-01 13:07:04,0,SMS,,4G,0.0,0.05
R10-0000098,10,Bayshore,+1-438-442-0041,,2026-06-01 23:10:31,5283,DATA,151693305,4G,0.0,1.52
R10-0000099,10,Bayshore,+1-434-894-5453,+1-584-513-7640,2026-06-01 10:25:33,2834,VOICE,,4G,0.1,4.72
R10-0000100,10,Bayshore,+1-874-856-9129,+1-586-575-7039,2026-06-01 10:56:03,324,VOICE,,5G,0.08,0.43
R10-0000101,10,Bayshore,+1-290-310-1314,,2026-06-01 17:26:07,5823,DATA,40324203,4G,0.0,0.4
R10-0000102,10,Bayshore,+1-393-571-3340,+1-819-288-7266,2026-06-01 01:00:10,0,SMS,,4G,0.0,0.05
R10-0000103,10,Bayshore,+1-855-303-3332,+1-775-285-1026,2026-06-01 18:50:22,684,VOICE,,4G,0.1,1.14
R10-0000104,10,Bayshore,+1-278-313-6707,+1-743-280-7274,2026-06-01 10:16:32,3545,VOICE,,5G,0.08,4.73
R10-0000105,10,Bayshore,+1-247-562-7215,+1-392-959-2748,2026-06-01 13:22:35,163,VOICE,,4G,0.1,0.27
R10-0000106,10,Bayshore,+1-393-992-9938,+1-680-247-5990,2026-06-01 04:14:19,972,VOICE,,4G,0.1,1.62
R10-0000107,10,Bayshore,+1-280-215-0082,+1-893-268-5773,2026-06-01 10:34:15,2386,VOICE,,4G,0.1,3.98
R10-0000108,10,Bayshore,+1-456-598-3302,+1-963-279-9538,2026-06-01 20:11:43,2970,VOICE,,4G,0.1,4.95
R10-0000109,10,Bayshore,+1-722-595-5813,,2026-06-01 10:29:20,6973,DATA,174423426,4G,0.0,1.74
R10-0000110,10,Bayshore,+1-551-204-8123,+1-225-869-0595,2026-06-01 02:49:10,0,SMS,,4G,0.0,0.05
R10-0000111,10,Bayshore,+1-686-674-9553,+1-245-733-3019,2026-06-01 05:52:56,3268,VOICE,,5G,0.08,4.36
R10-0000112,10,Bayshore,+1-681-991-9585,+1-202-217-6888,2026-06-01 19:52:23,0,SMS,,5G,0.0,0.05
R10-0000113,10,Bayshore,+1-913-304-7326,+1-514-306-0489,2026-06-01 11:30:55,1396,VOICE,,4G,0.1,2.33
R10-0000114,10,Bayshore,+1-556-793-1983,+1-354-461-5146,2026-06-01 03:19:49,0,SMS,,4G,0.0,0.05
R10-0000115,10,Bayshore,+1-925-298-4474,+1-265-725-1032,2026-06-01 07:48:28,1693,VOICE,,4G,0.1,2.82
R10-0000116,10,Bayshore,+1-210-273-6614,+1-905-294-7849,2026-06-01 09:51:06,0,SMS,,4G,0.0,0.05
R10-0000117,10,Bayshore,+1-950-961-4704,+1-333-272-7639,2026-06-01 17:46:40,549,VOICE,,4G,0.1,0.92
R10-0000118,10,Bayshore,+1-331-348-6511,+1-535-326-4413,2026-06-01 23:10:54,0,SMS,,5G,0.0,0.05
R10-0000119,10,Bayshore,+1-632-744-0328,+1-776-535-5354,2026-06-01 01:48:20,926,VOICE,,4G,0.1,1.54
R10-0000120,10,Bayshore,+1-387-202-7714,,2026-06-01 20:35:31,84,DATA,296280698,3G,0.0,2.96
R10-0000121,10,Bayshore,+1-821-358-1605,+1-515-384-8233,2026-06-01 21:13:45,2441,VOICE,,4G,0.1,4.07
R10-0000122,10,Bayshore,+1-956-831-4623,,2026-06-01 12:54:04,2849,DATA,489953310,5G,0.0,4.9
R10-0000123,10,Bayshore,+1-354-763-8538,+1-727-265-5584,2026-06-01 23:36:15,0,SMS,,4G,0.0,0.05
R10-0000124,10,Bayshore,+1-867-372-2071,+1-290-646-2153,2026-06-01 07:06:53,1860,VOICE,,4G,0.1,3.1
R10-0000125,10,Bayshore,+1-753-904-7847,,2026-06-01 12:24:41,6809,DATA,373697962,4G,0.0,3.74
R10-0000126,10,Bayshore,+1-764-342-8221,,2026-06-01 17:24:48,2193,DATA,119770635,5G,0.0,1.2
R10-0000127,10,Bayshore,+1-556-656-8055,,2026-06-01 20:21:24,5075,DATA,456736897,4G,0.0,4.57
R10-0000128,10,Bayshore,+1-277-262-1508,+1-664-298-5237,2026-06-01 00:42:27,3309,VOICE,,4G,0.1,5.52
R10-0000129,10,Bayshore,+1-345-473-5548,,2026-06-01 05:55:09,6905,DATA,89135423,4G,0.0,0.89
R10-0000130,10,Bayshore,+1-663-517-1574,+1-823-400-1246,2026-06-01 20:01:00,2522,VOICE,,4G,0.1,4.2
R10-0000131,10,Bayshore,+1-284-574-1765,+1-782-977-8513,2026-06-01 22:57:59,0,SMS,,4G,0.0,0.05
R10-0000132,10,Bayshore,+1-542-988-5162,+1-378-253-2154,2026-06-01 08:04:01,0,SMS,,5G,0.0,0.05
R10-0000133,10,Bayshore,+1-259-322-1363,+1-765-536-3535,2026-06-01 18:37:26,0,SMS,,3G,0.0,0.05
R10-0000134,10,Bayshore,+1-843-764-6747,+1-382-316-2294,2026-06-01 14:13:45,2636,VOICE,,4G,0.1,4.39
R10-0000135,10,Bayshore,+1-423-919-3085,+1-614-719-3363,2026-06-01 08:27:21,0,SMS,,4G,0.0,0.05
R10-0000136,10,Bayshore,+1-678-559-5214,+1-484-743-1247,2026-06-01 05:42:46,0,SMS,,5G,0.0,0.05
R10-0000137,10,Bayshore,+1-679-755-6216,,2026-06-01 00:28:43,5778,DATA,285798827,3G,0.0,2.86
R10-0000138,10,Bayshore,+1-849-913-2245,+1-643-236-1077,2026-06-01 10:51:10,0,SMS,,4G,0.0,0.05
R10-0000139,10,Bayshore,+1-704-922-0823,+1-589-961-0049,2026-06-01 03:30:00,2144,VOICE,,4G,0.1,3.57
R10-0000140,10,Bayshore,+1-362-735-4124,+1-390-575-6946,2026-06-01 05:10:35,0,SMS,,5G,0.0,0.05
R10-0000141,10,Bayshore,+1-854-448-2276,,2026-06-01 21:10:55,3792,DATA,19157689,5G,0.0,0.19
R10-0000142,10,Bayshore,+1-528-537-0334,,2026-06-01 12:18:53,1550,DATA,256896094,5G,0.0,2.57
R10-0000143,10,Bayshore,+1-899-629-8889,,2026-06-01 03:10:03,3637,DATA,432863514,5G,0.0,4.33
R10-0000144,10,Bayshore,+1-947-896-4220,+1-462-690-2507,2026-06-01 02:32:40,0,SMS,,5G,0.0,0.05
R10-0000145,10,Bayshore,+1-363-886-1963,,2026-06-01 12:17:06,1874,DATA,270667571,4G,0.0,2.71
R10-0000146,10,Bayshore,+1-839-899-3775,+1-609-398-3395,2026-06-01 22:27:34,0,SMS,,3G,0.0,0.05
R10-0000147,10,Bayshore,+1-248-973-8946,+1-873-811-1983,2026-06-01 01:36:17,1080,VOICE,,4G,0.1,1.8
R10-0000148,10,Bayshore,+1-514-411-3858,+1-853-253-4076,2026-06-01 13:00:54,2978,VOICE,,3G,0.12,5.96
R10-0000149,10,Bayshore,+1-795-656-3125,,2026-06-01 06:56:05,5245,DATA,489720457,4G,0.0,4.9
R10-0000150,10,Bayshore,+1-719-377-6259,+1-485-801-0939,2026-06-01 08:11:34,17,VOICE,,4G,0.1,0.03
R10-0000151,10,Bayshore,+1-877-978-6050,+1-408-668-2728,2026-06-01 05:44:06,2276,VOICE,,4G,0.1,3.79
R10-0000152,10,Bayshore,+1-396-983-4061,+1-897-704-3869,2026-06-01 13:25:05,3158,VOICE,,5G,0.08,4.21
R10-0000153,10,Bayshore,+1-883-848-0876,+1-247-416-7512,2026-06-01 12:37:49,1973,VOICE,,4G,0.1,3.29
R10-0000154,10,Bayshore,+1-858-727-3553,,2026-06-01 06:53:10,7100,DATA,72397944,4G,0.0,0.72
R10-0000155,10,Bayshore,+1-586-233-3635,+1-306-388-8947,2026-06-01 07:05:02,967,VOICE,,4G,0.1,1.61
R10-0000156,10,Bayshore,+1-740-926-0449,+1-779-544-6207,2026-06-01 22:57:46,0,SMS,,5G,0.0,0.05
R10-0000157,10,Bayshore,+1-374-874-3004,+1-921-533-3073,2026-06-01 12:03:13,0,SMS,,4G,0.0,0.05
R10-0000158,10,Bayshore,+1-941-476-5132,+1-410-290-1297,2026-06-01 05:33:41,2996,VOICE,,4G,0.1,4.99
R10-0000159,10,Bayshore,+1-803-441-4727,+1-242-624-5372,2026-06-01 19:27:53,1867,VOICE,,4G,0.1,3.11
R10-0000160,10,Bayshore,+1-238-540-9006,+1-699-621-4452,2026-06-01 07:55:32,1740,VOICE,,3G,0.12,3.48
R10-0000161,10,Bayshore,+1-611-737-4379,+1-912-695-7122,2026-06-01 22:59:03,0,VOICE,,4G,0.1,0.0
R10-0000162,10,Bayshore,+1-268-883-3840,+1-204-616-8464,2026-06-01 06:01:08,0,SMS,,4G,0.0,0.05
R10-0000163,10,Bayshore,+1-735-870-6950,,2026-06-01 10:08:33,6191,DATA,395862365,4G,0.0,3.96
R10-0000164,10,Bayshore,+1-343-240-7622,+1-409-800-2770,2026-06-01 14:53:13,3555,VOICE,,4G,0.1,5.93
R10-0000165,10,Bayshore,+1-512-819-0603,,2026-06-01 09:58:55,4154,DATA,441580157,5G,0.0,4.42
R10-0000166,10,Bayshore,+1-377-665-7316,+1-273-246-7535,2026-06-01 03:22:48,0,SMS,,4G,0.0,0.05
R10-0000167,10,Bayshore,+1-567-598-7435,+1-877-730-4539,2026-06-01 22:52:50,1560,VOICE,,3G,0.12,3.12
R10-0000168,10,Bayshore,+1-687-781-4311,,2026-06-01 01:29:28,6271,DATA,176717055,4G,0.0,1.77
R10-0000169,10,Bayshore,+1-260-634-3336,+1-816-454-7464,2026-06-01 10:49:49,3266,VOICE,,5G,0.08,4.35
R10-0000170,10,Bayshore,+1-502-694-6909,,2026-06-01 08:37:09,5091,DATA,489995308,4G,0.0,4.9
R10-0000171,10,Bayshore,+1-557-468-6110,,2026-06-01 21:23:57,4856,DATA,131132967,4G,0.0,1.31
R10-0000172,10,Bayshore,+1-912-634-4348,+1-747-949-4740,2026-06-01 01:51:52,3407,VOICE,,3G,0.12,6.81
R10-0000173,10,Bayshore,+1-320-789-2463,+1-769-918-2841,2026-06-01 01:06:21,141,VOICE,,5G,0.08,0.19
R10-0000174,10,Bayshore,+1-407-476-2508,+1-346-866-1180,2026-06-01 18:19:37,3586,VOICE,,5G,0.08,4.78
R10-0000175,10,Bayshore,+1-961-317-7171,+1-983-386-7386,2026-06-01 07:45:10,0,SMS,,5G,0.0,0.05
R10-0000176,10,Bayshore,+1-313-869-1471,+1-397-972-4969,2026-06-01 10:33:22,2146,VOICE,,5G,0.08,2.86
R10-0000177,10,Bayshore,+1-295-805-8529,+1-850-699-3704,2026-06-01 16:33:24,540,VOICE,,4G,0.1,0.9
R10-0000178,10,Bayshore,+1-649-902-2831,+1-554-903-2089,2026-06-01 04:57:47,2166,VOICE,,5G,0.08,2.89
R10-0000179,10,Bayshore,+1-647-441-6259,+1-415-244-8826,2026-06-01 14:39:03,0,SMS,,4G,0.0,0.05
R10-0000180,10,Bayshore,+1-765-432-9465,,2026-06-01 14:13:53,3681,DATA,144187731,5G,0.0,1.44
R10-0000181,10,Bayshore,+1-705-331-0853,,2026-06-01 21:13:56,693,DATA,304989869,4G,0.0,3.05
R10-0000182,10,Bayshore,+1-333-857-4232,,2026-06-01 10:30:44,2340,DATA,177424318,3G,0.0,1.77
R10-0000183,10,Bayshore,+1-755-209-8894,+1-910-579-7058,2026-06-01 16:56:28,0,SMS,,4G,0.0,0.05
R10-0000184,10,Bayshore,+1-621-465-9178,+1-215-504-0622,2026-06-01 21:31:48,2102,VOICE,,5G,0.08,2.8
R10-0000185,10,Bayshore,+1-979-939-4895,,2026-06-01 20:30:36,6344,DATA,495921428,4G,0.0,4.96
R10-0000186,10,Bayshore,+1-654-599-9885,,2026-06-01 04:50:03,5900,DATA,134910039,4G,0.0,1.35
R10-0000187,10,Bayshore,+1-739-400-3519,+1-497-844-8230,2026-06-01 09:57:22,942,VOICE,,4G,0.1,1.57
R10-0000188,10,Bayshore,+1-564-390-2015,+1-892-690-1618,2026-06-01 02:21:48,0,SMS,,5G,0.0,0.05
R10-0000189,10,Bayshore,+1-828-872-1516,+1-580-626-6380,2026-06-01 14:17:49,3164,VOICE,,5G,0.08,4.22
R10-0000190,10,Bayshore,+1-501-322-8253,+1-460-503-5883,2026-06-01 18:15:10,0,SMS,,4G,0.0,0.05
R10-0000191,10,Bayshore,+1-651-859-4918,+1-773-751-4841,2026-06-01 20:16:49,0,SMS,,4G,0.0,0.05
R10-0000192,10,Bayshore,+1-615-620-4276,+1-497-536-3566,2026-06-01 11:39:48,0,SMS,,5G,0.0,0.05
R10-0000193,10,Bayshore,+1-986-620-7998,,2026-06-01 07:52:38,3203,DATA,451292199,5G,0.0,4.51
R10-0000194,10,Bayshore,+1-525-597-1326,,2026-06-01 18:39:39,6694,DATA,496169005,4G,0.0,4.96
R10-0000195,10,Bayshore,+1-891-307-2624,+1-933-694-8339,2026-06-01 13:32:18,51,VOICE,,3G,0.12,0.1
R10-0000196,10,Bayshore,+1-278-671-8552,+1-358-647-0120,2026-06-01 19:23:59,597,VOICE,,4G,0.1,0.99
R10-0000197,10,Bayshore,+1-272-235-8749,+1-665-771-6938,2026-06-01 08:13:21,811,VOICE,,4G,0.1,1.35
R10-0000198,10,Bayshore,+1-980-439-4981,+1-502-739-7254,2026-06-01 13:57:05,963,VOICE,,5G,0.08,1.28
R10-0000199,10,Bayshore,+1-284-331-3144,+1-613-922-3771,2026-06-01 01:03:38,0,SMS,,4G,0.0,0.05
R10-0000200,10,Bayshore,+1-947-782-1729,,2026-06-01 19:29:46,4896,DATA,408843990,3G,0.0,4.09
R10-0000201,10,Bayshore,+1-606-723-8176,+1-704-735-3171,2026-06-01 01:12:13,627,VOICE,,4G,0.1,1.04
R10-0000202,10,Bayshore,+1-434-330-5268,+1-324-558-9067,2026-06-01 01:59:27,82,VOICE,,4G,0.1,0.14
R10-0000203,10,Bayshore,+1-916-538-0201,+1-703-301-9760,2026-06-01 09:14:57,2295,VOICE,,5G,0.08,3.06
R10-0000204,10,Bayshore,+1-254-643-7094,,2026-06-01 18:58:00,2364,DATA,385761560,4G,0.0,3.86
R10-0000205,10,Bayshore,+1-262-840-4520,,2026-06-01 15:07:41,852,DATA,303794952,4G,0.0,3.04
R10-0000206,10,Bayshore,+1-686-277-6607,+1-528-466-8514,2026-06-01 21:03:46,1517,VOICE,,3G,0.12,3.03
R10-0000207,10,Bayshore,+1-798-590-3826,+1-253-451-9576,2026-06-01 09:48:39,106,VOICE,,4G,0.1,0.18
R10-0000208,10,Bayshore,+1-495-779-1987,+1-979-501-9309,2026-06-01 04:56:02,1364,VOICE,,4G,0.1,2.27
R10-0000209,10,Bayshore,+1-683-852-4675,,2026-06-01 04:02:38,5932,DATA,5299345,4G,0.0,0.05
R10-0000210,10,Bayshore,+1-464-980-7851,,2026-06-01 01:50:55,4026,DATA,293675621,5G,0.0,2.94
R10-0000211,10,Bayshore,+1-558-525-0521,+1-909-306-2219,2026-06-01 22:51:44,0,SMS,,4G,0.0,0.05
R10-0000212,10,Bayshore,+1-644-938-1874,+1-594-292-7036,2026-06-01 20:38:30,0,SMS,,5G,0.0,0.05
R10-0000213,10,Bayshore,+1-483-526-9282,+1-425-612-1201,2026-06-01 11:15:08,351,VOICE,,5G,0.08,0.47
R10-0000214,10,Bayshore,+1-277-723-1418,+1-242-662-9715,2026-06-01 23:00:53,758,VOICE,,3G,0.12,1.52
R10-0000215,10,Bayshore,+1-631-976-5998,+1-409-550-7325,2026-06-01 01:35:52,0,SMS,,4G,0.0,0.05
R10-0000216,10,Bayshore,+1-668-572-7807,+1-317-328-3638,2026-06-01 21:41:04,2389,VOICE,,4G,0.1,3.98
R10-0000217,10,Bayshore,+1-833-856-0306,+1-977-785-1899,2026-06-01 13:20:32,625,VOICE,,5G,0.08,0.83
R10-0000218,10,Bayshore,+1-226-753-2690,+1-512-938-7602,2026-06-01 00:59:26,3529,VOICE,,4G,0.1,5.88
R10-0000219,10,Bayshore,+1-909-844-9072,+1-257-810-0932,2026-06-01 07:32:29,258,VOICE,,4G,0.1,0.43
R10-0000220,10,Bayshore,+1-495-762-0892,,2026-06-01 20:40:47,4169,DATA,349318444,5G,0.0,3.49
R10-0000221,10,Bayshore,+1-930-948-5073,,2026-06-01 06:59:08,5619,DATA,397840212,3G,0.0,3.98
R10-0000222,10,Bayshore,+1-610-455-8301,+1-304-365-2514,2026-06-01 05:13:42,0,SMS,,4G,0.0,0.05
R10-0000223,10,Bayshore,+1-550-402-9062,,2026-06-01 21:53:39,6380,DATA,166541499,4G,0.0,1.67
R10-0000224,10,Bayshore,+1-390-716-8403,+1-825-700-0711,2026-06-01 17:53:35,2415,VOICE,,5G,0.08,3.22
R10-0000225,10,Bayshore,+1-511-623-0896,+1-953-687-0796,2026-06-01 15:01:50,3201,VOICE,,3G,0.12,6.4
R10-0000226,10,Bayshore,+1-330-940-1548,+1-274-939-4677,2026-06-01 02:02:33,0,SMS,,5G,0.0,0.05
R10-0000227,10,Bayshore,+1-402-555-8058,,2026-06-01 22:34:48,4267,DATA,205278223,5G,0.0,2.05
R10-0000228,10,Bayshore,+1-746-583-8967,+1-987-520-7613,2026-06-01 22:01:47,0,SMS,,4G,0.0,0.05
R10-0000229,10,Bayshore,+1-730-612-3518,+1-355-758-8129,2026-06-01 18:04:33,0,SMS,,5G,0.0,0.05
R10-0000230,10,Bayshore,+1-948-840-8366,+1-447-510-2359,2026-06-01 21:07:53,1990,VOICE,,4G,0.1,3.32
R10-0000231,10,Bayshore,+1-483-618-0826,+1-697-708-0169,2026-06-01 06:24:38,839,VOICE,,4G,0.1,1.4
R10-0000232,10,Bayshore,+1-667-207-4399,,2026-06-01 10:00:09,4450,DATA,82659628,4G,0.0,0.83
R10-0000233,10,Bayshore,+1-485-554-2489,,2026-06-01 21:55:20,789,DATA,173657793,5G,0.0,1.74
R10-0000234,10,Bayshore,+1-643-354-0333,+1-459-503-6651,2026-06-01 20:29:46,0,SMS,,4G,0.0,0.05
R10-0000235,10,Bayshore,+1-713-336-2335,,2026-06-01 20:35:16,2618,DATA,137942248,5G,0.0,1.38
R10-0000236,10,Bayshore,+1-362-836-5539,+1-813-776-7344,2026-06-01 10:18:41,1059,VOICE,,5G,0.08,1.41
R10-0000237,10,Bayshore,+1-914-602-7394,+1-759-707-9053,2026-06-01 11:36:03,3268,VOICE,,5G,0.08,4.36
R10-0000238,10,Bayshore,+1-559-475-6398,+1-633-480-1398,2026-06-01 13:38:50,0,SMS,,4G,0.0,0.05
R10-0000239,10,Bayshore,+1-516-877-3921,+1-783-827-8903,2026-06-01 13:35:25,518,VOICE,,4G,0.1,0.86
R10-0000240,10,Bayshore,+1-569-527-1272,+1-672-690-9535,2026-06-01 12:28:03,201,VOICE,,5G,0.08,0.27
R10-0000241,10,Bayshore,+1-493-313-1063,+1-922-920-2808,2026-06-01 06:03:08,0,SMS,,5G,0.0,0.05
R10-0000242,10,Bayshore,+1-679-288-5935,+1-279-738-7767,2026-06-01 17:09:05,454,VOICE,,5G,0.08,0.61
R10-0000243,10,Bayshore,+1-227-417-7059,+1-954-452-6732,2026-06-01 10:40:39,3349,VOICE,,3G,0.12,6.7
R10-0000244,10,Bayshore,+1-956-617-4698,+1-967-901-1108,2026-06-01 02:04:10,2288,VOICE,,4G,0.1,3.81
R10-0000245,10,Bayshore,+1-951-415-9706,,2026-06-01 09:40:53,2826,DATA,49478824,5G,0.0,0.49
R10-0000246,10,Bayshore,+1-838-606-8826,+1-434-766-7249,2026-06-01 00:28:57,0,SMS,,4G,0.0,0.05
R10-0000247,10,Bayshore,+1-341-200-0569,+1-893-365-8026,2026-06-01 09:02:05,1169,VOICE,,5G,0.08,1.56
R10-0000248,10,Bayshore,+1-564-881-9551,+1-645-322-6058,2026-06-01 06:29:13,0,SMS,,4G,0.0,0.05
R10-0000249,10,Bayshore,+1-204-941-2495,,2026-06-01 18:04:34,1734,DATA,52234553,5G,0.0,0.52
R10-0000250,10,Bayshore,+1-334-389-6850,+1-875-898-3622,2026-06-01 08:36:43,0,SMS,,4G,0.0,0.05
R10-0000251,10,Bayshore,+1-465-717-4049,,2026-06-01 03:26:16,6507,DATA,65820616,4G,0.0,0.66
R10-0000252,10,Bayshore,+1-287-797-1886,+1-962-383-9247,2026-06-01 06:33:59,0,SMS,,5G,0.0,0.05
R10-0000253,10,Bayshore,+1-843-294-3706,+1-988-418-2848,2026-06-01 08:02:46,0,SMS,,3G,0.0,0.05
R10-0000254,10,Bayshore,+1-764-435-0805,+1-873-786-4155,2026-06-01 04:38:42,0,SMS,,4G,0.0,0.05
R10-0000255,10,Bayshore,+1-839-717-8237,+1-552-285-7639,2026-06-01 18:57:54,3311,VOICE,,3G,0.12,6.62
R10-0000256,10,Bayshore,+1-986-951-8845,,2026-06-01 19:03:32,957,DATA,384648227,4G,0.0,3.85
R10-0000257,10,Bayshore,+1-345-302-2764,+1-661-994-8989,2026-06-01 03:39:45,2778,VOICE,,4G,0.1,4.63
R10-0000258,10,Bayshore,+1-615-988-6423,+1-245-773-6867,2026-06-01 21:56:59,0,SMS,,5G,0.0,0.05
R10-0000259,10,Bayshore,+1-659-266-1596,+1-987-227-4466,2026-06-01 02:38:42,0,VOICE,,5G,0.08,0.0
R10-0000260,10,Bayshore,+1-464-837-5169,+1-359-731-2329,2026-06-01 08:29:16,621,VOICE,,5G,0.08,0.83
R10-0000261,10,Bayshore,+1-403-775-8953,+1-416-858-3376,2026-06-01 23:39:16,0,SMS,,4G,0.0,0.05
R10-0000262,10,Bayshore,+1-411-629-9198,+1-544-688-3721,2026-06-01 04:40:04,3403,VOICE,,4G,0.1,5.67
R10-0000263,10,Bayshore,+1-592-639-9564,+1-779-836-8153,2026-06-01 16:35:36,1752,VOICE,,4G,0.1,2.92
R10-0000264,10,Bayshore,+1-218-822-2913,+1-591-916-9012,2026-06-01 13:17:45,2085,VOICE,,4G,0.1,3.48
R10-0000265,10,Bayshore,+1-248-370-1227,+1-800-392-0922,2026-06-01 08:22:53,1868,VOICE,,5G,0.08,2.49
R10-0000266,10,Bayshore,+1-289-496-6502,+1-479-963-1177,2026-06-01 10:52:51,0,SMS,,4G,0.0,0.05
R10-0000267,10,Bayshore,+1-777-598-5086,+1-963-701-5037,2026-06-01 19:44:31,2982,VOICE,,3G,0.12,5.96
R10-0000268,10,Bayshore,+1-571-639-7449,+1-731-704-7397,2026-06-01 17:04:07,2291,VOICE,,4G,0.1,3.82
R10-0000269,10,Bayshore,+1-815-463-8222,+1-405-716-4124,2026-06-01 04:25:52,0,SMS,,5G,0.0,0.05
R10-0000270,10,Bayshore,+1-918-999-4200,,2026-06-01 20:21:22,102,DATA,14115167,3G,0.0,0.14
R10-0000271,10,Bayshore,+1-445-319-6541,+1-812-604-4884,2026-06-01 11:53:57,3493,VOICE,,4G,0.1,5.82
R10-0000272,10,Bayshore,+1-247-576-3888,,2026-06-01 21:31:00,807,DATA,7909487,4G,0.0,0.08
R10-0000273,10,Bayshore,+1-784-886-5160,+1-585-921-4965,2026-06-01 17:50:57,2867,VOICE,,5G,0.08,3.82
R10-0000274,10,Bayshore,+1-672-517-1572,+1-968-965-3845,2026-06-01 10:58:37,0,SMS,,4G,0.0,0.05
R10-0000275,10,Bayshore,+1-253-993-7373,+1-659-666-3748,2026-06-01 13:23:52,1917,VOICE,,4G,0.1,3.2
R10-0000276,10,Bayshore,+1-467-351-2008,+1-939-805-0268,2026-06-01 23:21:12,2919,VOICE,,5G,0.08,3.89
R10-0000277,10,Bayshore,+1-981-908-5378,,2026-06-01 16:35:56,6024,DATA,16432881,4G,0.0,0.16
R10-0000278,10,Bayshore,+1-717-712-0160,+1-215-428-0278,2026-06-01 01:46:01,0,SMS,,4G,0.0,0.05
R10-0000279,10,Bayshore,+1-404-902-1274,+1-874-619-5105,2026-06-01 12:00:03,0,VOICE,,4G,0.1,0.0
R10-0000280,10,Bayshore,+1-776-324-2614,+1-669-635-6423,2026-06-01 02:16:09,527,VOICE,,4G,0.1,0.88
R10-0000281,10,Bayshore,+1-739-664-5244,+1-941-656-6511,2026-06-01 01:42:23,0,VOICE,,4G,0.1,0.0
R10-0000282,10,Bayshore,+1-454-963-8234,+1-587-426-2517,2026-06-01 00:37:44,922,VOICE,,4G,0.1,1.54
R10-0000283,10,Bayshore,+1-273-463-5297,+1-985-219-5843,2026-06-01 08:26:47,0,SMS,,4G,0.0,0.05
R10-0000284,10,Bayshore,+1-285-557-8156,+1-543-674-1101,2026-06-01 14:08:42,2849,VOICE,,4G,0.1,4.75
R10-0000285,10,Bayshore,+1-921-476-5652,,2026-06-01 09:07:22,7126,DATA,265765742,3G,0.0,2.66
R10-0000286,10,Bayshore,+1-433-272-9980,+1-790-690-1449,2026-06-01 06:57:17,2575,VOICE,,5G,0.08,3.43
R10-0000287,10,Bayshore,+1-865-760-7028,+1-793-460-5672,2026-06-01 20:08:50,0,SMS,,5G,0.0,0.05
R10-0000288,10,Bayshore,+1-408-801-1519,,2026-06-01 05:24:32,2278,DATA,392153698,4G,0.0,3.92
R10-0000289,10,Bayshore,+1-633-586-0730,,2026-06-01 20:22:59,6637,DATA,351327380,5G,0.0,3.51
R10-0000290,10,Bayshore,+1-638-918-5363,+1-653-348-5219,2026-06-01 02:21:53,2499,VOICE,,4G,0.1,4.17
R10-0000291,10,Bayshore,+1-300-411-3954,+1-333-989-3808,2026-06-01 08:14:38,0,SMS,,4G,0.0,0.05
R10-0000292,10,Bayshore,+1-700-475-1916,+1-717-586-1491,2026-06-01 13:29:27,997,VOICE,,4G,0.1,1.66
R10-0000293,10,Bayshore,+1-327-503-7144,+1-373-864-0499,2026-06-01 16:51:56,3407,VOICE,,3G,0.12,6.81
R10-0000294,10,Bayshore,+1-973-511-6966,+1-761-689-8199,2026-06-01 08:04:01,0,SMS,,5G,0.0,0.05
R10-0000295,10,Bayshore,+1-467-577-4562,+1-267-778-3112,2026-06-01 09:57:58,0,SMS,,5G,0.0,0.05
R10-0000296,10,Bayshore,+1-969-246-5062,,2026-06-01 20:27:55,6249,DATA,409538431,5G,0.0,4.1
R10-0000297,10,Bayshore,+1-468-236-4908,+1-599-647-7328,2026-06-01 08:54:46,0,SMS,,5G,0.0,0.05
R10-0000298,10,Bayshore,+1-322-446-0504,+1-678-774-7929,2026-06-01 11:50:46,0,SMS,,4G,0.0,0.05
R10-0000299,10,Bayshore,+1-282-308-1010,+1-886-691-3132,2026-06-01 06:55:19,2887,VOICE,,4G,0.1,4.81
R10-0000300,10,Bayshore,+1-703-536-8418,+1-977-339-6395,2026-06-01 23:57:22,0,VOICE,,3G,0.12,0.0
R10-0000301,10,Bayshore,+1-509-259-4467,+1-223-455-1153,2026-06-01 18:45:33,835,VOICE,,4G,0.1,1.39
R10-0000302,10,Bayshore,+1-851-556-5869,+1-816-979-0078,2026-06-01 13:26:22,0,SMS,,4G,0.0,0.05
R10-0000303,10,Bayshore,+1-473-866-6056,+1-219-958-7360,2026-06-01 15:54:04,827,VOICE,,4G,0.1,1.38
R10-0000304,10,Bayshore,+1-483-361-5672,,2026-06-01 06:45:36,5561,DATA,157642181,5G,0.0,1.58
R10-0000305,10,Bayshore,+1-271-679-1695,+1-212-218-5838,2026-06-01 10:49:39,1888,VOICE,,4G,0.1,3.15
R10-0000306,10,Bayshore,+1-348-780-9133,+1-503-560-5432,2026-06-01 11:19:06,0,SMS,,3G,0.0,0.05
R10-0000307,10,Bayshore,+1-359-477-3390,,2026-06-01 17:54:10,778,DATA,24551871,3G,0.0,0.25
R10-0000308,10,Bayshore,+1-562-377-9278,+1-497-968-9034,2026-06-01 23:47:37,1168,VOICE,,4G,0.1,1.95
R10-0000309,10,Bayshore,+1-235-888-9444,+1-454-992-6547,2026-06-01 20:37:30,1703,VOICE,,3G,0.12,3.41
R10-0000310,10,Bayshore,+1-432-343-5604,+1-353-663-7370,2026-06-01 20:19:49,0,SMS,,5G,0.0,0.05
R10-0000311,10,Bayshore,+1-511-886-0872,+1-520-668-6203,2026-06-01 14:42:55,2065,VOICE,,5G,0.08,2.75
R10-0000312,10,Bayshore,+1-522-804-1739,+1-567-614-0981,2026-06-01 05:14:39,498,VOICE,,4G,0.1,0.83
R10-0000313,10,Bayshore,+1-314-259-6794,+1-878-312-3924,2026-06-01 14:07:37,0,SMS,,4G,0.0,0.05
R10-0000314,10,Bayshore,+1-923-217-6781,+1-441-371-4337,2026-06-01 01:29:56,0,SMS,,4G,0.0,0.05
R10-0000315,10,Bayshore,+1-638-532-4421,+1-265-934-0141,2026-06-01 15:44:15,395,VOICE,,5G,0.08,0.53
R10-0000316,10,Bayshore,+1-380-398-8981,,2026-06-01 09:04:36,5721,DATA,93418108,4G,0.0,0.93
R10-0000317,10,Bayshore,+1-808-924-6264,,2026-06-01 10:05:34,6637,DATA,154340577,5G,0.0,1.54
R10-0000318,10,Bayshore,+1-447-299-1590,+1-731-465-1901,2026-06-01 14:13:29,0,SMS,,5G,0.0,0.05
R10-0000319,10,Bayshore,+1-882-459-8491,+1-497-852-3063,2026-06-01 20:17:02,2942,VOICE,,4G,0.1,4.9
R10-0000320,10,Bayshore,+1-610-939-9471,+1-647-962-6718,2026-06-01 19:39:32,0,SMS,,4G,0.0,0.05
R10-0000321,10,Bayshore,+1-905-858-7927,+1-559-256-2265,2026-06-01 00:01:53,3076,VOICE,,4G,0.1,5.13
R10-0000322,10,Bayshore,+1-941-625-2003,+1-876-602-9073,2026-06-01 20:02:22,0,SMS,,3G,0.0,0.05
R10-0000323,10,Bayshore,+1-498-869-3843,,2026-06-01 00:14:51,86,DATA,146543212,4G,0.0,1.47
R10-0000324,10,Bayshore,+1-406-645-7554,,2026-06-01 13:30:52,3069,DATA,57528076,4G,0.0,0.58
R10-0000325,10,Bayshore,+1-528-240-9304,,2026-06-01 02:26:41,3920,DATA,280222933,4G,0.0,2.8
R10-0000326,10,Bayshore,+1-536-812-1951,+1-854-836-4558,2026-06-01 08:32:42,2133,VOICE,,5G,0.08,2.84
R10-0000327,10,Bayshore,+1-704-608-4618,+1-272-468-9866,2026-06-01 15:11:43,0,SMS,,5G,0.0,0.05
R10-0000328,10,Bayshore,+1-676-716-2587,,2026-06-01 21:01:05,267,DATA,9352555,4G,0.0,0.09
R10-0000329,10,Bayshore,+1-472-400-8965,+1-644-820-7287,2026-06-01 16:26:00,0,SMS,,4G,0.0,0.05
R10-0000330,10,Bayshore,+1-472-478-5669,+1-638-903-7637,2026-06-01 23:25:47,0,SMS,,4G,0.0,0.05
R10-0000331,10,Bayshore,+1-491-812-6858,+1-413-315-3513,2026-06-01 21:33:13,2225,VOICE,,4G,0.1,3.71
R10-0000332,10,Bayshore,+1-759-601-1123,+1-627-254-9739,2026-06-01 12:21:02,2297,VOICE,,3G,0.12,4.59
R10-0000333,10,Bayshore,+1-260-743-7748,+1-662-776-0493,2026-06-01 04:42:05,2836,VOICE,,4G,0.1,4.73
R10-0000334,10,Bayshore,+1-712-397-1381,,2026-06-01 09:09:29,6339,DATA,210242070,3G,0.0,2.1
R10-0000335,10,Bayshore,+1-328-810-0092,+1-814-315-1720,2026-06-01 10:35:25,1733,VOICE,,3G,0.12,3.47
R10-0000336,10,Bayshore,+1-810-522-7209,+1-630-359-5376,2026-06-01 10:04:34,2392,VOICE,,5G,0.08,3.19
R10-0000337,10,Bayshore,+1-725-618-5842,+1-348-804-9867,2026-06-01 02:50:31,0,SMS,,5G,0.0,0.05
R10-0000338,10,Bayshore,+1-282-553-2127,+1-878-697-6944,2026-06-01 01:34:09,3425,VOICE,,4G,0.1,5.71
R10-0000339,10,Bayshore,+1-732-214-2211,+1-735-695-6364,2026-06-01 12:20:24,2827,VOICE,,4G,0.1,4.71
R10-0000340,10,Bayshore,+1-295-806-2484,+1-436-434-0066,2026-06-01 13:57:40,0,SMS,,4G,0.0,0.05
R10-0000341,10,Bayshore,+1-722-712-1188,+1-924-840-3650,2026-06-01 19:38:27,0,SMS,,5G,0.0,0.05
R10-0000342,10,Bayshore,+1-887-799-1461,+1-517-573-2507,2026-06-01 03:52:53,0,SMS,,3G,0.0,0.05
R10-0000343,10,Bayshore,+1-624-708-5081,+1-551-966-3597,2026-06-01 22:01:47,370,VOICE,,4G,0.1,0.62
R10-0000344,10,Bayshore,+1-815-855-1189,+1-624-701-5558,2026-06-01 05:19:19,0,SMS,,4G,0.0,0.05
R10-0000345,10,Bayshore,+1-639-960-8953,+1-756-875-7086,2026-06-01 04:49:09,2173,VOICE,,4G,0.1,3.62
R10-0000346,10,Bayshore,+1-780-869-1736,+1-905-236-8919,2026-06-01 23:24:30,0,SMS,,4G,0.0,0.05
R10-0000347,10,Bayshore,+1-876-511-8128,+1-285-475-8691,2026-06-01 07:24:45,0,SMS,,4G,0.0,0.05
R10-0000348,10,Bayshore,+1-626-605-7295,+1-604-673-5436,2026-06-01 11:19:19,1982,VOICE,,5G,0.08,2.64
R10-0000349,10,Bayshore,+1-241-524-3032,+1-913-433-3294,2026-06-01 08:45:44,1440,VOICE,,4G,0.1,2.4
R10-0000350,10,Bayshore,+1-277-744-5099,+1-524-723-1762,2026-06-01 16:29:11,2182,VOICE,,4G,0.1,3.64
R10-0000351,10,Bayshore,+1-414-954-6759,+1-605-613-8486,2026-06-01 08:17:02,0,SMS,,5G,0.0,0.05
R10-0000352,10,Bayshore,+1-517-225-4995,+1-503-422-7651,2026-06-01 11:46:56,0,SMS,,3G,0.0,0.05
R10-0000353,10,Bayshore,+1-377-282-1026,+1-247-649-4807,2026-06-01 23:18:28,2476,VOICE,,5G,0.08,3.3
R10-0000354,10,Bayshore,+1-355-850-9817,+1-751-482-6408,2026-06-01 03:17:12,0,SMS,,4G,0.0,0.05
R10-0000355,10,Bayshore,+1-584-601-0233,+1-501-253-8431,2026-06-01 23:15:22,590,VOICE,,4G,0.1,0.98
R10-0000356,10,Bayshore,+1-842-708-0468,+1-266-944-3296,2026-06-01 01:03:08,3341,VOICE,,5G,0.08,4.45
R10-0000357,10,Bayshore,+1-449-500-8297,,2026-06-01 15:22:56,2986,DATA,401171706,5G,0.0,4.01
R10-0000358,10,Bayshore,+1-371-974-2598,+1-795-274-3258,2026-06-01 12:25:36,3462,VOICE,,5G,0.08,4.62
R10-0000359,10,Bayshore,+1-595-500-4379,+1-527-659-6045,2026-06-01 22:12:25,1454,VOICE,,4G,0.1,2.42
R10-0000360,10,Bayshore,+1-395-431-0870,+1-764-519-5009,2026-06-01 04:53:01,2784,VOICE,,4G,0.1,4.64
R10-0000361,10,Bayshore,+1-955-336-8870,+1-549-534-8915,2026-06-01 23:19:16,0,SMS,,5G,0.0,0.05
R10-0000362,10,Bayshore,+1-632-780-8959,+1-587-560-2025,2026-06-01 07:36:15,0,SMS,,5G,0.0,0.05
R10-0000363,10,Bayshore,+1-367-573-0940,+1-616-899-0321,2026-06-01 08:58:28,0,SMS,,4G,0.0,0.05
R10-0000364,10,Bayshore,+1-765-312-7005,+1-509-430-2564,2026-06-01 18:27:08,0,SMS,,5G,0.0,0.05
R10-0000365,10,Bayshore,+1-891-316-2381,+1-286-620-2629,2026-06-01 23:20:26,0,SMS,,4G,0.0,0.05
R10-0000366,10,Bayshore,+1-434-776-8516,+1-683-965-9168,2026-06-01 22:44:57,0,SMS,,5G,0.0,0.05
R10-0000367,10,Bayshore,+1-224-316-6860,+1-515-481-7829,2026-06-01 18:10:54,753,VOICE,,4G,0.1,1.26
R10-0000368,10,Bayshore,+1-390-575-4075,+1-442-685-1311,2026-06-01 01:36:43,2986,VOICE,,4G,0.1,4.98
R10-0000369,10,Bayshore,+1-899-468-9329,,2026-06-01 23:38:33,5979,DATA,264841115,4G,0.0,2.65
R10-0000370,10,Bayshore,+1-296-307-9559,+1-228-204-8614,2026-06-01 08:19:24,0,SMS,,5G,0.0,0.05
R10-0000371,10,Bayshore,+1-595-857-1301,+1-319-978-2093,2026-06-01 13:49:59,3549,VOICE,,3G,0.12,7.1
R10-0000372,10,Bayshore,+1-656-442-2301,+1-236-500-7662,2026-06-01 22:15:50,37,VOICE,,3G,0.12,0.07
R10-0000373,10,Bayshore,+1-305-816-7490,+1-233-710-3674,2026-06-01 11:26:57,2579,VOICE,,5G,0.08,3.44
R10-0000374,10,Bayshore,+1-831-380-6777,+1-436-856-5846,2026-06-01 11:48:33,0,SMS,,3G,0.0,0.05
R10-0000375,10,Bayshore,+1-874-401-7442,,2026-06-01 16:51:48,687,DATA,114843976,3G,0.0,1.15
R10-0000376,10,Bayshore,+1-782-538-5926,+1-907-896-9425,2026-06-01 14:04:42,0,SMS,,5G,0.0,0.05
R10-0000377,10,Bayshore,+1-430-467-6255,+1-958-207-1803,2026-06-01 04:20:32,0,VOICE,,4G,0.1,0.0
R10-0000378,10,Bayshore,+1-768-887-7630,+1-545-884-2958,2026-06-01 03:16:38,0,SMS,,3G,0.0,0.05
R10-0000379,10,Bayshore,+1-416-641-5280,+1-950-665-5304,2026-06-01 00:22:33,2289,VOICE,,3G,0.12,4.58
R10-0000380,10,Bayshore,+1-204-243-8651,,2026-06-01 08:33:15,1367,DATA,149835774,4G,0.0,1.5
R10-0000381,10,Bayshore,+1-827-693-6992,+1-392-797-8047,2026-06-01 22:26:23,1696,VOICE,,4G,0.1,2.83
R10-0000382,10,Bayshore,+1-702-507-1041,+1-802-333-8814,2026-06-01 18:48:35,20,VOICE,,5G,0.08,0.03
R10-0000383,10,Bayshore,+1-219-668-2551,+1-886-238-1363,2026-06-01 05:22:09,355,VOICE,,5G,0.08,0.47
R10-0000384,10,Bayshore,+1-593-252-9591,+1-813-465-2116,2026-06-01 23:42:04,0,SMS,,4G,0.0,0.05
R10-0000385,10,Bayshore,+1-900-868-0339,+1-958-976-9230,2026-06-01 15:37:38,0,SMS,,4G,0.0,0.05
R10-0000386,10,Bayshore,+1-418-709-1603,+1-311-213-3325,2026-06-01 18:12:01,0,SMS,,4G,0.0,0.05
R10-0000387,10,Bayshore,+1-435-910-8108,+1-700-410-2764,2026-06-01 02:24:36,2809,VOICE,,4G,0.1,4.68
R10-0000388,10,Bayshore,+1-335-431-2635,+1-399-516-3281,2026-06-01 04:58:00,0,SMS,,5G,0.0,0.05
R10-0000389,10,Bayshore,+1-394-646-8417,+1-640-372-3452,2026-06-01 06:35:33,1035,VOICE,,3G,0.12,2.07
R10-0000390,10,Bayshore,+1-964-449-3939,+1-977-701-1951,2026-06-01 05:45:55,98,VOICE,,4G,0.1,0.16
R10-0000391,10,Bayshore,+1-565-567-1756,+1-708-872-8429,2026-06-01 17:43:24,763,VOICE,,4G,0.1,1.27
R10-0000392,10,Bayshore,+1-610-941-3432,+1-491-258-1630,2026-06-01 09:13:52,0,SMS,,4G,0.0,0.05
R10-0000393,10,Bayshore,+1-572-783-4647,+1-933-469-6563,2026-06-01 05:22:47,0,SMS,,5G,0.0,0.05
R10-0000394,10,Bayshore,+1-921-860-7475,+1-775-713-2365,2026-06-01 11:38:20,1118,VOICE,,4G,0.1,1.86
R10-0000395,10,Bayshore,+1-549-555-2714,,2026-06-01 02:46:46,5257,DATA,295362902,3G,0.0,2.95
R10-0000396,10,Bayshore,+1-623-511-6327,+1-429-820-2823,2026-06-01 21:09:42,0,VOICE,,5G,0.08,0.0
R10-0000397,10,Bayshore,+1-749-386-0260,+1-897-580-8185,2026-06-01 18:11:54,0,SMS,,4G,0.0,0.05
R10-0000398,10,Bayshore,+1-221-775-9008,+1-293-584-6274,2026-06-01 22:53:18,1304,VOICE,,5G,0.08,1.74
R10-0000399,10,Bayshore,+1-231-949-9607,,2026-06-01 13:52:22,459,DATA,168170061,5G,0.0,1.68
R10-0000400,10,Bayshore,+1-424-540-3944,+1-905-417-0523,2026-06-01 18:09:32,3162,VOICE,,4G,0.1,5.27
R10-0000401,10,Bayshore,+1-841-823-9144,+1-983-795-9148,2026-06-01 02:13:42,777,VOICE,,5G,0.08,1.04
R10-0000402,10,Bayshore,+1-394-609-5012,+1-200-677-2687,2026-06-01 07:07:40,881,VOICE,,4G,0.1,1.47
R10-0000403,10,Bayshore,+1-217-727-2132,,2026-06-01 19:53:50,545,DATA,257151677,4G,0.0,2.57
R10-0000404,10,Bayshore,+1-780-594-6500,+1-504-852-8436,2026-06-01 15:17:23,0,SMS,,3G,0.0,0.05
R10-0000405,10,Bayshore,+1-696-791-1460,+1-912-498-1303,2026-06-01 08:32:05,2877,VOICE,,4G,0.1,4.8
R10-0000406,10,Bayshore,+1-441-969-8324,+1-480-960-0203,2026-06-01 14:23:10,0,SMS,,4G,0.0,0.05
R10-0000407,10,Bayshore,+1-454-864-2785,+1-516-424-8487,2026-06-01 00:43:45,2921,VOICE,,5G,0.08,3.89
R10-0000408,10,Bayshore,+1-623-248-4894,+1-570-816-3562,2026-06-01 19:23:11,0,SMS,,3G,0.0,0.05
R10-0000409,10,Bayshore,+1-916-714-6291,+1-458-511-9423,2026-06-01 16:04:46,1583,VOICE,,3G,0.12,3.17
R10-0000410,10,Bayshore,+1-635-267-0797,+1-970-312-9273,2026-06-01 09:14:29,565,VOICE,,5G,0.08,0.75
R10-0000411,10,Bayshore,+1-271-438-9073,+1-760-734-6324,2026-06-01 01:15:48,0,SMS,,3G,0.0,0.05
R10-0000412,10,Bayshore,+1-372-457-0213,+1-442-893-9844,2026-06-01 07:25:58,0,SMS,,3G,0.0,0.05
R10-0000413,10,Bayshore,+1-836-633-2908,+1-616-850-5472,2026-06-01 10:41:26,0,SMS,,4G,0.0,0.05
R10-0000414,10,Bayshore,+1-653-920-6493,,2026-06-01 05:49:21,521,DATA,156250766,4G,0.0,1.56
R10-0000415,10,Bayshore,+1-247-710-8279,+1-228-952-2837,2026-06-01 03:09:21,0,SMS,,5G,0.0,0.05
R10-0000416,10,Bayshore,+1-771-786-0413,+1-802-645-6072,2026-06-01 13:58:49,242,VOICE,,3G,0.12,0.48
R10-0000417,10,Bayshore,+1-518-704-6955,+1-348-320-5579,2026-06-01 12:41:52,0,SMS,,3G,0.0,0.05
R10-0000418,10,Bayshore,+1-376-965-1043,+1-211-595-4337,2026-06-01 10:01:53,0,SMS,,4G,0.0,0.05
R10-0000419,10,Bayshore,+1-210-796-5151,+1-242-701-3901,2026-06-01 00:47:25,0,SMS,,4G,0.0,0.05
R10-0000420,10,Bayshore,+1-731-721-7440,+1-536-241-7791,2026-06-01 05:08:08,0,SMS,,4G,0.0,0.05
R10-0000421,10,Bayshore,+1-647-616-3334,+1-685-687-7224,2026-06-01 02:01:30,2816,VOICE,,4G,0.1,4.69
R10-0000422,10,Bayshore,+1-859-659-1621,+1-860-261-4553,2026-06-01 21:56:07,0,SMS,,3G,0.0,0.05
R10-0000423,10,Bayshore,+1-596-209-9754,+1-238-246-6828,2026-06-01 05:34:49,0,SMS,,5G,0.0,0.05
R10-0000424,10,Bayshore,+1-417-843-9875,+1-667-541-5313,2026-06-01 13:32:51,2183,VOICE,,4G,0.1,3.64
R10-0000425,10,Bayshore,+1-629-876-1451,+1-433-386-4440,2026-06-01 02:26:06,0,SMS,,4G,0.0,0.05
R10-0000426,10,Bayshore,+1-762-319-9131,,2026-06-01 17:18:01,174,DATA,398357218,4G,0.0,3.98
R10-0000427,10,Bayshore,+1-526-834-3878,+1-239-866-1063,2026-06-01 07:26:57,0,SMS,,4G,0.0,0.05
R10-0000428,10,Bayshore,+1-463-399-6748,+1-406-921-0838,2026-06-01 17:26:12,2359,VOICE,,3G,0.12,4.72
R10-0000429,10,Bayshore,+1-202-352-9957,+1-886-885-5028,2026-06-01 19:33:46,1953,VOICE,,4G,0.1,3.25
R10-0000430,10,Bayshore,+1-490-871-7440,+1-597-671-4498,2026-06-01 08:49:40,0,SMS,,4G,0.0,0.05
R10-0000431,10,Bayshore,+1-226-596-2439,+1-598-837-4677,2026-06-01 07:26:42,571,VOICE,,4G,0.1,0.95
R10-0000432,10,Bayshore,+1-307-480-7644,+1-315-844-2330,2026-06-01 22:43:21,0,SMS,,4G,0.0,0.05
R10-0000433,10,Bayshore,+1-355-461-8190,,2026-06-01 02:32:35,6210,DATA,426363373,4G,0.0,4.26
R10-0000434,10,Bayshore,+1-562-434-6951,,2026-06-01 10:57:52,507,DATA,164649618,3G,0.0,1.65
R10-0000435,10,Bayshore,+1-972-575-7148,+1-486-651-8437,2026-06-01 09:08:17,1785,VOICE,,3G,0.12,3.57
R10-0000436,10,Bayshore,+1-685-506-4845,+1-887-391-2443,2026-06-01 04:58:16,2452,VOICE,,4G,0.1,4.09
R10-0000437,10,Bayshore,+1-902-720-8930,+1-298-679-2531,2026-06-01 05:47:35,0,SMS,,3G,0.0,0.05
R10-0000438,10,Bayshore,+1-662-700-8873,+1-646-703-0874,2026-06-01 05:42:36,3171,VOICE,,4G,0.1,5.29
R10-0000439,10,Bayshore,+1-818-523-4526,+1-659-650-6131,2026-06-01 22:57:03,773,VOICE,,5G,0.08,1.03
R10-0000440,10,Bayshore,+1-831-480-7301,+1-679-230-3036,2026-06-01 16:54:20,0,SMS,,5G,0.0,0.05
R10-0000441,10,Bayshore,+1-600-366-0274,+1-278-906-2723,2026-06-01 07:20:02,0,SMS,,5G,0.0,0.05
R10-0000442,10,Bayshore,+1-686-922-8481,,2026-06-01 13:34:31,90,DATA,273797221,5G,0.0,2.74
R10-0000443,10,Bayshore,+1-630-622-8453,+1-617-487-0130,2026-06-01 08:51:59,0,SMS,,4G,0.0,0.05
R10-0000444,10,Bayshore,+1-958-233-0585,+1-606-349-1298,2026-06-01 14:05:45,390,VOICE,,5G,0.08,0.52
R10-0000445,10,Bayshore,+1-728-979-0861,+1-778-892-0828,2026-06-01 14:14:24,0,SMS,,5G,0.0,0.05
R10-0000446,10,Bayshore,+1-950-927-2082,+1-967-686-2873,2026-06-01 02:21:25,0,SMS,,4G,0.0,0.05
R10-0000447,10,Bayshore,+1-734-285-7222,,2026-06-01 08:54:26,3414,DATA,387646863,4G,0.0,3.88
R10-0000448,10,Bayshore,+1-495-880-3783,+1-360-639-2587,2026-06-01 21:45:39,737,VOICE,,4G,0.1,1.23
R10-0000449,10,Bayshore,+1-324-915-6436,+1-770-896-2177,2026-06-01 22:43:17,0,SMS,,3G,0.0,0.05
R10-0000450,10,Bayshore,+1-494-720-8549,+1-723-874-6103,2026-06-01 20:42:28,491,VOICE,,4G,0.1,0.82
R10-0000451,10,Bayshore,+1-515-656-0089,,2026-06-01 18:18:35,6433,DATA,407690142,4G,0.0,4.08
R10-0000452,10,Bayshore,+1-808-541-1596,+1-806-875-0107,2026-06-01 07:29:08,2221,VOICE,,4G,0.1,3.7
R10-0000453,10,Bayshore,+1-356-586-4419,+1-521-857-8657,2026-06-01 21:23:23,0,SMS,,5G,0.0,0.05
R10-0000454,10,Bayshore,+1-259-999-3793,+1-539-852-3594,2026-06-01 15:46:05,2408,VOICE,,3G,0.12,4.82
R10-0000455,10,Bayshore,+1-578-913-7572,+1-729-204-1375,2026-06-01 13:43:33,0,SMS,,4G,0.0,0.05
R10-0000456,10,Bayshore,+1-558-213-7357,+1-577-686-9044,2026-06-01 05:35:00,0,SMS,,4G,0.0,0.05
R10-0000457,10,Bayshore,+1-931-719-2210,,2026-06-01 10:16:48,3278,DATA,169232387,4G,0.0,1.69
R10-0000458,10,Bayshore,+1-723-619-6904,+1-508-497-3766,2026-06-01 13:02:07,0,SMS,,4G,0.0,0.05
R10-0000459,10,Bayshore,+1-504-767-4563,+1-405-679-6869,2026-06-01 05:38:39,368,VOICE,,4G,0.1,0.61
R10-0000460,10,Bayshore,+1-422-449-0666,+1-533-579-5649,2026-06-01 22:26:13,2551,VOICE,,4G,0.1,4.25
R10-0000461,10,Bayshore,+1-452-507-0435,+1-722-761-7278,2026-06-01 04:51:21,68,VOICE,,4G,0.1,0.11
R10-0000462,10,Bayshore,+1-831-843-0110,+1-933-379-2232,2026-06-01 01:36:48,3461,VOICE,,4G,0.1,5.77
R10-0000463,10,Bayshore,+1-802-794-2540,,2026-06-01 18:54:56,5537,DATA,83248893,4G,0.0,0.83
R10-0000464,10,Bayshore,+1-293-978-2192,+1-295-556-2441,2026-06-01 17:48:29,476,VOICE,,4G,0.1,0.79
R10-0000465,10,Bayshore,+1-987-344-1620,,2026-06-01 15:36:57,2865,DATA,280303255,4G,0.0,2.8
R10-0000466,10,Bayshore,+1-893-492-8456,+1-516-976-2689,2026-06-01 22:46:20,2200,VOICE,,4G,0.1,3.67
R10-0000467,10,Bayshore,+1-691-635-3759,+1-934-394-9507,2026-06-01 16:08:08,1508,VOICE,,4G,0.1,2.51
R10-0000468,10,Bayshore,+1-467-212-2473,+1-977-927-2055,2026-06-01 03:12:56,433,VOICE,,4G,0.1,0.72
R10-0000469,10,Bayshore,+1-416-290-8881,+1-816-588-8113,2026-06-01 09:06:03,0,SMS,,4G,0.0,0.05
R10-0000470,10,Bayshore,+1-912-808-9222,+1-349-493-6882,2026-06-01 01:51:19,533,VOICE,,4G,0.1,0.89
R10-0000471,10,Bayshore,+1-267-314-5864,+1-744-738-8948,2026-06-01 20:48:56,1190,VOICE,,4G,0.1,1.98
R10-0000472,10,Bayshore,+1-846-382-3788,+1-464-694-8540,2026-06-01 12:57:47,1968,VOICE,,4G,0.1,3.28
R10-0000473,10,Bayshore,+1-790-616-0395,+1-687-638-2870,2026-06-01 12:17:14,142,VOICE,,4G,0.1,0.24
R10-0000474,10,Bayshore,+1-318-506-2633,+1-366-849-5536,2026-06-01 17:52:38,102,VOICE,,4G,0.1,0.17
R10-0000475,10,Bayshore,+1-227-293-4142,+1-632-218-0863,2026-06-01 23:54:59,0,VOICE,,4G,0.1,0.0
R10-0000476,10,Bayshore,+1-311-464-7551,+1-935-819-3048,2026-06-01 12:24:20,0,SMS,,4G,0.0,0.05
R10-0000477,10,Bayshore,+1-288-508-1504,,2026-06-01 10:49:50,1236,DATA,260555547,5G,0.0,2.61
R10-0000478,10,Bayshore,+1-657-841-2869,+1-818-689-2963,2026-06-01 00:36:12,0,SMS,,5G,0.0,0.05
R10-0000479,10,Bayshore,+1-321-301-6632,+1-756-389-1921,2026-06-01 12:52:29,293,VOICE,,5G,0.08,0.39
R10-0000480,10,Bayshore,+1-819-417-5915,+1-258-422-1528,2026-06-01 01:56:26,0,SMS,,4G,0.0,0.05
R10-0000481,10,Bayshore,+1-718-552-0694,+1-976-808-1099,2026-06-01 12:45:29,0,SMS,,3G,0.0,0.05
R10-0000482,10,Bayshore,+1-898-449-4798,+1-525-305-1121,2026-06-01 15:07:10,1804,VOICE,,4G,0.1,3.01
R10-0000483,10,Bayshore,+1-536-875-9178,+1-250-752-0060,2026-06-01 06:32:46,0,SMS,,5G,0.0,0.05
R10-0000484,10,Bayshore,+1-575-341-3623,+1-692-403-1718,2026-06-01 18:03:14,0,SMS,,5G,0.0,0.05
R10-0000485,10,Bayshore,+1-440-331-2126,+1-772-707-4388,2026-06-01 10:37:35,332,VOICE,,3G,0.12,0.66
R10-0000486,10,Bayshore,+1-910-624-0531,+1-751-501-8879,2026-06-01 03:26:55,1380,VOICE,,4G,0.1,2.3
R10-0000487,10,Bayshore,+1-490-200-7384,+1-490-948-9089,2026-06-01 09:44:27,2913,VOICE,,4G,0.1,4.86
R10-0000488,10,Bayshore,+1-468-733-3291,,2026-06-01 06:08:12,5884,DATA,136814638,5G,0.0,1.37
R10-0000489,10,Bayshore,+1-380-232-1336,+1-748-504-6001,2026-06-01 16:01:42,0,SMS,,5G,0.0,0.05
R10-0000490,10,Bayshore,+1-658-971-2767,+1-314-782-1918,2026-06-01 16:48:47,0,VOICE,,4G,0.1,0.0
R10-0000491,10,Bayshore,+1-880-808-0144,+1-749-332-9956,2026-06-01 07:59:17,648,VOICE,,5G,0.08,0.86
R10-0000492,10,Bayshore,+1-973-403-6685,+1-514-544-3875,2026-06-01 15:03:28,3134,VOICE,,5G,0.08,4.18
R10-0000493,10,Bayshore,+1-203-758-5305,+1-366-579-0103,2026-06-01 12:01:32,3093,VOICE,,3G,0.12,6.19
R10-0000494,10,Bayshore,+1-236-750-5261,+1-767-608-2258,2026-06-01 01:52:49,2013,VOICE,,4G,0.1,3.35
R10-0000495,10,Bayshore,+1-723-794-7917,+1-399-292-0309,2026-06-01 10:47:08,214,VOICE,,5G,0.08,0.29
R10-0000496,10,Bayshore,+1-887-564-3657,,2026-06-01 22:16:27,6857,DATA,210050501,4G,0.0,2.1
R10-0000497,10,Bayshore,+1-564-404-1924,+1-562-840-0652,2026-06-01 15:37:01,0,SMS,,4G,0.0,0.05
R10-0000498,10,Bayshore,+1-259-940-4883,+1-642-873-6654,2026-06-01 05:56:18,125,VOICE,,4G,0.1,0.21
R10-0000499,10,Bayshore,+1-713-370-9054,+1-780-765-2683,2026-06-01 11:33:48,0,VOICE,,4G,0.1,0.0
R10-0000500,10,Bayshore,+1-250-562-0967,+1-330-409-4097,2026-06-01 02:23:21,0,SMS,,4G,0.0,0.05
R10-0000501,10,Bayshore,+1-234-457-5771,,2026-06-01 18:08:00,4714,DATA,289697177,4G,0.0,2.9
R10-0000502,10,Bayshore,+1-347-651-7243,+1-679-293-6879,2026-06-01 22:30:04,352,VOICE,,4G,0.1,0.59
R10-0000503,10,Bayshore,+1-682-863-0210,+1-506-762-2203,2026-06-01 10:04:39,0,SMS,,4G,0.0,0.05
R10-0000504,10,Bayshore,+1-957-250-7462,+1-450-373-4427,2026-06-01 19:11:13,438,VOICE,,4G,0.1,0.73
R10-0000505,10,Bayshore,+1-335-805-8430,+1-826-655-4220,2026-06-01 02:03:09,3224,VOICE,,3G,0.12,6.45
R10-0000506,10,Bayshore,+1-562-633-2879,+1-484-272-1512,2026-06-01 10:31:30,2630,VOICE,,5G,0.08,3.51
R10-0000507,10,Bayshore,+1-785-605-4325,+1-384-209-9716,2026-06-01 08:03:03,1485,VOICE,,4G,0.1,2.48
R10-0000508,10,Bayshore,+1-925-403-1377,+1-497-791-5690,2026-06-01 02:55:50,1777,VOICE,,4G,0.1,2.96
R10-0000509,10,Bayshore,+1-322-680-3930,+1-329-313-0501,2026-06-01 08:07:58,2794,VOICE,,4G,0.1,4.66
R10-0000510,10,Bayshore,+1-793-337-9805,,2026-06-01 20:14:01,805,DATA,490523560,4G,0.0,4.91
R10-0000511,10,Bayshore,+1-986-311-0563,,2026-06-01 07:32:17,787,DATA,155533249,5G,0.0,1.56
R10-0000512,10,Bayshore,+1-638-542-3846,+1-803-632-2423,2026-06-01 17:53:00,2046,VOICE,,4G,0.1,3.41
R10-0000513,10,Bayshore,+1-969-495-1922,+1-271-859-0617,2026-06-01 08:50:27,2272,VOICE,,4G,0.1,3.79
R10-0000514,10,Bayshore,+1-872-237-1884,,2026-06-01 06:12:24,3808,DATA,211134207,3G,0.0,2.11
R10-0000515,10,Bayshore,+1-726-824-4600,,2026-06-01 19:07:22,5383,DATA,346393448,4G,0.0,3.46
R10-0000516,10,Bayshore,+1-574-884-3044,+1-815-326-8285,2026-06-01 09:14:35,3308,VOICE,,4G,0.1,5.51
R10-0000517,10,Bayshore,+1-782-566-9453,+1-626-332-4236,2026-06-01 23:58:19,2551,VOICE,,4G,0.1,4.25
R10-0000518,10,Bayshore,+1-457-325-3182,+1-459-976-6632,2026-06-01 10:57:57,2573,VOICE,,5G,0.08,3.43
R10-0000519,10,Bayshore,+1-248-434-6464,+1-512-689-8477,2026-06-01 10:13:04,801,VOICE,,4G,0.1,1.33
R10-0000520,10,Bayshore,+1-775-742-9889,+1-440-541-9494,2026-06-01 11:18:57,1960,VOICE,,5G,0.08,2.61
R10-0000521,10,Bayshore,+1-555-906-1299,,2026-06-01 19:20:31,5477,DATA,44465590,4G,0.0,0.44
R10-0000522,10,Bayshore,+1-488-944-7009,+1-242-606-1914,2026-06-01 20:12:22,0,SMS,,4G,0.0,0.05
R10-0000523,10,Bayshore,+1-853-469-3796,+1-368-996-3501,2026-06-01 20:40:25,1301,VOICE,,5G,0.08,1.73
R10-0000524,10,Bayshore,+1-274-409-2413,+1-539-516-7122,2026-06-01 19:29:16,2901,VOICE,,5G,0.08,3.87
R10-0000525,10,Bayshore,+1-648-281-1948,,2026-06-01 19:10:13,6242,DATA,164073002,4G,0.0,1.64
R10-0000526,10,Bayshore,+1-986-946-1636,+1-681-448-3180,2026-06-01 01:02:22,0,SMS,,4G,0.0,0.05
R10-0000527,10,Bayshore,+1-613-254-9739,+1-222-699-0709,2026-06-01 17:09:04,182,VOICE,,5G,0.08,0.24
R10-0000528,10,Bayshore,+1-417-428-7680,,2026-06-01 18:38:23,2754,DATA,442379949,4G,0.0,4.42
R10-0000529,10,Bayshore,+1-981-872-5840,+1-386-624-1499,2026-06-01 04:44:02,0,SMS,,5G,0.0,0.05
R10-0000530,10,Bayshore,+1-241-864-5102,,2026-06-01 05:12:06,2578,DATA,414989225,4G,0.0,4.15
R10-0000531,10,Bayshore,+1-934-425-6404,+1-256-629-4935,2026-06-01 22:09:03,327,VOICE,,4G,0.1,0.55
R10-0000532,10,Bayshore,+1-359-976-7773,+1-271-976-0545,2026-06-01 22:58:33,1430,VOICE,,4G,0.1,2.38
R10-0000533,10,Bayshore,+1-563-376-8265,+1-395-295-7103,2026-06-01 16:13:11,2114,VOICE,,4G,0.1,3.52
R10-0000534,10,Bayshore,+1-755-220-5626,+1-895-857-4509,2026-06-01 04:02:36,759,VOICE,,3G,0.12,1.52
R10-0000535,10,Bayshore,+1-464-761-6090,+1-735-575-8417,2026-06-01 22:17:22,2319,VOICE,,3G,0.12,4.64
R10-0000536,10,Bayshore,+1-904-230-0313,+1-964-925-1322,2026-06-01 10:37:17,0,SMS,,5G,0.0,0.05
R10-0000537,10,Bayshore,+1-664-312-9817,+1-979-777-2989,2026-06-01 05:14:23,2292,VOICE,,5G,0.08,3.06
R10-0000538,10,Bayshore,+1-280-563-3135,+1-787-665-5405,2026-06-01 23:17:50,0,SMS,,4G,0.0,0.05
R10-0000539,10,Bayshore,+1-479-907-6348,+1-319-756-4399,2026-06-01 20:01:28,0,VOICE,,5G,0.08,0.0
R10-0000540,10,Bayshore,+1-939-788-6487,+1-530-736-1538,2026-06-01 13:15:55,261,VOICE,,4G,0.1,0.43
R10-0000541,10,Bayshore,+1-236-891-3755,+1-287-973-7534,2026-06-01 05:00:30,0,SMS,,5G,0.0,0.05
R10-0000542,10,Bayshore,+1-279-247-1416,,2026-06-01 23:37:13,233,DATA,67887074,5G,0.0,0.68
R10-0000543,10,Bayshore,+1-928-290-2395,+1-241-240-3112,2026-06-01 18:13:19,1701,VOICE,,5G,0.08,2.27
R10-0000544,10,Bayshore,+1-206-402-2928,+1-409-653-9501,2026-06-01 16:42:26,0,SMS,,4G,0.0,0.05
R10-0000545,10,Bayshore,+1-402-745-1146,,2026-06-01 01:00:41,2865,DATA,297568956,4G,0.0,2.98
R10-0000546,10,Bayshore,+1-960-803-8071,+1-769-762-5976,2026-06-01 08:34:53,2878,VOICE,,5G,0.08,3.84
R10-0000547,10,Bayshore,+1-432-866-8492,+1-953-885-7773,2026-06-01 16:59:12,0,SMS,,3G,0.0,0.05
R10-0000548,10,Bayshore,+1-517-563-4545,+1-365-360-2889,2026-06-01 06:49:12,1972,VOICE,,5G,0.08,2.63
R10-0000549,10,Bayshore,+1-521-399-6320,+1-884-669-2967,2026-06-01 07:33:41,0,SMS,,4G,0.0,0.05
R10-0000550,10,Bayshore,+1-978-270-8182,+1-769-645-7436,2026-06-01 16:47:44,818,VOICE,,4G,0.1,1.36
R10-0000551,10,Bayshore,+1-350-839-1423,+1-236-406-5171,2026-06-01 13:32:23,3001,VOICE,,3G,0.12,6.0
R10-0000552,10,Bayshore,+1-341-910-6178,,2026-06-01 01:25:59,3569,DATA,224757178,5G,0.0,2.25
R10-0000553,10,Bayshore,+1-811-693-9890,,2026-06-01 22:48:30,1908,DATA,182963515,5G,0.0,1.83
R10-0000554,10,Bayshore,+1-446-683-1878,+1-795-747-5396,2026-06-01 08:21:25,736,VOICE,,4G,0.1,1.23
R10-0000555,10,Bayshore,+1-481-419-0869,+1-930-384-8166,2026-06-01 15:27:16,916,VOICE,,4G,0.1,1.53
R10-0000556,10,Bayshore,+1-485-876-7978,+1-469-579-6489,2026-06-01 12:38:07,1067,VOICE,,4G,0.1,1.78
R10-0000557,10,Bayshore,+1-512-941-8240,+1-807-725-9092,2026-06-01 07:38:02,1955,VOICE,,5G,0.08,2.61
R10-0000558,10,Bayshore,+1-404-848-4714,+1-964-586-8841,2026-06-01 20:21:08,1294,VOICE,,5G,0.08,1.73
R10-0000559,10,Bayshore,+1-557-508-6671,,2026-06-01 16:32:38,2455,DATA,377436070,4G,0.0,3.77
R10-0000560,10,Bayshore,+1-594-763-9480,+1-518-361-7578,2026-06-01 13:03:22,1690,VOICE,,4G,0.1,2.82
R10-0000561,10,Bayshore,+1-789-771-7550,+1-935-434-8448,2026-06-01 18:57:12,0,SMS,,5G,0.0,0.05
R10-0000562,10,Bayshore,+1-663-447-8721,+1-388-465-6782,2026-06-01 23:39:40,0,SMS,,4G,0.0,0.05
R10-0000563,10,Bayshore,+1-871-838-8723,,2026-06-01 23:57:52,3715,DATA,255229325,4G,0.0,2.55
R10-0000564,10,Bayshore,+1-720-296-0719,+1-328-937-6089,2026-06-01 04:03:22,3481,VOICE,,5G,0.08,4.64
R10-0000565,10,Bayshore,+1-852-403-0050,+1-226-262-6799,2026-06-01 04:08:51,0,SMS,,3G,0.0,0.05
R10-0000566,10,Bayshore,+1-491-996-0124,+1-715-256-6596,2026-06-01 05:56:54,219,VOICE,,4G,0.1,0.36
R10-0000567,10,Bayshore,+1-910-359-9124,+1-786-438-4291,2026-06-01 17:06:14,0,SMS,,5G,0.0,0.05
R10-0000568,10,Bayshore,+1-687-704-8971,+1-950-622-0895,2026-06-01 15:23:41,1512,VOICE,,5G,0.08,2.02
R10-0000569,10,Bayshore,+1-740-342-5838,+1-365-815-6937,2026-06-01 17:06:01,0,SMS,,4G,0.0,0.05
R10-0000570,10,Bayshore,+1-333-426-0377,,2026-06-01 03:58:14,1473,DATA,394713715,4G,0.0,3.95
R10-0000571,10,Bayshore,+1-563-581-3891,+1-452-930-7923,2026-06-01 03:48:15,3475,VOICE,,4G,0.1,5.79
R10-0000572,10,Bayshore,+1-554-368-3242,,2026-06-01 17:54:24,2908,DATA,2502482,4G,0.0,0.03
R10-0000573,10,Bayshore,+1-984-425-5317,+1-662-575-3048,2026-06-01 10:08:02,463,VOICE,,4G,0.1,0.77
R10-0000574,10,Bayshore,+1-547-531-5537,+1-562-234-4398,2026-06-01 01:51:16,0,SMS,,4G,0.0,0.05
R10-0000575,10,Bayshore,+1-986-740-9689,,2026-06-01 16:47:39,6780,DATA,118708415,4G,0.0,1.19
R10-0000576,10,Bayshore,+1-334-255-2834,+1-663-614-9548,2026-06-01 03:12:51,1462,VOICE,,4G,0.1,2.44
R10-0000577,10,Bayshore,+1-261-807-1355,+1-328-515-0161,2026-06-01 17:24:51,3155,VOICE,,4G,0.1,5.26
R10-0000578,10,Bayshore,+1-943-688-1919,+1-450-468-2365,2026-06-01 22:07:37,2197,VOICE,,4G,0.1,3.66
R10-0000579,10,Bayshore,+1-849-627-9087,+1-634-320-7011,2026-06-01 05:12:14,1174,VOICE,,5G,0.08,1.57
R10-0000580,10,Bayshore,+1-430-782-5432,+1-509-983-6060,2026-06-01 02:44:02,2674,VOICE,,5G,0.08,3.57
R10-0000581,10,Bayshore,+1-240-289-2621,+1-867-874-9788,2026-06-01 22:47:16,206,VOICE,,3G,0.12,0.41
R10-0000582,10,Bayshore,+1-507-257-1133,,2026-06-01 22:16:01,5999,DATA,437211460,5G,0.0,4.37
R10-0000583,10,Bayshore,+1-869-439-1976,+1-200-753-7475,2026-06-01 09:43:53,0,SMS,,4G,0.0,0.05
R10-0000584,10,Bayshore,+1-825-268-1292,+1-681-578-2267,2026-06-01 06:35:27,342,VOICE,,5G,0.08,0.46
R10-0000585,10,Bayshore,+1-746-881-9746,+1-895-522-2749,2026-06-01 13:23:38,1411,VOICE,,5G,0.08,1.88
R10-0000586,10,Bayshore,+1-573-529-6016,+1-845-253-6506,2026-06-01 15:31:03,3349,VOICE,,4G,0.1,5.58
R10-0000587,10,Bayshore,+1-723-746-9091,+1-771-840-6652,2026-06-01 05:39:08,1943,VOICE,,5G,0.08,2.59
R10-0000588,10,Bayshore,+1-681-637-2098,,2026-06-01 01:35:35,5022,DATA,288795599,5G,0.0,2.89
R10-0000589,10,Bayshore,+1-913-712-2250,,2026-06-01 20:06:49,1001,DATA,281042502,3G,0.0,2.81
R10-0000590,10,Bayshore,+1-984-690-8668,+1-711-621-5306,2026-06-01 18:48:32,1692,VOICE,,5G,0.08,2.26
R10-0000591,10,Bayshore,+1-209-397-7843,+1-478-871-4150,2026-06-01 23:02:53,741,VOICE,,5G,0.08,0.99
R10-0000592,10,Bayshore,+1-801-306-3731,+1-872-315-6656,2026-06-01 16:14:37,0,SMS,,5G,0.0,0.05
R10-0000593,10,Bayshore,+1-906-822-2866,,2026-06-01 23:51:19,1412,DATA,82214785,3G,0.0,0.82
R10-0000594,10,Bayshore,+1-957-675-3493,+1-633-202-9864,2026-06-01 10:12:33,0,SMS,,3G,0.0,0.05
R10-0000595,10,Bayshore,+1-810-474-6416,+1-985-246-3459,2026-06-01 12:48:23,1973,VOICE,,5G,0.08,2.63
R10-0000596,10,Bayshore,+1-958-665-6461,+1-620-535-4056,2026-06-01 13:30:12,570,VOICE,,3G,0.12,1.14
R10-0000597,10,Bayshore,+1-426-421-4454,+1-607-878-1001,2026-06-01 05:24:59,0,VOICE,,4G,0.1,0.0
R10-0000598,10,Bayshore,+1-955-263-0123,+1-678-607-4319,2026-06-01 09:44:14,2015,VOICE,,5G,0.08,2.69
R10-0000599,10,Bayshore,+1-954-449-0296,,2026-06-01 09:39:31,3816,DATA,342646651,4G,0.0,3.43
R10-0000600,10,Bayshore,+1-603-911-5231,+1-616-652-3738,2026-06-01 01:54:09,25,VOICE,,4G,0.1,0.04
R10-0000601,10,Bayshore,+1-683-503-0104,+1-334-465-6636,2026-06-01 15:29:39,0,SMS,,4G,0.0,0.05
R10-0000602,10,Bayshore,+1-887-344-6137,+1-229-405-9276,2026-06-01 04:16:37,2222,VOICE,,5G,0.08,2.96
R10-0000603,10,Bayshore,+1-648-849-2805,+1-350-625-8626,2026-06-01 15:03:50,311,VOICE,,3G,0.12,0.62
R10-0000604,10,Bayshore,+1-284-435-4783,+1-317-627-0960,2026-06-01 19:41:19,2750,VOICE,,3G,0.12,5.5
R10-0000605,10,Bayshore,+1-585-995-0796,,2026-06-01 05:51:29,5315,DATA,474609132,4G,0.0,4.75
R10-0000606,10,Bayshore,+1-772-673-7547,+1-312-243-3488,2026-06-01 17:44:07,2373,VOICE,,5G,0.08,3.16
R10-0000607,10,Bayshore,+1-854-270-2233,,2026-06-01 05:28:20,6920,DATA,110032226,5G,0.0,1.1
R10-0000608,10,Bayshore,+1-620-527-0653,,2026-06-01 00:45:34,7177,DATA,302984844,4G,0.0,3.03
R10-0000609,10,Bayshore,+1-486-703-5033,,2026-06-01 10:19:47,71,DATA,216148780,5G,0.0,2.16
R10-0000610,10,Bayshore,+1-508-416-8292,+1-753-393-8621,2026-06-01 16:45:17,0,SMS,,4G,0.0,0.05
R10-0000611,10,Bayshore,+1-778-291-0532,+1-648-345-4403,2026-06-01 15:05:59,1793,VOICE,,5G,0.08,2.39
R10-0000612,10,Bayshore,+1-877-737-4137,+1-445-354-5221,2026-06-01 06:45:04,1241,VOICE,,5G,0.08,1.65
R10-0000613,10,Bayshore,+1-973-866-1212,+1-798-979-2442,2026-06-01 14:34:10,33,VOICE,,4G,0.1,0.06
R10-0000614,10,Bayshore,+1-242-305-0426,,2026-06-01 03:08:47,1808,DATA,185905706,5G,0.0,1.86
R10-0000615,10,Bayshore,+1-548-680-1060,+1-626-678-9871,2026-06-01 05:55:54,1844,VOICE,,4G,0.1,3.07
R10-0000616,10,Bayshore,+1-348-392-9838,,2026-06-01 22:24:16,1832,DATA,457567004,4G,0.0,4.58
R10-0000617,10,Bayshore,+1-759-477-3517,,2026-06-01 03:25:25,4155,DATA,413289511,5G,0.0,4.13
R10-0000618,10,Bayshore,+1-258-899-2234,+1-811-392-3135,2026-06-01 17:57:56,2419,VOICE,,4G,0.1,4.03
R10-0000619,10,Bayshore,+1-812-326-4172,+1-878-614-6189,2026-06-01 23:38:28,3290,VOICE,,4G,0.1,5.48
R10-0000620,10,Bayshore,+1-985-316-9593,+1-934-862-3517,2026-06-01 11:05:42,3425,VOICE,,4G,0.1,5.71
R10-0000621,10,Bayshore,+1-319-934-1109,+1-533-334-4503,2026-06-01 00:06:29,348,VOICE,,5G,0.08,0.46
R10-0000622,10,Bayshore,+1-545-378-2658,+1-231-327-5118,2026-06-01 09:49:26,0,SMS,,4G,0.0,0.05
R10-0000623,10,Bayshore,+1-257-929-7653,+1-706-204-0344,2026-06-01 22:10:31,489,VOICE,,4G,0.1,0.82
R10-0000624,10,Bayshore,+1-974-602-3282,+1-627-539-1001,2026-06-01 02:20:01,0,SMS,,4G,0.0,0.05
R10-0000625,10,Bayshore,+1-853-437-2951,+1-265-753-8429,2026-06-01 10:14:03,1826,VOICE,,4G,0.1,3.04
R10-0000626,10,Bayshore,+1-728-219-4810,,2026-06-01 21:50:47,845,DATA,307773403,4G,0.0,3.08
R10-0000627,10,Bayshore,+1-805-635-9693,,2026-06-01 17:26:13,6325,DATA,128428301,4G,0.0,1.28
R10-0000628,10,Bayshore,+1-235-450-6403,+1-906-670-4343,2026-06-01 03:21:13,607,VOICE,,3G,0.12,1.21
R10-0000629,10,Bayshore,+1-717-376-6941,+1-783-453-2943,2026-06-01 19:38:33,1057,VOICE,,4G,0.1,1.76
R10-0000630,10,Bayshore,+1-784-306-5787,+1-984-987-5867,2026-06-01 23:23:58,1515,VOICE,,4G,0.1,2.53
R10-0000631,10,Bayshore,+1-348-514-7607,,2026-06-01 11:40:39,5504,DATA,149389075,4G,0.0,1.49
R10-0000632,10,Bayshore,+1-254-435-8209,+1-983-571-3261,2026-06-01 16:55:41,3514,VOICE,,4G,0.1,5.86
R10-0000633,10,Bayshore,+1-326-735-2197,+1-821-873-5232,2026-06-01 02:25:01,0,SMS,,4G,0.0,0.05
R10-0000634,10,Bayshore,+1-913-294-1053,,2026-06-01 06:03:59,4973,DATA,370960775,5G,0.0,3.71
R10-0000635,10,Bayshore,+1-771-553-5005,+1-295-987-8276,2026-06-01 01:34:19,2781,VOICE,,4G,0.1,4.64
R10-0000636,10,Bayshore,+1-404-862-2500,+1-497-267-0629,2026-06-01 05:42:10,0,SMS,,5G,0.0,0.05
R10-0000637,10,Bayshore,+1-234-516-6549,+1-758-242-1138,2026-06-01 05:04:18,0,SMS,,3G,0.0,0.05
R10-0000638,10,Bayshore,+1-984-740-6093,+1-842-475-8846,2026-06-01 04:34:55,92,VOICE,,4G,0.1,0.15
R10-0000639,10,Bayshore,+1-893-896-8112,+1-989-715-6543,2026-06-01 20:19:41,1989,VOICE,,4G,0.1,3.31
R10-0000640,10,Bayshore,+1-478-932-3871,,2026-06-01 14:34:49,4747,DATA,472949555,3G,0.0,4.73
R10-0000641,10,Bayshore,+1-487-794-9842,,2026-06-01 11:27:08,3611,DATA,5963535,4G,0.0,0.06
R10-0000642,10,Bayshore,+1-731-894-5930,+1-800-244-5952,2026-06-01 07:19:58,2859,VOICE,,4G,0.1,4.76
R10-0000643,10,Bayshore,+1-379-475-6191,+1-357-340-7934,2026-06-01 22:02:03,792,VOICE,,4G,0.1,1.32
R10-0000644,10,Bayshore,+1-899-311-1205,+1-427-797-3621,2026-06-01 09:09:57,0,SMS,,4G,0.0,0.05
R10-0000645,10,Bayshore,+1-433-266-2822,+1-478-867-0539,2026-06-01 20:00:21,0,SMS,,4G,0.0,0.05
R10-0000646,10,Bayshore,+1-940-904-5644,+1-924-927-2822,2026-06-01 04:08:52,0,SMS,,5G,0.0,0.05
R10-0000647,10,Bayshore,+1-399-736-6055,+1-845-407-1926,2026-06-01 18:08:41,0,SMS,,4G,0.0,0.05
R10-0000648,10,Bayshore,+1-459-756-2210,+1-559-561-1524,2026-06-01 19:22:47,956,VOICE,,5G,0.08,1.27
R10-0000649,10,Bayshore,+1-886-662-1473,+1-720-288-8432,2026-06-01 23:09:58,532,VOICE,,4G,0.1,0.89
R10-0000650,10,Bayshore,+1-384-737-0594,,2026-06-01 19:43:59,5902,DATA,177122233,5G,0.0,1.77
R10-0000651,10,Bayshore,+1-664-601-8882,+1-639-770-6516,2026-06-01 15:38:25,0,SMS,,5G,0.0,0.05
R10-0000652,10,Bayshore,+1-946-242-0207,,2026-06-01 05:42:42,3929,DATA,294479922,3G,0.0,2.94
R10-0000653,10,Bayshore,+1-423-542-9657,+1-835-635-3024,2026-06-01 01:50:20,0,SMS,,5G,0.0,0.05
R10-0000654,10,Bayshore,+1-282-247-1211,+1-836-903-2801,2026-06-01 10:53:35,0,SMS,,5G,0.0,0.05
R10-0000655,10,Bayshore,+1-859-298-5985,+1-772-736-1937,2026-06-01 13:48:20,161,VOICE,,5G,0.08,0.21
R10-0000656,10,Bayshore,+1-662-203-7770,,2026-06-01 02:56:02,4866,DATA,255423570,5G,0.0,2.55
R10-0000657,10,Bayshore,+1-787-369-7042,+1-397-926-2250,2026-06-01 07:24:19,1751,VOICE,,5G,0.08,2.33
R10-0000658,10,Bayshore,+1-816-702-5722,+1-282-807-4589,2026-06-01 13:28:57,2078,VOICE,,3G,0.12,4.16
R10-0000659,10,Bayshore,+1-536-635-7921,+1-863-248-8548,2026-06-01 00:06:03,287,VOICE,,5G,0.08,0.38
R10-0000660,10,Bayshore,+1-690-615-1546,+1-694-816-5558,2026-06-01 06:44:01,0,SMS,,4G,0.0,0.05
R10-0000661,10,Bayshore,+1-689-218-2968,+1-377-455-8826,2026-06-01 10:51:14,2082,VOICE,,5G,0.08,2.78
R10-0000662,10,Bayshore,+1-729-359-1826,,2026-06-01 17:51:30,3273,DATA,257285208,4G,0.0,2.57
R10-0000663,10,Bayshore,+1-826-941-7929,+1-670-548-7780,2026-06-01 06:04:11,0,SMS,,4G,0.0,0.05
R10-0000664,10,Bayshore,+1-460-399-9979,+1-920-944-1468,2026-06-01 02:09:09,0,SMS,,3G,0.0,0.05
R10-0000665,10,Bayshore,+1-714-396-9738,,2026-06-01 23:34:10,5583,DATA,306522885,3G,0.0,3.07
R10-0000666,10,Bayshore,+1-213-639-3387,+1-891-621-6233,2026-06-01 19:33:00,2535,VOICE,,4G,0.1,4.23
R10-0000667,10,Bayshore,+1-946-650-7506,+1-645-347-0595,2026-06-01 20:19:55,0,SMS,,5G,0.0,0.05
R10-0000668,10,Bayshore,+1-555-640-0129,+1-874-867-0648,2026-06-01 19:51:45,0,SMS,,5G,0.0,0.05
R10-0000669,10,Bayshore,+1-259-468-9501,,2026-06-01 09:32:59,3259,DATA,214321294,4G,0.0,2.14
R10-0000670,10,Bayshore,+1-631-460-2254,+1-604-364-6790,2026-06-01 22:43:47,0,SMS,,5G,0.0,0.05
R10-0000671,10,Bayshore,+1-827-806-4025,+1-558-209-5176,2026-06-01 23:30:40,0,SMS,,5G,0.0,0.05
R10-0000672,10,Bayshore,+1-599-930-3865,,2026-06-01 02:02:58,3775,DATA,385763152,4G,0.0,3.86
R10-0000673,10,Bayshore,+1-534-792-6629,+1-912-917-9644,2026-06-01 11:01:01,0,SMS,,4G,0.0,0.05
R10-0000674,10,Bayshore,+1-535-582-4752,+1-922-975-8194,2026-06-01 19:28:03,0,SMS,,4G,0.0,0.05
R10-0000675,10,Bayshore,+1-225-396-5060,+1-450-788-2574,2026-06-01 00:15:51,1822,VOICE,,4G,0.1,3.04
R10-0000676,10,Bayshore,+1-928-439-0079,+1-582-476-7093,2026-06-01 08:43:41,0,SMS,,4G,0.0,0.05
R10-0000677,10,Bayshore,+1-797-407-8691,,2026-06-01 11:32:43,1997,DATA,497661436,4G,0.0,4.98
R10-0000678,10,Bayshore,+1-902-832-6429,+1-800-898-2244,2026-06-01 15:57:07,1864,VOICE,,4G,0.1,3.11
R10-0000679,10,Bayshore,+1-356-755-0481,+1-273-904-2806,2026-06-01 17:07:38,0,SMS,,4G,0.0,0.05
R10-0000680,10,Bayshore,+1-428-432-2311,+1-204-371-2736,2026-06-01 05:08:14,732,VOICE,,5G,0.08,0.98
R10-0000681,10,Bayshore,+1-575-289-0796,+1-201-816-1929,2026-06-01 18:14:38,2241,VOICE,,4G,0.1,3.74
R10-0000682,10,Bayshore,+1-540-957-0445,+1-873-648-7583,2026-06-01 13:53:54,0,SMS,,5G,0.0,0.05
R10-0000683,10,Bayshore,+1-899-907-5896,,2026-06-01 06:15:23,4634,DATA,270108102,5G,0.0,2.7
R10-0000684,10,Bayshore,+1-596-364-9243,+1-649-847-9946,2026-06-01 02:58:33,2023,VOICE,,5G,0.08,2.7
R10-0000685,10,Bayshore,+1-525-497-5516,+1-841-340-9577,2026-06-01 06:56:40,0,SMS,,4G,0.0,0.05
R10-0000686,10,Bayshore,+1-507-781-1009,,2026-06-01 13:03:43,510,DATA,312065955,5G,0.0,3.12
R10-0000687,10,Bayshore,+1-937-987-8949,+1-497-415-2723,2026-06-01 13:22:28,3243,VOICE,,4G,0.1,5.41
R10-0000688,10,Bayshore,+1-426-787-2786,+1-479-322-2401,2026-06-01 13:57:33,0,SMS,,4G,0.0,0.05
R10-0000689,10,Bayshore,+1-362-297-4979,+1-427-236-8859,2026-06-01 16:25:54,393,VOICE,,5G,0.08,0.52
R10-0000690,10,Bayshore,+1-235-213-3490,+1-854-907-6926,2026-06-01 22:25:29,0,SMS,,5G,0.0,0.05
R10-0000691,10,Bayshore,+1-703-436-1184,+1-729-208-8064,2026-06-01 05:21:16,356,VOICE,,4G,0.1,0.59
R10-0000692,10,Bayshore,+1-637-210-9920,+1-672-301-3288,2026-06-01 22:03:57,0,SMS,,4G,0.0,0.05
R10-0000693,10,Bayshore,+1-416-958-9575,+1-877-609-4691,2026-06-01 08:58:20,0,SMS,,5G,0.0,0.05
R10-0000694,10,Bayshore,+1-405-278-7536,+1-823-615-5012,2026-06-01 05:34:18,1388,VOICE,,4G,0.1,2.31
R10-0000695,10,Bayshore,+1-955-979-2973,+1-290-614-0761,2026-06-01 00:08:26,844,VOICE,,5G,0.08,1.13
R10-0000696,10,Bayshore,+1-799-520-5227,+1-357-314-2470,2026-06-01 21:40:24,0,SMS,,4G,0.0,0.05
R10-0000697,10,Bayshore,+1-945-765-4079,+1-437-753-5246,2026-06-01 17:14:49,265,VOICE,,4G,0.1,0.44
R10-0000698,10,Bayshore,+1-724-345-5320,,2026-06-01 00:14:17,1529,DATA,64280203,4G,0.0,0.64
R10-0000699,10,Bayshore,+1-256-542-3395,+1-414-903-9602,2026-06-01 11:51:21,2843,VOICE,,4G,0.1,4.74
R10-0000700,10,Bayshore,+1-576-643-7322,+1-876-741-0019,2026-06-01 18:16:26,2915,VOICE,,3G,0.12,5.83
R10-0000701,10,Bayshore,+1-795-881-0061,+1-618-892-6182,2026-06-01 21:13:29,475,VOICE,,3G,0.12,0.95
R10-0000702,10,Bayshore,+1-491-819-3639,+1-613-812-8901,2026-06-01 07:25:46,2216,VOICE,,4G,0.1,3.69
R10-0000703,10,Bayshore,+1-239-719-9345,+1-386-416-1331,2026-06-01 12:21:13,1696,VOICE,,5G,0.08,2.26
R10-0000704,10,Bayshore,+1-697-495-8608,,2026-06-01 20:42:20,2538,DATA,95232932,4G,0.0,0.95
R10-0000705,10,Bayshore,+1-634-354-0533,+1-463-799-1985,2026-06-01 06:21:10,0,VOICE,,5G,0.08,0.0
R10-0000706,10,Bayshore,+1-244-221-6803,+1-551-861-8478,2026-06-01 01:44:05,0,SMS,,5G,0.0,0.05
R10-0000707,10,Bayshore,+1-614-583-3749,+1-918-863-2045,2026-06-01 00:43:44,2259,VOICE,,4G,0.1,3.77
R10-0000708,10,Bayshore,+1-596-804-4275,+1-618-691-7979,2026-06-01 10:48:49,3209,VOICE,,5G,0.08,4.28
R10-0000709,10,Bayshore,+1-549-773-4495,+1-740-829-8410,2026-06-01 06:12:49,2549,VOICE,,5G,0.08,3.4
R10-0000710,10,Bayshore,+1-397-392-0462,+1-644-472-6269,2026-06-01 13:44:12,2797,VOICE,,4G,0.1,4.66
R10-0000711,10,Bayshore,+1-607-976-6217,+1-532-920-1053,2026-06-01 12:54:52,171,VOICE,,5G,0.08,0.23
R10-0000712,10,Bayshore,+1-699-487-5460,+1-822-593-4586,2026-06-01 08:29:20,0,SMS,,3G,0.0,0.05
R10-0000713,10,Bayshore,+1-857-343-4909,+1-449-615-3830,2026-06-01 12:17:48,2067,VOICE,,5G,0.08,2.76
R10-0000714,10,Bayshore,+1-593-213-6153,+1-558-543-0248,2026-06-01 19:18:49,3587,VOICE,,4G,0.1,5.98
R10-0000715,10,Bayshore,+1-825-588-2557,+1-620-725-3110,2026-06-01 17:04:06,0,SMS,,4G,0.0,0.05
R10-0000716,10,Bayshore,+1-391-871-5512,,2026-06-01 17:11:10,2897,DATA,437636077,4G,0.0,4.38
R10-0000717,10,Bayshore,+1-644-531-6683,+1-494-579-9710,2026-06-01 02:18:19,1401,VOICE,,4G,0.1,2.34
R10-0000718,10,Bayshore,+1-905-517-7671,+1-331-783-2522,2026-06-01 22:30:54,1200,VOICE,,3G,0.12,2.4
R10-0000719,10,Bayshore,+1-457-891-8506,+1-808-423-6912,2026-06-01 12:43:56,0,SMS,,3G,0.0,0.05
R10-0000720,10,Bayshore,+1-939-540-5112,+1-851-914-7824,2026-06-01 16:07:23,0,SMS,,4G,0.0,0.05
R10-0000721,10,Bayshore,+1-974-569-2640,+1-420-892-3259,2026-06-01 02:06:22,1617,VOICE,,4G,0.1,2.7
R10-0000722,10,Bayshore,+1-811-530-6011,+1-282-263-0873,2026-06-01 01:11:18,815,VOICE,,5G,0.08,1.09
R10-0000723,10,Bayshore,+1-632-703-7642,,2026-06-01 07:38:45,1645,DATA,371082129,4G,0.0,3.71
R10-0000724,10,Bayshore,+1-943-435-9735,+1-493-620-0536,2026-06-01 14:43:51,730,VOICE,,3G,0.12,1.46
R10-0000725,10,Bayshore,+1-731-254-4874,+1-633-410-1161,2026-06-01 08:26:26,3505,VOICE,,4G,0.1,5.84
R10-0000726,10,Bayshore,+1-664-952-0241,+1-381-508-5971,2026-06-01 09:36:42,1660,VOICE,,4G,0.1,2.77
R10-0000727,10,Bayshore,+1-690-401-1481,+1-552-458-6818,2026-06-01 10:50:24,848,VOICE,,4G,0.1,1.41
R10-0000728,10,Bayshore,+1-439-680-4716,+1-280-492-5289,2026-06-01 12:05:09,0,SMS,,5G,0.0,0.05
R10-0000729,10,Bayshore,+1-537-341-9725,+1-791-438-5813,2026-06-01 00:46:05,0,SMS,,4G,0.0,0.05
R10-0000730,10,Bayshore,+1-958-603-3849,,2026-06-01 22:08:48,2234,DATA,28385807,5G,0.0,0.28
R10-0000731,10,Bayshore,+1-784-810-0314,,2026-06-01 12:07:17,5845,DATA,316957876,4G,0.0,3.17
R10-0000732,10,Bayshore,+1-924-424-1904,+1-836-920-9726,2026-06-01 02:16:05,0,SMS,,4G,0.0,0.05
R10-0000733,10,Bayshore,+1-531-480-4413,+1-432-434-6323,2026-06-01 21:17:52,0,SMS,,3G,0.0,0.05
R10-0000734,10,Bayshore,+1-678-855-3641,+1-511-344-1880,2026-06-01 04:57:22,3571,VOICE,,4G,0.1,5.95
R10-0000735,10,Bayshore,+1-485-403-1653,+1-316-682-1364,2026-06-01 02:57:16,0,SMS,,5G,0.0,0.05
R10-0000736,10,Bayshore,+1-278-229-2302,+1-524-327-3708,2026-06-01 14:18:27,0,SMS,,5G,0.0,0.05
R10-0000737,10,Bayshore,+1-612-425-7853,+1-308-693-8738,2026-06-01 07:38:53,3142,VOICE,,3G,0.12,6.28
R10-0000738,10,Bayshore,+1-596-324-2882,+1-220-610-3269,2026-06-01 18:47:51,0,SMS,,4G,0.0,0.05
R10-0000739,10,Bayshore,+1-353-497-0065,,2026-06-01 01:14:01,1240,DATA,297771233,4G,0.0,2.98
R10-0000740,10,Bayshore,+1-309-449-8229,,2026-06-01 14:40:23,2696,DATA,96596076,5G,0.0,0.97
R10-0000741,10,Bayshore,+1-772-692-3325,+1-974-774-9642,2026-06-01 10:45:56,2667,VOICE,,4G,0.1,4.45
R10-0000742,10,Bayshore,+1-249-719-2601,+1-917-969-1105,2026-06-01 22:46:53,0,SMS,,5G,0.0,0.05
R10-0000743,10,Bayshore,+1-818-436-7968,+1-912-273-5557,2026-06-01 06:24:05,0,SMS,,4G,0.0,0.05
R10-0000744,10,Bayshore,+1-430-292-4485,+1-532-641-0278,2026-06-01 03:19:43,0,SMS,,4G,0.0,0.05
R10-0000745,10,Bayshore,+1-223-296-9736,+1-579-342-0909,2026-06-01 00:28:00,0,SMS,,3G,0.0,0.05
R10-0000746,10,Bayshore,+1-519-444-2644,,2026-06-01 03:07:31,2361,DATA,214195959,5G,0.0,2.14
R10-0000747,10,Bayshore,+1-344-745-5504,+1-638-900-7776,2026-06-01 22:57:10,1323,VOICE,,5G,0.08,1.76
R10-0000748,10,Bayshore,+1-763-454-7799,+1-416-649-2945,2026-06-01 16:26:18,0,SMS,,4G,0.0,0.05
R10-0000749,10,Bayshore,+1-811-893-2757,+1-236-762-9653,2026-06-01 00:14:09,2161,VOICE,,5G,0.08,2.88
R10-0000750,10,Bayshore,+1-367-520-9310,+1-381-591-6133,2026-06-01 21:18:23,298,VOICE,,4G,0.1,0.5
R10-0000751,10,Bayshore,+1-770-613-3970,+1-411-997-6104,2026-06-01 23:17:26,3152,VOICE,,4G,0.1,5.25
R10-0000752,10,Bayshore,+1-724-360-9753,,2026-06-01 08:22:37,1546,DATA,96784611,4G,0.0,0.97
R10-0000753,10,Bayshore,+1-939-794-8125,+1-609-729-3058,2026-06-01 09:58:19,0,SMS,,5G,0.0,0.05
R10-0000754,10,Bayshore,+1-955-413-8497,+1-328-355-8445,2026-06-01 10:24:55,0,SMS,,4G,0.0,0.05
R10-0000755,10,Bayshore,+1-925-890-4525,+1-207-575-8087,2026-06-01 02:14:42,842,VOICE,,5G,0.08,1.12
R10-0000756,10,Bayshore,+1-313-622-8809,+1-970-667-1276,2026-06-01 00:03:02,1598,VOICE,,4G,0.1,2.66
R10-0000757,10,Bayshore,+1-864-267-7272,+1-404-805-4668,2026-06-01 09:57:20,1039,VOICE,,3G,0.12,2.08
R10-0000758,10,Bayshore,+1-538-280-9690,+1-264-932-3380,2026-06-01 21:42:53,0,SMS,,4G,0.0,0.05
R10-0000759,10,Bayshore,+1-798-380-0064,,2026-06-01 18:24:11,5270,DATA,355113804,4G,0.0,3.55
R10-0000760,10,Bayshore,+1-332-347-8623,+1-413-602-5334,2026-06-01 10:19:22,2630,VOICE,,5G,0.08,3.51
R10-0000761,10,Bayshore,+1-694-801-0247,+1-690-283-1610,2026-06-01 20:36:45,0,SMS,,5G,0.0,0.05
R10-0000762,10,Bayshore,+1-798-942-0027,+1-587-221-2063,2026-06-01 13:08:07,3098,VOICE,,5G,0.08,4.13
R10-0000763,10,Bayshore,+1-500-817-0776,+1-843-239-4087,2026-06-01 21:59:14,962,VOICE,,4G,0.1,1.6
R10-0000764,10,Bayshore,+1-344-509-5965,+1-915-717-8575,2026-06-01 02:15:54,3210,VOICE,,4G,0.1,5.35
R10-0000765,10,Bayshore,+1-867-465-9332,+1-550-403-0880,2026-06-01 08:41:19,3023,VOICE,,3G,0.12,6.05
R10-0000766,10,Bayshore,+1-248-897-7420,+1-479-980-8378,2026-06-01 23:56:14,0,SMS,,4G,0.0,0.05
R10-0000767,10,Bayshore,+1-550-770-1761,+1-730-349-2270,2026-06-01 05:12:53,0,SMS,,4G,0.0,0.05
R10-0000768,10,Bayshore,+1-529-419-4667,+1-443-287-4328,2026-06-01 09:11:22,2900,VOICE,,3G,0.12,5.8
R10-0000769,10,Bayshore,+1-417-871-7717,+1-591-523-1383,2026-06-01 18:28:29,0,VOICE,,5G,0.08,0.0
R10-0000770,10,Bayshore,+1-429-852-3911,+1-980-628-3891,2026-06-01 08:39:46,1188,VOICE,,4G,0.1,1.98
R10-0000771,10,Bayshore,+1-563-897-1527,+1-459-262-5342,2026-06-01 21:24:21,3120,VOICE,,5G,0.08,4.16
R10-0000772,10,Bayshore,+1-977-261-8365,,2026-06-01 23:05:19,1148,DATA,105798600,5G,0.0,1.06
R10-0000773,10,Bayshore,+1-281-378-3760,,2026-06-01 06:12:19,4507,DATA,23478260,5G,0.0,0.23
R10-0000774,10,Bayshore,+1-503-807-1191,,2026-06-01 18:25:43,6907,DATA,92010535,4G,0.0,0.92
R10-0000775,10,Bayshore,+1-353-793-2824,+1-736-769-2198,2026-06-01 14:37:30,961,VOICE,,4G,0.1,1.6
R10-0000776,10,Bayshore,+1-400-866-9334,+1-985-977-0087,2026-06-01 09:53:47,2488,VOICE,,5G,0.08,3.32
R10-0000777,10,Bayshore,+1-858-640-5078,+1-752-485-0815,2026-06-01 08:19:58,2754,VOICE,,4G,0.1,4.59
R10-0000778,10,Bayshore,+1-703-236-3879,,2026-06-01 13:05:37,3671,DATA,176273778,3G,0.0,1.76
R10-0000779,10,Bayshore,+1-502-301-7303,,2026-06-01 19:02:51,4931,DATA,17349378,5G,0.0,0.17
R10-0000780,10,Bayshore,+1-709-321-0210,+1-776-714-4563,2026-06-01 06:03:07,1650,VOICE,,3G,0.12,3.3
R10-0000781,10,Bayshore,+1-647-369-8101,+1-773-329-8685,2026-06-01 05:47:03,2414,VOICE,,4G,0.1,4.02
R10-0000782,10,Bayshore,+1-352-212-8617,+1-386-551-3890,2026-06-01 13:38:45,2958,VOICE,,5G,0.08,3.94
R10-0000783,10,Bayshore,+1-582-699-8703,+1-900-210-9397,2026-06-01 23:38:57,2204,VOICE,,3G,0.12,4.41
R10-0000784,10,Bayshore,+1-950-232-4214,+1-637-878-8715,2026-06-01 13:26:58,0,SMS,,5G,0.0,0.05
R10-0000785,10,Bayshore,+1-620-291-7787,+1-436-455-3799,2026-06-01 00:48:05,741,VOICE,,5G,0.08,0.99
R10-0000786,10,Bayshore,+1-551-753-8387,,2026-06-01 07:49:55,1646,DATA,106907820,4G,0.0,1.07
R10-0000787,10,Bayshore,+1-803-831-6287,+1-530-241-5297,2026-06-01 07:16:33,797,VOICE,,4G,0.1,1.33
R10-0000788,10,Bayshore,+1-671-555-5986,+1-630-994-8077,2026-06-01 16:19:54,2308,VOICE,,5G,0.08,3.08
R10-0000789,10,Bayshore,+1-365-484-2364,+1-355-809-2824,2026-06-01 00:51:10,465,VOICE,,5G,0.08,0.62
R10-0000790,10,Bayshore,+1-397-990-7881,,2026-06-01 23:52:59,527,DATA,327498903,3G,0.0,3.27
R10-0000791,10,Bayshore,+1-834-633-8888,+1-236-903-2349,2026-06-01 03:37:12,2123,VOICE,,5G,0.08,2.83
R10-0000792,10,Bayshore,+1-440-837-9579,+1-578-471-4051,2026-06-01 14:34:13,0,SMS,,5G,0.0,0.05
R10-0000793,10,Bayshore,+1-672-865-8079,+1-321-944-1048,2026-06-01 12:37:41,2606,VOICE,,4G,0.1,4.34
R10-0000794,10,Bayshore,+1-203-506-1206,,2026-06-01 08:29:44,5868,DATA,496341198,4G,0.0,4.96
R10-0000795,10,Bayshore,+1-531-891-4002,+1-439-675-2310,2026-06-01 21:27:42,0,SMS,,5G,0.0,0.05
R10-0000796,10,Bayshore,+1-591-618-8447,,2026-06-01 19:06:53,3162,DATA,112306638,5G,0.0,1.12
R10-0000797,10,Bayshore,+1-780-488-6289,,2026-06-01 22:34:28,6615,DATA,210759655,3G,0.0,2.11
R10-0000798,10,Bayshore,+1-376-573-4410,+1-534-276-1201,2026-06-01 08:18:57,0,SMS,,4G,0.0,0.05
R10-0000799,10,Bayshore,+1-964-473-5898,+1-824-932-6208,2026-06-01 16:52:54,3039,VOICE,,4G,0.1,5.07
R10-0000800,10,Bayshore,+1-431-886-4999,+1-926-703-8397,2026-06-01 13:30:22,0,SMS,,4G,0.0,0.05
R10-0000801,10,Bayshore,+1-314-436-3403,+1-688-777-1890,2026-06-01 20:15:26,2285,VOICE,,5G,0.08,3.05
R10-0000802,10,Bayshore,+1-659-526-6768,+1-948-515-3088,2026-06-01 11:56:54,2675,VOICE,,5G,0.08,3.57
R10-0000803,10,Bayshore,+1-420-545-1058,,2026-06-01 16:48:29,1110,DATA,348953049,5G,0.0,3.49
R10-0000804,10,Bayshore,+1-727-769-1451,+1-756-413-3329,2026-06-01 22:37:56,0,SMS,,4G,0.0,0.05
R10-0000805,10,Bayshore,+1-781-872-4122,+1-661-414-0515,2026-06-01 13:27:21,0,SMS,,3G,0.0,0.05
R10-0000806,10,Bayshore,+1-745-237-6300,+1-331-259-1805,2026-06-01 02:17:35,3501,VOICE,,4G,0.1,5.84
R10-0000807,10,Bayshore,+1-699-928-3691,+1-614-690-9725,2026-06-01 15:52:49,0,SMS,,3G,0.0,0.05
R10-0000808,10,Bayshore,+1-411-830-2466,+1-923-963-0662,2026-06-01 16:49:00,0,SMS,,5G,0.0,0.05
R10-0000809,10,Bayshore,+1-699-615-1021,,2026-06-01 05:42:07,6880,DATA,185045712,4G,0.0,1.85
R10-0000810,10,Bayshore,+1-793-841-7539,+1-402-588-0172,2026-06-01 16:23:18,0,SMS,,4G,0.0,0.05
R10-0000811,10,Bayshore,+1-656-529-9128,,2026-06-01 11:05:15,6674,DATA,285292913,5G,0.0,2.85
R10-0000812,10,Bayshore,+1-694-464-6448,+1-864-880-4049,2026-06-01 08:48:31,2819,VOICE,,4G,0.1,4.7
R10-0000813,10,Bayshore,+1-908-978-0173,+1-392-306-5361,2026-06-01 23:47:13,0,SMS,,5G,0.0,0.05
R10-0000814,10,Bayshore,+1-802-608-0105,+1-826-320-7452,2026-06-01 06:04:57,0,SMS,,3G,0.0,0.05
R10-0000815,10,Bayshore,+1-286-216-9997,+1-434-317-0021,2026-06-01 20:29:40,0,SMS,,4G,0.0,0.05
R10-0000816,10,Bayshore,+1-247-954-3189,+1-698-552-0532,2026-06-01 12:27:45,2276,VOICE,,3G,0.12,4.55
R10-0000817,10,Bayshore,+1-229-371-2456,+1-300-618-0434,2026-06-01 21:58:02,0,SMS,,4G,0.0,0.05
R10-0000818,10,Bayshore,+1-955-994-7933,+1-505-565-0374,2026-06-01 22:00:22,0,SMS,,4G,0.0,0.05
R10-0000819,10,Bayshore,+1-622-204-7438,+1-239-556-4289,2026-06-01 16:33:15,2837,VOICE,,4G,0.1,4.73
R10-0000820,10,Bayshore,+1-623-635-4467,+1-330-859-4732,2026-06-01 17:55:18,0,SMS,,4G,0.0,0.05
R10-0000821,10,Bayshore,+1-483-654-0352,+1-628-522-3607,2026-06-01 19:49:31,0,SMS,,4G,0.0,0.05
R10-0000822,10,Bayshore,+1-817-299-3637,,2026-06-01 16:36:10,5189,DATA,460132600,4G,0.0,4.6
R10-0000823,10,Bayshore,+1-982-696-1987,+1-738-942-4280,2026-06-01 10:21:15,135,VOICE,,4G,0.1,0.23
R10-0000824,10,Bayshore,+1-239-315-9811,+1-504-983-8603,2026-06-01 20:25:09,740,VOICE,,3G,0.12,1.48
R10-0000825,10,Bayshore,+1-288-312-6176,,2026-06-01 04:56:34,7069,DATA,114363278,4G,0.0,1.14
R10-0000826,10,Bayshore,+1-456-854-6736,+1-465-902-6940,2026-06-01 14:28:14,400,VOICE,,3G,0.12,0.8
R10-0000827,10,Bayshore,+1-785-397-0387,,2026-06-01 23:20:33,2910,DATA,1152284,4G,0.0,0.01
R10-0000828,10,Bayshore,+1-420-321-9985,+1-308-748-5735,2026-06-01 05:00:08,1663,VOICE,,4G,0.1,2.77
R10-0000829,10,Bayshore,+1-392-444-7578,+1-278-415-2301,2026-06-01 10:32:28,2320,VOICE,,4G,0.1,3.87
R10-0000830,10,Bayshore,+1-585-585-6679,+1-954-590-7164,2026-06-01 22:19:48,3576,VOICE,,5G,0.08,4.77
R10-0000831,10,Bayshore,+1-858-351-1890,+1-499-741-8015,2026-06-01 06:05:31,0,SMS,,4G,0.0,0.05
R10-0000832,10,Bayshore,+1-227-753-5123,+1-921-290-6013,2026-06-01 16:00:09,2260,VOICE,,4G,0.1,3.77
R10-0000833,10,Bayshore,+1-837-549-9537,+1-958-261-0599,2026-06-01 03:40:33,1476,VOICE,,4G,0.1,2.46
R10-0000834,10,Bayshore,+1-372-614-8426,+1-475-743-1458,2026-06-01 13:41:11,92,VOICE,,4G,0.1,0.15
R10-0000835,10,Bayshore,+1-497-253-6016,+1-988-708-6950,2026-06-01 03:29:14,0,SMS,,3G,0.0,0.05
R10-0000836,10,Bayshore,+1-372-994-0703,+1-469-595-8360,2026-06-01 09:31:38,1248,VOICE,,4G,0.1,2.08
R10-0000837,10,Bayshore,+1-503-327-5711,+1-489-751-9988,2026-06-01 00:43:10,0,SMS,,4G,0.0,0.05
R10-0000838,10,Bayshore,+1-275-912-5766,,2026-06-01 18:27:46,2799,DATA,428369267,3G,0.0,4.28
R10-0000839,10,Bayshore,+1-487-477-8043,+1-391-639-9128,2026-06-01 23:33:05,193,VOICE,,4G,0.1,0.32
R10-0000840,10,Bayshore,+1-447-613-1618,+1-711-302-4619,2026-06-01 02:24:03,1998,VOICE,,4G,0.1,3.33
R10-0000841,10,Bayshore,+1-603-281-5972,+1-956-263-5320,2026-06-01 08:49:04,1445,VOICE,,5G,0.08,1.93
R10-0000842,10,Bayshore,+1-747-654-0121,+1-319-917-8348,2026-06-01 18:57:54,603,VOICE,,4G,0.1,1.01
R10-0000843,10,Bayshore,+1-254-267-9054,+1-504-353-7355,2026-06-01 03:21:37,0,SMS,,4G,0.0,0.05
R10-0000844,10,Bayshore,+1-873-729-2041,,2026-06-01 18:39:38,2685,DATA,50480324,4G,0.0,0.5
R10-0000845,10,Bayshore,+1-974-214-4785,+1-841-200-6209,2026-06-01 00:26:44,45,VOICE,,4G,0.1,0.08
R10-0000846,10,Bayshore,+1-917-817-8521,+1-752-221-7928,2026-06-01 15:05:56,0,SMS,,4G,0.0,0.05
R10-0000847,10,Bayshore,+1-773-637-6412,+1-941-456-2036,2026-06-01 00:25:08,0,SMS,,5G,0.0,0.05
R10-0000848,10,Bayshore,+1-828-462-6645,+1-899-560-0150,2026-06-01 09:51:48,3268,VOICE,,4G,0.1,5.45
R10-0000849,10,Bayshore,+1-625-610-7452,+1-213-239-4193,2026-06-01 23:34:25,448,VOICE,,4G,0.1,0.75
R10-0000850,10,Bayshore,+1-201-775-3925,+1-356-867-7319,2026-06-01 13:37:10,0,SMS,,4G,0.0,0.05
R10-0000851,10,Bayshore,+1-704-890-8123,+1-459-501-1768,2026-06-01 00:15:01,3064,VOICE,,4G,0.1,5.11
R10-0000852,10,Bayshore,+1-428-412-9231,,2026-06-01 21:15:26,4345,DATA,350189945,4G,0.0,3.5
R10-0000853,10,Bayshore,+1-480-289-6355,+1-487-954-2567,2026-06-01 05:15:46,0,SMS,,4G,0.0,0.05
R10-0000854,10,Bayshore,+1-875-577-2633,+1-295-455-5733,2026-06-01 01:10:18,0,SMS,,4G,0.0,0.05
R10-0000855,10,Bayshore,+1-640-332-6279,,2026-06-01 08:57:12,6274,DATA,235084029,4G,0.0,2.35
R10-0000856,10,Bayshore,+1-613-728-7796,+1-411-533-8020,2026-06-01 16:55:51,0,VOICE,,3G,0.12,0.0
R10-0000857,10,Bayshore,+1-388-205-9841,+1-804-245-6277,2026-06-01 05:12:07,911,VOICE,,5G,0.08,1.21
R10-0000858,10,Bayshore,+1-971-520-2145,+1-276-515-6736,2026-06-01 21:59:22,0,SMS,,4G,0.0,0.05
R10-0000859,10,Bayshore,+1-501-923-6724,+1-372-498-3054,2026-06-01 16:28:09,0,SMS,,4G,0.0,0.05
R10-0000860,10,Bayshore,+1-815-319-1301,+1-620-292-9453,2026-06-01 15:14:46,374,VOICE,,3G,0.12,0.75
R10-0000861,10,Bayshore,+1-858-559-0721,+1-254-682-9358,2026-06-01 23:54:28,1685,VOICE,,4G,0.1,2.81
R10-0000862,10,Bayshore,+1-313-904-1938,+1-692-214-2399,2026-06-01 09:41:11,3414,VOICE,,5G,0.08,4.55
R10-0000863,10,Bayshore,+1-948-887-2525,+1-314-530-7923,2026-06-01 21:21:36,1916,VOICE,,5G,0.08,2.55
R10-0000864,10,Bayshore,+1-972-921-2707,,2026-06-01 21:36:14,5250,DATA,321876934,5G,0.0,3.22
R10-0000865,10,Bayshore,+1-298-631-1805,+1-289-810-3331,2026-06-01 10:19:11,0,SMS,,4G,0.0,0.05
R10-0000866,10,Bayshore,+1-581-253-4698,+1-435-420-7692,2026-06-01 22:55:19,2268,VOICE,,3G,0.12,4.54
R10-0000867,10,Bayshore,+1-474-549-0468,+1-746-378-6155,2026-06-01 20:07:57,1355,VOICE,,3G,0.12,2.71
R10-0000868,10,Bayshore,+1-357-543-2698,+1-612-884-7277,2026-06-01 06:19:55,0,SMS,,4G,0.0,0.05
R10-0000869,10,Bayshore,+1-946-207-4331,+1-412-760-7656,2026-06-01 22:28:02,0,SMS,,4G,0.0,0.05
R10-0000870,10,Bayshore,+1-334-402-6312,+1-709-334-8348,2026-06-01 05:23:12,0,SMS,,4G,0.0,0.05
R10-0000871,10,Bayshore,+1-888-780-1397,+1-688-240-5884,2026-06-01 17:03:48,0,SMS,,5G,0.0,0.05
R10-0000872,10,Bayshore,+1-377-230-1186,+1-561-762-7450,2026-06-01 01:53:25,234,VOICE,,5G,0.08,0.31
R10-0000873,10,Bayshore,+1-636-933-3326,+1-614-955-3872,2026-06-01 11:40:02,0,SMS,,3G,0.0,0.05
R10-0000874,10,Bayshore,+1-986-895-0888,+1-950-325-6509,2026-06-01 12:37:31,0,SMS,,4G,0.0,0.05
R10-0000875,10,Bayshore,+1-327-705-3707,+1-658-965-3934,2026-06-01 09:19:37,0,SMS,,4G,0.0,0.05
R10-0000876,10,Bayshore,+1-669-854-8192,+1-475-419-4435,2026-06-01 08:10:45,611,VOICE,,4G,0.1,1.02
R10-0000877,10,Bayshore,+1-690-889-1607,+1-737-748-5378,2026-06-01 14:01:06,2561,VOICE,,4G,0.1,4.27
R10-0000878,10,Bayshore,+1-591-470-6326,+1-229-952-7633,2026-06-01 19:37:56,0,SMS,,3G,0.0,0.05
R10-0000879,10,Bayshore,+1-728-939-7731,+1-683-486-6893,2026-06-01 22:15:39,3023,VOICE,,4G,0.1,5.04
R10-0000880,10,Bayshore,+1-497-487-4197,+1-641-628-3480,2026-06-01 09:54:07,0,SMS,,4G,0.0,0.05
R10-0000881,10,Bayshore,+1-382-360-4582,,2026-06-01 14:03:33,2413,DATA,354859418,5G,0.0,3.55
R10-0000882,10,Bayshore,+1-323-922-0861,+1-978-815-0291,2026-06-01 06:42:24,3224,VOICE,,4G,0.1,5.37
R10-0000883,10,Bayshore,+1-379-961-1189,+1-989-884-1272,2026-06-01 08:13:39,0,SMS,,3G,0.0,0.05
R10-0000884,10,Bayshore,+1-845-442-5186,+1-475-423-8358,2026-06-01 22:14:31,2791,VOICE,,5G,0.08,3.72
R10-0000885,10,Bayshore,+1-799-727-7722,+1-448-896-7549,2026-06-01 18:51:53,1416,VOICE,,4G,0.1,2.36
R10-0000886,10,Bayshore,+1-531-866-4873,,2026-06-01 05:31:08,6443,DATA,150355580,3G,0.0,1.5
R10-0000887,10,Bayshore,+1-587-738-8827,+1-790-655-1779,2026-06-01 17:11:10,146,VOICE,,5G,0.08,0.19
R10-0000888,10,Bayshore,+1-780-698-3565,,2026-06-01 15:33:10,6261,DATA,417158023,5G,0.0,4.17
R10-0000889,10,Bayshore,+1-319-423-8998,+1-304-670-1127,2026-06-01 22:40:12,2146,VOICE,,4G,0.1,3.58
R10-0000890,10,Bayshore,+1-633-330-3174,+1-711-369-1016,2026-06-01 01:58:55,0,SMS,,4G,0.0,0.05
R10-0000891,10,Bayshore,+1-623-352-3644,+1-613-389-4845,2026-06-01 00:29:02,0,SMS,,4G,0.0,0.05
R10-0000892,10,Bayshore,+1-365-836-7717,+1-934-864-9817,2026-06-01 04:34:36,1909,VOICE,,3G,0.12,3.82
R10-0000893,10,Bayshore,+1-712-884-1165,+1-978-700-8229,2026-06-01 20:30:33,1648,VOICE,,4G,0.1,2.75
R10-0000894,10,Bayshore,+1-279-651-9774,+1-448-606-2922,2026-06-01 18:10:03,0,SMS,,4G,0.0,0.05
R10-0000895,10,Bayshore,+1-319-296-5249,+1-513-325-3859,2026-06-01 06:38:30,0,SMS,,4G,0.0,0.05
R10-0000896,10,Bayshore,+1-666-483-5012,+1-977-659-7793,2026-06-01 19:24:45,3431,VOICE,,5G,0.08,4.57
R10-0000897,10,Bayshore,+1-408-444-1434,+1-209-294-6199,2026-06-01 03:34:31,0,SMS,,4G,0.0,0.05
R10-0000898,10,Bayshore,+1-524-385-1003,+1-926-944-8883,2026-06-01 04:04:34,3219,VOICE,,3G,0.12,6.44
R10-0000899,10,Bayshore,+1-540-833-4097,+1-690-340-9723,2026-06-01 15:03:11,0,SMS,,4G,0.0,0.05
R10-0000900,10,Bayshore,+1-280-287-4423,+1-792-850-2533,2026-06-01 02:30:41,1681,VOICE,,3G,0.12,3.36
R10-0000901,10,Bayshore,+1-378-579-3203,+1-768-948-1027,2026-06-01 11:02:03,0,SMS,,4G,0.0,0.05
R10-0000902,10,Bayshore,+1-874-448-9927,+1-561-293-8036,2026-06-01 18:30:24,577,VOICE,,3G,0.12,1.15
R10-0000903,10,Bayshore,+1-283-887-6625,+1-670-222-1970,2026-06-01 00:18:10,3397,VOICE,,4G,0.1,5.66
R10-0000904,10,Bayshore,+1-609-528-8983,+1-299-259-8465,2026-06-01 03:35:17,0,SMS,,4G,0.0,0.05
R10-0000905,10,Bayshore,+1-986-949-6728,+1-746-548-0451,2026-06-01 04:40:14,2244,VOICE,,4G,0.1,3.74
R10-0000906,10,Bayshore,+1-320-462-6569,,2026-06-01 01:41:18,5529,DATA,73725591,4G,0.0,0.74
R10-0000907,10,Bayshore,+1-654-434-9194,+1-343-678-4441,2026-06-01 21:42:32,0,SMS,,4G,0.0,0.05
R10-0000908,10,Bayshore,+1-826-360-5856,+1-266-394-0998,2026-06-01 20:40:47,0,SMS,,4G,0.0,0.05
R10-0000909,10,Bayshore,+1-491-848-6635,+1-485-357-8140,2026-06-01 10:28:29,0,SMS,,5G,0.0,0.05
R10-0000910,10,Bayshore,+1-585-644-3557,+1-847-370-0488,2026-06-01 02:24:01,0,SMS,,4G,0.0,0.05
R10-0000911,10,Bayshore,+1-690-205-0739,+1-379-287-5445,2026-06-01 04:05:31,0,SMS,,5G,0.0,0.05
R10-0000912,10,Bayshore,+1-682-895-7968,+1-980-993-4569,2026-06-01 06:32:29,3565,VOICE,,4G,0.1,5.94
R10-0000913,10,Bayshore,+1-730-385-0354,+1-449-335-6864,2026-06-01 01:33:26,0,SMS,,5G,0.0,0.05
R10-0000914,10,Bayshore,+1-433-236-0626,+1-989-742-5510,2026-06-01 09:16:38,1954,VOICE,,3G,0.12,3.91
R10-0000915,10,Bayshore,+1-696-749-2067,+1-451-938-5788,2026-06-01 21:58:55,0,SMS,,5G,0.0,0.05
R10-0000916,10,Bayshore,+1-892-599-7830,+1-557-824-0517,2026-06-01 17:51:57,515,VOICE,,3G,0.12,1.03
R10-0000917,10,Bayshore,+1-753-667-4038,+1-371-990-8322,2026-06-01 12:58:36,1269,VOICE,,5G,0.08,1.69
R10-0000918,10,Bayshore,+1-431-491-1169,+1-797-246-0865,2026-06-01 21:14:40,1596,VOICE,,4G,0.1,2.66
R10-0000919,10,Bayshore,+1-687-458-8005,+1-328-517-5187,2026-06-01 12:50:34,0,SMS,,5G,0.0,0.05
R10-0000920,10,Bayshore,+1-423-611-1409,,2026-06-01 02:23:46,3398,DATA,169947976,5G,0.0,1.7
R10-0000921,10,Bayshore,+1-346-481-9095,,2026-06-01 00:42:07,2049,DATA,494209163,5G,0.0,4.94
R10-0000922,10,Bayshore,+1-241-983-5367,+1-894-897-3387,2026-06-01 04:50:30,0,SMS,,4G,0.0,0.05
R10-0000923,10,Bayshore,+1-330-725-2946,+1-969-329-3925,2026-06-01 17:36:48,1676,VOICE,,4G,0.1,2.79
R10-0000924,10,Bayshore,+1-797-273-5642,+1-719-596-3719,2026-06-01 02:25:55,0,SMS,,4G,0.0,0.05
R10-0000925,10,Bayshore,+1-714-962-7663,+1-683-480-5989,2026-06-01 01:51:46,2239,VOICE,,4G,0.1,3.73
R10-0000926,10,Bayshore,+1-979-798-6117,+1-393-587-8452,2026-06-01 20:05:57,0,SMS,,3G,0.0,0.05
R10-0000927,10,Bayshore,+1-535-954-2531,,2026-06-01 06:38:07,2520,DATA,274779155,4G,0.0,2.75
R10-0000928,10,Bayshore,+1-515-324-0442,+1-888-712-9116,2026-06-01 04:47:26,3159,VOICE,,3G,0.12,6.32
R10-0000929,10,Bayshore,+1-322-507-3301,+1-706-253-9695,2026-06-01 08:11:46,0,SMS,,5G,0.0,0.05
R10-0000930,10,Bayshore,+1-879-870-3781,+1-332-539-5129,2026-06-01 01:53:08,2199,VOICE,,4G,0.1,3.67
R10-0000931,10,Bayshore,+1-227-837-9954,+1-967-934-1793,2026-06-01 00:24:45,1303,VOICE,,5G,0.08,1.74
R10-0000932,10,Bayshore,+1-516-487-7002,+1-239-378-2674,2026-06-01 16:53:44,577,VOICE,,4G,0.1,0.96
R10-0000933,10,Bayshore,+1-449-317-5520,+1-520-580-9604,2026-06-01 04:09:20,0,SMS,,4G,0.0,0.05
R10-0000934,10,Bayshore,+1-818-307-5213,+1-610-543-5086,2026-06-01 11:27:43,157,VOICE,,5G,0.08,0.21
R10-0000935,10,Bayshore,+1-209-686-6716,+1-403-621-5733,2026-06-01 16:54:36,1969,VOICE,,4G,0.1,3.28
R10-0000936,10,Bayshore,+1-646-693-1798,,2026-06-01 01:34:05,3415,DATA,143258816,4G,0.0,1.43
R10-0000937,10,Bayshore,+1-768-381-8656,+1-903-445-3827,2026-06-01 05:31:08,1342,VOICE,,5G,0.08,1.79
R10-0000938,10,Bayshore,+1-732-626-6257,+1-878-281-3341,2026-06-01 01:20:36,3408,VOICE,,5G,0.08,4.54
R10-0000939,10,Bayshore,+1-980-568-7484,+1-582-757-9316,2026-06-01 14:27:34,1172,VOICE,,4G,0.1,1.95
R10-0000940,10,Bayshore,+1-802-508-2022,+1-365-890-2838,2026-06-01 13:18:14,3391,VOICE,,4G,0.1,5.65
R10-0000941,10,Bayshore,+1-850-299-5029,+1-650-489-1483,2026-06-01 03:33:58,728,VOICE,,3G,0.12,1.46
R10-0000942,10,Bayshore,+1-970-235-0804,+1-681-627-2676,2026-06-01 13:56:18,0,SMS,,4G,0.0,0.05
R10-0000943,10,Bayshore,+1-871-328-3920,+1-601-645-1457,2026-06-01 08:46:34,1958,VOICE,,5G,0.08,2.61
R10-0000944,10,Bayshore,+1-783-947-3898,+1-544-673-3056,2026-06-01 17:58:13,2619,VOICE,,5G,0.08,3.49
R10-0000945,10,Bayshore,+1-418-912-5234,+1-884-235-6777,2026-06-01 13:19:16,1570,VOICE,,4G,0.1,2.62
R10-0000946,10,Bayshore,+1-295-212-6136,,2026-06-01 23:38:53,5846,DATA,417219779,4G,0.0,4.17
R10-0000947,10,Bayshore,+1-646-410-7773,+1-667-945-1866,2026-06-01 17:43:09,292,VOICE,,4G,0.1,0.49
R10-0000948,10,Bayshore,+1-354-231-3224,+1-742-746-7329,2026-06-01 22:19:23,0,SMS,,4G,0.0,0.05
R10-0000949,10,Bayshore,+1-557-644-9154,+1-780-270-2072,2026-06-01 07:17:52,1130,VOICE,,5G,0.08,1.51
R10-0000950,10,Bayshore,+1-904-921-0544,,2026-06-01 11:04:18,4221,DATA,183179461,4G,0.0,1.83
R10-0000951,10,Bayshore,+1-373-370-1904,+1-293-513-6427,2026-06-01 16:19:01,2265,VOICE,,4G,0.1,3.78
R10-0000952,10,Bayshore,+1-369-533-3978,,2026-06-01 05:29:06,776,DATA,95912748,4G,0.0,0.96
R10-0000953,10,Bayshore,+1-826-787-7464,+1-541-487-6702,2026-06-01 21:24:31,1527,VOICE,,4G,0.1,2.54
R10-0000954,10,Bayshore,+1-788-938-5347,+1-633-697-9468,2026-06-01 21:22:02,0,SMS,,5G,0.0,0.05
R10-0000955,10,Bayshore,+1-726-915-3631,+1-305-326-1344,2026-06-01 13:04:32,506,VOICE,,5G,0.08,0.67
R10-0000956,10,Bayshore,+1-361-738-9951,+1-487-938-5875,2026-06-01 05:09:11,0,VOICE,,4G,0.1,0.0
R10-0000957,10,Bayshore,+1-763-606-9701,+1-401-231-7272,2026-06-01 12:09:40,0,VOICE,,4G,0.1,0.0
R10-0000958,10,Bayshore,+1-753-352-6187,+1-202-881-9275,2026-06-01 18:51:28,2868,VOICE,,4G,0.1,4.78
R10-0000959,10,Bayshore,+1-453-450-6779,+1-380-940-8044,2026-06-01 18:28:20,0,SMS,,5G,0.0,0.05
R10-0000960,10,Bayshore,+1-323-215-4184,+1-274-772-5288,2026-06-01 14:18:54,3594,VOICE,,3G,0.12,7.19
R10-0000961,10,Bayshore,+1-429-226-4413,+1-345-719-4737,2026-06-01 15:07:38,0,SMS,,4G,0.0,0.05
R10-0000962,10,Bayshore,+1-347-669-0333,,2026-06-01 05:02:34,5050,DATA,170169871,3G,0.0,1.7
R10-0000963,10,Bayshore,+1-971-617-4017,+1-583-535-4830,2026-06-01 08:11:44,0,SMS,,4G,0.0,0.05
R10-0000964,10,Bayshore,+1-693-278-7816,+1-832-914-1146,2026-06-01 20:52:23,0,VOICE,,4G,0.1,0.0
R10-0000965,10,Bayshore,+1-372-875-7132,,2026-06-01 16:22:15,1794,DATA,351467449,4G,0.0,3.51
R10-0000966,10,Bayshore,+1-514-465-8179,+1-322-291-6417,2026-06-01 04:54:13,0,SMS,,4G,0.0,0.05
R10-0000967,10,Bayshore,+1-913-421-3422,+1-224-764-3135,2026-06-01 14:06:58,0,SMS,,5G,0.0,0.05
R10-0000968,10,Bayshore,+1-456-817-9486,+1-662-418-5101,2026-06-01 16:48:43,384,VOICE,,5G,0.08,0.51
R10-0000969,10,Bayshore,+1-254-282-3972,+1-592-545-7635,2026-06-01 18:51:09,1574,VOICE,,5G,0.08,2.1
R10-0000970,10,Bayshore,+1-340-731-4415,+1-535-240-7297,2026-06-01 09:08:11,2384,VOICE,,3G,0.12,4.77
R10-0000971,10,Bayshore,+1-701-296-6176,+1-408-894-4054,2026-06-01 08:37:42,0,SMS,,5G,0.0,0.05
R10-0000972,10,Bayshore,+1-246-710-0617,+1-467-780-6270,2026-06-01 02:54:03,2091,VOICE,,4G,0.1,3.49
R10-0000973,10,Bayshore,+1-662-822-2820,+1-501-539-2344,2026-06-01 03:00:33,2797,VOICE,,3G,0.12,5.59
R10-0000974,10,Bayshore,+1-435-400-6652,+1-897-833-1429,2026-06-01 15:30:08,0,SMS,,4G,0.0,0.05
R10-0000975,10,Bayshore,+1-302-991-0620,,2026-06-01 07:10:21,2675,DATA,267207542,3G,0.0,2.67
R10-0000976,10,Bayshore,+1-448-849-6981,,2026-06-01 21:11:59,5981,DATA,136129847,4G,0.0,1.36
R10-0000977,10,Bayshore,+1-451-559-6522,,2026-06-01 19:19:52,5310,DATA,97734692,4G,0.0,0.98
R10-0000978,10,Bayshore,+1-362-771-3280,+1-860-579-7022,2026-06-01 11:11:56,2261,VOICE,,5G,0.08,3.01
R10-0000979,10,Bayshore,+1-233-759-7600,+1-879-449-9045,2026-06-01 09:44:08,0,SMS,,4G,0.0,0.05
R10-0000980,10,Bayshore,+1-411-914-2808,,2026-06-01 02:52:29,1670,DATA,73710786,4G,0.0,0.74
R10-0000981,10,Bayshore,+1-821-470-0945,+1-870-980-9409,2026-06-01 05:18:19,1643,VOICE,,5G,0.08,2.19
R10-0000982,10,Bayshore,+1-700-842-6571,+1-514-632-1343,2026-06-01 19:35:02,0,SMS,,4G,0.0,0.05
R10-0000983,10,Bayshore,+1-259-828-4287,+1-417-351-1393,2026-06-01 08:09:13,789,VOICE,,5G,0.08,1.05
R10-0000984,10,Bayshore,+1-755-332-4097,+1-412-725-4623,2026-06-01 05:23:09,0,SMS,,3G,0.0,0.05
R10-0000985,10,Bayshore,+1-238-488-2669,,2026-06-01 06:06:43,6746,DATA,465874213,5G,0.0,4.66
R10-0000986,10,Bayshore,+1-747-229-8427,,2026-06-01 02:25:07,2965,DATA,354985865,5G,0.0,3.55
R10-0000987,10,Bayshore,+1-472-775-1981,,2026-06-01 15:07:45,5631,DATA,125110406,4G,0.0,1.25
R10-0000988,10,Bayshore,+1-652-588-2119,+1-902-980-9164,2026-06-01 07:09:18,0,SMS,,5G,0.0,0.05
R10-0000989,10,Bayshore,+1-570-456-0742,+1-619-944-4105,2026-06-01 07:46:39,1809,VOICE,,4G,0.1,3.02
R10-0000990,10,Bayshore,+1-976-483-4730,,2026-06-01 01:28:09,6584,DATA,266907086,4G,0.0,2.67
R10-0000991,10,Bayshore,+1-938-251-3820,+1-371-393-0230,2026-06-01 15:49:47,3116,VOICE,,5G,0.08,4.15
R10-0000992,10,Bayshore,+1-415-648-5243,+1-298-334-5136,2026-06-01 21:57:33,0,VOICE,,4G,0.1,0.0
R10-0000993,10,Bayshore,+1-636-363-5748,+1-424-769-7189,2026-06-01 15:57:45,0,SMS,,5G,0.0,0.05
R10-0000994,10,Bayshore,+1-538-209-2194,+1-473-653-1605,2026-06-01 11:49:01,3328,VOICE,,5G,0.08,4.44
R10-0000995,10,Bayshore,+1-485-408-1349,+1-555-608-6098,2026-06-01 21:14:41,1418,VOICE,,5G,0.08,1.89
R10-0000996,10,Bayshore,+1-905-289-2001,+1-422-444-8353,2026-06-01 21:23:39,2737,VOICE,,5G,0.08,3.65
R10-0000997,10,Bayshore,+1-507-238-0136,+1-275-995-7026,2026-06-01 10:56:42,0,SMS,,3G,0.0,0.05
R10-0000998,10,Bayshore,+1-401-310-3243,+1-384-428-5079,2026-06-01 20:27:19,175,VOICE,,5G,0.08,0.23
R10-0000999,10,Bayshore,+1-558-523-5978,+1-368-640-6059,2026-06-01 10:30:25,232,VOICE,,5G,0.08,0.31
R10-0001000,10,Bayshore,+1-438-459-7545,,2026-06-01 23:11:51,73,DATA,23689450,4G,0.0,0.24
R10-0001001,10,Bayshore,+1-561-898-3519,+1-631-734-6714,2026-06-01 16:24:47,2455,VOICE,,3G,0.12,4.91
R10-0001002,10,Bayshore,+1-344-720-6516,+1-288-920-3869,2026-06-01 14:04:32,1003,VOICE,,4G,0.1,1.67
R10-0001003,10,Bayshore,+1-809-397-9418,+1-694-308-3184,2026-06-01 13:02:10,0,SMS,,4G,0.0,0.05
R10-0001004,10,Bayshore,+1-337-338-8288,+1-507-729-4782,2026-06-01 18:57:52,995,VOICE,,5G,0.08,1.33
R10-0001005,10,Bayshore,+1-739-432-3631,+1-303-922-7325,2026-06-01 19:27:12,0,SMS,,4G,0.0,0.05
R10-0001006,10,Bayshore,+1-344-621-2233,+1-657-806-2698,2026-06-01 08:34:28,0,SMS,,3G,0.0,0.05
R10-0001007,10,Bayshore,+1-619-671-5037,,2026-06-01 05:15:46,4157,DATA,268112517,4G,0.0,2.68
R10-0001008,10,Bayshore,+1-834-866-3089,+1-702-381-0032,2026-06-01 12:16:48,0,SMS,,4G,0.0,0.05
R10-0001009,10,Bayshore,+1-875-830-1725,+1-274-891-4833,2026-06-01 18:06:19,1202,VOICE,,4G,0.1,2.0
R10-0001010,10,Bayshore,+1-644-360-6108,+1-784-401-5098,2026-06-01 03:30:50,0,SMS,,4G,0.0,0.05
R10-0001011,10,Bayshore,+1-564-816-4620,+1-894-590-1217,2026-06-01 15:08:58,1599,VOICE,,4G,0.1,2.67
R10-0001012,10,Bayshore,+1-865-561-0293,+1-790-299-0489,2026-06-01 16:41:49,0,VOICE,,5G,0.08,0.0
R10-0001013,10,Bayshore,+1-963-340-5459,+1-482-529-8432,2026-06-01 22:40:12,2658,VOICE,,5G,0.08,3.54
R10-0001014,10,Bayshore,+1-562-479-0206,+1-359-528-3237,2026-06-01 04:37:58,844,VOICE,,5G,0.08,1.13
R10-0001015,10,Bayshore,+1-861-531-1978,+1-595-844-5401,2026-06-01 17:20:18,2124,VOICE,,3G,0.12,4.25
R10-0001016,10,Bayshore,+1-282-681-4855,+1-409-908-2165,2026-06-01 01:08:03,0,SMS,,5G,0.0,0.05
R10-0001017,10,Bayshore,+1-861-743-4938,+1-777-554-9504,2026-06-01 11:08:14,3121,VOICE,,4G,0.1,5.2
R10-0001018,10,Bayshore,+1-654-873-6524,+1-527-359-5095,2026-06-01 15:19:57,2085,VOICE,,5G,0.08,2.78
R10-0001019,10,Bayshore,+1-390-846-6383,+1-736-209-6580,2026-06-01 13:40:29,2231,VOICE,,4G,0.1,3.72
R10-0001020,10,Bayshore,+1-552-478-9086,,2026-06-01 11:20:13,4372,DATA,303730961,4G,0.0,3.04
R10-0001021,10,Bayshore,+1-815-560-0352,,2026-06-01 10:52:58,6872,DATA,125909977,4G,0.0,1.26
R10-0001022,10,Bayshore,+1-239-713-9240,+1-679-892-7052,2026-06-01 02:13:07,1397,VOICE,,5G,0.08,1.86
R10-0001023,10,Bayshore,+1-673-364-6526,+1-700-371-0845,2026-06-01 10:07:39,389,VOICE,,3G,0.12,0.78
R10-0001024,10,Bayshore,+1-378-363-2761,+1-877-803-8542,2026-06-01 11:43:34,727,VOICE,,4G,0.1,1.21
R10-0001025,10,Bayshore,+1-495-536-5459,,2026-06-01 21:38:02,6397,DATA,165654722,4G,0.0,1.66
R10-0001026,10,Bayshore,+1-767-825-9193,+1-261-842-2424,2026-06-01 01:37:28,2443,VOICE,,4G,0.1,4.07
R10-0001027,10,Bayshore,+1-778-854-7841,+1-209-632-3767,2026-06-01 09:41:16,0,SMS,,4G,0.0,0.05
R10-0001028,10,Bayshore,+1-320-773-0738,+1-460-550-5786,2026-06-01 11:20:52,0,SMS,,5G,0.0,0.05
R10-0001029,10,Bayshore,+1-709-716-0291,+1-249-686-7741,2026-06-01 04:26:02,0,SMS,,4G,0.0,0.05
R10-0001030,10,Bayshore,+1-499-603-7772,+1-805-351-4035,2026-06-01 21:33:15,716,VOICE,,5G,0.08,0.95
R10-0001031,10,Bayshore,+1-581-477-8181,+1-618-979-3903,2026-06-01 07:46:00,0,SMS,,5G,0.0,0.05
R10-0001032,10,Bayshore,+1-636-854-5105,,2026-06-01 17:18:18,1443,DATA,231204264,3G,0.0,2.31
R10-0001033,10,Bayshore,+1-491-824-3641,+1-300-620-7187,2026-06-01 09:33:17,0,SMS,,4G,0.0,0.05
R10-0001034,10,Bayshore,+1-596-717-3903,+1-459-598-4805,2026-06-01 02:46:13,0,SMS,,5G,0.0,0.05
R10-0001035,10,Bayshore,+1-738-419-4826,+1-710-836-0954,2026-06-01 10:56:09,0,SMS,,4G,0.0,0.05
R10-0001036,10,Bayshore,+1-834-543-7259,+1-290-892-4871,2026-06-01 19:21:33,0,SMS,,3G,0.0,0.05
R10-0001037,10,Bayshore,+1-686-886-0170,,2026-06-01 07:41:32,2584,DATA,262935297,4G,0.0,2.63
R10-0001038,10,Bayshore,+1-978-874-3235,,2026-06-01 11:33:48,6670,DATA,482467253,3G,0.0,4.82
R10-0001039,10,Bayshore,+1-780-259-8158,+1-401-585-2514,2026-06-01 06:41:55,705,VOICE,,5G,0.08,0.94
R10-0001040,10,Bayshore,+1-392-574-6264,+1-459-748-1443,2026-06-01 15:36:17,0,SMS,,5G,0.0,0.05
R10-0001041,10,Bayshore,+1-719-729-3975,+1-360-772-3767,2026-06-01 08:14:35,3050,VOICE,,3G,0.12,6.1
R10-0001042,10,Bayshore,+1-887-224-4227,,2026-06-01 23:48:33,6086,DATA,420050407,4G,0.0,4.2
R10-0001043,10,Bayshore,+1-346-219-4537,+1-760-996-9840,2026-06-01 21:39:56,3395,VOICE,,5G,0.08,4.53
R10-0001044,10,Bayshore,+1-364-559-5374,,2026-06-01 23:52:52,2875,DATA,111681590,4G,0.0,1.12
R10-0001045,10,Bayshore,+1-213-644-9429,+1-760-565-0005,2026-06-01 20:50:17,1596,VOICE,,4G,0.1,2.66
R10-0001046,10,Bayshore,+1-750-524-2997,+1-401-788-6405,2026-06-01 08:02:49,0,SMS,,4G,0.0,0.05
R10-0001047,10,Bayshore,+1-770-376-7091,+1-220-442-6749,2026-06-01 08:12:31,217,VOICE,,4G,0.1,0.36
R10-0001048,10,Bayshore,+1-986-771-0720,+1-221-337-3810,2026-06-01 03:29:44,1919,VOICE,,4G,0.1,3.2
R10-0001049,10,Bayshore,+1-261-399-6756,,2026-06-01 18:52:45,628,DATA,7634693,4G,0.0,0.08
R10-0001050,10,Bayshore,+1-822-931-7545,+1-432-538-9884,2026-06-01 17:15:40,0,SMS,,4G,0.0,0.05
R10-0001051,10,Bayshore,+1-827-887-8802,,2026-06-01 03:14:02,2309,DATA,408085572,4G,0.0,4.08
R10-0001052,10,Bayshore,+1-411-247-6293,+1-964-327-9294,2026-06-01 21:28:46,343,VOICE,,4G,0.1,0.57
R10-0001053,10,Bayshore,+1-965-667-9260,+1-733-764-7244,2026-06-01 06:56:48,1471,VOICE,,4G,0.1,2.45
R10-0001054,10,Bayshore,+1-932-869-5781,+1-557-328-5846,2026-06-01 12:44:16,2186,VOICE,,4G,0.1,3.64
R10-0001055,10,Bayshore,+1-642-892-4737,+1-386-425-3799,2026-06-01 09:09:03,0,SMS,,3G,0.0,0.05
R10-0001056,10,Bayshore,+1-593-579-4644,+1-492-236-4965,2026-06-01 16:55:38,0,SMS,,4G,0.0,0.05
R10-0001057,10,Bayshore,+1-204-390-8693,,2026-06-01 01:31:45,4970,DATA,186407770,5G,0.0,1.86
R10-0001058,10,Bayshore,+1-898-240-3118,+1-325-355-1769,2026-06-01 10:56:10,0,SMS,,4G,0.0,0.05
R10-0001059,10,Bayshore,+1-904-462-2550,+1-433-693-6463,2026-06-01 07:19:03,2752,VOICE,,5G,0.08,3.67
R10-0001060,10,Bayshore,+1-735-484-9193,,2026-06-01 02:17:09,123,DATA,333934650,4G,0.0,3.34
R10-0001061,10,Bayshore,+1-946-737-2261,+1-576-538-6199,2026-06-01 08:47:53,245,VOICE,,3G,0.12,0.49
R10-0001062,10,Bayshore,+1-815-828-8412,+1-442-419-5224,2026-06-01 15:40:07,3024,VOICE,,4G,0.1,5.04
R10-0001063,10,Bayshore,+1-779-886-6892,+1-231-828-3068,2026-06-01 10:02:15,0,SMS,,4G,0.0,0.05
R10-0001064,10,Bayshore,+1-695-842-6348,+1-460-809-0964,2026-06-01 00:25:04,3506,VOICE,,4G,0.1,5.84
R10-0001065,10,Bayshore,+1-944-218-8346,+1-694-293-1696,2026-06-01 00:02:07,3516,VOICE,,4G,0.1,5.86
R10-0001066,10,Bayshore,+1-697-204-1914,+1-339-775-4604,2026-06-01 07:57:11,0,SMS,,5G,0.0,0.05
R10-0001067,10,Bayshore,+1-932-747-2113,+1-621-875-0277,2026-06-01 21:01:12,0,SMS,,5G,0.0,0.05
R10-0001068,10,Bayshore,+1-773-846-8710,+1-391-503-1025,2026-06-01 14:31:34,1093,VOICE,,4G,0.1,1.82
R10-0001069,10,Bayshore,+1-824-833-7491,+1-366-251-2197,2026-06-01 04:42:58,2833,VOICE,,4G,0.1,4.72
R10-0001070,10,Bayshore,+1-386-641-1325,+1-514-907-6062,2026-06-01 00:31:26,0,SMS,,4G,0.0,0.05
R10-0001071,10,Bayshore,+1-486-337-0902,+1-272-360-2884,2026-06-01 17:07:34,3476,VOICE,,4G,0.1,5.79
R10-0001072,10,Bayshore,+1-599-266-0918,+1-480-842-2560,2026-06-01 13:22:29,767,VOICE,,5G,0.08,1.02
R10-0001073,10,Bayshore,+1-563-333-0999,+1-972-275-6204,2026-06-01 05:26:57,1363,VOICE,,3G,0.12,2.73
R10-0001074,10,Bayshore,+1-200-482-4570,+1-679-717-4865,2026-06-01 02:16:38,1042,VOICE,,5G,0.08,1.39
R10-0001075,10,Bayshore,+1-563-205-8015,,2026-06-01 16:57:59,3762,DATA,186911102,4G,0.0,1.87
R10-0001076,10,Bayshore,+1-971-370-5042,+1-385-870-8669,2026-06-01 13:56:41,1635,VOICE,,4G,0.1,2.73
R10-0001077,10,Bayshore,+1-905-824-1022,+1-694-363-9687,2026-06-01 13:33:37,983,VOICE,,4G,0.1,1.64
R10-0001078,10,Bayshore,+1-718-923-5418,+1-589-306-9265,2026-06-01 21:03:19,821,VOICE,,4G,0.1,1.37
R10-0001079,10,Bayshore,+1-620-596-1266,+1-228-587-0755,2026-06-01 01:07:17,279,VOICE,,5G,0.08,0.37
R10-0001080,10,Bayshore,+1-421-508-0081,,2026-06-01 07:16:26,7186,DATA,337312050,4G,0.0,3.37
R10-0001081,10,Bayshore,+1-758-294-7659,+1-231-974-2621,2026-06-01 11:03:51,3297,VOICE,,4G,0.1,5.5
R10-0001082,10,Bayshore,+1-395-369-6258,+1-367-410-6276,2026-06-01 01:03:01,749,VOICE,,4G,0.1,1.25
R10-0001083,10,Bayshore,+1-487-887-3119,+1-605-841-6685,2026-06-01 13:12:27,0,SMS,,3G,0.0,0.05
R10-0001084,10,Bayshore,+1-352-758-4945,+1-412-380-2304,2026-06-01 23:26:48,3498,VOICE,,4G,0.1,5.83
R10-0001085,10,Bayshore,+1-201-215-5367,+1-966-937-7378,2026-06-01 22:34:05,3152,VOICE,,5G,0.08,4.2
R10-0001086,10,Bayshore,+1-971-581-1912,+1-872-752-6350,2026-06-01 17:45:14,2123,VOICE,,4G,0.1,3.54
R10-0001087,10,Bayshore,+1-749-736-0333,+1-788-658-5431,2026-06-01 16:19:22,0,SMS,,4G,0.0,0.05
R10-0001088,10,Bayshore,+1-965-625-1570,+1-611-544-4321,2026-06-01 07:04:59,1338,VOICE,,5G,0.08,1.78
R10-0001089,10,Bayshore,+1-825-947-1714,+1-923-629-5227,2026-06-01 16:06:33,2390,VOICE,,4G,0.1,3.98
R10-0001090,10,Bayshore,+1-903-316-0689,,2026-06-01 13:08:24,5085,DATA,302221376,4G,0.0,3.02
R10-0001091,10,Bayshore,+1-785-698-4862,+1-954-732-8713,2026-06-01 23:59:48,3229,VOICE,,4G,0.1,5.38
R10-0001092,10,Bayshore,+1-249-707-2710,+1-628-835-6791,2026-06-01 19:27:20,153,VOICE,,5G,0.08,0.2
R10-0001093,10,Bayshore,+1-890-783-9963,,2026-06-01 07:18:02,2268,DATA,477692278,4G,0.0,4.78
R10-0001094,10,Bayshore,+1-822-657-3711,+1-744-616-3012,2026-06-01 03:33:34,0,SMS,,3G,0.0,0.05
R10-0001095,10,Bayshore,+1-696-747-8189,+1-323-625-4100,2026-06-01 22:32:52,314,VOICE,,5G,0.08,0.42
R10-0001096,10,Bayshore,+1-699-607-9027,+1-746-367-4855,2026-06-01 01:59:58,1233,VOICE,,4G,0.1,2.06
R10-0001097,10,Bayshore,+1-316-752-8760,+1-603-716-5145,2026-06-01 09:43:51,0,SMS,,4G,0.0,0.05
R10-0001098,10,Bayshore,+1-655-924-4413,+1-689-438-9970,2026-06-01 10:44:41,36,VOICE,,4G,0.1,0.06
R10-0001099,10,Bayshore,+1-862-976-9553,+1-412-514-6779,2026-06-01 06:03:05,0,SMS,,5G,0.0,0.05
R10-0001100,10,Bayshore,+1-808-381-9749,+1-826-250-2746,2026-06-01 14:53:55,1921,VOICE,,4G,0.1,3.2
R10-0001101,10,Bayshore,+1-556-734-4725,+1-620-334-1913,2026-06-01 01:21:08,2426,VOICE,,5G,0.08,3.23
R10-0001102,10,Bayshore,+1-495-328-8156,+1-206-689-8572,2026-06-01 07:43:40,0,SMS,,3G,0.0,0.05
R10-0001103,10,Bayshore,+1-235-394-0663,+1-922-857-4498,2026-06-01 00:59:42,2953,VOICE,,4G,0.1,4.92
R10-0001104,10,Bayshore,+1-893-509-0113,+1-208-635-0483,2026-06-01 05:14:51,2528,VOICE,,4G,0.1,4.21
R10-0001105,10,Bayshore,+1-601-645-4057,+1-264-848-4887,2026-06-01 05:41:55,2951,VOICE,,3G,0.12,5.9
R10-0001106,10,Bayshore,+1-677-601-4466,+1-444-260-9492,2026-06-01 06:12:41,886,VOICE,,4G,0.1,1.48
R10-0001107,10,Bayshore,+1-206-544-0873,+1-746-800-1189,2026-06-01 13:43:04,0,SMS,,4G,0.0,0.05
R10-0001108,10,Bayshore,+1-501-324-2260,+1-884-904-7000,2026-06-01 19:21:53,0,SMS,,4G,0.0,0.05
R10-0001109,10,Bayshore,+1-295-755-2926,+1-338-652-1696,2026-06-01 13:53:32,0,SMS,,5G,0.0,0.05
R10-0001110,10,Bayshore,+1-758-882-7979,+1-822-755-1419,2026-06-01 10:34:00,0,SMS,,4G,0.0,0.05
R10-0001111,10,Bayshore,+1-262-799-1886,+1-655-545-5442,2026-06-01 11:43:52,1993,VOICE,,5G,0.08,2.66
R10-0001112,10,Bayshore,+1-684-920-9651,+1-810-275-7452,2026-06-01 11:50:52,1859,VOICE,,4G,0.1,3.1
R10-0001113,10,Bayshore,+1-731-455-2664,+1-572-921-0968,2026-06-01 13:43:19,3284,VOICE,,5G,0.08,4.38
R10-0001114,10,Bayshore,+1-373-859-7033,+1-319-766-0509,2026-06-01 20:29:26,2881,VOICE,,4G,0.1,4.8
R10-0001115,10,Bayshore,+1-561-950-6398,+1-320-475-9990,2026-06-01 00:43:26,0,SMS,,5G,0.0,0.05
R10-0001116,10,Bayshore,+1-960-339-1117,+1-361-276-3172,2026-06-01 23:32:18,2196,VOICE,,4G,0.1,3.66
R10-0001117,10,Bayshore,+1-395-866-6513,+1-855-671-2471,2026-06-01 10:12:53,44,VOICE,,4G,0.1,0.07
R10-0001118,10,Bayshore,+1-290-927-8648,+1-848-739-6366,2026-06-01 03:55:28,1227,VOICE,,4G,0.1,2.04
R10-0001119,10,Bayshore,+1-804-244-6668,,2026-06-01 01:35:01,5414,DATA,387952830,5G,0.0,3.88
R10-0001120,10,Bayshore,+1-724-639-3874,+1-268-784-4256,2026-06-01 02:22:43,1532,VOICE,,5G,0.08,2.04
R10-0001121,10,Bayshore,+1-871-872-3131,+1-665-943-4211,2026-06-01 09:45:29,3295,VOICE,,4G,0.1,5.49
R10-0001122,10,Bayshore,+1-720-648-7505,,2026-06-01 03:55:54,1826,DATA,168745369,3G,0.0,1.69
R10-0001123,10,Bayshore,+1-306-905-2013,+1-572-920-5419,2026-06-01 00:31:35,819,VOICE,,5G,0.08,1.09
R10-0001124,10,Bayshore,+1-653-823-4738,+1-262-899-1587,2026-06-01 21:49:26,0,SMS,,4G,0.0,0.05
R10-0001125,10,Bayshore,+1-576-890-4743,,2026-06-01 01:50:43,2559,DATA,420684575,4G,0.0,4.21
R10-0001126,10,Bayshore,+1-384-263-1433,+1-810-379-7515,2026-06-01 14:25:00,515,VOICE,,4G,0.1,0.86
R10-0001127,10,Bayshore,+1-472-516-5342,+1-358-341-0180,2026-06-01 14:35:08,3565,VOICE,,5G,0.08,4.75
R10-0001128,10,Bayshore,+1-520-629-2520,,2026-06-01 22:30:23,3491,DATA,164003615,3G,0.0,1.64
R10-0001129,10,Bayshore,+1-882-220-2189,+1-611-839-0867,2026-06-01 17:15:38,3431,VOICE,,4G,0.1,5.72
R10-0001130,10,Bayshore,+1-473-739-3598,+1-774-945-6663,2026-06-01 19:16:50,3346,VOICE,,3G,0.12,6.69
R10-0001131,10,Bayshore,+1-492-810-5986,+1-830-880-5277,2026-06-01 11:17:55,27,VOICE,,4G,0.1,0.05
R10-0001132,10,Bayshore,+1-407-641-5027,+1-828-258-1524,2026-06-01 22:14:27,2684,VOICE,,4G,0.1,4.47
R10-0001133,10,Bayshore,+1-747-339-0080,+1-208-962-2516,2026-06-01 17:20:59,3227,VOICE,,4G,0.1,5.38
R10-0001134,10,Bayshore,+1-242-400-5221,,2026-06-01 16:31:48,6845,DATA,413333046,5G,0.0,4.13
R10-0001135,10,Bayshore,+1-806-776-3031,+1-656-457-7823,2026-06-01 19:13:24,0,SMS,,3G,0.0,0.05
R10-0001136,10,Bayshore,+1-755-315-8694,+1-925-614-2126,2026-06-01 23:43:11,3256,VOICE,,5G,0.08,4.34
R10-0001137,10,Bayshore,+1-393-208-0174,+1-772-778-4171,2026-06-01 22:43:58,0,SMS,,4G,0.0,0.05
R10-0001138,10,Bayshore,+1-226-456-5297,+1-610-596-5209,2026-06-01 07:01:16,2097,VOICE,,4G,0.1,3.5
R10-0001139,10,Bayshore,+1-306-487-2668,+1-209-633-3987,2026-06-01 20:32:18,164,VOICE,,3G,0.12,0.33
R10-0001140,10,Bayshore,+1-916-309-0799,+1-290-720-6669,2026-06-01 12:37:41,2838,VOICE,,4G,0.1,4.73
R10-0001141,10,Bayshore,+1-439-242-0651,+1-659-777-7268,2026-06-01 20:17:25,1024,VOICE,,4G,0.1,1.71
R10-0001142,10,Bayshore,+1-931-934-9295,+1-219-703-0642,2026-06-01 14:58:32,0,SMS,,4G,0.0,0.05
R10-0001143,10,Bayshore,+1-851-525-1157,+1-364-706-2898,2026-06-01 11:20:46,54,VOICE,,4G,0.1,0.09
R10-0001144,10,Bayshore,+1-860-422-1291,+1-816-835-9571,2026-06-01 11:38:30,0,SMS,,3G,0.0,0.05
R10-0001145,10,Bayshore,+1-945-623-3233,+1-978-873-6166,2026-06-01 14:25:37,906,VOICE,,5G,0.08,1.21
R10-0001146,10,Bayshore,+1-709-413-4375,+1-250-923-9049,2026-06-01 01:23:24,0,SMS,,5G,0.0,0.05
R10-0001147,10,Bayshore,+1-406-327-2900,,2026-06-01 06:42:27,4087,DATA,356696766,4G,0.0,3.57
R10-0001148,10,Bayshore,+1-755-496-7338,+1-352-857-2351,2026-06-01 00:08:44,1250,VOICE,,4G,0.1,2.08
R10-0001149,10,Bayshore,+1-970-733-7049,+1-924-330-4822,2026-06-01 02:21:17,0,VOICE,,5G,0.08,0.0
R10-0001150,10,Bayshore,+1-870-483-1075,+1-883-869-7682,2026-06-01 23:50:08,3032,VOICE,,3G,0.12,6.06
R10-0001151,10,Bayshore,+1-884-469-8479,+1-493-935-0754,2026-06-01 02:38:43,0,SMS,,5G,0.0,0.05
R10-0001152,10,Bayshore,+1-546-840-9986,,2026-06-01 16:24:28,5744,DATA,128115275,5G,0.0,1.28
R10-0001153,10,Bayshore,+1-854-929-2414,+1-818-242-4785,2026-06-01 17:40:54,3272,VOICE,,5G,0.08,4.36
R10-0001154,10,Bayshore,+1-780-510-3991,,2026-06-01 14:47:54,4441,DATA,16093591,4G,0.0,0.16
R10-0001155,10,Bayshore,+1-302-369-0046,,2026-06-01 02:24:39,1884,DATA,187646695,4G,0.0,1.88
R10-0001156,10,Bayshore,+1-276-778-6598,+1-266-674-7742,2026-06-01 12:56:55,1237,VOICE,,5G,0.08,1.65
R10-0001157,10,Bayshore,+1-779-501-5781,,2026-06-01 02:55:53,1908,DATA,185820010,3G,0.0,1.86
R10-0001158,10,Bayshore,+1-596-899-0032,+1-783-429-3046,2026-06-01 17:09:03,714,VOICE,,5G,0.08,0.95
R10-0001159,10,Bayshore,+1-717-594-4912,+1-750-819-3208,2026-06-01 07:52:23,2165,VOICE,,5G,0.08,2.89
R10-0001160,10,Bayshore,+1-725-981-6553,+1-204-940-2278,2026-06-01 23:58:29,0,SMS,,4G,0.0,0.05
R10-0001161,10,Bayshore,+1-943-200-6401,,2026-06-01 12:12:22,775,DATA,267056711,4G,0.0,2.67
R10-0001162,10,Bayshore,+1-905-416-7175,+1-910-912-2571,2026-06-01 04:03:38,0,SMS,,4G,0.0,0.05
R10-0001163,10,Bayshore,+1-296-230-6971,+1-951-966-4894,2026-06-01 15:03:54,1989,VOICE,,4G,0.1,3.31
R10-0001164,10,Bayshore,+1-434-614-0177,+1-657-799-2330,2026-06-01 07:52:21,0,SMS,,4G,0.0,0.05
R10-0001165,10,Bayshore,+1-636-871-8510,+1-604-530-3044,2026-06-01 16:43:33,2648,VOICE,,5G,0.08,3.53
R10-0001166,10,Bayshore,+1-416-469-1393,+1-834-531-4319,2026-06-01 06:36:44,661,VOICE,,4G,0.1,1.1
R10-0001167,10,Bayshore,+1-932-769-7961,+1-870-682-0005,2026-06-01 13:53:57,0,SMS,,5G,0.0,0.05
R10-0001168,10,Bayshore,+1-202-291-3572,+1-397-550-5144,2026-06-01 19:31:07,2000,VOICE,,5G,0.08,2.67
R10-0001169,10,Bayshore,+1-846-515-7900,+1-875-312-8219,2026-06-01 11:36:39,755,VOICE,,4G,0.1,1.26
R10-0001170,10,Bayshore,+1-406-474-4133,+1-651-337-1812,2026-06-01 13:53:56,0,SMS,,3G,0.0,0.05
R10-0001171,10,Bayshore,+1-692-620-1254,+1-649-767-0421,2026-06-01 00:13:02,2602,VOICE,,5G,0.08,3.47
R10-0001172,10,Bayshore,+1-520-289-6266,+1-658-309-1079,2026-06-01 09:00:54,0,SMS,,5G,0.0,0.05
R10-0001173,10,Bayshore,+1-324-259-4261,+1-302-963-6451,2026-06-01 17:32:04,2084,VOICE,,4G,0.1,3.47
R10-0001174,10,Bayshore,+1-885-277-7307,+1-676-755-1387,2026-06-01 23:12:49,0,VOICE,,4G,0.1,0.0
R10-0001175,10,Bayshore,+1-302-742-7878,+1-844-550-6709,2026-06-01 18:00:03,0,SMS,,5G,0.0,0.05
R10-0001176,10,Bayshore,+1-287-769-3113,+1-445-887-8627,2026-06-01 08:46:14,857,VOICE,,3G,0.12,1.71
R10-0001177,10,Bayshore,+1-295-814-6193,+1-561-736-9131,2026-06-01 16:42:18,637,VOICE,,4G,0.1,1.06
R10-0001178,10,Bayshore,+1-400-837-8472,,2026-06-01 22:38:00,3209,DATA,30805648,5G,0.0,0.31
R10-0001179,10,Bayshore,+1-223-404-5737,+1-682-577-3629,2026-06-01 07:34:56,1026,VOICE,,5G,0.08,1.37
R10-0001180,10,Bayshore,+1-524-527-3596,+1-593-450-6234,2026-06-01 02:24:21,0,SMS,,4G,0.0,0.05
R10-0001181,10,Bayshore,+1-818-860-5092,+1-247-219-6058,2026-06-01 21:19:54,252,VOICE,,5G,0.08,0.34
R10-0001182,10,Bayshore,+1-844-348-3846,,2026-06-01 08:12:21,3563,DATA,324643021,3G,0.0,3.25
R10-0001183,10,Bayshore,+1-565-596-7173,+1-478-894-0889,2026-06-01 18:42:10,229,VOICE,,4G,0.1,0.38
R10-0001184,10,Bayshore,+1-236-622-0592,+1-434-943-1831,2026-06-01 00:44:31,1367,VOICE,,5G,0.08,1.82
R10-0001185,10,Bayshore,+1-224-650-8127,+1-697-250-9674,2026-06-01 14:07:27,524,VOICE,,4G,0.1,0.87
R10-0001186,10,Bayshore,+1-511-445-2391,+1-232-475-2306,2026-06-01 01:43:25,0,SMS,,5G,0.0,0.05
R10-0001187,10,Bayshore,+1-219-818-2717,+1-395-426-0509,2026-06-01 05:03:11,2620,VOICE,,5G,0.08,3.49
R10-0001188,10,Bayshore,+1-947-588-8436,+1-253-979-3755,2026-06-01 05:04:06,2696,VOICE,,4G,0.1,4.49
R10-0001189,10,Bayshore,+1-406-579-6183,+1-905-965-5989,2026-06-01 12:40:14,0,VOICE,,4G,0.1,0.0
R10-0001190,10,Bayshore,+1-708-442-4740,+1-677-278-2305,2026-06-01 21:04:07,0,SMS,,4G,0.0,0.05
R10-0001191,10,Bayshore,+1-786-565-9427,+1-569-977-7320,2026-06-01 21:19:01,608,VOICE,,4G,0.1,1.01
R10-0001192,10,Bayshore,+1-348-569-7395,+1-612-246-5100,2026-06-01 01:48:58,252,VOICE,,5G,0.08,0.34
R10-0001193,10,Bayshore,+1-836-942-7319,+1-544-684-9790,2026-06-01 00:02:09,2475,VOICE,,4G,0.1,4.12
R10-0001194,10,Bayshore,+1-524-544-1687,+1-579-576-5224,2026-06-01 18:30:51,1272,VOICE,,4G,0.1,2.12
R10-0001195,10,Bayshore,+1-207-533-8170,+1-358-873-7628,2026-06-01 00:24:29,2565,VOICE,,5G,0.08,3.42
R10-0001196,10,Bayshore,+1-609-452-6928,,2026-06-01 14:52:43,5181,DATA,139459223,4G,0.0,1.39
R10-0001197,10,Bayshore,+1-321-806-3791,+1-746-716-7469,2026-06-01 23:23:19,0,SMS,,4G,0.0,0.05
R10-0001198,10,Bayshore,+1-451-923-4343,+1-614-799-1950,2026-06-01 03:23:16,2533,VOICE,,4G,0.1,4.22
R10-0001199,10,Bayshore,+1-907-989-4468,+1-274-316-0224,2026-06-01 15:32:15,2755,VOICE,,4G,0.1,4.59
R10-0001200,10,Bayshore,+1-302-493-5877,+1-603-427-4430,2026-06-01 16:20:37,2851,VOICE,,4G,0.1,4.75
R10-0001201,10,Bayshore,+1-716-684-7407,,2026-06-01 00:48:35,5449,DATA,250024023,4G,0.0,2.5
R10-0001202,10,Bayshore,+1-511-749-9785,+1-702-715-4918,2026-06-01 21:34:38,1227,VOICE,,5G,0.08,1.64
R10-0001203,10,Bayshore,+1-635-299-8797,+1-767-808-7575,2026-06-01 12:46:53,2320,VOICE,,4G,0.1,3.87
R10-0001204,10,Bayshore,+1-670-364-7244,,2026-06-01 00:54:33,861,DATA,464822564,4G,0.0,4.65
R10-0001205,10,Bayshore,+1-744-957-9857,+1-445-769-6354,2026-06-01 21:32:44,2981,VOICE,,5G,0.08,3.97
R10-0001206,10,Bayshore,+1-452-352-6677,,2026-06-01 10:06:20,4403,DATA,160946756,4G,0.0,1.61
R10-0001207,10,Bayshore,+1-271-774-2031,+1-585-732-3026,2026-06-01 11:13:52,1225,VOICE,,3G,0.12,2.45
R10-0001208,10,Bayshore,+1-245-963-5938,+1-591-706-5365,2026-06-01 07:25:01,2720,VOICE,,5G,0.08,3.63
R10-0001209,10,Bayshore,+1-614-619-1130,+1-694-885-4267,2026-06-01 21:20:15,0,SMS,,4G,0.0,0.05
R10-0001210,10,Bayshore,+1-669-425-7839,+1-414-917-7168,2026-06-01 10:52:22,2592,VOICE,,5G,0.08,3.46
R10-0001211,10,Bayshore,+1-863-503-4170,,2026-06-01 05:00:35,5468,DATA,245629248,4G,0.0,2.46
R10-0001212,10,Bayshore,+1-381-626-5407,+1-542-941-9705,2026-06-01 23:06:36,1767,VOICE,,4G,0.1,2.95
R10-0001213,10,Bayshore,+1-484-526-8296,+1-745-871-3408,2026-06-01 01:41:32,3385,VOICE,,4G,0.1,5.64
R10-0001214,10,Bayshore,+1-983-447-8923,+1-563-775-1431,2026-06-01 00:00:09,3031,VOICE,,5G,0.08,4.04
R10-0001215,10,Bayshore,+1-815-201-1486,+1-460-973-9156,2026-06-01 02:36:00,120,VOICE,,5G,0.08,0.16
R10-0001216,10,Bayshore,+1-401-558-5123,+1-347-529-0657,2026-06-01 00:48:13,727,VOICE,,4G,0.1,1.21
R10-0001217,10,Bayshore,+1-570-225-4533,+1-554-762-3273,2026-06-01 17:12:05,0,VOICE,,5G,0.08,0.0
R10-0001218,10,Bayshore,+1-563-736-5643,,2026-06-01 18:49:28,4058,DATA,399373874,5G,0.0,3.99
R10-0001219,10,Bayshore,+1-899-738-9415,+1-544-209-7652,2026-06-01 23:25:57,0,SMS,,4G,0.0,0.05
R10-0001220,10,Bayshore,+1-715-238-2132,,2026-06-01 01:15:54,577,DATA,478307162,4G,0.0,4.78
R10-0001221,10,Bayshore,+1-669-353-6011,,2026-06-01 15:51:13,3207,DATA,308299671,5G,0.0,3.08
R10-0001222,10,Bayshore,+1-436-416-8560,,2026-06-01 16:57:12,5634,DATA,4599173,4G,0.0,0.05
R10-0001223,10,Bayshore,+1-667-767-9300,+1-336-894-0968,2026-06-01 00:49:43,1307,VOICE,,4G,0.1,2.18
R10-0001224,10,Bayshore,+1-371-255-0108,+1-927-596-5909,2026-06-01 03:35:06,0,SMS,,4G,0.0,0.05
R10-0001225,10,Bayshore,+1-366-427-4268,+1-296-324-4614,2026-06-01 14:32:47,0,SMS,,5G,0.0,0.05
R10-0001226,10,Bayshore,+1-635-709-4303,+1-416-401-0423,2026-06-01 12:12:11,0,SMS,,5G,0.0,0.05
R10-0001227,10,Bayshore,+1-926-511-7483,+1-664-860-9092,2026-06-01 15:23:07,0,SMS,,4G,0.0,0.05
R10-0001228,10,Bayshore,+1-901-562-5285,,2026-06-01 09:26:30,4465,DATA,146296631,5G,0.0,1.46
R10-0001229,10,Bayshore,+1-687-965-6670,,2026-06-01 22:19:16,2901,DATA,225322967,3G,0.0,2.25
R10-0001230,10,Bayshore,+1-289-724-6537,+1-975-553-3234,2026-06-01 05:27:45,0,VOICE,,4G,0.1,0.0
R10-0001231,10,Bayshore,+1-955-787-0891,+1-443-455-2854,2026-06-01 09:53:09,2489,VOICE,,3G,0.12,4.98
R10-0001232,10,Bayshore,+1-642-476-6533,+1-881-326-9726,2026-06-01 18:08:33,0,SMS,,4G,0.0,0.05
R10-0001233,10,Bayshore,+1-743-628-4335,+1-519-432-6806,2026-06-01 11:56:34,2844,VOICE,,4G,0.1,4.74
R10-0001234,10,Bayshore,+1-816-894-8396,+1-436-590-4955,2026-06-01 10:44:35,0,SMS,,5G,0.0,0.05
R10-0001235,10,Bayshore,+1-483-436-9972,+1-435-308-3991,2026-06-01 09:24:25,3574,VOICE,,4G,0.1,5.96
R10-0001236,10,Bayshore,+1-904-332-2760,+1-629-804-0698,2026-06-01 05:00:26,0,SMS,,5G,0.0,0.05
R10-0001237,10,Bayshore,+1-300-944-7734,+1-759-570-5354,2026-06-01 12:46:23,170,VOICE,,5G,0.08,0.23
R10-0001238,10,Bayshore,+1-573-317-2586,+1-421-655-1832,2026-06-01 15:26:50,819,VOICE,,5G,0.08,1.09
R10-0001239,10,Bayshore,+1-674-680-5688,+1-581-740-3751,2026-06-01 08:46:21,3111,VOICE,,5G,0.08,4.15
R10-0001240,10,Bayshore,+1-531-648-7489,+1-207-345-4707,2026-06-01 07:33:46,0,SMS,,4G,0.0,0.05
R10-0001241,10,Bayshore,+1-613-337-3227,+1-435-329-0886,2026-06-01 01:26:13,1899,VOICE,,3G,0.12,3.8
R10-0001242,10,Bayshore,+1-536-718-4335,+1-577-458-1567,2026-06-01 01:01:34,1565,VOICE,,4G,0.1,2.61
R10-0001243,10,Bayshore,+1-403-233-7688,+1-244-734-3959,2026-06-01 22:12:39,0,SMS,,5G,0.0,0.05
R10-0001244,10,Bayshore,+1-329-479-6973,+1-752-414-9408,2026-06-01 15:56:46,1264,VOICE,,3G,0.12,2.53
R10-0001245,10,Bayshore,+1-955-318-3817,+1-217-627-3318,2026-06-01 15:09:57,2778,VOICE,,3G,0.12,5.56
R10-0001246,10,Bayshore,+1-726-750-3617,+1-935-950-6460,2026-06-01 11:11:03,0,SMS,,4G,0.0,0.05
R10-0001247,10,Bayshore,+1-964-685-7444,+1-444-887-0764,2026-06-01 13:08:48,0,SMS,,5G,0.0,0.05
R10-0001248,10,Bayshore,+1-408-652-0026,,2026-06-01 18:50:28,1493,DATA,216553942,3G,0.0,2.17
R10-0001249,10,Bayshore,+1-548-361-4203,+1-669-342-3933,2026-06-01 15:10:04,0,SMS,,3G,0.0,0.05
R10-0001250,10,Bayshore,+1-299-807-5336,,2026-06-01 14:46:26,2504,DATA,93606117,3G,0.0,0.94
R10-0001251,10,Bayshore,+1-296-301-9149,,2026-06-01 00:52:15,6209,DATA,260873358,4G,0.0,2.61
R10-0001252,10,Bayshore,+1-411-711-9043,,2026-06-01 06:42:55,860,DATA,486664686,4G,0.0,4.87
R10-0001253,10,Bayshore,+1-221-287-4394,+1-245-270-4591,2026-06-01 15:06:00,2885,VOICE,,5G,0.08,3.85
R10-0001254,10,Bayshore,+1-483-638-1961,,2026-06-01 23:33:01,4652,DATA,294040955,5G,0.0,2.94
R10-0001255,10,Bayshore,+1-535-601-6842,,2026-06-01 04:13:17,1739,DATA,344481079,4G,0.0,3.44
R10-0001256,10,Bayshore,+1-283-215-3039,+1-426-571-5087,2026-06-01 11:11:27,3593,VOICE,,4G,0.1,5.99
R10-0001257,10,Bayshore,+1-592-902-3803,+1-574-800-5629,2026-06-01 20:38:19,3062,VOICE,,5G,0.08,4.08
R10-0001258,10,Bayshore,+1-438-955-5013,+1-981-346-9324,2026-06-01 19:56:41,0,SMS,,4G,0.0,0.05
R10-0001259,10,Bayshore,+1-312-730-6161,,2026-06-01 02:26:17,2948,DATA,239265691,5G,0.0,2.39
R10-0001260,10,Bayshore,+1-602-725-6907,,2026-06-01 09:30:11,3496,DATA,331839227,4G,0.0,3.32
R10-0001261,10,Bayshore,+1-407-777-1076,+1-668-795-5574,2026-06-01 11:07:22,2588,VOICE,,3G,0.12,5.18
R10-0001262,10,Bayshore,+1-785-737-6879,+1-534-610-6386,2026-06-01 02:19:22,0,SMS,,5G,0.0,0.05
R10-0001263,10,Bayshore,+1-488-759-0856,+1-303-937-2646,2026-06-01 18:43:25,2077,VOICE,,4G,0.1,3.46
R10-0001264,10,Bayshore,+1-269-203-0768,+1-741-921-3098,2026-06-01 21:00:00,2345,VOICE,,4G,0.1,3.91
R10-0001265,10,Bayshore,+1-729-244-7009,+1-764-643-0630,2026-06-01 22:57:40,0,SMS,,3G,0.0,0.05
R10-0001266,10,Bayshore,+1-908-760-4098,+1-929-659-8860,2026-06-01 03:32:38,0,SMS,,4G,0.0,0.05
R10-0001267,10,Bayshore,+1-767-837-9856,+1-633-746-1192,2026-06-01 09:33:11,3040,VOICE,,4G,0.1,5.07
R10-0001268,10,Bayshore,+1-385-577-2537,+1-661-238-6737,2026-06-01 18:54:03,2758,VOICE,,5G,0.08,3.68
R10-0001269,10,Bayshore,+1-388-726-8500,+1-547-888-0594,2026-06-01 21:53:06,2610,VOICE,,4G,0.1,4.35
R10-0001270,10,Bayshore,+1-965-432-1259,+1-929-643-9782,2026-06-01 10:57:04,253,VOICE,,4G,0.1,0.42
R10-0001271,10,Bayshore,+1-873-995-0333,+1-554-324-9663,2026-06-01 02:44:27,0,SMS,,5G,0.0,0.05
R10-0001272,10,Bayshore,+1-592-705-0151,+1-585-398-8452,2026-06-01 01:47:44,1590,VOICE,,4G,0.1,2.65
R10-0001273,10,Bayshore,+1-826-564-4330,+1-870-879-7709,2026-06-01 17:49:58,0,SMS,,4G,0.0,0.05
R10-0001274,10,Bayshore,+1-851-440-7804,+1-202-420-1475,2026-06-01 09:39:13,171,VOICE,,4G,0.1,0.29
R10-0001275,10,Bayshore,+1-217-553-4864,,2026-06-01 13:33:09,3260,DATA,222457444,5G,0.0,2.22
R10-0001276,10,Bayshore,+1-789-653-5709,,2026-06-01 15:01:19,5408,DATA,9067321,4G,0.0,0.09
R10-0001277,10,Bayshore,+1-667-752-0905,,2026-06-01 07:53:17,6296,DATA,385028415,4G,0.0,3.85
R10-0001278,10,Bayshore,+1-441-327-5921,+1-575-871-6838,2026-06-01 10:45:04,0,SMS,,4G,0.0,0.05
R10-0001279,10,Bayshore,+1-518-643-1241,+1-654-425-6399,2026-06-01 16:15:43,0,SMS,,4G,0.0,0.05
R10-0001280,10,Bayshore,+1-645-559-3258,+1-810-662-4769,2026-06-01 07:21:35,0,SMS,,4G,0.0,0.05
R10-0001281,10,Bayshore,+1-591-809-6147,+1-243-355-0431,2026-06-01 21:04:46,0,SMS,,4G,0.0,0.05
R10-0001282,10,Bayshore,+1-860-743-0369,+1-549-663-3004,2026-06-01 23:48:53,0,SMS,,4G,0.0,0.05
R10-0001283,10,Bayshore,+1-450-798-3604,,2026-06-01 20:47:57,2985,DATA,76013135,3G,0.0,0.76
R10-0001284,10,Bayshore,+1-810-725-4864,,2026-06-01 07:21:25,4063,DATA,309473280,4G,0.0,3.09
R10-0001285,10,Bayshore,+1-267-374-8228,+1-226-940-2101,2026-06-01 14:57:03,0,SMS,,4G,0.0,0.05
R10-0001286,10,Bayshore,+1-456-724-9130,+1-930-874-4351,2026-06-01 18:47:28,2802,VOICE,,5G,0.08,3.74
R10-0001287,10,Bayshore,+1-863-654-0724,+1-916-589-8420,2026-06-01 08:35:08,3198,VOICE,,4G,0.1,5.33
R10-0001288,10,Bayshore,+1-487-488-9451,+1-801-996-2167,2026-06-01 10:10:29,0,SMS,,4G,0.0,0.05
R10-0001289,10,Bayshore,+1-404-980-7101,,2026-06-01 07:04:12,138,DATA,51084067,5G,0.0,0.51
R10-0001290,10,Bayshore,+1-222-387-5568,+1-573-739-4202,2026-06-01 07:15:43,2349,VOICE,,3G,0.12,4.7
R10-0001291,10,Bayshore,+1-953-216-6104,+1-857-485-8829,2026-06-01 10:51:12,18,VOICE,,4G,0.1,0.03
R10-0001292,10,Bayshore,+1-486-495-2674,+1-276-360-4224,2026-06-01 02:58:58,370,VOICE,,4G,0.1,0.62
R10-0001293,10,Bayshore,+1-719-557-9682,+1-967-708-8394,2026-06-01 13:50:01,0,SMS,,4G,0.0,0.05
R10-0001294,10,Bayshore,+1-539-559-4524,+1-867-922-2572,2026-06-01 18:37:55,1384,VOICE,,5G,0.08,1.85
R10-0001295,10,Bayshore,+1-889-610-7366,,2026-06-01 23:57:06,2591,DATA,78642806,5G,0.0,0.79
R10-0001296,10,Bayshore,+1-682-685-1953,+1-526-904-1513,2026-06-01 05:53:54,1600,VOICE,,4G,0.1,2.67
R10-0001297,10,Bayshore,+1-481-276-5137,,2026-06-01 19:41:59,2697,DATA,302494935,4G,0.0,3.02
R10-0001298,10,Bayshore,+1-619-561-1888,,2026-06-01 22:01:33,763,DATA,220046621,4G,0.0,2.2
R10-0001299,10,Bayshore,+1-284-734-8760,,2026-06-01 03:59:57,4696,DATA,239474701,4G,0.0,2.39
R10-0001300,10,Bayshore,+1-692-716-2997,+1-694-343-7527,2026-06-01 21:26:51,0,SMS,,5G,0.0,0.05
R10-0001301,10,Bayshore,+1-278-925-4020,+1-616-965-2438,2026-06-01 10:08:26,191,VOICE,,4G,0.1,0.32
R10-0001302,10,Bayshore,+1-485-627-7753,,2026-06-01 17:38:46,4145,DATA,107029443,4G,0.0,1.07
R10-0001303,10,Bayshore,+1-322-779-3725,,2026-06-01 14:40:16,4603,DATA,428390678,5G,0.0,4.28
R10-0001304,10,Bayshore,+1-482-231-8849,,2026-06-01 20:35:19,2820,DATA,264266751,5G,0.0,2.64
R10-0001305,10,Bayshore,+1-635-513-6962,+1-819-717-3150,2026-06-01 14:25:32,0,SMS,,4G,0.0,0.05
R10-0001306,10,Bayshore,+1-823-219-9601,+1-436-710-3571,2026-06-01 05:00:39,422,VOICE,,4G,0.1,0.7
R10-0001307,10,Bayshore,+1-354-428-6157,+1-333-926-3401,2026-06-01 18:02:49,1314,VOICE,,4G,0.1,2.19
R10-0001308,10,Bayshore,+1-704-257-2403,+1-317-222-2597,2026-06-01 02:27:29,2071,VOICE,,5G,0.08,2.76
R10-0001309,10,Bayshore,+1-784-355-5853,+1-531-554-1364,2026-06-01 05:33:53,0,SMS,,4G,0.0,0.05
R10-0001310,10,Bayshore,+1-819-675-4575,+1-739-685-4394,2026-06-01 01:33:49,216,VOICE,,4G,0.1,0.36
R10-0001311,10,Bayshore,+1-687-792-6836,+1-630-785-2997,2026-06-01 18:37:53,0,SMS,,5G,0.0,0.05
R10-0001312,10,Bayshore,+1-767-341-6038,+1-394-249-9523,2026-06-01 06:45:15,3118,VOICE,,5G,0.08,4.16
R10-0001313,10,Bayshore,+1-667-878-5891,+1-228-349-0113,2026-06-01 08:23:11,3279,VOICE,,4G,0.1,5.46
R10-0001314,10,Bayshore,+1-346-298-4193,+1-340-717-4037,2026-06-01 14:52:21,0,SMS,,3G,0.0,0.05
R10-0001315,10,Bayshore,+1-317-424-6701,+1-357-729-7103,2026-06-01 22:32:25,3130,VOICE,,3G,0.12,6.26
R10-0001316,10,Bayshore,+1-517-211-4035,+1-446-305-8123,2026-06-01 00:45:56,0,SMS,,4G,0.0,0.05
R10-0001317,10,Bayshore,+1-355-690-9236,+1-916-782-5601,2026-06-01 10:43:23,52,VOICE,,4G,0.1,0.09
R10-0001318,10,Bayshore,+1-804-958-5941,+1-918-974-5438,2026-06-01 04:08:04,0,SMS,,4G,0.0,0.05
R10-0001319,10,Bayshore,+1-917-601-3148,,2026-06-01 06:00:29,3171,DATA,227826611,4G,0.0,2.28
R10-0001320,10,Bayshore,+1-541-742-7238,+1-442-511-9569,2026-06-01 09:52:05,692,VOICE,,4G,0.1,1.15
R10-0001321,10,Bayshore,+1-567-283-4795,+1-812-812-4419,2026-06-01 02:39:17,3334,VOICE,,3G,0.12,6.67
R10-0001322,10,Bayshore,+1-320-947-6642,+1-565-218-7276,2026-06-01 12:27:53,0,SMS,,5G,0.0,0.05
R10-0001323,10,Bayshore,+1-297-680-8946,,2026-06-01 04:17:15,3920,DATA,426676482,3G,0.0,4.27
R10-0001324,10,Bayshore,+1-952-898-4155,+1-302-869-6656,2026-06-01 00:29:57,0,SMS,,3G,0.0,0.05
R10-0001325,10,Bayshore,+1-862-735-8760,+1-747-274-0111,2026-06-01 19:48:57,1947,VOICE,,4G,0.1,3.25
R10-0001326,10,Bayshore,+1-209-287-8507,+1-708-388-7140,2026-06-01 07:43:31,2331,VOICE,,5G,0.08,3.11
R10-0001327,10,Bayshore,+1-300-862-7269,+1-599-273-2143,2026-06-01 15:57:01,1309,VOICE,,4G,0.1,2.18
R10-0001328,10,Bayshore,+1-778-699-0306,+1-844-517-2213,2026-06-01 02:33:07,2147,VOICE,,4G,0.1,3.58
R10-0001329,10,Bayshore,+1-310-522-0789,+1-616-904-9118,2026-06-01 18:04:37,1860,VOICE,,4G,0.1,3.1
R10-0001330,10,Bayshore,+1-780-594-5743,+1-272-405-8211,2026-06-01 11:39:07,0,VOICE,,5G,0.08,0.0
R10-0001331,10,Bayshore,+1-850-543-1801,+1-687-775-4641,2026-06-01 20:54:13,269,VOICE,,4G,0.1,0.45
R10-0001332,10,Bayshore,+1-937-946-3483,+1-393-903-9519,2026-06-01 12:40:41,0,SMS,,4G,0.0,0.05
R10-0001333,10,Bayshore,+1-630-304-5181,+1-372-977-6877,2026-06-01 02:41:21,1173,VOICE,,5G,0.08,1.56
R10-0001334,10,Bayshore,+1-401-552-2242,+1-934-698-8377,2026-06-01 01:53:56,0,SMS,,5G,0.0,0.05
R10-0001335,10,Bayshore,+1-734-581-4632,,2026-06-01 22:15:42,6506,DATA,427099992,5G,0.0,4.27
R10-0001336,10,Bayshore,+1-895-863-0940,+1-287-772-8872,2026-06-01 09:03:25,1881,VOICE,,4G,0.1,3.14
R10-0001337,10,Bayshore,+1-593-641-0969,,2026-06-01 04:32:10,3539,DATA,192191637,3G,0.0,1.92
R10-0001338,10,Bayshore,+1-914-635-3479,+1-266-561-0971,2026-06-01 11:10:27,1579,VOICE,,3G,0.12,3.16
R10-0001339,10,Bayshore,+1-776-918-9595,+1-406-853-0642,2026-06-01 09:32:32,2847,VOICE,,5G,0.08,3.8
R10-0001340,10,Bayshore,+1-383-518-9176,+1-933-443-3131,2026-06-01 10:03:58,0,SMS,,3G,0.0,0.05
R10-0001341,10,Bayshore,+1-203-429-8853,+1-527-342-0265,2026-06-01 18:04:52,0,SMS,,4G,0.0,0.05
R10-0001342,10,Bayshore,+1-563-740-9279,+1-849-733-7619,2026-06-01 09:15:58,0,SMS,,4G,0.0,0.05
R10-0001343,10,Bayshore,+1-567-777-9519,+1-626-553-9403,2026-06-01 22:02:07,2683,VOICE,,4G,0.1,4.47
R10-0001344,10,Bayshore,+1-340-683-1465,+1-500-441-7204,2026-06-01 15:18:41,1688,VOICE,,4G,0.1,2.81
R10-0001345,10,Bayshore,+1-569-411-6404,+1-633-551-5060,2026-06-01 04:33:03,1568,VOICE,,3G,0.12,3.14
R10-0001346,10,Bayshore,+1-481-436-2253,+1-390-271-2515,2026-06-01 14:15:27,1052,VOICE,,3G,0.12,2.1
R10-0001347,10,Bayshore,+1-619-568-1338,+1-937-970-5209,2026-06-01 00:15:05,2766,VOICE,,5G,0.08,3.69
R10-0001348,10,Bayshore,+1-761-341-0566,+1-697-410-8703,2026-06-01 23:47:54,1881,VOICE,,4G,0.1,3.14
R10-0001349,10,Bayshore,+1-481-365-5074,+1-364-294-1632,2026-06-01 01:30:27,2196,VOICE,,3G,0.12,4.39
R10-0001350,10,Bayshore,+1-895-764-9162,+1-643-877-5355,2026-06-01 23:53:00,0,SMS,,5G,0.0,0.05
R10-0001351,10,Bayshore,+1-234-434-5216,+1-887-274-8325,2026-06-01 19:51:38,1649,VOICE,,3G,0.12,3.3
R10-0001352,10,Bayshore,+1-741-893-9864,+1-835-458-6319,2026-06-01 03:15:54,685,VOICE,,4G,0.1,1.14
R10-0001353,10,Bayshore,+1-949-979-1849,+1-455-864-6792,2026-06-01 17:38:34,0,SMS,,4G,0.0,0.05
R10-0001354,10,Bayshore,+1-287-433-4864,+1-470-946-1740,2026-06-01 13:16:16,0,SMS,,4G,0.0,0.05
R10-0001355,10,Bayshore,+1-214-738-5769,+1-398-306-0995,2026-06-01 03:21:02,0,VOICE,,4G,0.1,0.0
R10-0001356,10,Bayshore,+1-842-265-5198,+1-659-392-2703,2026-06-01 12:19:51,0,SMS,,5G,0.0,0.05
R10-0001357,10,Bayshore,+1-218-943-3985,+1-321-487-2078,2026-06-01 00:58:10,3326,VOICE,,4G,0.1,5.54
R10-0001358,10,Bayshore,+1-919-353-9625,+1-855-878-1785,2026-06-01 03:59:32,0,SMS,,4G,0.0,0.05
R10-0001359,10,Bayshore,+1-677-320-6331,,2026-06-01 21:28:39,5748,DATA,141804619,4G,0.0,1.42
R10-0001360,10,Bayshore,+1-686-599-5798,+1-579-657-1857,2026-06-01 16:59:58,0,SMS,,3G,0.0,0.05
R10-0001361,10,Bayshore,+1-589-421-3313,,2026-06-01 16:50:41,3918,DATA,342929060,4G,0.0,3.43
R10-0001362,10,Bayshore,+1-657-420-7608,+1-496-679-6049,2026-06-01 00:36:30,0,SMS,,3G,0.0,0.05
R10-0001363,10,Bayshore,+1-954-485-3960,+1-415-455-5271,2026-06-01 22:03:58,0,SMS,,4G,0.0,0.05
R10-0001364,10,Bayshore,+1-268-556-1171,+1-406-463-1144,2026-06-01 10:10:09,101,VOICE,,5G,0.08,0.13
R10-0001365,10,Bayshore,+1-424-879-4044,+1-596-743-7411,2026-06-01 06:45:07,2253,VOICE,,4G,0.1,3.75
R10-0001366,10,Bayshore,+1-695-632-7271,+1-508-230-9685,2026-06-01 03:13:10,0,SMS,,4G,0.0,0.05
R10-0001367,10,Bayshore,+1-301-400-2671,+1-402-601-0143,2026-06-01 08:40:02,0,SMS,,4G,0.0,0.05
R10-0001368,10,Bayshore,+1-953-841-2767,+1-462-218-1841,2026-06-01 15:34:37,420,VOICE,,4G,0.1,0.7
R10-0001369,10,Bayshore,+1-214-479-8645,+1-490-306-3631,2026-06-01 16:47:34,3184,VOICE,,4G,0.1,5.31
R10-0001370,10,Bayshore,+1-549-903-8535,,2026-06-01 16:03:59,2678,DATA,30931173,5G,0.0,0.31
R10-0001371,10,Bayshore,+1-941-852-3670,+1-592-809-3120,2026-06-01 19:08:54,343,VOICE,,4G,0.1,0.57
R10-0001372,10,Bayshore,+1-640-227-9077,+1-565-575-8181,2026-06-01 10:17:02,0,SMS,,4G,0.0,0.05
R10-0001373,10,Bayshore,+1-899-695-5523,+1-837-311-9471,2026-06-01 06:36:33,0,SMS,,4G,0.0,0.05
R10-0001374,10,Bayshore,+1-906-948-4167,+1-224-417-6327,2026-06-01 22:22:25,0,SMS,,3G,0.0,0.05
R10-0001375,10,Bayshore,+1-273-816-8233,+1-968-761-9435,2026-06-01 08:34:29,0,SMS,,5G,0.0,0.05
R10-0001376,10,Bayshore,+1-555-365-4392,+1-245-422-9490,2026-06-01 04:11:31,2910,VOICE,,3G,0.12,5.82
R10-0001377,10,Bayshore,+1-976-851-2925,+1-812-210-2218,2026-06-01 08:27:26,911,VOICE,,4G,0.1,1.52
R10-0001378,10,Bayshore,+1-606-904-4873,+1-425-587-7634,2026-06-01 03:44:29,0,VOICE,,3G,0.12,0.0
R10-0001379,10,Bayshore,+1-430-224-1332,,2026-06-01 16:38:30,3141,DATA,325714444,5G,0.0,3.26
R10-0001380,10,Bayshore,+1-215-951-6435,+1-697-227-4011,2026-06-01 03:28:29,1678,VOICE,,4G,0.1,2.8
R10-0001381,10,Bayshore,+1-919-254-9751,+1-312-246-1801,2026-06-01 00:04:17,2059,VOICE,,5G,0.08,2.75
R10-0001382,10,Bayshore,+1-806-535-1930,+1-295-568-6488,2026-06-01 12:10:47,0,SMS,,4G,0.0,0.05
R10-0001383,10,Bayshore,+1-970-911-8121,+1-823-785-8047,2026-06-01 06:54:11,0,SMS,,4G,0.0,0.05
R10-0001384,10,Bayshore,+1-437-308-0869,+1-412-928-1112,2026-06-01 06:55:14,2312,VOICE,,4G,0.1,3.85
R10-0001385,10,Bayshore,+1-843-475-7293,,2026-06-01 06:40:47,2945,DATA,277710991,4G,0.0,2.78
R10-0001386,10,Bayshore,+1-833-975-0261,+1-218-474-0808,2026-06-01 22:47:38,3597,VOICE,,4G,0.1,6.0
R10-0001387,10,Bayshore,+1-753-562-8995,+1-308-308-9418,2026-06-01 04:43:18,2302,VOICE,,4G,0.1,3.84
R10-0001388,10,Bayshore,+1-286-421-6557,+1-836-201-7985,2026-06-01 18:17:44,0,SMS,,5G,0.0,0.05
R10-0001389,10,Bayshore,+1-412-434-7236,+1-982-502-7350,2026-06-01 21:27:37,2750,VOICE,,5G,0.08,3.67
R10-0001390,10,Bayshore,+1-618-859-9250,,2026-06-01 15:02:16,3484,DATA,30553506,4G,0.0,0.31
R10-0001391,10,Bayshore,+1-249-224-7064,+1-649-528-5288,2026-06-01 23:57:44,415,VOICE,,4G,0.1,0.69
R10-0001392,10,Bayshore,+1-570-790-8947,,2026-06-01 03:55:23,3862,DATA,234059790,5G,0.0,2.34
R10-0001393,10,Bayshore,+1-299-926-5689,+1-285-742-9311,2026-06-01 01:32:00,2787,VOICE,,5G,0.08,3.72
R10-0001394,10,Bayshore,+1-268-896-3055,+1-425-981-4292,2026-06-01 03:01:48,178,VOICE,,4G,0.1,0.3
R10-0001395,10,Bayshore,+1-327-709-3615,+1-217-876-5744,2026-06-01 05:14:09,1383,VOICE,,3G,0.12,2.77
R10-0001396,10,Bayshore,+1-960-468-4024,+1-774-643-1852,2026-06-01 13:33:27,1094,VOICE,,3G,0.12,2.19
R10-0001397,10,Bayshore,+1-399-819-1139,+1-391-989-1939,2026-06-01 12:56:20,439,VOICE,,4G,0.1,0.73
R10-0001398,10,Bayshore,+1-465-883-6486,+1-631-246-8306,2026-06-01 05:11:47,2371,VOICE,,5G,0.08,3.16
R10-0001399,10,Bayshore,+1-297-414-0825,,2026-06-01 14:09:25,1796,DATA,281018835,5G,0.0,2.81
R10-0001400,10,Bayshore,+1-746-862-0760,+1-434-650-7125,2026-06-01 18:29:12,1397,VOICE,,5G,0.08,1.86
R10-0001401,10,Bayshore,+1-324-523-7671,+1-655-964-2522,2026-06-01 10:40:36,3414,VOICE,,5G,0.08,4.55
R10-0001402,10,Bayshore,+1-835-364-9594,,2026-06-01 14:55:41,5413,DATA,171572105,4G,0.0,1.72
R10-0001403,10,Bayshore,+1-980-268-1720,+1-950-624-6801,2026-06-01 14:43:50,0,SMS,,5G,0.0,0.05
R10-0001404,10,Bayshore,+1-337-502-5880,+1-674-961-2554,2026-06-01 22:03:27,0,SMS,,3G,0.0,0.05
R10-0001405,10,Bayshore,+1-975-722-0534,+1-409-618-0330,2026-06-01 20:21:42,2913,VOICE,,4G,0.1,4.86
R10-0001406,10,Bayshore,+1-439-540-1667,+1-735-744-2860,2026-06-01 12:34:42,2419,VOICE,,3G,0.12,4.84
R10-0001407,10,Bayshore,+1-831-586-7050,+1-568-642-0854,2026-06-01 06:18:24,0,SMS,,5G,0.0,0.05
R10-0001408,10,Bayshore,+1-375-521-7790,+1-503-893-9778,2026-06-01 01:59:37,2106,VOICE,,4G,0.1,3.51
R10-0001409,10,Bayshore,+1-973-486-6856,+1-742-495-7574,2026-06-01 13:43:26,2596,VOICE,,4G,0.1,4.33
R10-0001410,10,Bayshore,+1-930-947-5049,+1-538-718-1725,2026-06-01 01:12:51,1666,VOICE,,4G,0.1,2.78
R10-0001411,10,Bayshore,+1-664-237-6895,+1-396-924-1918,2026-06-01 20:47:55,0,SMS,,4G,0.0,0.05
R10-0001412,10,Bayshore,+1-374-638-9398,+1-918-639-1218,2026-06-01 18:56:09,776,VOICE,,4G,0.1,1.29
R10-0001413,10,Bayshore,+1-309-469-3342,+1-200-396-8037,2026-06-01 22:41:45,0,VOICE,,3G,0.12,0.0
R10-0001414,10,Bayshore,+1-554-446-2884,+1-320-861-8728,2026-06-01 10:34:09,1778,VOICE,,4G,0.1,2.96
R10-0001415,10,Bayshore,+1-624-679-6143,+1-784-806-3986,2026-06-01 23:09:16,0,SMS,,3G,0.0,0.05
R10-0001416,10,Bayshore,+1-886-692-8296,+1-462-962-9920,2026-06-01 00:05:05,1517,VOICE,,4G,0.1,2.53
R10-0001417,10,Bayshore,+1-832-353-6183,+1-231-500-7108,2026-06-01 13:35:24,3545,VOICE,,5G,0.08,4.73
R10-0001418,10,Bayshore,+1-485-553-8024,+1-489-965-4093,2026-06-01 20:26:06,0,SMS,,5G,0.0,0.05
R10-0001419,10,Bayshore,+1-594-681-7540,+1-481-681-1074,2026-06-01 18:17:38,952,VOICE,,5G,0.08,1.27
R10-0001420,10,Bayshore,+1-774-253-1824,,2026-06-01 01:53:10,6768,DATA,492835195,4G,0.0,4.93
R10-0001421,10,Bayshore,+1-663-927-5483,+1-223-332-0723,2026-06-01 04:34:51,0,SMS,,4G,0.0,0.05
R10-0001422,10,Bayshore,+1-775-286-9813,+1-579-797-3230,2026-06-01 10:31:59,0,VOICE,,4G,0.1,0.0
R10-0001423,10,Bayshore,+1-630-984-2293,+1-965-734-1083,2026-06-01 17:21:28,951,VOICE,,5G,0.08,1.27
R10-0001424,10,Bayshore,+1-826-868-9305,+1-915-551-3898,2026-06-01 01:53:00,1052,VOICE,,4G,0.1,1.75
R10-0001425,10,Bayshore,+1-445-904-4353,+1-733-814-6288,2026-06-01 19:45:19,3023,VOICE,,5G,0.08,4.03
R10-0001426,10,Bayshore,+1-588-418-2542,+1-460-265-0654,2026-06-01 03:15:41,1085,VOICE,,3G,0.12,2.17
R10-0001427,10,Bayshore,+1-801-372-8032,+1-686-741-6825,2026-06-01 15:08:35,349,VOICE,,4G,0.1,0.58
R10-0001428,10,Bayshore,+1-467-899-0048,+1-308-733-7876,2026-06-01 13:51:41,862,VOICE,,3G,0.12,1.72
R10-0001429,10,Bayshore,+1-752-239-8467,+1-879-356-7273,2026-06-01 10:01:07,0,SMS,,5G,0.0,0.05
R10-0001430,10,Bayshore,+1-869-836-8676,+1-484-221-4350,2026-06-01 06:24:51,0,SMS,,4G,0.0,0.05
R10-0001431,10,Bayshore,+1-486-592-7890,+1-809-824-3784,2026-06-01 08:31:00,2451,VOICE,,4G,0.1,4.08
R10-0001432,10,Bayshore,+1-469-643-1525,+1-732-547-7469,2026-06-01 10:37:35,0,SMS,,4G,0.0,0.05
R10-0001433,10,Bayshore,+1-817-461-8673,+1-240-902-5778,2026-06-01 16:05:54,0,SMS,,4G,0.0,0.05
R10-0001434,10,Bayshore,+1-568-757-6700,+1-242-243-5353,2026-06-01 11:49:39,2639,VOICE,,4G,0.1,4.4
R10-0001435,10,Bayshore,+1-525-260-7422,+1-241-606-6702,2026-06-01 12:34:48,3380,VOICE,,5G,0.08,4.51
R10-0001436,10,Bayshore,+1-501-833-1533,+1-978-599-8107,2026-06-01 21:14:14,2215,VOICE,,4G,0.1,3.69
R10-0001437,10,Bayshore,+1-260-596-1305,,2026-06-01 23:45:11,5385,DATA,8651391,3G,0.0,0.09
R10-0001438,10,Bayshore,+1-452-422-0288,+1-894-821-3267,2026-06-01 11:26:46,1844,VOICE,,4G,0.1,3.07
R10-0001439,10,Bayshore,+1-333-227-3993,+1-332-820-9975,2026-06-01 18:54:40,2530,VOICE,,4G,0.1,4.22
R10-0001440,10,Bayshore,+1-952-778-9780,+1-255-819-7021,2026-06-01 17:07:42,3333,VOICE,,5G,0.08,4.44
R10-0001441,10,Bayshore,+1-717-499-6819,,2026-06-01 07:46:46,7102,DATA,440612295,3G,0.0,4.41
R10-0001442,10,Bayshore,+1-904-396-9403,,2026-06-01 06:46:07,409,DATA,17289617,3G,0.0,0.17
R10-0001443,10,Bayshore,+1-478-894-7039,+1-757-996-7593,2026-06-01 21:59:46,1673,VOICE,,4G,0.1,2.79
R10-0001444,10,Bayshore,+1-613-572-7053,,2026-06-01 20:58:38,5523,DATA,321468049,5G,0.0,3.21
R10-0001445,10,Bayshore,+1-939-442-6353,+1-780-644-5615,2026-06-01 07:42:44,0,SMS,,4G,0.0,0.05
R10-0001446,10,Bayshore,+1-540-226-7187,+1-499-721-9240,2026-06-01 09:52:23,2852,VOICE,,5G,0.08,3.8
R10-0001447,10,Bayshore,+1-780-955-8070,,2026-06-01 13:23:21,4479,DATA,39365198,5G,0.0,0.39
R10-0001448,10,Bayshore,+1-814-446-7279,+1-741-627-5814,2026-06-01 11:28:41,351,VOICE,,5G,0.08,0.47
R10-0001449,10,Bayshore,+1-452-219-6842,+1-799-767-3656,2026-06-01 18:30:37,0,SMS,,4G,0.0,0.05
R10-0001450,10,Bayshore,+1-661-500-0216,+1-966-279-1488,2026-06-01 06:33:42,1953,VOICE,,4G,0.1,3.25
R10-0001451,10,Bayshore,+1-541-692-5006,+1-696-614-8180,2026-06-01 05:40:01,0,SMS,,4G,0.0,0.05
R10-0001452,10,Bayshore,+1-259-636-9803,+1-586-954-3852,2026-06-01 22:56:57,0,SMS,,4G,0.0,0.05
R10-0001453,10,Bayshore,+1-585-975-6225,+1-582-731-5083,2026-06-01 17:21:39,421,VOICE,,3G,0.12,0.84
R10-0001454,10,Bayshore,+1-675-441-7234,+1-869-207-7253,2026-06-01 06:39:35,2271,VOICE,,4G,0.1,3.79
R10-0001455,10,Bayshore,+1-250-262-8238,+1-628-962-9767,2026-06-01 18:50:16,2399,VOICE,,4G,0.1,4.0
R10-0001456,10,Bayshore,+1-440-744-5326,+1-219-965-4916,2026-06-01 20:49:50,330,VOICE,,4G,0.1,0.55
R10-0001457,10,Bayshore,+1-252-641-0765,,2026-06-01 05:03:55,3599,DATA,398294439,4G,0.0,3.98
R10-0001458,10,Bayshore,+1-768-251-8751,,2026-06-01 11:25:59,2660,DATA,920855,5G,0.0,0.01
R10-0001459,10,Bayshore,+1-966-413-1670,+1-666-388-3358,2026-06-01 17:27:03,0,SMS,,4G,0.0,0.05
R10-0001460,10,Bayshore,+1-373-616-0386,,2026-06-01 21:17:22,358,DATA,424481308,4G,0.0,4.24
R10-0001461,10,Bayshore,+1-650-903-6652,+1-818-766-9398,2026-06-01 05:04:27,0,SMS,,5G,0.0,0.05
R10-0001462,10,Bayshore,+1-283-398-9640,+1-824-485-2517,2026-06-01 14:21:56,320,VOICE,,4G,0.1,0.53
R10-0001463,10,Bayshore,+1-593-764-4081,+1-836-553-4977,2026-06-01 10:13:59,995,VOICE,,4G,0.1,1.66
R10-0001464,10,Bayshore,+1-948-654-2813,+1-590-888-7541,2026-06-01 23:39:56,1542,VOICE,,5G,0.08,2.06
R10-0001465,10,Bayshore,+1-635-781-6872,,2026-06-01 08:50:11,3098,DATA,207490080,3G,0.0,2.07
R10-0001466,10,Bayshore,+1-890-979-0161,+1-615-425-9886,2026-06-01 12:56:24,3544,VOICE,,4G,0.1,5.91
R10-0001467,10,Bayshore,+1-762-496-5724,,2026-06-01 10:16:44,6640,DATA,115102326,5G,0.0,1.15
R10-0001468,10,Bayshore,+1-605-244-3382,+1-882-948-2046,2026-06-01 08:30:41,1911,VOICE,,3G,0.12,3.82
R10-0001469,10,Bayshore,+1-973-833-2013,+1-853-218-6841,2026-06-01 07:34:49,544,VOICE,,5G,0.08,0.73
R10-0001470,10,Bayshore,+1-236-761-0305,,2026-06-01 22:52:53,1384,DATA,469409378,4G,0.0,4.69
R10-0001471,10,Bayshore,+1-662-708-4474,+1-789-430-3257,2026-06-01 03:42:09,2368,VOICE,,5G,0.08,3.16
R10-0001472,10,Bayshore,+1-642-726-6807,,2026-06-01 01:26:11,3077,DATA,92624492,4G,0.0,0.93
R10-0001473,10,Bayshore,+1-942-655-6941,+1-463-694-3907,2026-06-01 11:32:24,3542,VOICE,,5G,0.08,4.72
R10-0001474,10,Bayshore,+1-317-290-3406,+1-261-239-3403,2026-06-01 02:46:23,0,SMS,,4G,0.0,0.05
R10-0001475,10,Bayshore,+1-670-962-9228,+1-316-254-0312,2026-06-01 22:39:49,0,SMS,,5G,0.0,0.05
R10-0001476,10,Bayshore,+1-398-604-8827,+1-463-672-7651,2026-06-01 04:55:34,2396,VOICE,,4G,0.1,3.99
R10-0001477,10,Bayshore,+1-435-581-9619,+1-202-354-9672,2026-06-01 10:22:49,0,SMS,,4G,0.0,0.05
R10-0001478,10,Bayshore,+1-929-427-9646,+1-840-893-5138,2026-06-01 05:04:24,0,SMS,,4G,0.0,0.05
R10-0001479,10,Bayshore,+1-798-369-8282,+1-356-278-8769,2026-06-01 17:49:48,202,VOICE,,4G,0.1,0.34
R10-0001480,10,Bayshore,+1-395-876-7414,+1-384-666-4428,2026-06-01 05:35:43,547,VOICE,,4G,0.1,0.91
R10-0001481,10,Bayshore,+1-568-732-1570,+1-795-483-3891,2026-06-01 01:54:25,920,VOICE,,4G,0.1,1.53
R10-0001482,10,Bayshore,+1-689-286-1042,+1-512-423-1364,2026-06-01 02:11:08,1419,VOICE,,4G,0.1,2.36
R10-0001483,10,Bayshore,+1-660-660-1928,+1-756-489-5388,2026-06-01 16:23:39,2357,VOICE,,4G,0.1,3.93
R10-0001484,10,Bayshore,+1-273-460-5635,+1-298-902-4159,2026-06-01 13:16:39,1119,VOICE,,5G,0.08,1.49
R10-0001485,10,Bayshore,+1-576-904-6823,+1-404-960-6781,2026-06-01 01:17:34,2944,VOICE,,5G,0.08,3.93
R10-0001486,10,Bayshore,+1-485-365-9637,+1-758-982-1316,2026-06-01 21:25:57,0,SMS,,4G,0.0,0.05
R10-0001487,10,Bayshore,+1-325-944-9972,+1-939-697-0555,2026-06-01 20:44:05,0,SMS,,5G,0.0,0.05
R10-0001488,10,Bayshore,+1-349-456-1738,+1-464-855-5394,2026-06-01 13:06:58,0,SMS,,3G,0.0,0.05
R10-0001489,10,Bayshore,+1-890-883-7457,+1-617-368-8182,2026-06-01 21:20:39,2536,VOICE,,4G,0.1,4.23
R10-0001490,10,Bayshore,+1-489-947-1197,+1-769-666-4916,2026-06-01 13:59:45,0,SMS,,4G,0.0,0.05
R10-0001491,10,Bayshore,+1-801-778-9078,+1-329-806-6837,2026-06-01 19:43:19,0,SMS,,4G,0.0,0.05
R10-0001492,10,Bayshore,+1-359-954-7405,+1-254-560-5716,2026-06-01 22:06:34,3164,VOICE,,5G,0.08,4.22
R10-0001493,10,Bayshore,+1-585-599-9888,+1-827-798-8810,2026-06-01 17:53:59,2285,VOICE,,4G,0.1,3.81
R10-0001494,10,Bayshore,+1-452-863-5382,,2026-06-01 05:29:46,3226,DATA,138621971,5G,0.0,1.39
R10-0001495,10,Bayshore,+1-308-209-2485,+1-450-486-2028,2026-06-01 18:37:13,3431,VOICE,,4G,0.1,5.72
R10-0001496,10,Bayshore,+1-646-272-9060,+1-319-833-9874,2026-06-01 11:29:20,3558,VOICE,,4G,0.1,5.93
R10-0001497,10,Bayshore,+1-435-613-0151,+1-786-870-9181,2026-06-01 20:25:44,0,SMS,,4G,0.0,0.05
R10-0001498,10,Bayshore,+1-481-644-6631,+1-695-615-2424,2026-06-01 00:31:35,3506,VOICE,,4G,0.1,5.84
R10-0001499,10,Bayshore,+1-419-876-7445,+1-357-898-3248,2026-06-01 17:13:10,779,VOICE,,5G,0.08,1.04
R10-0001500,10,Bayshore,+1-748-462-4097,,2026-06-01 19:16:45,6113,DATA,354569459,4G,0.0,3.55
R10-0001501,10,Bayshore,+1-336-235-3052,,2026-06-01 03:15:23,1092,DATA,448663470,3G,0.0,4.49
R10-0001502,10,Bayshore,+1-931-254-8848,+1-871-354-6815,2026-06-01 10:04:20,0,SMS,,4G,0.0,0.05
R10-0001503,10,Bayshore,+1-793-431-8590,+1-823-429-8133,2026-06-01 23:23:14,0,SMS,,4G,0.0,0.05
R10-0001504,10,Bayshore,+1-658-721-7970,+1-784-462-9814,2026-06-01 00:11:29,843,VOICE,,3G,0.12,1.69
R10-0001505,10,Bayshore,+1-756-814-8106,+1-670-619-5816,2026-06-01 14:51:04,3290,VOICE,,4G,0.1,5.48
R10-0001506,10,Bayshore,+1-880-734-9593,,2026-06-01 23:23:52,6265,DATA,292898189,4G,0.0,2.93
R10-0001507,10,Bayshore,+1-627-440-9554,,2026-06-01 06:21:40,3239,DATA,474475654,3G,0.0,4.74
R10-0001508,10,Bayshore,+1-324-557-3329,,2026-06-01 03:22:19,2714,DATA,336105941,4G,0.0,3.36
R10-0001509,10,Bayshore,+1-853-201-2425,+1-430-345-5291,2026-06-01 08:51:39,3340,VOICE,,4G,0.1,5.57
R10-0001510,10,Bayshore,+1-504-745-6936,+1-323-753-7504,2026-06-01 14:32:49,0,SMS,,5G,0.0,0.05
R10-0001511,10,Bayshore,+1-674-312-9210,+1-802-588-7814,2026-06-01 03:05:28,1387,VOICE,,4G,0.1,2.31
R10-0001512,10,Bayshore,+1-790-524-1119,+1-591-453-4254,2026-06-01 06:47:08,1212,VOICE,,4G,0.1,2.02
R10-0001513,10,Bayshore,+1-343-437-2109,+1-940-350-3246,2026-06-01 02:28:08,435,VOICE,,4G,0.1,0.73
R10-0001514,10,Bayshore,+1-405-871-3414,,2026-06-01 05:10:55,4865,DATA,250325743,4G,0.0,2.5
R10-0001515,10,Bayshore,+1-720-555-9297,+1-710-888-4502,2026-06-01 19:48:55,0,SMS,,4G,0.0,0.05
R10-0001516,10,Bayshore,+1-722-381-4795,+1-721-570-8499,2026-06-01 20:50:10,0,SMS,,4G,0.0,0.05
R10-0001517,10,Bayshore,+1-906-571-7303,+1-489-994-1473,2026-06-01 21:35:57,0,SMS,,5G,0.0,0.05
R10-0001518,10,Bayshore,+1-437-999-0748,+1-770-484-4719,2026-06-01 22:24:12,958,VOICE,,3G,0.12,1.92
R10-0001519,10,Bayshore,+1-848-530-9355,+1-679-722-1469,2026-06-01 21:09:54,2871,VOICE,,5G,0.08,3.83
R10-0001520,10,Bayshore,+1-435-938-5240,+1-716-560-5139,2026-06-01 01:50:32,3438,VOICE,,4G,0.1,5.73
R10-0001521,10,Bayshore,+1-592-227-7094,+1-725-701-3527,2026-06-01 15:24:48,0,SMS,,4G,0.0,0.05
R10-0001522,10,Bayshore,+1-265-673-7428,,2026-06-01 11:17:31,5233,DATA,393385385,4G,0.0,3.93
R10-0001523,10,Bayshore,+1-258-623-0144,+1-529-702-9764,2026-06-01 23:46:12,516,VOICE,,4G,0.1,0.86
R10-0001524,10,Bayshore,+1-697-668-5276,,2026-06-01 17:28:05,6945,DATA,385326506,4G,0.0,3.85
R10-0001525,10,Bayshore,+1-350-661-6245,,2026-06-01 08:23:14,4378,DATA,186310774,4G,0.0,1.86
R10-0001526,10,Bayshore,+1-384-517-7210,+1-469-894-0085,2026-06-01 06:07:55,0,SMS,,5G,0.0,0.05
R10-0001527,10,Bayshore,+1-698-731-4597,+1-502-703-0192,2026-06-01 10:12:58,0,SMS,,4G,0.0,0.05
R10-0001528,10,Bayshore,+1-898-551-8052,+1-224-572-0678,2026-06-01 20:56:34,2179,VOICE,,5G,0.08,2.91
R10-0001529,10,Bayshore,+1-987-848-0458,,2026-06-01 10:40:57,1454,DATA,307498747,5G,0.0,3.07
R10-0001530,10,Bayshore,+1-586-511-3041,,2026-06-01 07:00:03,425,DATA,416715572,3G,0.0,4.17
R10-0001531,10,Bayshore,+1-683-664-8654,+1-273-694-0329,2026-06-01 04:48:41,0,SMS,,4G,0.0,0.05
R10-0001532,10,Bayshore,+1-764-730-3023,+1-784-259-1830,2026-06-01 19:50:22,2318,VOICE,,5G,0.08,3.09
R10-0001533,10,Bayshore,+1-782-614-1492,+1-896-342-3681,2026-06-01 13:26:24,1236,VOICE,,4G,0.1,2.06
R10-0001534,10,Bayshore,+1-341-612-4035,+1-549-465-2491,2026-06-01 05:38:56,0,SMS,,4G,0.0,0.05
R10-0001535,10,Bayshore,+1-301-661-5117,+1-876-643-6670,2026-06-01 17:03:36,3175,VOICE,,4G,0.1,5.29
R10-0001536,10,Bayshore,+1-380-867-8362,,2026-06-01 14:23:37,5106,DATA,163883462,4G,0.0,1.64
R10-0001537,10,Bayshore,+1-978-999-5172,+1-723-777-3870,2026-06-01 08:11:42,0,SMS,,3G,0.0,0.05
R10-0001538,10,Bayshore,+1-486-552-7729,+1-279-401-5892,2026-06-01 04:08:15,2406,VOICE,,3G,0.12,4.81
R10-0001539,10,Bayshore,+1-624-510-7575,+1-580-425-5200,2026-06-01 01:52:53,0,SMS,,4G,0.0,0.05
R10-0001540,10,Bayshore,+1-396-822-2517,+1-904-264-4563,2026-06-01 23:48:34,0,VOICE,,4G,0.1,0.0
R10-0001541,10,Bayshore,+1-976-224-5972,,2026-06-01 12:58:07,4197,DATA,330141173,4G,0.0,3.3
R10-0001542,10,Bayshore,+1-492-358-9090,+1-574-465-7740,2026-06-01 14:30:20,534,VOICE,,4G,0.1,0.89
R10-0001543,10,Bayshore,+1-979-620-6119,+1-930-778-8745,2026-06-01 01:45:02,3186,VOICE,,5G,0.08,4.25
R10-0001544,10,Bayshore,+1-940-782-7163,+1-719-528-8430,2026-06-01 08:00:46,569,VOICE,,5G,0.08,0.76
R10-0001545,10,Bayshore,+1-417-562-7817,+1-401-209-3483,2026-06-01 05:02:39,1060,VOICE,,4G,0.1,1.77
R10-0001546,10,Bayshore,+1-309-957-8655,+1-629-626-9787,2026-06-01 01:41:06,0,SMS,,4G,0.0,0.05
R10-0001547,10,Bayshore,+1-753-639-2123,+1-260-527-7715,2026-06-01 05:42:38,0,SMS,,5G,0.0,0.05
R10-0001548,10,Bayshore,+1-334-221-2053,+1-544-417-9342,2026-06-01 12:00:43,0,SMS,,5G,0.0,0.05
R10-0001549,10,Bayshore,+1-515-790-4276,,2026-06-01 19:30:49,3594,DATA,384650051,4G,0.0,3.85
R10-0001550,10,Bayshore,+1-567-290-1455,+1-376-334-5273,2026-06-01 11:09:49,2946,VOICE,,4G,0.1,4.91
R10-0001551,10,Bayshore,+1-481-911-9711,+1-609-459-3703,2026-06-01 23:14:59,67,VOICE,,4G,0.1,0.11
R10-0001552,10,Bayshore,+1-555-398-5454,+1-255-469-4629,2026-06-01 15:19:05,0,SMS,,4G,0.0,0.05
R10-0001553,10,Bayshore,+1-469-969-8775,,2026-06-01 06:55:52,6953,DATA,217290054,4G,0.0,2.17
R10-0001554,10,Bayshore,+1-352-359-1015,+1-243-472-2520,2026-06-01 18:09:14,3095,VOICE,,4G,0.1,5.16
R10-0001555,10,Bayshore,+1-786-297-5134,+1-607-543-5800,2026-06-01 05:01:10,91,VOICE,,5G,0.08,0.12
R10-0001556,10,Bayshore,+1-557-570-2681,+1-336-379-3183,2026-06-01 06:20:19,3423,VOICE,,4G,0.1,5.71
R10-0001557,10,Bayshore,+1-379-294-9273,+1-852-762-0473,2026-06-01 13:09:41,0,SMS,,4G,0.0,0.05
R10-0001558,10,Bayshore,+1-876-360-2990,,2026-06-01 02:18:27,688,DATA,425428220,4G,0.0,4.25
R10-0001559,10,Bayshore,+1-705-960-7549,+1-343-397-7908,2026-06-01 13:39:43,555,VOICE,,4G,0.1,0.93
R10-0001560,10,Bayshore,+1-374-263-8094,+1-850-357-5986,2026-06-01 01:31:06,1138,VOICE,,4G,0.1,1.9
R10-0001561,10,Bayshore,+1-650-833-8838,+1-603-829-0731,2026-06-01 01:38:27,0,SMS,,4G,0.0,0.05
R10-0001562,10,Bayshore,+1-800-379-4476,+1-283-980-3415,2026-06-01 22:23:28,734,VOICE,,4G,0.1,1.22
R10-0001563,10,Bayshore,+1-453-655-3001,,2026-06-01 20:15:45,727,DATA,395211637,4G,0.0,3.95
R10-0001564,10,Bayshore,+1-301-348-4866,+1-500-579-3519,2026-06-01 22:20:54,0,SMS,,4G,0.0,0.05
R10-0001565,10,Bayshore,+1-400-361-7494,+1-465-318-5320,2026-06-01 11:22:00,0,SMS,,4G,0.0,0.05
R10-0001566,10,Bayshore,+1-846-575-4927,+1-798-398-0910,2026-06-01 06:05:35,0,SMS,,5G,0.0,0.05
R10-0001567,10,Bayshore,+1-931-685-8666,+1-533-314-3498,2026-06-01 01:35:35,0,SMS,,5G,0.0,0.05
R10-0001568,10,Bayshore,+1-893-304-4645,+1-561-357-4289,2026-06-01 06:56:59,1948,VOICE,,3G,0.12,3.9
R10-0001569,10,Bayshore,+1-936-680-7264,,2026-06-01 02:32:00,71,DATA,197403553,3G,0.0,1.97
R10-0001570,10,Bayshore,+1-963-382-0936,+1-654-852-9456,2026-06-01 17:42:27,1137,VOICE,,5G,0.08,1.52
R10-0001571,10,Bayshore,+1-554-823-6898,+1-209-844-6366,2026-06-01 10:47:41,1443,VOICE,,5G,0.08,1.92
R10-0001572,10,Bayshore,+1-873-447-3247,,2026-06-01 17:54:43,6646,DATA,99779463,5G,0.0,1.0
R10-0001573,10,Bayshore,+1-330-216-3516,+1-381-869-0949,2026-06-01 15:00:57,2554,VOICE,,5G,0.08,3.41
R10-0001574,10,Bayshore,+1-763-477-9305,+1-545-528-1623,2026-06-01 06:49:35,0,SMS,,5G,0.0,0.05
R10-0001575,10,Bayshore,+1-593-446-1830,,2026-06-01 09:44:22,1687,DATA,339238696,5G,0.0,3.39
R10-0001576,10,Bayshore,+1-484-650-9758,+1-472-528-8511,2026-06-01 19:09:47,3465,VOICE,,4G,0.1,5.78
R10-0001577,10,Bayshore,+1-707-787-0399,+1-785-941-7293,2026-06-01 00:57:51,367,VOICE,,4G,0.1,0.61
R10-0001578,10,Bayshore,+1-724-877-4921,+1-327-239-5958,2026-06-01 11:25:34,3299,VOICE,,3G,0.12,6.6
R10-0001579,10,Bayshore,+1-556-505-9910,,2026-06-01 21:04:14,1557,DATA,227455775,4G,0.0,2.27
R10-0001580,10,Bayshore,+1-331-544-6669,+1-283-544-2743,2026-06-01 13:54:34,3529,VOICE,,4G,0.1,5.88
R10-0001581,10,Bayshore,+1-611-792-7791,+1-659-244-7605,2026-06-01 17:49:21,0,SMS,,5G,0.0,0.05
R10-0001582,10,Bayshore,+1-309-452-1962,+1-292-476-3031,2026-06-01 15:18:50,2937,VOICE,,4G,0.1,4.9
R10-0001583,10,Bayshore,+1-401-627-3327,+1-401-201-2983,2026-06-01 17:19:40,0,SMS,,5G,0.0,0.05
R10-0001584,10,Bayshore,+1-890-282-6282,+1-435-782-4804,2026-06-01 03:30:20,561,VOICE,,4G,0.1,0.94
R10-0001585,10,Bayshore,+1-960-579-8845,+1-739-829-8505,2026-06-01 03:24:28,2748,VOICE,,3G,0.12,5.5
R10-0001586,10,Bayshore,+1-826-950-0836,+1-274-514-5990,2026-06-01 05:37:58,150,VOICE,,4G,0.1,0.25
R10-0001587,10,Bayshore,+1-410-802-4043,+1-423-943-2356,2026-06-01 13:35:48,1185,VOICE,,5G,0.08,1.58
R10-0001588,10,Bayshore,+1-315-754-1231,+1-531-536-0666,2026-06-01 09:31:55,3171,VOICE,,5G,0.08,4.23
R10-0001589,10,Bayshore,+1-978-849-7264,+1-581-743-2273,2026-06-01 16:14:00,431,VOICE,,3G,0.12,0.86
R10-0001590,10,Bayshore,+1-253-736-3559,,2026-06-01 06:23:37,919,DATA,131943618,4G,0.0,1.32
R10-0001591,10,Bayshore,+1-495-316-4208,+1-269-980-8469,2026-06-01 13:04:34,3591,VOICE,,3G,0.12,7.18
R10-0001592,10,Bayshore,+1-390-691-3561,,2026-06-01 09:37:08,3652,DATA,418488670,4G,0.0,4.18
R10-0001593,10,Bayshore,+1-391-580-8341,+1-534-540-5636,2026-06-01 00:01:40,1037,VOICE,,4G,0.1,1.73
R10-0001594,10,Bayshore,+1-325-597-6852,+1-602-847-9086,2026-06-01 16:21:37,3074,VOICE,,3G,0.12,6.15
R10-0001595,10,Bayshore,+1-256-572-2329,+1-457-945-9864,2026-06-01 02:02:50,1732,VOICE,,4G,0.1,2.89
R10-0001596,10,Bayshore,+1-899-459-6437,+1-882-922-5492,2026-06-01 05:42:11,0,SMS,,3G,0.0,0.05
R10-0001597,10,Bayshore,+1-574-954-5327,+1-525-387-5129,2026-06-01 04:57:00,325,VOICE,,3G,0.12,0.65
R10-0001598,10,Bayshore,+1-690-599-4854,+1-933-742-0598,2026-06-01 03:44:36,2995,VOICE,,5G,0.08,3.99
R10-0001599,10,Bayshore,+1-271-693-5739,+1-888-446-7093,2026-06-01 03:56:33,0,SMS,,5G,0.0,0.05
R10-0001600,10,Bayshore,+1-946-536-8619,+1-479-762-4945,2026-06-01 19:54:11,859,VOICE,,4G,0.1,1.43
R10-0001601,10,Bayshore,+1-971-703-1168,+1-734-277-9638,2026-06-01 09:29:04,0,SMS,,4G,0.0,0.05
R10-0001602,10,Bayshore,+1-309-989-7185,+1-855-315-9346,2026-06-01 17:27:04,2873,VOICE,,3G,0.12,5.75
R10-0001603,10,Bayshore,+1-270-369-0535,+1-380-791-4925,2026-06-01 16:55:08,0,SMS,,5G,0.0,0.05
R10-0001604,10,Bayshore,+1-959-921-7811,+1-946-869-2215,2026-06-01 01:43:41,1911,VOICE,,3G,0.12,3.82
R10-0001605,10,Bayshore,+1-904-621-9732,+1-852-382-9827,2026-06-01 00:36:03,0,SMS,,4G,0.0,0.05
R10-0001606,10,Bayshore,+1-737-839-7045,,2026-06-01 06:59:39,3373,DATA,194361240,3G,0.0,1.94
R10-0001607,10,Bayshore,+1-684-531-6113,,2026-06-01 10:06:45,1989,DATA,493331637,5G,0.0,4.93
R10-0001608,10,Bayshore,+1-841-823-0398,+1-743-352-5158,2026-06-01 23:27:19,155,VOICE,,4G,0.1,0.26
R10-0001609,10,Bayshore,+1-496-663-0437,+1-523-329-2416,2026-06-01 18:35:58,0,SMS,,3G,0.0,0.05
R10-0001610,10,Bayshore,+1-202-672-2241,+1-571-668-4687,2026-06-01 05:14:32,2833,VOICE,,5G,0.08,3.78
R10-0001611,10,Bayshore,+1-589-301-1869,,2026-06-01 17:51:17,4018,DATA,318472737,5G,0.0,3.18
R10-0001612,10,Bayshore,+1-765-746-0567,+1-461-798-9822,2026-06-01 05:06:15,0,VOICE,,5G,0.08,0.0
R10-0001613,10,Bayshore,+1-710-875-8913,+1-815-417-3832,2026-06-01 20:02:16,0,SMS,,4G,0.0,0.05
R10-0001614,10,Bayshore,+1-258-896-0463,,2026-06-01 21:47:33,6311,DATA,253195693,4G,0.0,2.53
R10-0001615,10,Bayshore,+1-469-523-3758,+1-359-760-7742,2026-06-01 08:45:40,3265,VOICE,,5G,0.08,4.35
R10-0001616,10,Bayshore,+1-847-905-8818,+1-806-626-3341,2026-06-01 03:41:38,0,SMS,,5G,0.0,0.05
R10-0001617,10,Bayshore,+1-255-387-4358,+1-912-960-0017,2026-06-01 06:24:56,2003,VOICE,,5G,0.08,2.67
R10-0001618,10,Bayshore,+1-890-479-9942,,2026-06-01 23:35:43,3355,DATA,39651245,3G,0.0,0.4
R10-0001619,10,Bayshore,+1-378-824-1897,+1-583-869-6878,2026-06-01 00:56:54,1331,VOICE,,3G,0.12,2.66
R10-0001620,10,Bayshore,+1-565-623-7609,+1-967-431-0952,2026-06-01 06:41:10,0,SMS,,4G,0.0,0.05
R10-0001621,10,Bayshore,+1-847-813-0914,,2026-06-01 23:09:17,3328,DATA,205425610,5G,0.0,2.05
R10-0001622,10,Bayshore,+1-818-355-4943,+1-984-740-6577,2026-06-01 16:48:22,0,SMS,,4G,0.0,0.05
R10-0001623,10,Bayshore,+1-443-614-9847,+1-716-455-8606,2026-06-01 04:36:17,0,SMS,,4G,0.0,0.05
R10-0001624,10,Bayshore,+1-855-990-8583,+1-557-959-5984,2026-06-01 22:27:19,810,VOICE,,4G,0.1,1.35
R10-0001625,10,Bayshore,+1-577-701-0868,+1-910-395-0162,2026-06-01 22:06:56,2156,VOICE,,4G,0.1,3.59
R10-0001626,10,Bayshore,+1-639-514-8277,,2026-06-01 01:05:00,1190,DATA,223389312,4G,0.0,2.23
R10-0001627,10,Bayshore,+1-367-815-9280,+1-309-770-9204,2026-06-01 05:30:34,1191,VOICE,,4G,0.1,1.99
R10-0001628,10,Bayshore,+1-952-708-7434,+1-428-431-9157,2026-06-01 03:04:14,1916,VOICE,,4G,0.1,3.19
R10-0001629,10,Bayshore,+1-389-508-8455,+1-688-683-6716,2026-06-01 19:05:47,0,SMS,,4G,0.0,0.05
R10-0001630,10,Bayshore,+1-956-202-1250,+1-923-306-8981,2026-06-01 01:44:39,0,SMS,,4G,0.0,0.05
R10-0001631,10,Bayshore,+1-552-371-1200,+1-907-356-5991,2026-06-01 05:06:40,1471,VOICE,,5G,0.08,1.96
R10-0001632,10,Bayshore,+1-888-426-4063,+1-981-403-2470,2026-06-01 19:26:22,1318,VOICE,,5G,0.08,1.76
R10-0001633,10,Bayshore,+1-454-321-8312,+1-352-577-6066,2026-06-01 14:25:52,0,SMS,,5G,0.0,0.05
R10-0001634,10,Bayshore,+1-910-773-8716,+1-764-853-6594,2026-06-01 23:15:56,0,SMS,,5G,0.0,0.05
R10-0001635,10,Bayshore,+1-506-281-8474,+1-494-497-8023,2026-06-01 09:44:05,78,VOICE,,3G,0.12,0.16
R10-0001636,10,Bayshore,+1-229-299-8846,,2026-06-01 23:11:45,159,DATA,356655001,4G,0.0,3.57
R10-0001637,10,Bayshore,+1-921-737-7145,,2026-06-01 11:28:18,641,DATA,45374181,5G,0.0,0.45
R10-0001638,10,Bayshore,+1-777-570-2281,,2026-06-01 13:00:02,5519,DATA,228065127,4G,0.0,2.28
R10-0001639,10,Bayshore,+1-649-531-7405,+1-467-289-0423,2026-06-01 01:58:39,0,VOICE,,4G,0.1,0.0
R10-0001640,10,Bayshore,+1-538-283-8559,+1-751-772-1970,2026-06-01 07:53:41,1432,VOICE,,4G,0.1,2.39
R10-0001641,10,Bayshore,+1-957-621-9515,+1-988-559-5513,2026-06-01 06:16:53,0,SMS,,5G,0.0,0.05
R10-0001642,10,Bayshore,+1-924-970-1187,+1-297-968-2417,2026-06-01 07:04:16,0,SMS,,4G,0.0,0.05
R10-0001643,10,Bayshore,+1-333-760-3564,,2026-06-01 04:59:34,6186,DATA,100404812,4G,0.0,1.0
R10-0001644,10,Bayshore,+1-663-656-2391,+1-562-627-0999,2026-06-01 20:41:39,1352,VOICE,,4G,0.1,2.25
R10-0001645,10,Bayshore,+1-591-384-2577,+1-652-457-0508,2026-06-01 22:56:50,0,SMS,,5G,0.0,0.05
R10-0001646,10,Bayshore,+1-460-231-6472,+1-698-303-0125,2026-06-01 08:33:16,215,VOICE,,4G,0.1,0.36
R10-0001647,10,Bayshore,+1-983-775-0624,+1-396-743-4594,2026-06-01 02:01:08,1737,VOICE,,5G,0.08,2.32
R10-0001648,10,Bayshore,+1-617-979-9381,+1-498-770-0612,2026-06-01 17:47:24,0,VOICE,,5G,0.08,0.0
R10-0001649,10,Bayshore,+1-330-497-7505,+1-250-742-6659,2026-06-01 02:10:42,237,VOICE,,3G,0.12,0.47
R10-0001650,10,Bayshore,+1-840-927-4858,,2026-06-01 01:13:51,6963,DATA,18760881,4G,0.0,0.19
R10-0001651,10,Bayshore,+1-745-906-7001,+1-339-975-0454,2026-06-01 14:57:57,0,SMS,,4G,0.0,0.05
R10-0001652,10,Bayshore,+1-335-902-6031,+1-892-491-4230,2026-06-01 17:08:42,3403,VOICE,,4G,0.1,5.67
R10-0001653,10,Bayshore,+1-912-809-0199,,2026-06-01 01:09:58,6598,DATA,60067130,3G,0.0,0.6
R10-0001654,10,Bayshore,+1-559-501-3128,+1-714-952-1663,2026-06-01 13:04:28,0,SMS,,5G,0.0,0.05
R10-0001655,10,Bayshore,+1-465-607-6088,+1-405-895-0484,2026-06-01 10:31:07,916,VOICE,,3G,0.12,1.83
R10-0001656,10,Bayshore,+1-241-681-3238,,2026-06-01 08:11:22,2191,DATA,388760807,4G,0.0,3.89
R10-0001657,10,Bayshore,+1-630-212-5485,+1-515-654-5945,2026-06-01 16:40:14,0,SMS,,4G,0.0,0.05
R10-0001658,10,Bayshore,+1-874-293-3858,+1-600-837-5122,2026-06-01 13:50:37,1247,VOICE,,4G,0.1,2.08
R10-0001659,10,Bayshore,+1-257-695-3875,+1-355-756-9383,2026-06-01 18:17:32,0,SMS,,4G,0.0,0.05
R10-0001660,10,Bayshore,+1-824-665-1827,+1-577-881-5293,2026-06-01 19:34:28,0,SMS,,4G,0.0,0.05
R10-0001661,10,Bayshore,+1-915-977-5241,,2026-06-01 20:38:33,2609,DATA,28375739,4G,0.0,0.28
R10-0001662,10,Bayshore,+1-858-766-1418,+1-235-676-4330,2026-06-01 22:29:53,0,VOICE,,4G,0.1,0.0
R10-0001663,10,Bayshore,+1-556-315-2743,+1-302-426-2333,2026-06-01 01:46:13,452,VOICE,,4G,0.1,0.75
R10-0001664,10,Bayshore,+1-460-833-1915,+1-658-440-4249,2026-06-01 10:24:35,1013,VOICE,,3G,0.12,2.03
R10-0001665,10,Bayshore,+1-378-934-7884,+1-796-846-3673,2026-06-01 13:03:11,1598,VOICE,,3G,0.12,3.2
R10-0001666,10,Bayshore,+1-282-664-6801,+1-723-441-2068,2026-06-01 20:44:59,0,SMS,,5G,0.0,0.05
R10-0001667,10,Bayshore,+1-972-708-5726,+1-291-364-8140,2026-06-01 05:51:55,0,SMS,,4G,0.0,0.05
R10-0001668,10,Bayshore,+1-307-480-7471,,2026-06-01 11:38:20,4405,DATA,70425658,4G,0.0,0.7
R10-0001669,10,Bayshore,+1-280-850-8551,+1-618-714-5950,2026-06-01 15:15:58,1558,VOICE,,5G,0.08,2.08
R10-0001670,10,Bayshore,+1-736-230-5591,+1-480-657-6405,2026-06-01 23:22:52,2429,VOICE,,5G,0.08,3.24
R10-0001671,10,Bayshore,+1-272-658-0406,+1-348-990-5020,2026-06-01 01:15:31,2387,VOICE,,3G,0.12,4.77
R10-0001672,10,Bayshore,+1-876-711-3166,+1-902-367-0934,2026-06-01 22:38:59,184,VOICE,,5G,0.08,0.25
R10-0001673,10,Bayshore,+1-604-911-6593,,2026-06-01 00:43:33,3936,DATA,147190884,4G,0.0,1.47
R10-0001674,10,Bayshore,+1-367-636-6420,,2026-06-01 01:43:28,5638,DATA,103118949,4G,0.0,1.03
R10-0001675,10,Bayshore,+1-427-211-6676,+1-790-410-0040,2026-06-01 11:52:12,2862,VOICE,,4G,0.1,4.77
R10-0001676,10,Bayshore,+1-517-880-9213,+1-221-765-5942,2026-06-01 23:16:29,0,SMS,,5G,0.0,0.05
R10-0001677,10,Bayshore,+1-432-946-1230,+1-213-855-4207,2026-06-01 12:18:04,204,VOICE,,3G,0.12,0.41
R10-0001678,10,Bayshore,+1-238-522-5225,+1-206-444-2095,2026-06-01 06:52:32,0,SMS,,4G,0.0,0.05
R10-0001679,10,Bayshore,+1-416-415-5582,,2026-06-01 10:06:30,52,DATA,350415574,5G,0.0,3.5
R10-0001680,10,Bayshore,+1-849-340-0537,+1-658-892-5871,2026-06-01 07:36:34,3299,VOICE,,4G,0.1,5.5
R10-0001681,10,Bayshore,+1-583-449-5957,,2026-06-01 13:03:11,5769,DATA,401254344,5G,0.0,4.01
R10-0001682,10,Bayshore,+1-277-319-3359,+1-288-807-1489,2026-06-01 14:20:16,3457,VOICE,,4G,0.1,5.76
R10-0001683,10,Bayshore,+1-336-461-9769,,2026-06-01 18:35:59,497,DATA,288957572,3G,0.0,2.89
R10-0001684,10,Bayshore,+1-765-601-7115,,2026-06-01 12:04:28,1173,DATA,350238857,4G,0.0,3.5
R10-0001685,10,Bayshore,+1-607-322-1938,+1-622-448-7681,2026-06-01 14:44:06,2970,VOICE,,3G,0.12,5.94
R10-0001686,10,Bayshore,+1-408-557-4934,+1-211-869-4421,2026-06-01 20:21:31,0,SMS,,5G,0.0,0.05
R10-0001687,10,Bayshore,+1-764-337-1088,+1-885-468-6402,2026-06-01 00:23:25,3525,VOICE,,5G,0.08,4.7
R10-0001688,10,Bayshore,+1-465-935-6074,+1-351-496-3505,2026-06-01 09:11:08,3339,VOICE,,5G,0.08,4.45
R10-0001689,10,Bayshore,+1-491-694-5472,+1-734-982-4139,2026-06-01 17:50:48,0,SMS,,4G,0.0,0.05
R10-0001690,10,Bayshore,+1-336-283-6754,,2026-06-01 01:51:55,6121,DATA,246681070,4G,0.0,2.47
R10-0001691,10,Bayshore,+1-587-473-3348,+1-903-450-4593,2026-06-01 04:04:15,1729,VOICE,,4G,0.1,2.88
R10-0001692,10,Bayshore,+1-505-558-2145,,2026-06-01 22:46:53,411,DATA,215299723,4G,0.0,2.15
R10-0001693,10,Bayshore,+1-404-352-1494,+1-644-982-5808,2026-06-01 04:49:07,362,VOICE,,4G,0.1,0.6
R10-0001694,10,Bayshore,+1-222-637-3584,+1-828-818-0501,2026-06-01 19:51:33,33,VOICE,,4G,0.1,0.06
R10-0001695,10,Bayshore,+1-526-304-9929,+1-284-743-7285,2026-06-01 16:27:34,0,SMS,,4G,0.0,0.05
R10-0001696,10,Bayshore,+1-664-402-7740,,2026-06-01 08:43:22,1722,DATA,144883965,4G,0.0,1.45
R10-0001697,10,Bayshore,+1-535-822-0367,+1-843-768-1077,2026-06-01 07:42:25,704,VOICE,,4G,0.1,1.17
R10-0001698,10,Bayshore,+1-630-405-2210,+1-299-908-2422,2026-06-01 02:36:16,0,VOICE,,4G,0.1,0.0
R10-0001699,10,Bayshore,+1-545-311-8190,,2026-06-01 16:59:40,2361,DATA,52420894,3G,0.0,0.52
R10-0001700,10,Bayshore,+1-436-803-7601,+1-321-684-4388,2026-06-01 08:40:24,203,VOICE,,4G,0.1,0.34
R10-0001701,10,Bayshore,+1-967-592-5439,+1-860-752-2586,2026-06-01 16:16:14,0,SMS,,5G,0.0,0.05
R10-0001702,10,Bayshore,+1-779-315-1646,+1-890-865-6107,2026-06-01 09:23:55,1665,VOICE,,4G,0.1,2.78
R10-0001703,10,Bayshore,+1-244-374-6209,+1-512-833-2179,2026-06-01 08:37:05,1005,VOICE,,4G,0.1,1.68
R10-0001704,10,Bayshore,+1-783-638-3340,+1-814-787-9336,2026-06-01 05:40:30,2702,VOICE,,5G,0.08,3.6
R10-0001705,10,Bayshore,+1-439-846-4774,+1-846-467-3720,2026-06-01 01:33:32,1953,VOICE,,4G,0.1,3.25
R10-0001706,10,Bayshore,+1-280-427-4995,+1-381-444-1274,2026-06-01 18:39:09,0,VOICE,,4G,0.1,0.0
R10-0001707,10,Bayshore,+1-323-353-8766,+1-864-962-0542,2026-06-01 00:53:23,0,SMS,,3G,0.0,0.05
R10-0001708,10,Bayshore,+1-968-600-5452,+1-906-760-7448,2026-06-01 19:45:17,0,SMS,,5G,0.0,0.05
R10-0001709,10,Bayshore,+1-398-584-2891,+1-730-767-0113,2026-06-01 04:22:50,0,SMS,,4G,0.0,0.05
R10-0001710,10,Bayshore,+1-847-648-5002,+1-800-583-2607,2026-06-01 02:50:41,0,SMS,,5G,0.0,0.05
R10-0001711,10,Bayshore,+1-356-259-0973,,2026-06-01 07:41:08,1970,DATA,498653146,3G,0.0,4.99
R10-0001712,10,Bayshore,+1-677-421-6405,+1-972-759-5659,2026-06-01 00:02:45,0,SMS,,3G,0.0,0.05
R10-0001713,10,Bayshore,+1-924-916-0457,,2026-06-01 20:28:07,1707,DATA,111093973,4G,0.0,1.11
R10-0001714,10,Bayshore,+1-516-352-9030,+1-423-886-4406,2026-06-01 18:39:34,0,SMS,,4G,0.0,0.05
R10-0001715,10,Bayshore,+1-311-252-3274,+1-474-740-4139,2026-06-01 05:32:03,1066,VOICE,,4G,0.1,1.78
R10-0001716,10,Bayshore,+1-341-924-2507,+1-278-302-2981,2026-06-01 22:17:18,428,VOICE,,3G,0.12,0.86
R10-0001717,10,Bayshore,+1-644-359-6926,+1-557-392-1978,2026-06-01 05:42:52,0,SMS,,4G,0.0,0.05
R10-0001718,10,Bayshore,+1-546-689-2126,+1-261-284-6159,2026-06-01 05:19:08,2396,VOICE,,4G,0.1,3.99
R10-0001719,10,Bayshore,+1-837-960-9705,+1-372-210-1801,2026-06-01 15:46:16,0,SMS,,4G,0.0,0.05
R10-0001720,10,Bayshore,+1-779-368-0356,+1-864-539-4291,2026-06-01 07:16:26,3454,VOICE,,4G,0.1,5.76
R10-0001721,10,Bayshore,+1-335-862-4863,+1-261-820-7252,2026-06-01 23:19:50,1925,VOICE,,4G,0.1,3.21
R10-0001722,10,Bayshore,+1-705-476-7025,+1-641-471-0387,2026-06-01 07:08:48,1243,VOICE,,4G,0.1,2.07
R10-0001723,10,Bayshore,+1-808-742-7675,+1-893-452-9432,2026-06-01 22:50:09,1256,VOICE,,4G,0.1,2.09
R10-0001724,10,Bayshore,+1-956-638-4531,+1-741-204-4944,2026-06-01 19:59:18,234,VOICE,,4G,0.1,0.39
R10-0001725,10,Bayshore,+1-652-321-0310,+1-632-494-9169,2026-06-01 07:51:08,1488,VOICE,,4G,0.1,2.48
R10-0001726,10,Bayshore,+1-768-842-6715,+1-735-416-4453,2026-06-01 12:47:11,2675,VOICE,,5G,0.08,3.57
R10-0001727,10,Bayshore,+1-937-520-1651,,2026-06-01 10:21:03,1810,DATA,255702112,4G,0.0,2.56
R10-0001728,10,Bayshore,+1-662-249-4156,+1-969-224-8006,2026-06-01 13:56:57,0,SMS,,4G,0.0,0.05
R10-0001729,10,Bayshore,+1-531-862-9379,+1-959-226-0272,2026-06-01 22:53:27,3469,VOICE,,4G,0.1,5.78
R10-0001730,10,Bayshore,+1-452-969-8682,+1-841-422-8021,2026-06-01 18:53:18,0,SMS,,4G,0.0,0.05
R10-0001731,10,Bayshore,+1-696-873-1515,+1-386-245-2393,2026-06-01 03:49:23,0,SMS,,4G,0.0,0.05
R10-0001732,10,Bayshore,+1-424-752-7417,+1-201-802-2826,2026-06-01 07:54:48,0,SMS,,4G,0.0,0.05
R10-0001733,10,Bayshore,+1-509-336-2117,,2026-06-01 11:33:03,2737,DATA,132682078,4G,0.0,1.33
R10-0001734,10,Bayshore,+1-576-524-4307,+1-610-452-5334,2026-06-01 22:58:22,0,SMS,,5G,0.0,0.05
R10-0001735,10,Bayshore,+1-883-913-8135,+1-577-305-8455,2026-06-01 00:28:57,0,SMS,,3G,0.0,0.05
R10-0001736,10,Bayshore,+1-324-378-6210,+1-981-463-9189,2026-06-01 20:19:30,0,SMS,,4G,0.0,0.05
R10-0001737,10,Bayshore,+1-982-351-1095,+1-306-668-8874,2026-06-01 15:30:44,676,VOICE,,3G,0.12,1.35
R10-0001738,10,Bayshore,+1-826-466-6572,+1-457-791-4830,2026-06-01 02:59:52,0,SMS,,4G,0.0,0.05
R10-0001739,10,Bayshore,+1-259-710-0463,+1-965-601-6326,2026-06-01 19:28:54,2325,VOICE,,4G,0.1,3.88
R10-0001740,10,Bayshore,+1-343-336-0842,+1-586-613-9522,2026-06-01 18:48:13,569,VOICE,,4G,0.1,0.95
R10-0001741,10,Bayshore,+1-978-294-4069,+1-673-415-7913,2026-06-01 06:04:55,0,SMS,,4G,0.0,0.05
R10-0001742,10,Bayshore,+1-833-697-3142,+1-307-502-8937,2026-06-01 20:55:31,0,SMS,,4G,0.0,0.05
R10-0001743,10,Bayshore,+1-576-514-5819,+1-597-213-4460,2026-06-01 00:35:35,0,SMS,,4G,0.0,0.05
R10-0001744,10,Bayshore,+1-791-249-1341,+1-930-648-5782,2026-06-01 12:05:03,1517,VOICE,,4G,0.1,2.53
R10-0001745,10,Bayshore,+1-549-730-9961,,2026-06-01 07:16:42,3452,DATA,494616827,5G,0.0,4.95
R10-0001746,10,Bayshore,+1-539-664-2343,,2026-06-01 23:14:20,6163,DATA,468105674,3G,0.0,4.68
R10-0001747,10,Bayshore,+1-583-266-8549,+1-686-594-9099,2026-06-01 11:58:23,1772,VOICE,,4G,0.1,2.95
R10-0001748,10,Bayshore,+1-567-356-3652,+1-628-760-9345,2026-06-01 20:45:43,0,VOICE,,3G,0.12,0.0
R10-0001749,10,Bayshore,+1-246-663-6859,+1-761-490-5006,2026-06-01 11:39:17,0,SMS,,3G,0.0,0.05
R10-0001750,10,Bayshore,+1-255-985-8515,+1-680-470-0874,2026-06-01 14:43:07,0,SMS,,4G,0.0,0.05
R10-0001751,10,Bayshore,+1-986-200-6409,+1-727-263-2327,2026-06-01 04:12:46,0,SMS,,3G,0.0,0.05
R10-0001752,10,Bayshore,+1-565-855-9084,+1-611-702-3134,2026-06-01 02:30:58,0,SMS,,4G,0.0,0.05
R10-0001753,10,Bayshore,+1-210-795-9175,+1-695-251-9833,2026-06-01 11:32:59,501,VOICE,,3G,0.12,1.0
R10-0001754,10,Bayshore,+1-363-453-4608,,2026-06-01 19:45:30,150,DATA,98382689,4G,0.0,0.98
R10-0001755,10,Bayshore,+1-762-806-7511,+1-213-377-9618,2026-06-01 02:58:37,0,SMS,,5G,0.0,0.05
R10-0001756,10,Bayshore,+1-760-237-3049,+1-809-519-0573,2026-06-01 02:03:09,0,SMS,,5G,0.0,0.05
R10-0001757,10,Bayshore,+1-791-288-0949,+1-306-407-2141,2026-06-01 06:24:40,1268,VOICE,,4G,0.1,2.11
R10-0001758,10,Bayshore,+1-477-552-1288,+1-702-918-6892,2026-06-01 17:08:34,82,VOICE,,3G,0.12,0.16
R10-0001759,10,Bayshore,+1-766-712-2648,+1-937-482-4914,2026-06-01 15:02:31,61,VOICE,,4G,0.1,0.1
R10-0001760,10,Bayshore,+1-718-923-2319,+1-761-747-4123,2026-06-01 04:33:26,0,SMS,,4G,0.0,0.05
R10-0001761,10,Bayshore,+1-363-275-7839,,2026-06-01 11:43:43,1596,DATA,101142478,4G,0.0,1.01
R10-0001762,10,Bayshore,+1-414-337-6929,+1-818-253-9596,2026-06-01 08:46:12,0,SMS,,4G,0.0,0.05
R10-0001763,10,Bayshore,+1-204-953-0759,+1-820-458-9366,2026-06-01 19:31:33,2133,VOICE,,3G,0.12,4.27
R10-0001764,10,Bayshore,+1-264-686-1959,+1-979-519-2939,2026-06-01 16:30:06,0,SMS,,5G,0.0,0.05
R10-0001765,10,Bayshore,+1-569-941-6216,+1-693-900-9203,2026-06-01 20:55:31,0,SMS,,3G,0.0,0.05
R10-0001766,10,Bayshore,+1-675-912-6994,,2026-06-01 11:30:05,4519,DATA,126786100,4G,0.0,1.27
R10-0001767,10,Bayshore,+1-435-619-5593,+1-675-940-4958,2026-06-01 04:08:25,0,SMS,,4G,0.0,0.05
R10-0001768,10,Bayshore,+1-300-618-3015,+1-784-432-4667,2026-06-01 22:39:05,1750,VOICE,,4G,0.1,2.92
R10-0001769,10,Bayshore,+1-294-223-7827,+1-758-948-2616,2026-06-01 07:07:53,588,VOICE,,5G,0.08,0.78
R10-0001770,10,Bayshore,+1-777-297-7228,+1-267-266-9403,2026-06-01 19:00:33,1307,VOICE,,4G,0.1,2.18
R10-0001771,10,Bayshore,+1-554-821-0949,+1-247-566-5396,2026-06-01 13:52:25,3164,VOICE,,4G,0.1,5.27
R10-0001772,10,Bayshore,+1-603-997-7419,+1-486-951-6922,2026-06-01 21:56:04,1159,VOICE,,5G,0.08,1.55
R10-0001773,10,Bayshore,+1-738-518-4659,+1-612-401-9402,2026-06-01 17:16:52,1307,VOICE,,5G,0.08,1.74
R10-0001774,10,Bayshore,+1-943-284-5816,+1-908-531-6992,2026-06-01 02:19:56,0,SMS,,3G,0.0,0.05
R10-0001775,10,Bayshore,+1-963-933-4796,+1-723-527-1725,2026-06-01 11:39:46,0,SMS,,5G,0.0,0.05
R10-0001776,10,Bayshore,+1-974-917-8111,+1-516-688-2599,2026-06-01 13:46:35,2613,VOICE,,4G,0.1,4.35
R10-0001777,10,Bayshore,+1-597-461-7714,+1-661-355-6953,2026-06-01 13:17:00,1924,VOICE,,4G,0.1,3.21
R10-0001778,10,Bayshore,+1-510-583-1171,+1-690-267-2220,2026-06-01 18:19:24,3583,VOICE,,4G,0.1,5.97
R10-0001779,10,Bayshore,+1-685-797-7380,+1-207-703-8496,2026-06-01 04:23:09,0,SMS,,4G,0.0,0.05
R10-0001780,10,Bayshore,+1-979-695-4681,+1-804-932-0930,2026-06-01 07:14:05,2081,VOICE,,4G,0.1,3.47
R10-0001781,10,Bayshore,+1-904-271-9138,,2026-06-01 04:56:49,3295,DATA,357190893,5G,0.0,3.57
R10-0001782,10,Bayshore,+1-696-404-6107,+1-438-377-0457,2026-06-01 13:22:48,3034,VOICE,,5G,0.08,4.05
R10-0001783,10,Bayshore,+1-924-302-7781,+1-524-490-8584,2026-06-01 07:59:52,0,SMS,,4G,0.0,0.05
R10-0001784,10,Bayshore,+1-383-363-6089,+1-335-258-2024,2026-06-01 15:24:18,0,SMS,,4G,0.0,0.05
R10-0001785,10,Bayshore,+1-534-443-1314,+1-756-364-0841,2026-06-01 23:48:17,2429,VOICE,,3G,0.12,4.86
R10-0001786,10,Bayshore,+1-901-900-2267,+1-652-500-4540,2026-06-01 13:35:10,0,SMS,,4G,0.0,0.05
R10-0001787,10,Bayshore,+1-876-396-0655,+1-763-396-3136,2026-06-01 09:36:31,3357,VOICE,,5G,0.08,4.48
R10-0001788,10,Bayshore,+1-959-556-3995,+1-437-579-2211,2026-06-01 16:03:44,2899,VOICE,,5G,0.08,3.87
R10-0001789,10,Bayshore,+1-315-574-2967,+1-305-613-7537,2026-06-01 21:37:26,1080,VOICE,,5G,0.08,1.44
R10-0001790,10,Bayshore,+1-758-916-1583,+1-261-585-4491,2026-06-01 13:26:54,3217,VOICE,,4G,0.1,5.36
R10-0001791,10,Bayshore,+1-777-546-6356,+1-942-934-1517,2026-06-01 04:06:58,0,SMS,,5G,0.0,0.05
R10-0001792,10,Bayshore,+1-865-791-9542,+1-865-213-5300,2026-06-01 16:54:23,0,SMS,,4G,0.0,0.05
R10-0001793,10,Bayshore,+1-509-201-0509,+1-949-896-2007,2026-06-01 15:28:57,2416,VOICE,,3G,0.12,4.83
R10-0001794,10,Bayshore,+1-943-912-0617,+1-749-585-7133,2026-06-01 04:15:16,844,VOICE,,5G,0.08,1.13
R10-0001795,10,Bayshore,+1-688-300-3097,+1-429-344-9286,2026-06-01 05:23:30,2450,VOICE,,4G,0.1,4.08
R10-0001796,10,Bayshore,+1-922-468-5836,,2026-06-01 15:18:22,1762,DATA,150315881,5G,0.0,1.5
R10-0001797,10,Bayshore,+1-395-348-7621,+1-334-376-0214,2026-06-01 17:30:07,2645,VOICE,,4G,0.1,4.41
R10-0001798,10,Bayshore,+1-603-259-0396,+1-930-593-2986,2026-06-01 13:37:17,1906,VOICE,,5G,0.08,2.54
R10-0001799,10,Bayshore,+1-748-735-9344,+1-739-856-3438,2026-06-01 12:04:16,0,SMS,,4G,0.0,0.05
R10-0001800,10,Bayshore,+1-630-318-7268,,2026-06-01 02:15:48,1550,DATA,329141446,5G,0.0,3.29
R10-0001801,10,Bayshore,+1-263-460-1134,+1-847-905-4558,2026-06-01 04:46:54,0,SMS,,3G,0.0,0.05
R10-0001802,10,Bayshore,+1-316-219-4794,+1-680-773-7951,2026-06-01 10:27:43,0,SMS,,4G,0.0,0.05
R10-0001803,10,Bayshore,+1-816-875-0774,+1-949-744-6978,2026-06-01 18:29:43,2392,VOICE,,4G,0.1,3.99
R10-0001804,10,Bayshore,+1-578-614-2049,+1-780-276-5652,2026-06-01 22:39:27,3059,VOICE,,4G,0.1,5.1
R10-0001805,10,Bayshore,+1-828-395-3362,,2026-06-01 14:09:11,5296,DATA,93761712,4G,0.0,0.94
R10-0001806,10,Bayshore,+1-646-534-6463,+1-891-911-3613,2026-06-01 16:13:02,0,SMS,,5G,0.0,0.05
R10-0001807,10,Bayshore,+1-560-707-8072,+1-729-810-2142,2026-06-01 14:50:16,130,VOICE,,5G,0.08,0.17
R10-0001808,10,Bayshore,+1-374-458-4984,,2026-06-01 22:13:57,6405,DATA,62518101,5G,0.0,0.63
R10-0001809,10,Bayshore,+1-810-822-4966,,2026-06-01 18:48:19,1784,DATA,50108142,3G,0.0,0.5
R10-0001810,10,Bayshore,+1-658-782-2390,+1-921-417-3733,2026-06-01 03:39:16,2600,VOICE,,4G,0.1,4.33
R10-0001811,10,Bayshore,+1-283-887-3658,,2026-06-01 15:44:34,646,DATA,468806106,3G,0.0,4.69
R10-0001812,10,Bayshore,+1-654-346-7682,+1-684-502-6509,2026-06-01 11:22:04,2414,VOICE,,4G,0.1,4.02
R10-0001813,10,Bayshore,+1-935-340-0769,+1-661-376-2211,2026-06-01 11:45:01,2145,VOICE,,4G,0.1,3.58
R10-0001814,10,Bayshore,+1-234-358-8026,+1-422-671-1595,2026-06-01 22:58:22,0,SMS,,3G,0.0,0.05
R10-0001815,10,Bayshore,+1-338-807-5113,+1-605-773-3704,2026-06-01 04:44:38,0,SMS,,5G,0.0,0.05
R10-0001816,10,Bayshore,+1-213-244-2814,+1-366-278-4917,2026-06-01 17:10:21,0,SMS,,5G,0.0,0.05
R10-0001817,10,Bayshore,+1-279-708-8914,,2026-06-01 23:42:53,6575,DATA,468750837,4G,0.0,4.69
R10-0001818,10,Bayshore,+1-577-565-1942,+1-426-769-0438,2026-06-01 09:35:01,0,SMS,,5G,0.0,0.05
R10-0001819,10,Bayshore,+1-475-240-0714,+1-443-332-2556,2026-06-01 19:24:44,3220,VOICE,,5G,0.08,4.29
R10-0001820,10,Bayshore,+1-617-800-6837,,2026-06-01 15:17:55,6755,DATA,325729287,4G,0.0,3.26
R10-0001821,10,Bayshore,+1-636-521-8910,+1-476-811-0778,2026-06-01 11:40:43,195,VOICE,,5G,0.08,0.26
R10-0001822,10,Bayshore,+1-369-996-0933,+1-702-735-3305,2026-06-01 12:52:36,2431,VOICE,,4G,0.1,4.05
R10-0001823,10,Bayshore,+1-801-386-7315,,2026-06-01 16:30:12,3259,DATA,419452214,4G,0.0,4.19
R10-0001824,10,Bayshore,+1-592-263-2788,+1-608-800-4999,2026-06-01 22:58:21,2521,VOICE,,5G,0.08,3.36
R10-0001825,10,Bayshore,+1-271-719-5282,+1-340-745-1308,2026-06-01 15:11:32,0,SMS,,5G,0.0,0.05
R10-0001826,10,Bayshore,+1-370-454-2693,+1-352-411-2624,2026-06-01 05:02:30,3326,VOICE,,5G,0.08,4.43
R10-0001827,10,Bayshore,+1-312-679-1512,+1-955-557-7076,2026-06-01 04:58:07,2300,VOICE,,5G,0.08,3.07
R10-0001828,10,Bayshore,+1-957-650-3716,+1-522-745-7560,2026-06-01 07:51:04,0,SMS,,3G,0.0,0.05
R10-0001829,10,Bayshore,+1-985-369-9796,+1-249-723-5056,2026-06-01 12:02:22,0,SMS,,4G,0.0,0.05
R10-0001830,10,Bayshore,+1-652-783-9389,+1-233-502-7737,2026-06-01 11:18:33,1984,VOICE,,4G,0.1,3.31
R10-0001831,10,Bayshore,+1-488-915-5019,+1-274-565-3077,2026-06-01 19:25:03,0,SMS,,3G,0.0,0.05
R10-0001832,10,Bayshore,+1-443-695-5713,+1-219-872-5146,2026-06-01 23:33:11,2690,VOICE,,5G,0.08,3.59
R10-0001833,10,Bayshore,+1-716-763-1105,,2026-06-01 02:04:03,4246,DATA,275195008,4G,0.0,2.75
R10-0001834,10,Bayshore,+1-393-951-2004,+1-259-294-8208,2026-06-01 04:31:00,391,VOICE,,4G,0.1,0.65
R10-0001835,10,Bayshore,+1-623-518-2399,,2026-06-01 02:13:25,3259,DATA,128383913,4G,0.0,1.28
R10-0001836,10,Bayshore,+1-454-852-9245,+1-672-216-4216,2026-06-01 04:48:04,2484,VOICE,,4G,0.1,4.14
R10-0001837,10,Bayshore,+1-645-217-6739,,2026-06-01 11:33:31,3646,DATA,458362776,3G,0.0,4.58
R10-0001838,10,Bayshore,+1-810-800-2588,+1-271-541-5275,2026-06-01 11:18:13,0,SMS,,4G,0.0,0.05
R10-0001839,10,Bayshore,+1-968-905-1884,+1-219-861-8656,2026-06-01 06:28:35,1440,VOICE,,4G,0.1,2.4
R10-0001840,10,Bayshore,+1-259-544-6849,+1-890-928-1974,2026-06-01 14:40:39,0,SMS,,4G,0.0,0.05
R10-0001841,10,Bayshore,+1-590-738-4673,+1-787-917-4933,2026-06-01 19:13:32,0,SMS,,5G,0.0,0.05
R10-0001842,10,Bayshore,+1-582-410-9044,+1-525-462-6300,2026-06-01 09:14:16,0,SMS,,4G,0.0,0.05
R10-0001843,10,Bayshore,+1-411-781-5361,+1-670-837-3100,2026-06-01 16:15:15,120,VOICE,,5G,0.08,0.16
R10-0001844,10,Bayshore,+1-448-588-1316,+1-606-870-1452,2026-06-01 09:54:54,0,SMS,,4G,0.0,0.05
R10-0001845,10,Bayshore,+1-690-749-5454,+1-591-220-1854,2026-06-01 04:19:06,3502,VOICE,,4G,0.1,5.84
R10-0001846,10,Bayshore,+1-229-579-0069,+1-775-528-2816,2026-06-01 05:22:44,2799,VOICE,,5G,0.08,3.73
R10-0001847,10,Bayshore,+1-513-954-4358,,2026-06-01 03:14:24,4581,DATA,388269451,5G,0.0,3.88
R10-0001848,10,Bayshore,+1-972-630-1046,+1-810-338-0850,2026-06-01 00:10:02,0,SMS,,3G,0.0,0.05
R10-0001849,10,Bayshore,+1-595-933-8183,+1-231-291-2388,2026-06-01 05:54:26,0,SMS,,4G,0.0,0.05
R10-0001850,10,Bayshore,+1-928-233-2708,+1-414-810-2685,2026-06-01 13:23:33,1461,VOICE,,5G,0.08,1.95
R10-0001851,10,Bayshore,+1-245-446-0936,,2026-06-01 20:13:10,2302,DATA,411394204,4G,0.0,4.11
R10-0001852,10,Bayshore,+1-234-245-8263,+1-210-687-7078,2026-06-01 05:21:07,1563,VOICE,,4G,0.1,2.61
R10-0001853,10,Bayshore,+1-597-277-2976,+1-294-498-9474,2026-06-01 14:01:54,2356,VOICE,,4G,0.1,3.93
R10-0001854,10,Bayshore,+1-544-575-6394,+1-961-394-3224,2026-06-01 19:01:31,0,SMS,,4G,0.0,0.05
R10-0001855,10,Bayshore,+1-337-289-0466,+1-824-302-2260,2026-06-01 10:09:36,407,VOICE,,3G,0.12,0.81
R10-0001856,10,Bayshore,+1-502-750-0323,+1-933-464-5400,2026-06-01 08:33:05,0,SMS,,5G,0.0,0.05
R10-0001857,10,Bayshore,+1-960-896-0934,+1-538-579-6232,2026-06-01 07:15:05,0,SMS,,3G,0.0,0.05
R10-0001858,10,Bayshore,+1-712-239-4020,,2026-06-01 14:47:41,1861,DATA,17247199,3G,0.0,0.17
R10-0001859,10,Bayshore,+1-949-304-8791,,2026-06-01 22:01:12,1637,DATA,277227366,4G,0.0,2.77
R10-0001860,10,Bayshore,+1-923-551-0051,+1-574-939-7908,2026-06-01 00:33:47,0,SMS,,5G,0.0,0.05
R10-0001861,10,Bayshore,+1-585-556-2291,,2026-06-01 06:56:19,3837,DATA,103910029,5G,0.0,1.04
R10-0001862,10,Bayshore,+1-305-314-5060,+1-953-814-4446,2026-06-01 01:50:11,448,VOICE,,4G,0.1,0.75
R10-0001863,10,Bayshore,+1-745-843-6984,+1-433-393-1879,2026-06-01 22:51:05,533,VOICE,,4G,0.1,0.89
R10-0001864,10,Bayshore,+1-901-578-1971,+1-402-730-3428,2026-06-01 01:26:33,0,SMS,,4G,0.0,0.05
R10-0001865,10,Bayshore,+1-395-705-1688,+1-753-499-6726,2026-06-01 21:41:07,2053,VOICE,,3G,0.12,4.11
R10-0001866,10,Bayshore,+1-758-855-3196,+1-947-977-3085,2026-06-01 16:42:43,0,SMS,,4G,0.0,0.05
R10-0001867,10,Bayshore,+1-457-599-6422,+1-561-947-7268,2026-06-01 22:23:25,423,VOICE,,5G,0.08,0.56
R10-0001868,10,Bayshore,+1-721-724-0071,+1-759-311-1602,2026-06-01 01:17:42,0,SMS,,4G,0.0,0.05
R10-0001869,10,Bayshore,+1-701-678-6764,+1-693-442-9648,2026-06-01 18:44:11,0,SMS,,4G,0.0,0.05
R10-0001870,10,Bayshore,+1-428-278-3479,+1-372-372-6855,2026-06-01 21:38:45,0,SMS,,4G,0.0,0.05
R10-0001871,10,Bayshore,+1-822-412-1393,+1-779-667-4770,2026-06-01 17:06:50,1992,VOICE,,4G,0.1,3.32
R10-0001872,10,Bayshore,+1-690-547-7918,,2026-06-01 05:00:14,6214,DATA,32865911,4G,0.0,0.33
R10-0001873,10,Bayshore,+1-609-257-8476,,2026-06-01 16:19:15,3681,DATA,476985148,5G,0.0,4.77
R10-0001874,10,Bayshore,+1-391-388-3646,+1-600-483-4188,2026-06-01 18:40:31,2789,VOICE,,3G,0.12,5.58
R10-0001875,10,Bayshore,+1-412-864-9423,+1-550-687-8546,2026-06-01 21:18:49,0,SMS,,5G,0.0,0.05
R10-0001876,10,Bayshore,+1-557-670-3416,,2026-06-01 08:56:29,4425,DATA,152506043,5G,0.0,1.53
R10-0001877,10,Bayshore,+1-545-827-7725,+1-428-620-8425,2026-06-01 08:33:50,352,VOICE,,5G,0.08,0.47
R10-0001878,10,Bayshore,+1-693-549-4010,+1-903-211-5610,2026-06-01 02:09:18,1552,VOICE,,4G,0.1,2.59
R10-0001879,10,Bayshore,+1-284-890-1521,+1-286-919-7032,2026-06-01 00:44:48,3445,VOICE,,4G,0.1,5.74
R10-0001880,10,Bayshore,+1-981-776-5381,+1-379-498-3436,2026-06-01 22:11:41,0,SMS,,4G,0.0,0.05
R10-0001881,10,Bayshore,+1-548-281-9074,+1-283-850-2918,2026-06-01 16:13:34,0,SMS,,4G,0.0,0.05
R10-0001882,10,Bayshore,+1-472-347-7731,,2026-06-01 06:55:24,4255,DATA,255342410,3G,0.0,2.55
R10-0001883,10,Bayshore,+1-384-646-8770,,2026-06-01 21:46:41,5030,DATA,46131269,4G,0.0,0.46
R10-0001884,10,Bayshore,+1-577-727-1784,,2026-06-01 20:11:36,5426,DATA,130534310,3G,0.0,1.31
R10-0001885,10,Bayshore,+1-730-894-3410,+1-757-448-9785,2026-06-01 17:55:20,1341,VOICE,,4G,0.1,2.24
R10-0001886,10,Bayshore,+1-549-999-4914,+1-219-969-9283,2026-06-01 15:08:38,0,SMS,,4G,0.0,0.05
R10-0001887,10,Bayshore,+1-742-337-6668,+1-267-727-3444,2026-06-01 13:25:16,1941,VOICE,,5G,0.08,2.59
R10-0001888,10,Bayshore,+1-587-289-8526,,2026-06-01 21:38:41,2807,DATA,129529328,4G,0.0,1.3
R10-0001889,10,Bayshore,+1-922-891-1736,+1-636-783-1054,2026-06-01 21:08:09,0,SMS,,3G,0.0,0.05
R10-0001890,10,Bayshore,+1-217-922-0642,+1-755-224-8552,2026-06-01 02:11:58,0,VOICE,,4G,0.1,0.0
R10-0001891,10,Bayshore,+1-206-981-6220,+1-726-829-3980,2026-06-01 00:14:32,0,SMS,,3G,0.0,0.05
R10-0001892,10,Bayshore,+1-841-392-8976,+1-464-953-3121,2026-06-01 18:28:51,2698,VOICE,,5G,0.08,3.6
R10-0001893,10,Bayshore,+1-921-529-3632,,2026-06-01 10:22:05,4853,DATA,281687359,4G,0.0,2.82
R10-0001894,10,Bayshore,+1-406-814-9042,+1-643-538-7739,2026-06-01 03:56:28,2407,VOICE,,4G,0.1,4.01
R10-0001895,10,Bayshore,+1-616-869-4368,+1-339-413-3584,2026-06-01 10:36:13,0,SMS,,4G,0.0,0.05
R10-0001896,10,Bayshore,+1-510-406-0987,+1-877-952-4625,2026-06-01 21:52:11,0,SMS,,5G,0.0,0.05
R10-0001897,10,Bayshore,+1-664-992-9420,+1-839-576-0663,2026-06-01 16:08:08,399,VOICE,,4G,0.1,0.67
R10-0001898,10,Bayshore,+1-938-942-2848,+1-558-998-3549,2026-06-01 07:25:54,206,VOICE,,4G,0.1,0.34
R10-0001899,10,Bayshore,+1-650-619-0246,+1-673-522-2140,2026-06-01 12:37:47,2191,VOICE,,4G,0.1,3.65
R10-0001900,10,Bayshore,+1-216-922-6455,+1-477-597-4312,2026-06-01 21:42:48,3470,VOICE,,4G,0.1,5.78
R10-0001901,10,Bayshore,+1-658-668-2350,+1-922-721-4142,2026-06-01 13:42:42,0,SMS,,4G,0.0,0.05
R10-0001902,10,Bayshore,+1-325-223-2873,+1-798-226-0288,2026-06-01 02:08:17,2586,VOICE,,5G,0.08,3.45
R10-0001903,10,Bayshore,+1-832-787-8962,+1-870-941-6864,2026-06-01 00:25:39,2810,VOICE,,4G,0.1,4.68
R10-0001904,10,Bayshore,+1-665-690-9860,+1-294-218-6817,2026-06-01 02:32:11,285,VOICE,,4G,0.1,0.48
R10-0001905,10,Bayshore,+1-409-517-2905,+1-336-822-1741,2026-06-01 11:20:52,0,SMS,,4G,0.0,0.05
R10-0001906,10,Bayshore,+1-453-971-9159,+1-707-324-7043,2026-06-01 18:14:32,0,SMS,,4G,0.0,0.05
R10-0001907,10,Bayshore,+1-372-360-3164,+1-680-311-0423,2026-06-01 01:42:33,0,VOICE,,4G,0.1,0.0
R10-0001908,10,Bayshore,+1-563-740-7551,+1-796-587-0526,2026-06-01 08:02:48,2260,VOICE,,5G,0.08,3.01
R10-0001909,10,Bayshore,+1-574-676-4234,,2026-06-01 08:42:55,4836,DATA,253885485,4G,0.0,2.54
R10-0001910,10,Bayshore,+1-498-255-1630,,2026-06-01 09:51:48,1843,DATA,284320544,4G,0.0,2.84
R10-0001911,10,Bayshore,+1-407-272-4774,+1-610-213-5259,2026-06-01 17:22:45,1736,VOICE,,4G,0.1,2.89
R10-0001912,10,Bayshore,+1-352-490-3743,+1-741-262-0069,2026-06-01 01:08:08,200,VOICE,,5G,0.08,0.27
R10-0001913,10,Bayshore,+1-223-676-0764,,2026-06-01 18:49:30,3300,DATA,162399720,4G,0.0,1.62
R10-0001914,10,Bayshore,+1-381-927-0077,+1-288-926-9441,2026-06-01 11:34:40,1746,VOICE,,4G,0.1,2.91
R10-0001915,10,Bayshore,+1-840-916-6241,+1-805-683-1511,2026-06-01 18:25:03,2597,VOICE,,4G,0.1,4.33
R10-0001916,10,Bayshore,+1-243-757-9868,+1-726-468-1051,2026-06-01 03:00:12,1404,VOICE,,4G,0.1,2.34
R10-0001917,10,Bayshore,+1-565-430-2698,,2026-06-01 10:51:30,3158,DATA,61385128,3G,0.0,0.61
R10-0001918,10,Bayshore,+1-254-654-7219,+1-460-329-5163,2026-06-01 11:52:22,0,SMS,,4G,0.0,0.05
R10-0001919,10,Bayshore,+1-529-855-8128,+1-761-496-5881,2026-06-01 06:34:12,3493,VOICE,,3G,0.12,6.99
R10-0001920,10,Bayshore,+1-474-725-0095,,2026-06-01 05:24:56,1689,DATA,426792376,3G,0.0,4.27
R10-0001921,10,Bayshore,+1-491-646-2383,+1-264-415-7416,2026-06-01 12:41:08,2233,VOICE,,4G,0.1,3.72
R10-0001922,10,Bayshore,+1-443-203-5434,+1-934-388-4085,2026-06-01 00:11:42,1893,VOICE,,4G,0.1,3.16
R10-0001923,10,Bayshore,+1-347-460-0517,+1-295-586-2878,2026-06-01 01:22:26,2507,VOICE,,3G,0.12,5.01
R10-0001924,10,Bayshore,+1-754-749-8301,+1-864-972-7557,2026-06-01 05:46:59,3485,VOICE,,4G,0.1,5.81
R10-0001925,10,Bayshore,+1-907-328-3240,+1-711-374-8732,2026-06-01 09:46:11,124,VOICE,,5G,0.08,0.17
R10-0001926,10,Bayshore,+1-231-580-1136,+1-710-624-0390,2026-06-01 05:18:25,0,SMS,,5G,0.0,0.05
R10-0001927,10,Bayshore,+1-765-705-4229,+1-891-354-1847,2026-06-01 09:53:12,2858,VOICE,,4G,0.1,4.76
R10-0001928,10,Bayshore,+1-672-973-0314,+1-899-230-3806,2026-06-01 09:14:01,0,VOICE,,3G,0.12,0.0
R10-0001929,10,Bayshore,+1-250-335-7893,+1-386-413-4683,2026-06-01 05:06:11,1802,VOICE,,4G,0.1,3.0
R10-0001930,10,Bayshore,+1-407-668-1007,,2026-06-01 05:31:32,6427,DATA,12457233,4G,0.0,0.12
R10-0001931,10,Bayshore,+1-742-280-4372,+1-781-506-0877,2026-06-01 15:47:55,1469,VOICE,,4G,0.1,2.45
R10-0001932,10,Bayshore,+1-836-314-7001,+1-741-680-5063,2026-06-01 21:52:43,0,SMS,,5G,0.0,0.05
R10-0001933,10,Bayshore,+1-866-650-2587,+1-978-358-6094,2026-06-01 17:48:34,3214,VOICE,,4G,0.1,5.36
R10-0001934,10,Bayshore,+1-853-521-4820,,2026-06-01 04:19:01,3280,DATA,310857062,3G,0.0,3.11
R10-0001935,10,Bayshore,+1-300-613-9847,+1-404-816-0208,2026-06-01 20:57:13,685,VOICE,,4G,0.1,1.14
R10-0001936,10,Bayshore,+1-239-364-5854,+1-538-358-0410,2026-06-01 11:33:55,0,SMS,,4G,0.0,0.05
R10-0001937,10,Bayshore,+1-811-531-9472,+1-257-890-5450,2026-06-01 17:58:53,1330,VOICE,,3G,0.12,2.66
R10-0001938,10,Bayshore,+1-707-882-2315,+1-415-834-9126,2026-06-01 09:20:20,0,SMS,,3G,0.0,0.05
R10-0001939,10,Bayshore,+1-664-812-3919,+1-222-249-3142,2026-06-01 15:43:59,0,SMS,,4G,0.0,0.05
R10-0001940,10,Bayshore,+1-264-607-6402,,2026-06-01 20:33:30,5244,DATA,315788919,4G,0.0,3.16
R10-0001941,10,Bayshore,+1-807-551-3407,,2026-06-01 15:34:15,1976,DATA,20287328,3G,0.0,0.2
R10-0001942,10,Bayshore,+1-496-947-3382,+1-377-733-6196,2026-06-01 06:55:47,1642,VOICE,,4G,0.1,2.74
R10-0001943,10,Bayshore,+1-289-215-0815,+1-821-963-7657,2026-06-01 19:08:13,2263,VOICE,,4G,0.1,3.77
R10-0001944,10,Bayshore,+1-937-579-3149,+1-290-571-3049,2026-06-01 01:02:33,2566,VOICE,,4G,0.1,4.28
R10-0001945,10,Bayshore,+1-344-463-0578,,2026-06-01 04:22:44,1954,DATA,435335130,4G,0.0,4.35
R10-0001946,10,Bayshore,+1-396-619-6747,,2026-06-01 23:37:43,4622,DATA,113204075,3G,0.0,1.13
R10-0001947,10,Bayshore,+1-291-944-5093,+1-578-535-0040,2026-06-01 06:35:03,585,VOICE,,4G,0.1,0.98
R10-0001948,10,Bayshore,+1-927-908-8794,+1-838-521-6294,2026-06-01 02:22:27,0,SMS,,4G,0.0,0.05
R10-0001949,10,Bayshore,+1-400-203-1174,+1-458-499-9751,2026-06-01 07:21:14,922,VOICE,,4G,0.1,1.54
R10-0001950,10,Bayshore,+1-257-985-3768,,2026-06-01 04:01:07,5522,DATA,21099375,5G,0.0,0.21
R10-0001951,10,Bayshore,+1-398-385-5834,,2026-06-01 15:59:11,1891,DATA,356983161,5G,0.0,3.57
R10-0001952,10,Bayshore,+1-330-241-9405,+1-244-453-1680,2026-06-01 09:17:45,0,SMS,,3G,0.0,0.05
R10-0001953,10,Bayshore,+1-390-450-1890,,2026-06-01 19:42:40,3663,DATA,386217305,4G,0.0,3.86
R10-0001954,10,Bayshore,+1-888-799-6578,,2026-06-01 00:03:00,7108,DATA,390544940,4G,0.0,3.91
R10-0001955,10,Bayshore,+1-770-512-1835,+1-201-382-6241,2026-06-01 12:00:33,801,VOICE,,3G,0.12,1.6
R10-0001956,10,Bayshore,+1-326-859-3094,+1-526-780-6462,2026-06-01 05:44:50,0,SMS,,5G,0.0,0.05
R10-0001957,10,Bayshore,+1-272-760-0542,,2026-06-01 08:58:40,3529,DATA,414764407,5G,0.0,4.15
R10-0001958,10,Bayshore,+1-290-708-9423,+1-804-201-6328,2026-06-01 00:03:37,3415,VOICE,,4G,0.1,5.69
R10-0001959,10,Bayshore,+1-328-498-1561,,2026-06-01 16:30:05,1650,DATA,84998419,4G,0.0,0.85
R10-0001960,10,Bayshore,+1-613-688-3221,,2026-06-01 03:51:42,3267,DATA,134115795,4G,0.0,1.34
R10-0001961,10,Bayshore,+1-758-486-0424,+1-311-757-8520,2026-06-01 11:14:34,0,SMS,,5G,0.0,0.05
R10-0001962,10,Bayshore,+1-569-499-9817,+1-211-488-9812,2026-06-01 11:22:18,1810,VOICE,,5G,0.08,2.41
R10-0001963,10,Bayshore,+1-363-979-3053,+1-578-321-8778,2026-06-01 00:44:44,1579,VOICE,,4G,0.1,2.63
R10-0001964,10,Bayshore,+1-244-269-7555,+1-621-258-6646,2026-06-01 11:21:18,1293,VOICE,,3G,0.12,2.59
R10-0001965,10,Bayshore,+1-265-373-8101,+1-598-580-6669,2026-06-01 11:05:35,0,SMS,,5G,0.0,0.05
R10-0001966,10,Bayshore,+1-398-456-0735,+1-623-683-0562,2026-06-01 06:53:35,3040,VOICE,,4G,0.1,5.07
R10-0001967,10,Bayshore,+1-752-686-3795,,2026-06-01 20:38:51,6850,DATA,466611545,5G,0.0,4.67
R10-0001968,10,Bayshore,+1-435-573-5300,+1-856-471-7890,2026-06-01 08:28:19,2273,VOICE,,5G,0.08,3.03
R10-0001969,10,Bayshore,+1-932-609-7268,+1-230-749-5296,2026-06-01 04:26:03,1739,VOICE,,3G,0.12,3.48
R10-0001970,10,Bayshore,+1-902-939-2569,+1-638-609-2929,2026-06-01 19:56:04,1796,VOICE,,4G,0.1,2.99
R10-0001971,10,Bayshore,+1-276-851-7731,+1-430-275-0463,2026-06-01 09:37:56,431,VOICE,,4G,0.1,0.72
R10-0001972,10,Bayshore,+1-511-586-5354,+1-661-315-5419,2026-06-01 15:39:21,709,VOICE,,4G,0.1,1.18
R10-0001973,10,Bayshore,+1-454-485-7997,,2026-06-01 15:24:31,257,DATA,459175584,5G,0.0,4.59
R10-0001974,10,Bayshore,+1-327-473-4462,,2026-06-01 20:01:05,1778,DATA,370239202,4G,0.0,3.7
R10-0001975,10,Bayshore,+1-862-896-5615,+1-871-610-7922,2026-06-01 11:34:55,0,SMS,,5G,0.0,0.05
R10-0001976,10,Bayshore,+1-866-566-8958,+1-784-513-5166,2026-06-01 00:01:48,0,SMS,,4G,0.0,0.05
R10-0001977,10,Bayshore,+1-849-477-2492,,2026-06-01 05:55:24,4207,DATA,62448662,5G,0.0,0.62
R10-0001978,10,Bayshore,+1-721-635-2720,+1-746-346-7053,2026-06-01 11:19:03,2684,VOICE,,4G,0.1,4.47
R10-0001979,10,Bayshore,+1-244-829-4937,,2026-06-01 01:53:42,3723,DATA,266278524,3G,0.0,2.66
R10-0001980,10,Bayshore,+1-838-563-3724,+1-385-310-2483,2026-06-01 17:33:17,1517,VOICE,,4G,0.1,2.53
R10-0001981,10,Bayshore,+1-797-302-0178,+1-496-965-4129,2026-06-01 11:01:24,530,VOICE,,4G,0.1,0.88
R10-0001982,10,Bayshore,+1-525-936-5348,+1-957-243-4615,2026-06-01 23:35:14,3168,VOICE,,3G,0.12,6.34
R10-0001983,10,Bayshore,+1-419-605-7964,,2026-06-01 05:42:08,89,DATA,176553747,4G,0.0,1.77
R10-0001984,10,Bayshore,+1-422-410-2612,,2026-06-01 10:50:20,3370,DATA,114371060,4G,0.0,1.14
R10-0001985,10,Bayshore,+1-562-966-1772,+1-669-523-0149,2026-06-01 06:25:13,0,SMS,,3G,0.0,0.05
R10-0001986,10,Bayshore,+1-228-984-0824,,2026-06-01 09:46:19,4091,DATA,175117100,3G,0.0,1.75
R10-0001987,10,Bayshore,+1-372-930-6827,+1-376-598-8910,2026-06-01 06:07:52,1842,VOICE,,4G,0.1,3.07
R10-0001988,10,Bayshore,+1-745-377-6194,+1-933-588-4406,2026-06-01 07:54:41,1349,VOICE,,3G,0.12,2.7
R10-0001989,10,Bayshore,+1-472-319-5209,+1-837-527-5621,2026-06-01 16:23:00,0,SMS,,4G,0.0,0.05
R10-0001990,10,Bayshore,+1-367-643-0487,+1-552-292-1802,2026-06-01 21:47:04,150,VOICE,,3G,0.12,0.3
R10-0001991,10,Bayshore,+1-673-461-8802,,2026-06-01 08:36:05,2672,DATA,382495899,3G,0.0,3.82
R10-0001992,10,Bayshore,+1-644-386-0422,+1-658-350-5202,2026-06-01 08:24:48,0,SMS,,5G,0.0,0.05
R10-0001993,10,Bayshore,+1-802-881-7974,+1-743-833-2086,2026-06-01 14:59:13,893,VOICE,,4G,0.1,1.49
R10-0001994,10,Bayshore,+1-776-783-8617,+1-260-933-4823,2026-06-01 00:27:19,0,SMS,,4G,0.0,0.05
R10-0001995,10,Bayshore,+1-246-229-4039,,2026-06-01 14:45:30,6741,DATA,666444,4G,0.0,0.01
R10-0001996,10,Bayshore,+1-544-510-5179,+1-952-239-7311,2026-06-01 04:00:21,243,VOICE,,4G,0.1,0.41
R10-0001997,10,Bayshore,+1-496-347-4080,+1-838-992-8411,2026-06-01 10:32:23,0,SMS,,4G,0.0,0.05
R10-0001998,10,Bayshore,+1-491-871-8625,+1-910-650-8877,2026-06-01 03:04:07,2294,VOICE,,5G,0.08,3.06
R10-0001999,10,Bayshore,+1-814-764-8101,+1-741-626-8776,2026-06-01 18:06:50,0,SMS,,4G,0.0,0.05
R10-0002000,10,Bayshore,+1-361-371-2195,+1-595-338-0880,2026-06-01 12:56:37,2693,VOICE,,4G,0.1,4.49
R10-0002001,10,Bayshore,+1-755-238-4513,+1-930-529-3499,2026-06-01 17:51:45,0,SMS,,5G,0.0,0.05
R10-0002002,10,Bayshore,+1-690-330-4694,+1-924-863-0866,2026-06-01 06:01:32,437,VOICE,,4G,0.1,0.73
R10-0002003,10,Bayshore,+1-400-286-6119,+1-355-825-8290,2026-06-01 19:02:16,2210,VOICE,,4G,0.1,3.68
R10-0002004,10,Bayshore,+1-852-437-9846,+1-700-743-4874,2026-06-01 04:24:56,0,SMS,,4G,0.0,0.05
R10-0002005,10,Bayshore,+1-718-616-3008,,2026-06-01 02:46:55,4288,DATA,79289894,4G,0.0,0.79
R10-0002006,10,Bayshore,+1-282-751-0255,,2026-06-01 11:39:52,1716,DATA,42779684,4G,0.0,0.43
R10-0002007,10,Bayshore,+1-986-242-7299,,2026-06-01 14:55:43,3608,DATA,150713738,4G,0.0,1.51
R10-0002008,10,Bayshore,+1-921-709-8821,+1-362-396-1741,2026-06-01 19:18:04,0,SMS,,5G,0.0,0.05
R10-0002009,10,Bayshore,+1-457-297-2246,+1-369-294-1373,2026-06-01 06:50:06,2363,VOICE,,4G,0.1,3.94
R10-0002010,10,Bayshore,+1-768-931-6983,+1-783-976-2662,2026-06-01 08:39:53,2105,VOICE,,5G,0.08,2.81
R10-0002011,10,Bayshore,+1-881-882-6062,,2026-06-01 21:04:27,2334,DATA,368791136,4G,0.0,3.69
R10-0002012,10,Bayshore,+1-763-604-2443,+1-439-932-1455,2026-06-01 00:09:56,2345,VOICE,,4G,0.1,3.91
R10-0002013,10,Bayshore,+1-779-914-3258,+1-962-724-7183,2026-06-01 09:47:18,1766,VOICE,,5G,0.08,2.35
R10-0002014,10,Bayshore,+1-737-496-5800,+1-442-381-6955,2026-06-01 17:50:13,2066,VOICE,,4G,0.1,3.44
R10-0002015,10,Bayshore,+1-920-988-9327,+1-553-936-8246,2026-06-01 17:22:58,0,SMS,,5G,0.0,0.05
R10-0002016,10,Bayshore,+1-647-685-9424,+1-709-675-1308,2026-06-01 14:32:33,0,SMS,,5G,0.0,0.05
R10-0002017,10,Bayshore,+1-980-221-9756,+1-942-471-7999,2026-06-01 16:50:34,2811,VOICE,,5G,0.08,3.75
R10-0002018,10,Bayshore,+1-227-870-6317,,2026-06-01 23:13:18,5204,DATA,90571466,4G,0.0,0.91
R10-0002019,10,Bayshore,+1-570-417-7978,+1-444-372-2089,2026-06-01 08:16:24,3269,VOICE,,4G,0.1,5.45
R10-0002020,10,Bayshore,+1-277-883-6291,+1-899-714-5263,2026-06-01 22:27:16,267,VOICE,,3G,0.12,0.53
R10-0002021,10,Bayshore,+1-458-785-1183,+1-615-746-9403,2026-06-01 18:58:08,0,SMS,,4G,0.0,0.05
R10-0002022,10,Bayshore,+1-948-364-3830,+1-425-795-2811,2026-06-01 08:26:55,568,VOICE,,5G,0.08,0.76
R10-0002023,10,Bayshore,+1-452-630-6887,+1-685-791-1983,2026-06-01 07:00:28,0,SMS,,4G,0.0,0.05
R10-0002024,10,Bayshore,+1-372-507-1086,+1-679-203-0420,2026-06-01 04:45:41,763,VOICE,,4G,0.1,1.27
R10-0002025,10,Bayshore,+1-418-644-3580,+1-799-635-8676,2026-06-01 23:53:37,0,SMS,,4G,0.0,0.05
R10-0002026,10,Bayshore,+1-201-296-7878,+1-931-458-0787,2026-06-01 18:42:59,0,SMS,,3G,0.0,0.05
R10-0002027,10,Bayshore,+1-909-858-4669,+1-445-483-8625,2026-06-01 15:54:31,0,SMS,,4G,0.0,0.05
R10-0002028,10,Bayshore,+1-455-589-4051,+1-738-844-6416,2026-06-01 05:25:46,443,VOICE,,3G,0.12,0.89
R10-0002029,10,Bayshore,+1-938-781-8194,+1-534-219-2417,2026-06-01 23:14:27,0,VOICE,,3G,0.12,0.0
R10-0002030,10,Bayshore,+1-929-936-3977,,2026-06-01 14:40:31,6115,DATA,157948846,5G,0.0,1.58
R10-0002031,10,Bayshore,+1-207-872-5539,+1-662-816-7874,2026-06-01 23:48:43,1291,VOICE,,3G,0.12,2.58
R10-0002032,10,Bayshore,+1-542-484-6231,+1-934-493-0981,2026-06-01 14:28:10,3125,VOICE,,4G,0.1,5.21
R10-0002033,10,Bayshore,+1-696-979-5641,+1-984-817-8870,2026-06-01 01:43:11,0,SMS,,5G,0.0,0.05
R10-0002034,10,Bayshore,+1-698-847-7367,+1-680-447-5137,2026-06-01 03:43:38,0,SMS,,5G,0.0,0.05
R10-0002035,10,Bayshore,+1-408-466-0279,+1-359-278-5035,2026-06-01 06:49:46,0,SMS,,4G,0.0,0.05
R10-0002036,10,Bayshore,+1-838-556-8295,+1-555-426-9252,2026-06-01 06:47:36,0,SMS,,4G,0.0,0.05
R10-0002037,10,Bayshore,+1-551-324-1565,+1-319-867-3866,2026-06-01 00:25:26,0,SMS,,5G,0.0,0.05
R10-0002038,10,Bayshore,+1-684-841-9479,+1-708-572-5803,2026-06-01 10:37:48,1191,VOICE,,5G,0.08,1.59
R10-0002039,10,Bayshore,+1-652-486-6377,,2026-06-01 08:06:36,1266,DATA,320920826,3G,0.0,3.21
R10-0002040,10,Bayshore,+1-281-986-9530,+1-499-790-0200,2026-06-01 19:38:56,3209,VOICE,,4G,0.1,5.35
R10-0002041,10,Bayshore,+1-210-319-3728,+1-727-579-3215,2026-06-01 02:23:37,980,VOICE,,4G,0.1,1.63
R10-0002042,10,Bayshore,+1-207-527-7980,+1-371-627-3060,2026-06-01 01:23:19,1889,VOICE,,5G,0.08,2.52
R10-0002043,10,Bayshore,+1-277-503-3937,+1-293-552-6994,2026-06-01 12:41:14,0,VOICE,,4G,0.1,0.0
R10-0002044,10,Bayshore,+1-485-552-1470,+1-292-208-2441,2026-06-01 02:40:23,0,SMS,,4G,0.0,0.05
R10-0002045,10,Bayshore,+1-903-254-0207,,2026-06-01 09:52:48,2329,DATA,425947739,5G,0.0,4.26
R10-0002046,10,Bayshore,+1-444-602-3729,,2026-06-01 22:14:34,6742,DATA,419681031,3G,0.0,4.2
R10-0002047,10,Bayshore,+1-711-474-0484,,2026-06-01 03:38:51,3745,DATA,95109201,4G,0.0,0.95
R10-0002048,10,Bayshore,+1-688-272-5919,+1-764-794-3457,2026-06-01 11:54:12,0,SMS,,3G,0.0,0.05
R10-0002049,10,Bayshore,+1-651-564-4853,,2026-06-01 08:06:02,2900,DATA,362655635,5G,0.0,3.63
R10-0002050,10,Bayshore,+1-440-571-8820,+1-260-554-7932,2026-06-01 14:43:45,604,VOICE,,5G,0.08,0.81
R10-0002051,10,Bayshore,+1-778-993-4453,+1-871-797-4645,2026-06-01 14:12:38,428,VOICE,,5G,0.08,0.57
R10-0002052,10,Bayshore,+1-736-650-8513,+1-443-227-1673,2026-06-01 01:02:18,403,VOICE,,4G,0.1,0.67
R10-0002053,10,Bayshore,+1-503-553-4303,,2026-06-01 09:44:56,6490,DATA,28536693,5G,0.0,0.29
R10-0002054,10,Bayshore,+1-763-719-1455,+1-543-396-1669,2026-06-01 18:34:07,0,SMS,,4G,0.0,0.05
R10-0002055,10,Bayshore,+1-838-334-1142,+1-380-911-6180,2026-06-01 16:15:36,2144,VOICE,,3G,0.12,4.29
R10-0002056,10,Bayshore,+1-650-264-6777,+1-324-492-5146,2026-06-01 17:28:35,1328,VOICE,,3G,0.12,2.66
R10-0002057,10,Bayshore,+1-485-619-4177,+1-926-389-0746,2026-06-01 05:31:55,0,SMS,,4G,0.0,0.05
R10-0002058,10,Bayshore,+1-659-783-2270,+1-379-751-0482,2026-06-01 16:18:02,1934,VOICE,,4G,0.1,3.22
R10-0002059,10,Bayshore,+1-693-697-8925,,2026-06-01 09:38:47,2883,DATA,296673333,4G,0.0,2.97
R10-0002060,10,Bayshore,+1-570-855-3808,,2026-06-01 04:26:21,1497,DATA,347046897,5G,0.0,3.47
R10-0002061,10,Bayshore,+1-629-434-2662,+1-276-452-3485,2026-06-01 08:06:26,2382,VOICE,,4G,0.1,3.97
R10-0002062,10,Bayshore,+1-885-606-8782,,2026-06-01 09:13:14,7050,DATA,217479867,5G,0.0,2.17
R10-0002063,10,Bayshore,+1-270-940-0023,+1-499-562-4957,2026-06-01 13:17:58,0,VOICE,,4G,0.1,0.0
R10-0002064,10,Bayshore,+1-850-641-9058,+1-222-347-0774,2026-06-01 07:41:30,2653,VOICE,,4G,0.1,4.42
R10-0002065,10,Bayshore,+1-705-367-3038,+1-790-680-0015,2026-06-01 18:07:13,955,VOICE,,5G,0.08,1.27
R10-0002066,10,Bayshore,+1-801-433-3250,+1-276-535-5336,2026-06-01 15:55:23,1692,VOICE,,4G,0.1,2.82
R10-0002067,10,Bayshore,+1-942-909-5464,+1-901-788-6456,2026-06-01 03:33:25,3072,VOICE,,4G,0.1,5.12
R10-0002068,10,Bayshore,+1-338-332-7948,+1-429-879-9710,2026-06-01 08:45:51,0,SMS,,4G,0.0,0.05
R10-0002069,10,Bayshore,+1-229-211-1085,+1-952-967-1487,2026-06-01 11:04:35,1638,VOICE,,4G,0.1,2.73
R10-0002070,10,Bayshore,+1-645-513-3223,+1-819-308-8726,2026-06-01 02:47:46,0,SMS,,4G,0.0,0.05
R10-0002071,10,Bayshore,+1-740-554-7026,+1-587-962-1529,2026-06-01 02:10:47,2132,VOICE,,4G,0.1,3.55
R10-0002072,10,Bayshore,+1-531-297-7240,+1-851-922-5375,2026-06-01 09:54:31,0,SMS,,5G,0.0,0.05
R10-0002073,10,Bayshore,+1-576-709-4785,,2026-06-01 22:32:03,6684,DATA,408617961,4G,0.0,4.09
R10-0002074,10,Bayshore,+1-788-665-3053,+1-880-819-6856,2026-06-01 18:12:16,0,SMS,,5G,0.0,0.05
R10-0002075,10,Bayshore,+1-267-521-4668,+1-451-328-1966,2026-06-01 11:50:41,261,VOICE,,5G,0.08,0.35
R10-0002076,10,Bayshore,+1-895-284-8748,,2026-06-01 01:23:48,3668,DATA,138368919,5G,0.0,1.38
R10-0002077,10,Bayshore,+1-523-674-8966,+1-357-762-7399,2026-06-01 03:19:31,1634,VOICE,,4G,0.1,2.72
R10-0002078,10,Bayshore,+1-810-275-7275,+1-598-231-7802,2026-06-01 03:49:15,3598,VOICE,,4G,0.1,6.0
R10-0002079,10,Bayshore,+1-921-745-4703,+1-299-691-8241,2026-06-01 22:45:35,1058,VOICE,,5G,0.08,1.41
R10-0002080,10,Bayshore,+1-238-439-3892,,2026-06-01 05:06:56,2522,DATA,486460573,5G,0.0,4.86
R10-0002081,10,Bayshore,+1-878-644-4042,+1-768-929-4849,2026-06-01 13:51:28,3584,VOICE,,4G,0.1,5.97
R10-0002082,10,Bayshore,+1-650-741-2253,,2026-06-01 08:16:30,3025,DATA,197520373,5G,0.0,1.98
R10-0002083,10,Bayshore,+1-609-451-9082,,2026-06-01 12:53:56,1964,DATA,438491225,4G,0.0,4.38
R10-0002084,10,Bayshore,+1-987-628-3450,,2026-06-01 17:09:45,4912,DATA,454560187,5G,0.0,4.55
R10-0002085,10,Bayshore,+1-335-747-9072,+1-436-551-0213,2026-06-01 04:07:32,712,VOICE,,3G,0.12,1.42
R10-0002086,10,Bayshore,+1-952-392-9903,+1-398-221-0109,2026-06-01 09:50:13,3135,VOICE,,4G,0.1,5.23
R10-0002087,10,Bayshore,+1-255-787-0465,+1-330-409-5488,2026-06-01 08:23:14,1279,VOICE,,4G,0.1,2.13
R10-0002088,10,Bayshore,+1-446-921-7223,,2026-06-01 11:57:42,6917,DATA,456714911,4G,0.0,4.57
R10-0002089,10,Bayshore,+1-213-512-9532,+1-583-621-2207,2026-06-01 05:49:36,536,VOICE,,4G,0.1,0.89
R10-0002090,10,Bayshore,+1-356-792-3715,,2026-06-01 13:31:41,4386,DATA,247894643,3G,0.0,2.48
R10-0002091,10,Bayshore,+1-810-274-1144,+1-873-405-5335,2026-06-01 09:43:21,0,SMS,,5G,0.0,0.05
R10-0002092,10,Bayshore,+1-935-630-6085,+1-347-885-1378,2026-06-01 02:04:32,0,SMS,,5G,0.0,0.05
R10-0002093,10,Bayshore,+1-276-842-3656,+1-663-597-8340,2026-06-01 22:14:22,1717,VOICE,,5G,0.08,2.29
R10-0002094,10,Bayshore,+1-974-226-5943,+1-715-968-5232,2026-06-01 02:09:19,1417,VOICE,,4G,0.1,2.36
R10-0002095,10,Bayshore,+1-495-294-4991,+1-926-514-7785,2026-06-01 19:40:55,0,SMS,,4G,0.0,0.05
R10-0002096,10,Bayshore,+1-328-710-2521,+1-821-563-8635,2026-06-01 13:23:44,0,SMS,,4G,0.0,0.05
R10-0002097,10,Bayshore,+1-761-725-9815,,2026-06-01 22:43:38,6214,DATA,163779297,3G,0.0,1.64
R10-0002098,10,Bayshore,+1-756-295-7577,+1-827-503-8860,2026-06-01 17:40:03,195,VOICE,,5G,0.08,0.26
R10-0002099,10,Bayshore,+1-207-459-1333,+1-568-629-9563,2026-06-01 05:03:02,0,SMS,,5G,0.0,0.05
R10-0002100,10,Bayshore,+1-859-696-2649,,2026-06-01 09:03:59,357,DATA,466387379,4G,0.0,4.66
R10-0002101,10,Bayshore,+1-711-500-8402,+1-589-991-8651,2026-06-01 12:25:36,0,SMS,,4G,0.0,0.05
R10-0002102,10,Bayshore,+1-466-863-9487,+1-817-699-6635,2026-06-01 13:34:00,1539,VOICE,,5G,0.08,2.05
R10-0002103,10,Bayshore,+1-474-232-1380,+1-888-336-6394,2026-06-01 08:29:51,0,SMS,,3G,0.0,0.05
R10-0002104,10,Bayshore,+1-428-517-4772,+1-430-687-6724,2026-06-01 05:05:48,1490,VOICE,,4G,0.1,2.48
R10-0002105,10,Bayshore,+1-388-922-8252,,2026-06-01 18:30:27,6393,DATA,338047496,4G,0.0,3.38
R10-0002106,10,Bayshore,+1-600-436-3347,+1-370-488-8313,2026-06-01 22:20:28,264,VOICE,,3G,0.12,0.53
R10-0002107,10,Bayshore,+1-482-457-1454,+1-671-528-7365,2026-06-01 03:28:45,0,SMS,,4G,0.0,0.05
R10-0002108,10,Bayshore,+1-711-562-5429,+1-218-639-4031,2026-06-01 11:36:28,0,SMS,,5G,0.0,0.05
R10-0002109,10,Bayshore,+1-230-848-3787,+1-557-820-1396,2026-06-01 17:21:50,3067,VOICE,,5G,0.08,4.09
R10-0002110,10,Bayshore,+1-334-781-0324,+1-967-492-9744,2026-06-01 05:26:57,0,SMS,,3G,0.0,0.05
R10-0002111,10,Bayshore,+1-310-883-8847,+1-507-839-5351,2026-06-01 12:18:19,0,SMS,,4G,0.0,0.05
R10-0002112,10,Bayshore,+1-392-334-8791,,2026-06-01 06:15:07,1365,DATA,105068586,4G,0.0,1.05
R10-0002113,10,Bayshore,+1-765-955-2154,+1-470-891-9773,2026-06-01 11:33:03,2947,VOICE,,3G,0.12,5.89
R10-0002114,10,Bayshore,+1-763-746-2179,+1-678-561-4881,2026-06-01 13:59:58,2822,VOICE,,4G,0.1,4.7
R10-0002115,10,Bayshore,+1-782-482-3941,+1-986-362-8187,2026-06-01 02:48:26,3515,VOICE,,4G,0.1,5.86
R10-0002116,10,Bayshore,+1-208-366-7852,+1-462-624-2490,2026-06-01 09:49:18,0,SMS,,4G,0.0,0.05
R10-0002117,10,Bayshore,+1-943-716-8941,+1-896-486-2757,2026-06-01 03:30:38,0,SMS,,4G,0.0,0.05
R10-0002118,10,Bayshore,+1-218-962-5652,,2026-06-01 08:49:55,1083,DATA,38465068,4G,0.0,0.38
R10-0002119,10,Bayshore,+1-793-619-9911,+1-662-826-1816,2026-06-01 05:11:14,147,VOICE,,4G,0.1,0.25
R10-0002120,10,Bayshore,+1-841-352-7017,+1-475-333-2669,2026-06-01 02:36:07,3084,VOICE,,5G,0.08,4.11
R10-0002121,10,Bayshore,+1-324-313-1093,+1-725-656-0708,2026-06-01 04:52:37,1824,VOICE,,4G,0.1,3.04
R10-0002122,10,Bayshore,+1-490-639-6563,+1-668-352-7124,2026-06-01 08:40:47,0,SMS,,5G,0.0,0.05
R10-0002123,10,Bayshore,+1-696-450-1951,,2026-06-01 07:34:41,5527,DATA,243903433,5G,0.0,2.44
R10-0002124,10,Bayshore,+1-963-918-5809,+1-212-838-3935,2026-06-01 22:12:10,0,SMS,,4G,0.0,0.05
R10-0002125,10,Bayshore,+1-442-385-7753,,2026-06-01 08:57:13,6417,DATA,323482167,5G,0.0,3.23
R10-0002126,10,Bayshore,+1-495-282-9816,+1-891-589-5611,2026-06-01 21:14:01,3048,VOICE,,5G,0.08,4.06
R10-0002127,10,Bayshore,+1-768-332-6760,,2026-06-01 00:08:09,2288,DATA,290867716,5G,0.0,2.91
R10-0002128,10,Bayshore,+1-797-820-6114,+1-231-915-6620,2026-06-01 09:15:19,1305,VOICE,,4G,0.1,2.18
R10-0002129,10,Bayshore,+1-494-839-3585,+1-470-228-7783,2026-06-01 13:30:02,0,SMS,,5G,0.0,0.05
R10-0002130,10,Bayshore,+1-492-904-2102,+1-520-932-0177,2026-06-01 16:24:07,0,SMS,,3G,0.0,0.05
R10-0002131,10,Bayshore,+1-801-641-5037,+1-649-518-2333,2026-06-01 12:38:32,0,SMS,,4G,0.0,0.05
R10-0002132,10,Bayshore,+1-231-380-3344,+1-538-476-0407,2026-06-01 09:55:09,554,VOICE,,4G,0.1,0.92
R10-0002133,10,Bayshore,+1-482-908-2688,+1-669-385-7724,2026-06-01 00:07:22,1641,VOICE,,4G,0.1,2.74
R10-0002134,10,Bayshore,+1-277-579-2938,,2026-06-01 13:38:56,5535,DATA,475132785,4G,0.0,4.75
R10-0002135,10,Bayshore,+1-249-682-0511,+1-637-294-7275,2026-06-01 21:03:45,1569,VOICE,,4G,0.1,2.62
R10-0002136,10,Bayshore,+1-797-517-9210,+1-417-922-1242,2026-06-01 03:50:07,3362,VOICE,,4G,0.1,5.6
R10-0002137,10,Bayshore,+1-409-280-4486,+1-848-664-0342,2026-06-01 03:37:35,271,VOICE,,3G,0.12,0.54
R10-0002138,10,Bayshore,+1-205-670-7868,+1-668-528-7620,2026-06-01 16:20:12,0,SMS,,4G,0.0,0.05
R10-0002139,10,Bayshore,+1-382-682-5872,+1-640-277-6576,2026-06-01 13:44:20,3453,VOICE,,4G,0.1,5.75
R10-0002140,10,Bayshore,+1-530-787-9227,,2026-06-01 03:28:00,6300,DATA,348561011,5G,0.0,3.49
R10-0002141,10,Bayshore,+1-400-576-4721,+1-969-283-1156,2026-06-01 07:03:37,0,SMS,,4G,0.0,0.05
R10-0002142,10,Bayshore,+1-359-386-5373,+1-640-226-5613,2026-06-01 18:29:00,0,SMS,,4G,0.0,0.05
R10-0002143,10,Bayshore,+1-679-600-8641,,2026-06-01 21:23:38,48,DATA,219437795,4G,0.0,2.19
R10-0002144,10,Bayshore,+1-287-230-3564,+1-625-721-6361,2026-06-01 20:59:20,836,VOICE,,5G,0.08,1.11
R10-0002145,10,Bayshore,+1-284-786-9141,+1-915-720-5935,2026-06-01 06:28:52,0,SMS,,4G,0.0,0.05
R10-0002146,10,Bayshore,+1-729-705-7130,+1-799-968-3743,2026-06-01 14:39:18,1174,VOICE,,5G,0.08,1.57
R10-0002147,10,Bayshore,+1-234-785-1150,+1-722-339-4687,2026-06-01 23:21:12,0,SMS,,4G,0.0,0.05
R10-0002148,10,Bayshore,+1-247-637-4015,+1-298-297-0351,2026-06-01 09:25:56,2642,VOICE,,4G,0.1,4.4
R10-0002149,10,Bayshore,+1-265-931-7167,+1-550-799-3446,2026-06-01 09:18:06,799,VOICE,,5G,0.08,1.07
R10-0002150,10,Bayshore,+1-730-682-6678,+1-540-432-8541,2026-06-01 05:22:33,1928,VOICE,,4G,0.1,3.21
R10-0002151,10,Bayshore,+1-693-964-2872,+1-967-307-5896,2026-06-01 03:43:30,1072,VOICE,,5G,0.08,1.43
R10-0002152,10,Bayshore,+1-251-289-3992,+1-697-650-6020,2026-06-01 17:21:56,0,SMS,,5G,0.0,0.05
R10-0002153,10,Bayshore,+1-318-262-4318,+1-786-943-8063,2026-06-01 13:52:10,1563,VOICE,,5G,0.08,2.08
R10-0002154,10,Bayshore,+1-510-651-4602,+1-341-830-5720,2026-06-01 02:09:39,567,VOICE,,5G,0.08,0.76
R10-0002155,10,Bayshore,+1-907-223-0280,+1-417-760-6350,2026-06-01 14:21:01,0,SMS,,5G,0.0,0.05
R10-0002156,10,Bayshore,+1-670-507-1445,,2026-06-01 02:47:45,5798,DATA,447947574,4G,0.0,4.48
R10-0002157,10,Bayshore,+1-302-771-7622,,2026-06-01 11:10:31,4426,DATA,219429173,5G,0.0,2.19
R10-0002158,10,Bayshore,+1-886-228-2225,+1-792-446-5470,2026-06-01 23:57:08,2740,VOICE,,5G,0.08,3.65
R10-0002159,10,Bayshore,+1-570-345-8914,+1-393-229-6156,2026-06-01 11:11:07,0,SMS,,4G,0.0,0.05
R10-0002160,10,Bayshore,+1-338-284-8848,+1-280-492-2341,2026-06-01 07:52:39,0,SMS,,5G,0.0,0.05
R10-0002161,10,Bayshore,+1-867-582-9596,+1-278-471-8637,2026-06-01 05:22:02,3068,VOICE,,4G,0.1,5.11
R10-0002162,10,Bayshore,+1-406-576-0896,,2026-06-01 23:22:13,3883,DATA,59767855,3G,0.0,0.6
R10-0002163,10,Bayshore,+1-280-804-0119,+1-798-875-2654,2026-06-01 01:09:55,1303,VOICE,,4G,0.1,2.17
R10-0002164,10,Bayshore,+1-810-774-8483,+1-616-475-0363,2026-06-01 13:43:23,1467,VOICE,,4G,0.1,2.45
R10-0002165,10,Bayshore,+1-839-432-1266,,2026-06-01 21:35:18,4912,DATA,176926377,5G,0.0,1.77
R10-0002166,10,Bayshore,+1-969-455-8065,+1-322-881-2410,2026-06-01 18:56:27,3466,VOICE,,5G,0.08,4.62
R10-0002167,10,Bayshore,+1-254-604-9067,+1-550-673-8541,2026-06-01 00:27:30,2844,VOICE,,3G,0.12,5.69
R10-0002168,10,Bayshore,+1-397-222-5060,,2026-06-01 03:38:17,2244,DATA,58729151,4G,0.0,0.59
R10-0002169,10,Bayshore,+1-392-760-2119,+1-616-675-9409,2026-06-01 18:06:48,3187,VOICE,,5G,0.08,4.25
R10-0002170,10,Bayshore,+1-803-554-7010,,2026-06-01 23:06:08,5102,DATA,22723123,3G,0.0,0.23
R10-0002171,10,Bayshore,+1-473-690-2288,+1-796-436-1284,2026-06-01 14:13:44,0,SMS,,5G,0.0,0.05
R10-0002172,10,Bayshore,+1-907-726-5617,+1-566-395-6339,2026-06-01 01:46:58,3086,VOICE,,4G,0.1,5.14
R10-0002173,10,Bayshore,+1-407-413-0447,+1-639-704-8211,2026-06-01 15:43:10,3216,VOICE,,4G,0.1,5.36
R10-0002174,10,Bayshore,+1-593-512-7163,+1-832-268-8658,2026-06-01 20:22:40,1784,VOICE,,4G,0.1,2.97
R10-0002175,10,Bayshore,+1-580-621-9281,+1-204-295-6741,2026-06-01 06:54:55,0,SMS,,4G,0.0,0.05
R10-0002176,10,Bayshore,+1-987-634-0662,,2026-06-01 02:19:18,4933,DATA,485905248,4G,0.0,4.86
R10-0002177,10,Bayshore,+1-353-866-5543,+1-482-474-6850,2026-06-01 07:58:43,0,SMS,,4G,0.0,0.05
R10-0002178,10,Bayshore,+1-239-273-0152,+1-831-623-8822,2026-06-01 20:27:27,0,SMS,,4G,0.0,0.05
R10-0002179,10,Bayshore,+1-524-223-0736,+1-428-525-9391,2026-06-01 13:05:39,0,VOICE,,4G,0.1,0.0
R10-0002180,10,Bayshore,+1-578-201-9333,+1-574-998-2275,2026-06-01 20:47:42,0,SMS,,4G,0.0,0.05
R10-0002181,10,Bayshore,+1-933-476-5593,,2026-06-01 19:50:57,6012,DATA,246602425,4G,0.0,2.47
R10-0002182,10,Bayshore,+1-376-560-9605,+1-922-371-7094,2026-06-01 17:23:07,2474,VOICE,,5G,0.08,3.3
R10-0002183,10,Bayshore,+1-889-745-7955,+1-978-923-8416,2026-06-01 07:55:41,1030,VOICE,,5G,0.08,1.37
R10-0002184,10,Bayshore,+1-867-265-0543,+1-800-227-0864,2026-06-01 18:44:41,0,SMS,,4G,0.0,0.05
R10-0002185,10,Bayshore,+1-899-452-2870,+1-930-479-1681,2026-06-01 12:33:42,0,VOICE,,4G,0.1,0.0
R10-0002186,10,Bayshore,+1-324-949-2347,+1-785-672-4950,2026-06-01 18:15:56,0,SMS,,5G,0.0,0.05
R10-0002187,10,Bayshore,+1-848-411-8069,+1-878-340-3901,2026-06-01 04:37:38,1829,VOICE,,5G,0.08,2.44
R10-0002188,10,Bayshore,+1-279-480-8973,+1-835-690-9792,2026-06-01 08:17:07,741,VOICE,,5G,0.08,0.99
R10-0002189,10,Bayshore,+1-635-952-5923,+1-395-391-4862,2026-06-01 08:32:12,2105,VOICE,,5G,0.08,2.81
R10-0002190,10,Bayshore,+1-987-606-5072,+1-486-606-9390,2026-06-01 17:42:49,3165,VOICE,,5G,0.08,4.22
R10-0002191,10,Bayshore,+1-320-577-8928,+1-954-385-5128,2026-06-01 18:55:35,0,SMS,,4G,0.0,0.05
R10-0002192,10,Bayshore,+1-906-744-3527,,2026-06-01 03:10:36,146,DATA,462960131,4G,0.0,4.63
R10-0002193,10,Bayshore,+1-833-885-5149,+1-800-798-0072,2026-06-01 11:48:33,0,SMS,,4G,0.0,0.05
R10-0002194,10,Bayshore,+1-776-255-0593,+1-273-505-9984,2026-06-01 13:47:21,0,SMS,,4G,0.0,0.05
R10-0002195,10,Bayshore,+1-496-562-4774,+1-403-581-5323,2026-06-01 16:36:24,3296,VOICE,,4G,0.1,5.49
R10-0002196,10,Bayshore,+1-855-389-9726,+1-297-303-2351,2026-06-01 19:00:03,3021,VOICE,,4G,0.1,5.04
R10-0002197,10,Bayshore,+1-761-660-2925,+1-610-788-4209,2026-06-01 17:53:27,2457,VOICE,,4G,0.1,4.1
R10-0002198,10,Bayshore,+1-652-594-5293,+1-648-974-6416,2026-06-01 21:56:03,0,SMS,,3G,0.0,0.05
R10-0002199,10,Bayshore,+1-635-498-9181,+1-606-252-2390,2026-06-01 22:37:16,1648,VOICE,,3G,0.12,3.3
R10-0002200,10,Bayshore,+1-606-726-2265,+1-486-731-2732,2026-06-01 12:04:45,0,VOICE,,4G,0.1,0.0
R10-0002201,10,Bayshore,+1-205-599-1991,,2026-06-01 20:52:53,6832,DATA,301140536,3G,0.0,3.01
R10-0002202,10,Bayshore,+1-900-724-6828,+1-341-890-4253,2026-06-01 13:37:29,1911,VOICE,,4G,0.1,3.19
R10-0002203,10,Bayshore,+1-510-751-8389,,2026-06-01 17:11:42,3919,DATA,42717867,4G,0.0,0.43
R10-0002204,10,Bayshore,+1-323-966-6427,+1-932-319-9473,2026-06-01 12:25:25,0,SMS,,3G,0.0,0.05
R10-0002205,10,Bayshore,+1-726-586-7305,,2026-06-01 11:02:44,2258,DATA,476963664,5G,0.0,4.77
R10-0002206,10,Bayshore,+1-860-339-1122,+1-689-412-5280,2026-06-01 22:33:29,3428,VOICE,,3G,0.12,6.86
R10-0002207,10,Bayshore,+1-731-481-8125,+1-246-833-1856,2026-06-01 09:11:26,2470,VOICE,,5G,0.08,3.29
R10-0002208,10,Bayshore,+1-382-202-0681,+1-291-660-8566,2026-06-01 02:20:56,0,SMS,,4G,0.0,0.05
R10-0002209,10,Bayshore,+1-538-804-6706,+1-322-433-0825,2026-06-01 11:10:46,3262,VOICE,,4G,0.1,5.44
R10-0002210,10,Bayshore,+1-644-682-1079,+1-870-316-6839,2026-06-01 03:52:46,0,SMS,,4G,0.0,0.05
R10-0002211,10,Bayshore,+1-754-577-4134,+1-350-387-5579,2026-06-01 01:28:28,1669,VOICE,,4G,0.1,2.78
R10-0002212,10,Bayshore,+1-416-544-7267,,2026-06-01 20:25:52,6758,DATA,446341667,3G,0.0,4.46
R10-0002213,10,Bayshore,+1-759-505-8824,+1-656-939-0593,2026-06-01 15:09:10,0,SMS,,4G,0.0,0.05
R10-0002214,10,Bayshore,+1-478-984-3386,+1-690-443-5453,2026-06-01 07:07:13,926,VOICE,,4G,0.1,1.54
R10-0002215,10,Bayshore,+1-963-740-3422,+1-324-366-9109,2026-06-01 21:06:37,2671,VOICE,,4G,0.1,4.45
R10-0002216,10,Bayshore,+1-511-992-3712,+1-513-556-3472,2026-06-01 09:05:48,0,SMS,,5G,0.0,0.05
R10-0002217,10,Bayshore,+1-732-241-8761,+1-751-888-6861,2026-06-01 02:44:59,0,SMS,,5G,0.0,0.05
R10-0002218,10,Bayshore,+1-246-751-8477,+1-451-516-0153,2026-06-01 07:37:18,0,SMS,,4G,0.0,0.05
R10-0002219,10,Bayshore,+1-561-477-7124,+1-225-728-0673,2026-06-01 19:19:04,2060,VOICE,,4G,0.1,3.43
R10-0002220,10,Bayshore,+1-281-845-8796,+1-756-472-3289,2026-06-01 22:56:06,0,SMS,,5G,0.0,0.05
R10-0002221,10,Bayshore,+1-962-690-7868,+1-206-343-2557,2026-06-01 04:39:02,2882,VOICE,,5G,0.08,3.84
R10-0002222,10,Bayshore,+1-302-459-5152,,2026-06-01 00:43:34,3142,DATA,174198313,4G,0.0,1.74
R10-0002223,10,Bayshore,+1-673-266-0197,+1-333-872-1974,2026-06-01 11:08:17,0,SMS,,4G,0.0,0.05
R10-0002224,10,Bayshore,+1-415-535-1187,+1-915-710-1136,2026-06-01 13:22:17,0,SMS,,4G,0.0,0.05
R10-0002225,10,Bayshore,+1-383-395-2509,+1-266-379-2778,2026-06-01 05:11:10,0,SMS,,5G,0.0,0.05
R10-0002226,10,Bayshore,+1-570-456-7724,,2026-06-01 22:37:44,5377,DATA,422433440,4G,0.0,4.22
R10-0002227,10,Bayshore,+1-326-397-3844,+1-294-653-0906,2026-06-01 08:34:56,0,SMS,,4G,0.0,0.05
R10-0002228,10,Bayshore,+1-404-491-1728,+1-491-525-7844,2026-06-01 09:04:36,1425,VOICE,,4G,0.1,2.38
R10-0002229,10,Bayshore,+1-238-690-5728,+1-370-502-1231,2026-06-01 16:12:08,0,SMS,,4G,0.0,0.05
R10-0002230,10,Bayshore,+1-590-864-1160,,2026-06-01 10:15:32,6747,DATA,247054778,5G,0.0,2.47
R10-0002231,10,Bayshore,+1-797-901-7389,+1-307-339-8799,2026-06-01 01:31:57,700,VOICE,,5G,0.08,0.93
R10-0002232,10,Bayshore,+1-695-900-8920,+1-565-648-9654,2026-06-01 19:37:33,1789,VOICE,,5G,0.08,2.39
R10-0002233,10,Bayshore,+1-449-297-0756,+1-817-480-3313,2026-06-01 21:27:34,2317,VOICE,,5G,0.08,3.09
R10-0002234,10,Bayshore,+1-641-618-6447,+1-746-384-5782,2026-06-01 01:17:49,1325,VOICE,,5G,0.08,1.77
R10-0002235,10,Bayshore,+1-359-971-5442,+1-774-890-6624,2026-06-01 04:25:17,0,SMS,,5G,0.0,0.05
R10-0002236,10,Bayshore,+1-625-394-2087,+1-877-410-2637,2026-06-01 16:57:12,0,SMS,,3G,0.0,0.05
R10-0002237,10,Bayshore,+1-668-959-6121,+1-915-779-5274,2026-06-01 08:42:29,0,SMS,,5G,0.0,0.05
R10-0002238,10,Bayshore,+1-426-773-8705,+1-380-762-8936,2026-06-01 07:55:17,2018,VOICE,,3G,0.12,4.04
R10-0002239,10,Bayshore,+1-876-493-8927,,2026-06-01 18:14:31,1174,DATA,387377887,5G,0.0,3.87
R10-0002240,10,Bayshore,+1-406-363-9687,+1-802-949-6095,2026-06-01 01:22:28,1607,VOICE,,5G,0.08,2.14
R10-0002241,10,Bayshore,+1-382-263-8849,+1-978-712-1270,2026-06-01 12:34:45,1780,VOICE,,5G,0.08,2.37
R10-0002242,10,Bayshore,+1-349-635-4535,+1-923-542-1553,2026-06-01 18:36:25,0,SMS,,4G,0.0,0.05
R10-0002243,10,Bayshore,+1-819-876-6175,+1-753-473-3342,2026-06-01 12:04:56,0,SMS,,4G,0.0,0.05
R10-0002244,10,Bayshore,+1-896-537-5188,+1-777-810-4421,2026-06-01 11:18:45,3320,VOICE,,3G,0.12,6.64
R10-0002245,10,Bayshore,+1-518-765-3362,+1-913-365-7866,2026-06-01 05:18:10,0,SMS,,4G,0.0,0.05
R10-0002246,10,Bayshore,+1-432-778-4625,+1-438-369-0452,2026-06-01 17:21:44,0,SMS,,4G,0.0,0.05
R10-0002247,10,Bayshore,+1-401-506-1648,+1-862-329-0241,2026-06-01 11:12:32,0,SMS,,5G,0.0,0.05
R10-0002248,10,Bayshore,+1-204-641-2940,+1-727-730-7607,2026-06-01 08:51:16,1303,VOICE,,4G,0.1,2.17
R10-0002249,10,Bayshore,+1-845-266-8425,+1-609-632-1983,2026-06-01 19:02:03,0,SMS,,3G,0.0,0.05
R10-0002250,10,Bayshore,+1-935-215-1804,+1-339-743-2043,2026-06-01 22:46:11,0,SMS,,4G,0.0,0.05
R10-0002251,10,Bayshore,+1-314-734-3877,+1-916-835-1943,2026-06-01 20:06:28,0,SMS,,4G,0.0,0.05
R10-0002252,10,Bayshore,+1-240-379-3280,,2026-06-01 07:03:30,3731,DATA,371328590,3G,0.0,3.71
R10-0002253,10,Bayshore,+1-673-578-2637,+1-232-828-4984,2026-06-01 12:10:23,1248,VOICE,,4G,0.1,2.08
R10-0002254,10,Bayshore,+1-535-617-5364,+1-670-984-1374,2026-06-01 12:21:27,3136,VOICE,,4G,0.1,5.23
R10-0002255,10,Bayshore,+1-201-447-5283,,2026-06-01 14:56:28,2637,DATA,490041219,4G,0.0,4.9
R10-0002256,10,Bayshore,+1-615-278-1680,+1-921-554-7620,2026-06-01 04:57:57,2510,VOICE,,4G,0.1,4.18
R10-0002257,10,Bayshore,+1-863-725-4597,+1-815-991-7096,2026-06-01 05:23:37,2713,VOICE,,3G,0.12,5.43
R10-0002258,10,Bayshore,+1-323-235-6499,+1-586-824-9460,2026-06-01 22:33:20,0,SMS,,4G,0.0,0.05
R10-0002259,10,Bayshore,+1-758-428-3589,+1-595-739-2682,2026-06-01 16:33:58,0,VOICE,,4G,0.1,0.0
R10-0002260,10,Bayshore,+1-506-871-4910,+1-840-972-3997,2026-06-01 02:17:29,0,SMS,,4G,0.0,0.05
