cdr_id,region_id,region_name,caller_number,callee_number,call_start,duration_seconds,call_type,bytes_transferred,network_type,rate_per_minute,charge_amount
R01-0000001,1,North-Coast,+1-213-745-3755,+1-742-850-0289,2026-06-01 02:58:20,1860,VOICE,,4G,0.1,3.1
R01-0000002,1,North-Coast,+1-939-206-2936,+1-410-527-1255,2026-06-01 10:42:00,1301,VOICE,,4G,0.1,2.17
R01-0000003,1,North-Coast,+1-970-989-5309,+1-507-949-7106,2026-06-01 15:10:22,0,SMS,,4G,0.0,0.05
R01-0000004,1,North-Coast,+1-985-885-4974,+1-731-261-5428,2026-06-01 20:48:33,504,VOICE,,5G,0.08,0.67
R01-0000005,1,North-Coast,+1-971-484-5102,+1-839-953-2767,2026-06-01 23:09:15,0,SMS,,4G,0.0,0.05
R01-0000006,1,North-Coast,+1-534-902-7892,,2026-06-01 13:11:49,6062,DATA,433147490,4G,0.0,4.33
R01-0000007,1,North-Coast,+1-795-300-9934,+1-377-998-4439,2026-06-01 23:55:09,1417,VOICE,,4G,0.1,2.36
R01-0000008,1,North-Coast,+1-378-908-0260,+1-840-298-7296,2026-06-01 13:37:05,0,SMS,,4G,0.0,0.05
R01-0000009,1,North-Coast,+1-641-456-5318,+1-610-698-8196,2026-06-01 12:18:55,2080,VOICE,,4G,0.1,3.47
R01-0000010,1,North-Coast,+1-277-938-6994,+1-378-454-4724,2026-06-01 06:50:00,2225,VOICE,,4G,0.1,3.71
R01-0000011,1,North-Coast,+1-210-307-2160,,2026-06-01 05:36:58,2795,DATA,63800251,3G,0.0,0.64
R01-0000012,1,North-Coast,+1-690-923-0044,+1-423-236-4826,2026-06-01 03:43:49,342,VOICE,,5G,0.08,0.46
R01-0000013,1,North-Coast,+1-322-911-0590,+1-732-541-4623,2026-06-01 11:04:36,0,SMS,,5G,0.0,0.05
R01-0000014,1,North-Coast,+1-627-675-2424,+1-900-418-8252,2026-06-01 11:30:51,0,SMS,,5G,0.0,0.05
R01-0000015,1,North-Coast,+1-959-822-3716,,2026-06-01 12:29:19,7078,DATA,329247876,4G,0.0,3.29
R01-0000016,1,North-Coast,+1-224-436-8120,+1-582-868-8855,2026-06-01 12:48:02,3027,VOICE,,3G,0.12,6.05
R01-0000017,1,North-Coast,+1-824-444-9009,+1-351-809-3556,2026-06-01 04:54:02,0,SMS,,4G,0.0,0.05
R01-0000018,1,North-Coast,+1-569-217-5557,+1-331-549-4293,2026-06-01 09:13:53,3598,VOICE,,4G,0.1,6.0
R01-0000019,1,North-Coast,+1-411-690-5114,+1-409-525-8812,2026-06-01 04:53:28,0,SMS,,3G,0.0,0.05
R01-0000020,1,North-Coast,+1-631-480-8837,+1-897-615-5234,2026-06-01 13:41:52,1574,VOICE,,4G,0.1,2.62
R01-0000021,1,North-Coast,+1-237-403-3139,+1-562-304-9268,2026-06-01 22:49:11,50,VOICE,,4G,0.1,0.08
R01-0000022,1,North-Coast,+1-230-922-7160,+1-725-631-3191,2026-06-01 06:31:25,913,VOICE,,5G,0.08,1.22
R01-0000023,1,North-Coast,+1-814-723-2124,+1-393-287-7329,2026-06-01 06:58:24,1800,VOICE,,5G,0.08,2.4
R01-0000024,1,North-Coast,+1-902-412-4965,+1-393-262-2255,2026-06-01 11:38:02,0,SMS,,4G,0.0,0.05
R01-0000025,1,North-Coast,+1-211-666-3779,+1-856-507-6237,2026-06-01 08:10:03,3349,VOICE,,5G,0.08,4.47
R01-0000026,1,North-Coast,+1-322-729-4881,,2026-06-01 19:31:51,3607,DATA,143750330,5G,0.0,1.44
R01-0000027,1,North-Coast,+1-707-352-4832,+1-576-413-2409,2026-06-01 01:33:43,0,SMS,,5G,0.0,0.05
R01-0000028,1,North-Coast,+1-384-438-2999,+1-589-425-2489,2026-06-01 00:10:23,0,SMS,,4G,0.0,0.05
R01-0000029,1,North-Coast,+1-262-958-9549,,2026-06-01 04:08:36,6480,DATA,491624633,5G,0.0,4.92
R01-0000030,1,North-Coast,+1-294-485-0708,+1-511-350-5706,2026-06-01 17:40:09,1932,VOICE,,3G,0.12,3.86
R01-0000031,1,North-Coast,+1-313-584-1840,,2026-06-01 04:31:24,6196,DATA,436640954,5G,0.0,4.37
R01-0000032,1,North-Coast,+1-245-393-6331,+1-441-375-1513,2026-06-01 16:29:52,0,SMS,,5G,0.0,0.05
R01-0000033,1,North-Coast,+1-228-780-5480,+1-647-358-7798,2026-06-01 21:54:34,785,VOICE,,5G,0.08,1.05
R01-0000034,1,North-Coast,+1-482-492-5937,+1-348-836-2983,2026-06-01 08:47:06,0,VOICE,,4G,0.1,0.0
R01-0000035,1,North-Coast,+1-550-586-5218,+1-238-583-6253,2026-06-01 02:43:45,0,VOICE,,4G,0.1,0.0
R01-0000036,1,North-Coast,+1-586-648-7366,+1-437-338-4034,2026-06-01 19:11:30,0,SMS,,5G,0.0,0.05
R01-0000037,1,North-Coast,+1-782-921-1654,+1-462-313-8704,2026-06-01 12:04:00,636,VOICE,,3G,0.12,1.27
R01-0000038,1,North-Coast,+1-887-388-0781,,2026-06-01 10:40:18,4430,DATA,204971034,4G,0.0,2.05
R01-0000039,1,North-Coast,+1-472-484-4573,+1-314-988-3758,2026-06-01 11:09:30,2932,VOICE,,3G,0.12,5.86
R01-0000040,1,North-Coast,+1-264-574-0740,+1-504-826-9863,2026-06-01 02:09:04,0,SMS,,4G,0.0,0.05
R01-0000041,1,North-Coast,+1-704-299-2594,+1-888-300-1228,2026-06-01 17:05:51,0,SMS,,4G,0.0,0.05
R01-0000042,1,North-Coast,+1-802-712-2903,+1-488-627-6666,2026-06-01 22:22:18,0,SMS,,5G,0.0,0.05
R01-0000043,1,North-Coast,+1-603-316-5840,+1-734-794-0100,2026-06-01 17:04:20,109,VOICE,,5G,0.08,0.15
R01-0000044,1,North-Coast,+1-401-877-4622,,2026-06-01 03:25:39,5030,DATA,395729173,4G,0.0,3.96
R01-0000045,1,North-Coast,+1-616-755-9418,+1-870-960-9124,2026-06-01 00:50:10,1197,VOICE,,4G,0.1,2.0
R01-0000046,1,North-Coast,+1-207-942-4979,+1-689-646-4664,2026-06-01 18:10:26,0,SMS,,4G,0.0,0.05
R01-0000047,1,North-Coast,+1-364-816-6662,+1-451-386-2265,2026-06-01 23:05:38,3024,VOICE,,4G,0.1,5.04
R01-0000048,1,North-Coast,+1-733-223-2507,+1-752-804-2527,2026-06-01 08:07:37,0,SMS,,3G,0.0,0.05
R01-0000049,1,North-Coast,+1-786-905-5061,+1-727-319-7607,2026-06-01 19:14:29,2060,VOICE,,4G,0.1,3.43
R01-0000050,1,North-Coast,+1-853-449-9912,+1-856-911-9047,2026-06-01 11:50:40,1681,VOICE,,4G,0.1,2.8
R01-0000051,1,North-Coast,+1-398-666-3836,+1-516-474-5478,2026-06-01 18:47:04,275,VOICE,,4G,0.1,0.46
R01-0000052,1,North-Coast,+1-442-865-5633,+1-556-352-2144,2026-06-01 04:05:38,3559,VOICE,,4G,0.1,5.93
R01-0000053,1,North-Coast,+1-632-701-2808,+1-705-730-3230,2026-06-01 12:35:45,3531,VOICE,,3G,0.12,7.06
R01-0000054,1,North-Coast,+1-223-554-1679,+1-594-762-0464,2026-06-01 09:03:16,798,VOICE,,4G,0.1,1.33
R01-0000055,1,North-Coast,+1-535-431-4025,+1-206-640-0337,2026-06-01 05:39:11,1689,VOICE,,4G,0.1,2.81
R01-0000056,1,North-Coast,+1-605-678-2230,+1-787-580-0487,2026-06-01 08:36:51,0,SMS,,5G,0.0,0.05
R01-0000057,1,North-Coast,+1-958-859-8998,+1-466-644-5705,2026-06-01 20:18:17,1884,VOICE,,5G,0.08,2.51
R01-0000058,1,North-Coast,+1-791-958-1545,,2026-06-01 18:29:18,1932,DATA,86751652,4G,0.0,0.87
R01-0000059,1,North-Coast,+1-523-440-3917,+1-847-655-3828,2026-06-01 12:27:44,1350,VOICE,,3G,0.12,2.7
R01-0000060,1,North-Coast,+1-790-965-7850,,2026-06-01 05:26:29,3028,DATA,420169948,3G,0.0,4.2
R01-0000061,1,North-Coast,+1-220-225-0208,+1-595-446-2084,2026-06-01 18:54:46,2437,VOICE,,3G,0.12,4.87
R01-0000062,1,North-Coast,+1-247-788-8748,+1-540-911-1907,2026-06-01 07:42:53,254,VOICE,,4G,0.1,0.42
R01-0000063,1,North-Coast,+1-240-484-9745,,2026-06-01 00:16:57,2391,DATA,192912259,4G,0.0,1.93
R01-0000064,1,North-Coast,+1-887-774-1280,+1-725-988-3751,2026-06-01 17:25:17,871,VOICE,,3G,0.12,1.74
R01-0000065,1,North-Coast,+1-517-210-2751,,2026-06-01 07:14:01,5374,DATA,150122487,5G,0.0,1.5
R01-0000066,1,North-Coast,+1-985-519-5161,+1-346-896-3882,2026-06-01 16:40:55,0,SMS,,4G,0.0,0.05
R01-0000067,1,North-Coast,+1-769-455-2339,,2026-06-01 22:12:22,3318,DATA,473313437,5G,0.0,4.73
R01-0000068,1,North-Coast,+1-510-830-4887,+1-850-426-1540,2026-06-01 18:05:21,1002,VOICE,,4G,0.1,1.67
R01-0000069,1,North-Coast,+1-807-684-6366,+1-268-628-4825,2026-06-01 10:01:21,0,SMS,,4G,0.0,0.05
R01-0000070,1,North-Coast,+1-261-768-3633,+1-384-628-2073,2026-06-01 01:38:55,3600,VOICE,,4G,0.1,6.0
R01-0000071,1,North-Coast,+1-612-770-3611,+1-920-836-4996,2026-06-01 15:08:54,3537,VOICE,,4G,0.1,5.9
R01-0000072,1,North-Coast,+1-925-791-3341,+1-870-653-4239,2026-06-01 06:37:27,629,VOICE,,5G,0.08,0.84
R01-0000073,1,North-Coast,+1-651-878-8698,+1-791-806-3806,2026-06-01 07:45:43,2545,VOICE,,4G,0.1,4.24
R01-0000074,1,North-Coast,+1-451-952-8931,+1-805-899-2984,2026-06-01 04:06:07,635,VOICE,,5G,0.08,0.85
R01-0000075,1,North-Coast,+1-986-720-8876,,2026-06-01 04:39:18,6800,DATA,72544167,5G,0.0,0.73
R01-0000076,1,North-Coast,+1-876-874-8723,,2026-06-01 18:09:13,4609,DATA,347152876,4G,0.0,3.47
R01-0000077,1,North-Coast,+1-889-267-3697,+1-769-404-4391,2026-06-01 14:53:55,1756,VOICE,,4G,0.1,2.93
R01-0000078,1,North-Coast,+1-391-830-1440,+1-811-317-1627,2026-06-01 23:39:34,0,SMS,,5G,0.0,0.05
R01-0000079,1,North-Coast,+1-496-935-1411,+1-585-789-9504,2026-06-01 05:02:26,0,SMS,,4G,0.0,0.05
R01-0000080,1,North-Coast,+1-626-529-2967,+1-298-561-9078,2026-06-01 01:39:23,947,VOICE,,5G,0.08,1.26
R01-0000081,1,North-Coast,+1-736-269-8001,,2026-06-01 20:19:12,2476,DATA,218298560,4G,0.0,2.18
R01-0000082,1,North-Coast,+1-825-709-1451,+1-707-970-7774,2026-06-01 21:56:47,0,VOICE,,4G,0.1,0.0
R01-0000083,1,North-Coast,+1-863-930-6472,+1-310-384-0796,2026-06-01 10:17:01,3327,VOICE,,4G,0.1,5.55
R01-0000084,1,North-Coast,+1-533-951-0460,+1-771-546-8989,2026-06-01 01:33:27,3298,VOICE,,5G,0.08,4.4
R01-0000085,1,North-Coast,+1-868-947-0309,+1-426-533-7222,2026-06-01 20:55:28,1228,VOICE,,3G,0.12,2.46
R01-0000086,1,North-Coast,+1-287-998-1241,+1-884-412-9870,2026-06-01 06:51:58,0,SMS,,5G,0.0,0.05
R01-0000087,1,North-Coast,+1-870-615-4653,+1-653-665-8995,2026-06-01 06:29:39,0,SMS,,4G,0.0,0.05
R01-0000088,1,North-Coast,+1-382-863-5421,+1-699-668-2907,2026-06-01 01:08:11,2661,VOICE,,5G,0.08,3.55
R01-0000089,1,North-Coast,+1-907-295-9127,+1-354-757-0790,2026-06-01 02:30:25,509,VOICE,,5G,0.08,0.68
R01-0000090,1,North-Coast,+1-384-440-4746,+1-903-991-1939,2026-06-01 16:12:20,0,SMS,,3G,0.0,0.05
R01-0000091,1,North-Coast,+1-538-647-0511,+1-373-328-8485,2026-06-01 03:03:23,492,VOICE,,4G,0.1,0.82
R01-0000092,1,North-Coast,+1-783-523-2135,+1-668-543-7740,2026-06-01 15:05:20,1358,VOICE,,4G,0.1,2.26
R01-0000093,1,North-Coast,+1-924-817-1630,+1-850-493-3033,2026-06-01 23:55:07,3039,VOICE,,3G,0.12,6.08
R01-0000094,1,North-Coast,+1-875-221-5083,+1-946-284-4043,2026-06-01 03:21:39,2316,VOICE,,3G,0.12,4.63
R01-0000095,1,North-Coast,+1-892-392-8374,+1-928-209-1377,2026-06-01 22:21:12,0,SMS,,4G,0.0,0.05
R01-0000096,1,North-Coast,+1-555-714-2735,+1-504-502-7805,2026-06-01 05:29:55,2748,VOICE,,5G,0.08,3.66
R01-0000097,1,North-Coast,+1-805-894-5491,+1-659-850-9548,2026-06-01 12:46:46,1480,VOICE,,4G,0.1,2.47
R01-0000098,1,North-Coast,+1-509-211-2659,,2026-06-01 19:19:19,4207,DATA,398305577,5G,0.0,3.98
R01-0000099,1,North-Coast,+1-350-778-0109,+1-543-208-8340,2026-06-01 23:49:00,1324,VOICE,,4G,0.1,2.21
R01-0000100,1,North-Coast,+1-265-265-4157,+1-887-386-1585,2026-06-01 12:13:16,0,SMS,,4G,0.0,0.05
R01-0000101,1,North-Coast,+1-434-477-8310,+1-274-888-6159,2026-06-01 23:56:47,1947,VOICE,,4G,0.1,3.25
R01-0000102,1,North-Coast,+1-284-360-0117,,2026-06-01 03:01:39,4042,DATA,26195503,5G,0.0,0.26
R01-0000103,1,North-Coast,+1-636-729-0296,+1-632-662-9118,2026-06-01 15:18:25,0,SMS,,3G,0.0,0.05
R01-0000104,1,North-Coast,+1-923-549-9598,+1-281-219-1299,2026-06-01 17:51:59,0,SMS,,5G,0.0,0.05
R01-0000105,1,North-Coast,+1-979-682-6332,+1-369-673-3620,2026-06-01 10:37:16,0,SMS,,3G,0.0,0.05
R01-0000106,1,North-Coast,+1-358-651-0880,,2026-06-01 09:05:13,2157,DATA,366911630,4G,0.0,3.67
R01-0000107,1,North-Coast,+1-274-635-7484,+1-293-670-4251,2026-06-01 19:36:51,2254,VOICE,,3G,0.12,4.51
R01-0000108,1,North-Coast,+1-871-894-1672,+1-944-696-9497,2026-06-01 13:44:19,2477,VOICE,,3G,0.12,4.95
R01-0000109,1,North-Coast,+1-529-557-8072,,2026-06-01 21:05:38,2313,DATA,205450226,4G,0.0,2.05
R01-0000110,1,North-Coast,+1-845-856-4260,+1-529-315-9274,2026-06-01 16:19:22,0,VOICE,,4G,0.1,0.0
R01-0000111,1,North-Coast,+1-754-612-8079,+1-979-684-4392,2026-06-01 02:53:22,0,SMS,,3G,0.0,0.05
R01-0000112,1,North-Coast,+1-868-860-6943,+1-615-359-7288,2026-06-01 07:06:40,0,SMS,,3G,0.0,0.05
R01-0000113,1,North-Coast,+1-638-531-3766,+1-470-670-5997,2026-06-01 02:14:56,0,SMS,,3G,0.0,0.05
R01-0000114,1,North-Coast,+1-536-934-4570,+1-228-207-2897,2026-06-01 10:29:03,0,SMS,,4G,0.0,0.05
R01-0000115,1,North-Coast,+1-427-272-1668,,2026-06-01 22:36:46,1993,DATA,333735582,3G,0.0,3.34
R01-0000116,1,North-Coast,+1-262-766-0215,+1-846-665-7184,2026-06-01 06:07:53,1254,VOICE,,3G,0.12,2.51
R01-0000117,1,North-Coast,+1-780-263-8857,+1-823-358-6962,2026-06-01 00:34:34,0,SMS,,4G,0.0,0.05
R01-0000118,1,North-Coast,+1-847-264-7232,+1-374-253-2139,2026-06-01 22:28:54,3482,VOICE,,5G,0.08,4.64
R01-0000119,1,North-Coast,+1-279-457-4991,+1-617-397-9313,2026-06-01 12:43:59,185,VOICE,,4G,0.1,0.31
R01-0000120,1,North-Coast,+1-739-818-1124,+1-865-968-0559,2026-06-01 05:58:24,3405,VOICE,,4G,0.1,5.68
R01-0000121,1,North-Coast,+1-371-275-5932,+1-684-856-7094,2026-06-01 09:07:12,0,SMS,,4G,0.0,0.05
R01-0000122,1,North-Coast,+1-434-740-3999,+1-896-575-5735,2026-06-01 15:36:40,0,SMS,,5G,0.0,0.05
R01-0000123,1,North-Coast,+1-862-445-5336,,2026-06-01 01:25:25,807,DATA,945483,4G,0.0,0.01
R01-0000124,1,North-Coast,+1-643-300-7017,,2026-06-01 06:51:21,4203,DATA,128918096,4G,0.0,1.29
R01-0000125,1,North-Coast,+1-250-316-2542,+1-904-565-0099,2026-06-01 02:51:43,3249,VOICE,,4G,0.1,5.42
R01-0000126,1,North-Coast,+1-619-731-4841,+1-614-511-9773,2026-06-01 09:16:32,3367,VOICE,,4G,0.1,5.61
R01-0000127,1,North-Coast,+1-422-501-2157,+1-412-772-4116,2026-06-01 17:21:55,0,SMS,,4G,0.0,0.05
R01-0000128,1,North-Coast,+1-637-698-0253,+1-592-961-1773,2026-06-01 19:32:55,0,SMS,,5G,0.0,0.05
R01-0000129,1,North-Coast,+1-377-388-9081,,2026-06-01 17:06:20,324,DATA,397318768,5G,0.0,3.97
R01-0000130,1,North-Coast,+1-414-451-8761,+1-818-827-8358,2026-06-01 19:17:40,0,SMS,,5G,0.0,0.05
R01-0000131,1,North-Coast,+1-708-791-2672,+1-260-268-1150,2026-06-01 02:38:49,1008,VOICE,,4G,0.1,1.68
R01-0000132,1,North-Coast,+1-272-250-5801,+1-497-962-3872,2026-06-01 12:55:18,3210,VOICE,,3G,0.12,6.42
R01-0000133,1,North-Coast,+1-504-318-9824,+1-321-583-1970,2026-06-01 16:20:24,867,VOICE,,4G,0.1,1.45
R01-0000134,1,North-Coast,+1-441-704-8345,+1-573-598-6665,2026-06-01 05:23:33,3413,VOICE,,3G,0.12,6.83
R01-0000135,1,North-Coast,+1-922-210-2666,+1-833-522-4132,2026-06-01 05:00:47,0,SMS,,4G,0.0,0.05
R01-0000136,1,North-Coast,+1-669-238-0496,+1-989-590-0247,2026-06-01 20:34:48,0,SMS,,4G,0.0,0.05
R01-0000137,1,North-Coast,+1-237-526-2692,+1-922-406-0502,2026-06-01 11:13:15,61,VOICE,,4G,0.1,0.1
R01-0000138,1,North-Coast,+1-333-397-9714,,2026-06-01 13:29:24,1762,DATA,56977238,4G,0.0,0.57
R01-0000139,1,North-Coast,+1-754-269-2928,+1-303-239-7550,2026-06-01 06:49:47,0,SMS,,5G,0.0,0.05
R01-0000140,1,North-Coast,+1-860-439-7683,+1-552-894-7312,2026-06-01 14:22:37,3476,VOICE,,4G,0.1,5.79
R01-0000141,1,North-Coast,+1-614-378-9676,+1-238-652-4888,2026-06-01 04:40:26,879,VOICE,,3G,0.12,1.76
R01-0000142,1,North-Coast,+1-315-531-8869,+1-387-207-4118,2026-06-01 07:05:25,0,SMS,,4G,0.0,0.05
R01-0000143,1,North-Coast,+1-784-916-8898,,2026-06-01 19:27:20,2284,DATA,45015396,5G,0.0,0.45
R01-0000144,1,North-Coast,+1-869-494-6132,+1-624-566-0566,2026-06-01 10:16:27,1983,VOICE,,3G,0.12,3.97
R01-0000145,1,North-Coast,+1-293-418-8541,+1-308-755-1580,2026-06-01 17:45:12,2276,VOICE,,3G,0.12,4.55
R01-0000146,1,North-Coast,+1-364-324-1556,+1-864-645-1998,2026-06-01 08:17:47,0,SMS,,4G,0.0,0.05
R01-0000147,1,North-Coast,+1-774-310-3388,+1-569-672-4256,2026-06-01 03:59:35,41,VOICE,,3G,0.12,0.08
R01-0000148,1,North-Coast,+1-390-894-5603,+1-939-708-3866,2026-06-01 05:22:01,0,SMS,,4G,0.0,0.05
R01-0000149,1,North-Coast,+1-368-824-4794,,2026-06-01 22:53:48,1265,DATA,460271586,5G,0.0,4.6
R01-0000150,1,North-Coast,+1-971-988-2166,,2026-06-01 15:24:40,4011,DATA,75000000,5G,0.0,0.75
R01-0000151,1,North-Coast,+1-345-617-6717,+1-390-376-9437,2026-06-01 15:22:44,1403,VOICE,,4G,0.1,2.34
R01-0000152,1,North-Coast,+1-349-709-4373,+1-655-969-4390,2026-06-01 11:11:31,1328,VOICE,,5G,0.08,1.77
R01-0000153,1,North-Coast,+1-329-987-4162,+1-583-605-2056,2026-06-01 16:53:58,0,SMS,,4G,0.0,0.05
R01-0000154,1,North-Coast,+1-695-943-3282,,2026-06-01 08:16:43,6239,DATA,420273222,4G,0.0,4.2
R01-0000155,1,North-Coast,+1-458-623-0709,+1-440-350-7399,2026-06-01 05:18:41,0,SMS,,4G,0.0,0.05
R01-0000156,1,North-Coast,+1-813-795-9896,+1-859-748-9639,2026-06-01 00:38:36,0,SMS,,4G,0.0,0.05
R01-0000157,1,North-Coast,+1-253-857-7381,+1-646-312-4231,2026-06-01 12:54:46,261,VOICE,,4G,0.1,0.43
R01-0000158,1,North-Coast,+1-367-226-9501,,2026-06-01 06:35:26,3843,DATA,403834439,4G,0.0,4.04
R01-0000159,1,North-Coast,+1-720-273-6062,+1-915-445-4456,2026-06-01 17:21:00,0,SMS,,4G,0.0,0.05
R01-0000160,1,North-Coast,+1-485-227-6760,,2026-06-01 05:02:36,1815,DATA,402482981,5G,0.0,4.02
R01-0000161,1,North-Coast,+1-955-788-4343,+1-605-631-8534,2026-06-01 18:57:01,0,SMS,,4G,0.0,0.05
R01-0000162,1,North-Coast,+1-274-713-5189,+1-432-581-9238,2026-06-01 09:22:53,3418,VOICE,,4G,0.1,5.7
R01-0000163,1,North-Coast,+1-964-436-7310,+1-435-875-0390,2026-06-01 15:56:53,160,VOICE,,4G,0.1,0.27
R01-0000164,1,North-Coast,+1-415-314-9202,+1-823-557-7860,2026-06-01 23:48:50,1070,VOICE,,5G,0.08,1.43
R01-0000165,1,North-Coast,+1-364-979-6844,+1-795-721-7480,2026-06-01 21:05:00,1794,VOICE,,3G,0.12,3.59
R01-0000166,1,North-Coast,+1-583-302-3349,+1-519-746-2901,2026-06-01 20:56:50,0,SMS,,4G,0.0,0.05
R01-0000167,1,North-Coast,+1-985-500-4614,+1-765-596-8891,2026-06-01 21:21:16,2159,VOICE,,3G,0.12,4.32
R01-0000168,1,North-Coast,+1-870-377-2556,+1-834-209-9140,2026-06-01 12:57:47,0,SMS,,4G,0.0,0.05
R01-0000169,1,North-Coast,+1-840-836-5703,+1-656-938-5844,2026-06-01 06:07:48,0,SMS,,3G,0.0,0.05
R01-0000170,1,North-Coast,+1-898-434-6289,,2026-06-01 20:39:08,1034,DATA,219348454,5G,0.0,2.19
R01-0000171,1,North-Coast,+1-809-996-6777,+1-752-245-8718,2026-06-01 12:39:38,3092,VOICE,,3G,0.12,6.18
R01-0000172,1,North-Coast,+1-203-417-4394,+1-556-967-6687,2026-06-01 21:05:21,566,VOICE,,3G,0.12,1.13
R01-0000173,1,North-Coast,+1-744-423-9515,,2026-06-01 07:01:23,7112,DATA,183866021,5G,0.0,1.84
R01-0000174,1,North-Coast,+1-678-279-0421,+1-739-346-0159,2026-06-01 04:23:39,0,SMS,,5G,0.0,0.05
R01-0000175,1,North-Coast,+1-839-867-4369,+1-685-395-6904,2026-06-01 17:35:49,0,SMS,,5G,0.0,0.05
R01-0000176,1,North-Coast,+1-518-246-0379,+1-329-791-3512,2026-06-01 05:09:53,1077,VOICE,,4G,0.1,1.79
R01-0000177,1,North-Coast,+1-232-293-6752,+1-280-316-2751,2026-06-01 16:05:47,3582,VOICE,,4G,0.1,5.97
R01-0000178,1,North-Coast,+1-213-667-0915,+1-723-539-4303,2026-06-01 05:36:15,2152,VOICE,,5G,0.08,2.87
R01-0000179,1,North-Coast,+1-732-573-6811,,2026-06-01 08:36:02,2978,DATA,163918539,4G,0.0,1.64
R01-0000180,1,North-Coast,+1-976-958-3049,+1-527-870-4334,2026-06-01 22:45:10,0,SMS,,4G,0.0,0.05
R01-0000181,1,North-Coast,+1-932-667-8287,+1-729-347-9714,2026-06-01 06:10:59,1816,VOICE,,4G,0.1,3.03
R01-0000182,1,North-Coast,+1-921-558-4394,,2026-06-01 00:46:42,6425,DATA,188307461,4G,0.0,1.88
R01-0000183,1,North-Coast,+1-222-684-0827,,2026-06-01 02:19:32,1331,DATA,175413777,4G,0.0,1.75
R01-0000184,1,North-Coast,+1-978-307-9904,,2026-06-01 10:16:09,2695,DATA,51680164,5G,0.0,0.52
R01-0000185,1,North-Coast,+1-358-274-1228,+1-567-760-4409,2026-06-01 22:09:47,1617,VOICE,,5G,0.08,2.16
R01-0000186,1,North-Coast,+1-937-418-5963,+1-354-938-8949,2026-06-01 07:48:04,0,SMS,,4G,0.0,0.05
R01-0000187,1,North-Coast,+1-324-897-2613,,2026-06-01 19:41:31,3257,DATA,271960265,3G,0.0,2.72
R01-0000188,1,North-Coast,+1-922-725-7815,,2026-06-01 14:25:35,3002,DATA,388074194,3G,0.0,3.88
R01-0000189,1,North-Coast,+1-873-457-2184,+1-859-687-2349,2026-06-01 17:18:33,0,SMS,,4G,0.0,0.05
R01-0000190,1,North-Coast,+1-639-926-7739,,2026-06-01 20:28:55,7186,DATA,313603193,4G,0.0,3.14
R01-0000191,1,North-Coast,+1-539-497-7186,+1-647-321-3245,2026-06-01 03:37:18,308,VOICE,,4G,0.1,0.51
R01-0000192,1,North-Coast,+1-943-269-1352,+1-511-687-2544,2026-06-01 05:03:28,0,SMS,,4G,0.0,0.05
R01-0000193,1,North-Coast,+1-582-604-3609,,2026-06-01 05:44:40,2575,DATA,180926238,5G,0.0,1.81
R01-0000194,1,North-Coast,+1-910-241-9422,,2026-06-01 00:59:18,2703,DATA,24240160,4G,0.0,0.24
R01-0000195,1,North-Coast,+1-267-426-9987,+1-686-439-3996,2026-06-01 21:08:02,2935,VOICE,,3G,0.12,5.87
R01-0000196,1,North-Coast,+1-300-963-2887,+1-913-349-5234,2026-06-01 10:07:19,2385,VOICE,,5G,0.08,3.18
R01-0000197,1,North-Coast,+1-729-650-9235,+1-884-535-2939,2026-06-01 06:24:34,0,SMS,,4G,0.0,0.05
R01-0000198,1,North-Coast,+1-235-475-8638,+1-943-695-6315,2026-06-01 16:16:59,0,SMS,,4G,0.0,0.05
R01-0000199,1,North-Coast,+1-964-853-3729,+1-299-890-0891,2026-06-01 11:17:01,1068,VOICE,,4G,0.1,1.78
R01-0000200,1,North-Coast,+1-406-789-8475,+1-895-991-4395,2026-06-01 20:09:54,3445,VOICE,,4G,0.1,5.74
R01-0000201,1,North-Coast,+1-602-497-9255,+1-771-258-8127,2026-06-01 20:22:45,3370,VOICE,,4G,0.1,5.62
R01-0000202,1,North-Coast,+1-523-209-6872,+1-369-850-8843,2026-06-01 10:04:25,1584,VOICE,,4G,0.1,2.64
R01-0000203,1,North-Coast,+1-522-632-2381,+1-770-745-3091,2026-06-01 11:32:52,0,SMS,,4G,0.0,0.05
R01-0000204,1,North-Coast,+1-719-386-5841,,2026-06-01 00:53:54,1725,DATA,140087208,4G,0.0,1.4
R01-0000205,1,North-Coast,+1-877-453-1829,,2026-06-01 21:02:31,3949,DATA,62086717,5G,0.0,0.62
R01-0000206,1,North-Coast,+1-614-820-3849,+1-331-221-4704,2026-06-01 01:25:10,249,VOICE,,4G,0.1,0.42
R01-0000207,1,North-Coast,+1-605-384-1103,+1-975-248-6536,2026-06-01 09:00:42,2040,VOICE,,4G,0.1,3.4
R01-0000208,1,North-Coast,+1-366-449-9864,+1-208-926-2642,2026-06-01 04:42:37,238,VOICE,,5G,0.08,0.32
R01-0000209,1,North-Coast,+1-754-998-8779,+1-948-485-6874,2026-06-01 03:45:53,1095,VOICE,,3G,0.12,2.19
R01-0000210,1,North-Coast,+1-589-621-9139,+1-302-326-1792,2026-06-01 03:15:36,279,VOICE,,4G,0.1,0.47
R01-0000211,1,North-Coast,+1-621-926-8126,+1-865-610-6016,2026-06-01 02:05:12,259,VOICE,,5G,0.08,0.35
R01-0000212,1,North-Coast,+1-227-629-7977,+1-223-642-2939,2026-06-01 07:30:56,0,SMS,,3G,0.0,0.05
R01-0000213,1,North-Coast,+1-928-290-4992,+1-612-833-6005,2026-06-01 07:00:16,2831,VOICE,,4G,0.1,4.72
R01-0000214,1,North-Coast,+1-220-362-6747,+1-699-643-1137,2026-06-01 22:02:16,2040,VOICE,,3G,0.12,4.08
R01-0000215,1,North-Coast,+1-684-963-4171,+1-858-679-0293,2026-06-01 00:04:38,0,SMS,,4G,0.0,0.05
R01-0000216,1,North-Coast,+1-287-428-4133,+1-534-535-7016,2026-06-01 11:55:12,1599,VOICE,,5G,0.08,2.13
R01-0000217,1,North-Coast,+1-231-894-4892,+1-575-294-9919,2026-06-01 14:12:43,50,VOICE,,4G,0.1,0.08
R01-0000218,1,North-Coast,+1-744-605-6715,+1-739-992-7966,2026-06-01 07:31:12,0,VOICE,,5G,0.08,0.0
R01-0000219,1,North-Coast,+1-386-862-3863,+1-849-883-2380,2026-06-01 10:48:27,297,VOICE,,4G,0.1,0.5
R01-0000220,1,North-Coast,+1-954-731-8741,+1-700-509-4722,2026-06-01 01:07:27,0,SMS,,3G,0.0,0.05
R01-0000221,1,North-Coast,+1-326-457-2647,+1-315-980-4680,2026-06-01 01:42:46,1073,VOICE,,5G,0.08,1.43
R01-0000222,1,North-Coast,+1-785-999-6382,+1-332-805-7921,2026-06-01 14:21:27,274,VOICE,,4G,0.1,0.46
R01-0000223,1,North-Coast,+1-856-259-1987,+1-560-373-2464,2026-06-01 02:40:26,0,SMS,,3G,0.0,0.05
R01-0000224,1,North-Coast,+1-744-976-3495,+1-498-605-0349,2026-06-01 07:39:46,0,SMS,,4G,0.0,0.05
R01-0000225,1,North-Coast,+1-673-667-1552,+1-521-864-3055,2026-06-01 13:24:49,1752,VOICE,,3G,0.12,3.5
R01-0000226,1,North-Coast,+1-712-583-0378,+1-832-282-1180,2026-06-01 02:43:44,1729,VOICE,,4G,0.1,2.88
R01-0000227,1,North-Coast,+1-500-891-1937,+1-678-419-0872,2026-06-01 15:16:10,2986,VOICE,,5G,0.08,3.98
R01-0000228,1,North-Coast,+1-237-561-6533,+1-746-441-9242,2026-06-01 06:33:58,0,SMS,,4G,0.0,0.05
R01-0000229,1,North-Coast,+1-278-300-9660,+1-678-711-9146,2026-06-01 23:26:54,2854,VOICE,,3G,0.12,5.71
R01-0000230,1,North-Coast,+1-816-608-6831,+1-818-597-0122,2026-06-01 18:47:54,0,SMS,,4G,0.0,0.05
R01-0000231,1,North-Coast,+1-896-355-2350,+1-790-594-3786,2026-06-01 04:17:42,3179,VOICE,,5G,0.08,4.24
R01-0000232,1,North-Coast,+1-297-389-3590,+1-361-699-2803,2026-06-01 14:02:35,3521,VOICE,,4G,0.1,5.87
R01-0000233,1,North-Coast,+1-914-408-0969,+1-223-599-3149,2026-06-01 18:33:29,0,SMS,,4G,0.0,0.05
R01-0000234,1,North-Coast,+1-362-281-4920,+1-437-987-6582,2026-06-01 06:32:46,0,SMS,,5G,0.0,0.05
R01-0000235,1,North-Coast,+1-337-458-7311,,2026-06-01 17:24:45,3857,DATA,305284253,4G,0.0,3.05
R01-0000236,1,North-Coast,+1-805-339-9831,+1-365-475-4679,2026-06-01 21:46:42,0,SMS,,5G,0.0,0.05
R01-0000237,1,North-Coast,+1-885-749-2695,+1-333-693-4379,2026-06-01 13:07:49,1234,VOICE,,3G,0.12,2.47
R01-0000238,1,North-Coast,+1-452-730-2160,,2026-06-01 00:17:03,6492,DATA,442592169,4G,0.0,4.43
R01-0000239,1,North-Coast,+1-341-418-0102,+1-965-499-3088,2026-06-01 18:49:24,2874,VOICE,,4G,0.1,4.79
R01-0000240,1,North-Coast,+1-255-920-8180,+1-715-770-5863,2026-06-01 18:32:14,2850,VOICE,,3G,0.12,5.7
R01-0000241,1,North-Coast,+1-407-875-6106,+1-364-376-2259,2026-06-01 20:41:45,374,VOICE,,4G,0.1,0.62
R01-0000242,1,North-Coast,+1-749-847-3227,+1-426-745-7873,2026-06-01 05:09:26,2350,VOICE,,5G,0.08,3.13
R01-0000243,1,North-Coast,+1-884-812-9935,+1-682-237-4773,2026-06-01 14:32:05,0,SMS,,4G,0.0,0.05
R01-0000244,1,North-Coast,+1-361-362-5957,+1-407-702-9017,2026-06-01 23:41:45,2411,VOICE,,3G,0.12,4.82
R01-0000245,1,North-Coast,+1-200-823-2454,+1-483-282-1955,2026-06-01 22:36:25,1083,VOICE,,4G,0.1,1.81
R01-0000246,1,North-Coast,+1-892-572-6295,,2026-06-01 11:38:51,6011,DATA,16833319,4G,0.0,0.17
R01-0000247,1,North-Coast,+1-347-934-2902,+1-800-214-4218,2026-06-01 01:02:10,1134,VOICE,,5G,0.08,1.51
R01-0000248,1,North-Coast,+1-886-435-5546,+1-388-825-3667,2026-06-01 00:31:24,650,VOICE,,5G,0.08,0.87
R01-0000249,1,North-Coast,+1-631-825-6888,+1-877-214-5094,2026-06-01 22:22:54,763,VOICE,,5G,0.08,1.02
R01-0000250,1,North-Coast,+1-206-244-8229,,2026-06-01 02:25:30,3128,DATA,271505362,4G,0.0,2.72
R01-0000251,1,North-Coast,+1-856-978-1915,,2026-06-01 04:38:06,1330,DATA,166622384,4G,0.0,1.67
R01-0000252,1,North-Coast,+1-849-646-4878,,2026-06-01 07:34:33,4235,DATA,64336849,5G,0.0,0.64
R01-0000253,1,North-Coast,+1-652-874-2453,+1-850-230-6029,2026-06-01 08:40:54,0,SMS,,4G,0.0,0.05
R01-0000254,1,North-Coast,+1-347-614-9152,+1-667-389-8586,2026-06-01 15:16:28,325,VOICE,,4G,0.1,0.54
R01-0000255,1,North-Coast,+1-859-870-3555,+1-681-590-6804,2026-06-01 22:34:59,0,SMS,,4G,0.0,0.05
R01-0000256,1,North-Coast,+1-219-277-7160,+1-665-213-9698,2026-06-01 10:06:08,1685,VOICE,,5G,0.08,2.25
R01-0000257,1,North-Coast,+1-622-825-4132,+1-415-396-5183,2026-06-01 21:37:11,1796,VOICE,,4G,0.1,2.99
R01-0000258,1,North-Coast,+1-684-724-6284,+1-319-920-0819,2026-06-01 00:54:28,0,SMS,,5G,0.0,0.05
R01-0000259,1,North-Coast,+1-584-837-5752,+1-569-438-0126,2026-06-01 12:43:26,1457,VOICE,,4G,0.1,2.43
R01-0000260,1,North-Coast,+1-855-723-9594,+1-667-408-5225,2026-06-01 17:36:37,1281,VOICE,,4G,0.1,2.14
R01-0000261,1,North-Coast,+1-531-219-7114,,2026-06-01 10:30:03,3508,DATA,388083718,5G,0.0,3.88
R01-0000262,1,North-Coast,+1-949-526-7742,+1-755-878-9558,2026-06-01 04:43:20,1037,VOICE,,4G,0.1,1.73
R01-0000263,1,North-Coast,+1-696-700-6995,+1-684-822-5664,2026-06-01 03:04:39,0,SMS,,3G,0.0,0.05
R01-0000264,1,North-Coast,+1-946-887-5980,+1-493-728-3699,2026-06-01 08:51:49,315,VOICE,,4G,0.1,0.53
R01-0000265,1,North-Coast,+1-599-814-8832,,2026-06-01 17:49:18,4371,DATA,410399660,4G,0.0,4.1
R01-0000266,1,North-Coast,+1-217-640-2965,+1-956-566-7040,2026-06-01 14:24:14,0,VOICE,,5G,0.08,0.0
R01-0000267,1,North-Coast,+1-524-763-2559,+1-274-507-5844,2026-06-01 17:56:29,1783,VOICE,,4G,0.1,2.97
R01-0000268,1,North-Coast,+1-274-620-8290,+1-284-839-8953,2026-06-01 09:48:46,0,SMS,,4G,0.0,0.05
R01-0000269,1,North-Coast,+1-278-654-5334,,2026-06-01 23:57:09,254,DATA,181371765,5G,0.0,1.81
R01-0000270,1,North-Coast,+1-207-669-4691,+1-910-470-4753,2026-06-01 18:45:40,2491,VOICE,,5G,0.08,3.32
R01-0000271,1,North-Coast,+1-337-261-0378,+1-917-475-3832,2026-06-01 00:25:43,3482,VOICE,,4G,0.1,5.8
R01-0000272,1,North-Coast,+1-343-497-5801,+1-326-570-4319,2026-06-01 07:18:03,0,SMS,,4G,0.0,0.05
R01-0000273,1,North-Coast,+1-486-290-5336,,2026-06-01 23:50:49,3502,DATA,111817460,4G,0.0,1.12
R01-0000274,1,North-Coast,+1-678-421-4569,+1-590-264-9131,2026-06-01 01:48:28,2787,VOICE,,5G,0.08,3.72
R01-0000275,1,North-Coast,+1-818-749-5054,+1-960-778-6623,2026-06-01 00:44:38,2074,VOICE,,4G,0.1,3.46
R01-0000276,1,North-Coast,+1-578-631-7506,+1-961-692-7540,2026-06-01 10:24:40,244,VOICE,,5G,0.08,0.33
R01-0000277,1,North-Coast,+1-344-572-8381,+1-653-291-0782,2026-06-01 14:17:43,0,SMS,,4G,0.0,0.05
R01-0000278,1,North-Coast,+1-709-495-5365,+1-542-574-2109,2026-06-01 18:08:46,3301,VOICE,,3G,0.12,6.6
R01-0000279,1,North-Coast,+1-852-742-6383,+1-550-709-9279,2026-06-01 09:59:36,2523,VOICE,,4G,0.1,4.21
R01-0000280,1,North-Coast,+1-989-766-3268,+1-985-884-8978,2026-06-01 00:19:10,0,SMS,,5G,0.0,0.05
R01-0000281,1,North-Coast,+1-914-411-6900,+1-945-732-9231,2026-06-01 00:31:51,788,VOICE,,4G,0.1,1.31
R01-0000282,1,North-Coast,+1-900-527-9313,+1-849-694-8295,2026-06-01 08:37:24,1957,VOICE,,3G,0.12,3.91
R01-0000283,1,North-Coast,+1-928-751-6701,+1-981-760-6715,2026-06-01 17:46:18,1232,VOICE,,4G,0.1,2.05
R01-0000284,1,North-Coast,+1-874-200-9335,+1-770-494-3384,2026-06-01 10:19:24,3269,VOICE,,4G,0.1,5.45
R01-0000285,1,North-Coast,+1-504-987-2133,+1-383-870-6378,2026-06-01 04:02:01,621,VOICE,,4G,0.1,1.03
R01-0000286,1,North-Coast,+1-400-316-2999,+1-704-831-1090,2026-06-01 14:58:09,2093,VOICE,,5G,0.08,2.79
R01-0000287,1,North-Coast,+1-922-286-0564,+1-771-421-6547,2026-06-01 02:48:38,2457,VOICE,,4G,0.1,4.1
R01-0000288,1,North-Coast,+1-417-981-2750,+1-805-909-3911,2026-06-01 04:46:24,2248,VOICE,,4G,0.1,3.75
R01-0000289,1,North-Coast,+1-255-266-5409,+1-220-203-2662,2026-06-01 08:42:54,2683,VOICE,,5G,0.08,3.58
R01-0000290,1,North-Coast,+1-213-598-2663,+1-647-884-0911,2026-06-01 12:48:00,3068,VOICE,,4G,0.1,5.11
R01-0000291,1,North-Coast,+1-468-965-2046,+1-342-668-0567,2026-06-01 16:28:50,0,SMS,,4G,0.0,0.05
R01-0000292,1,North-Coast,+1-499-742-8421,+1-683-586-0499,2026-06-01 09:19:20,0,SMS,,5G,0.0,0.05
R01-0000293,1,North-Coast,+1-638-724-2116,+1-488-368-7071,2026-06-01 10:21:12,1361,VOICE,,3G,0.12,2.72
R01-0000294,1,North-Coast,+1-235-501-4701,+1-269-241-8365,2026-06-01 10:54:41,0,SMS,,4G,0.0,0.05
R01-0000295,1,North-Coast,+1-464-621-0484,,2026-06-01 02:40:36,57,DATA,230893296,3G,0.0,2.31
R01-0000296,1,North-Coast,+1-241-312-2256,+1-554-794-3365,2026-06-01 16:00:40,1019,VOICE,,5G,0.08,1.36
R01-0000297,1,North-Coast,+1-976-563-5521,,2026-06-01 02:24:18,1526,DATA,218277939,5G,0.0,2.18
R01-0000298,1,North-Coast,+1-371-489-8107,+1-635-835-0563,2026-06-01 12:02:42,1324,VOICE,,5G,0.08,1.77
R01-0000299,1,North-Coast,+1-237-939-3395,+1-966-427-4569,2026-06-01 08:13:18,0,SMS,,4G,0.0,0.05
R01-0000300,1,North-Coast,+1-502-881-9480,+1-915-310-8070,2026-06-01 21:53:37,0,SMS,,5G,0.0,0.05
R01-0000301,1,North-Coast,+1-834-842-0324,+1-214-267-7758,2026-06-01 10:59:49,0,VOICE,,4G,0.1,0.0
R01-0000302,1,North-Coast,+1-527-486-5110,+1-760-440-7341,2026-06-01 21:32:14,2756,VOICE,,4G,0.1,4.59
R01-0000303,1,North-Coast,+1-283-303-0772,+1-214-639-0612,2026-06-01 14:39:32,0,SMS,,4G,0.0,0.05
R01-0000304,1,North-Coast,+1-486-952-6764,+1-467-892-3209,2026-06-01 06:27:06,2137,VOICE,,3G,0.12,4.27
R01-0000305,1,North-Coast,+1-601-479-1318,+1-646-427-2072,2026-06-01 02:53:00,2886,VOICE,,4G,0.1,4.81
R01-0000306,1,North-Coast,+1-793-600-2062,+1-643-847-6406,2026-06-01 01:35:25,884,VOICE,,4G,0.1,1.47
R01-0000307,1,North-Coast,+1-262-762-7751,+1-493-280-5644,2026-06-01 06:15:12,0,SMS,,4G,0.0,0.05
R01-0000308,1,North-Coast,+1-700-887-0883,+1-629-881-1377,2026-06-01 06:51:01,0,SMS,,3G,0.0,0.05
R01-0000309,1,North-Coast,+1-816-940-2426,+1-591-398-3958,2026-06-01 19:21:36,519,VOICE,,5G,0.08,0.69
R01-0000310,1,North-Coast,+1-403-684-2190,+1-428-263-4110,2026-06-01 16:35:00,1212,VOICE,,4G,0.1,2.02
R01-0000311,1,North-Coast,+1-240-573-5442,+1-807-352-5101,2026-06-01 19:08:47,0,SMS,,4G,0.0,0.05
R01-0000312,1,North-Coast,+1-935-888-5686,+1-297-741-3307,2026-06-01 20:31:03,0,SMS,,4G,0.0,0.05
R01-0000313,1,North-Coast,+1-373-620-1597,+1-917-991-5326,2026-06-01 01:35:40,3029,VOICE,,4G,0.1,5.05
R01-0000314,1,North-Coast,+1-890-491-9580,+1-759-788-9699,2026-06-01 19:00:59,956,VOICE,,4G,0.1,1.59
R01-0000315,1,North-Coast,+1-791-747-0804,,2026-06-01 04:46:52,812,DATA,407485709,3G,0.0,4.07
R01-0000316,1,North-Coast,+1-232-873-2400,+1-568-379-5434,2026-06-01 19:08:46,0,SMS,,3G,0.0,0.05
R01-0000317,1,North-Coast,+1-326-788-9845,+1-918-212-7914,2026-06-01 07:32:28,3191,VOICE,,4G,0.1,5.32
R01-0000318,1,North-Coast,+1-727-357-8778,,2026-06-01 02:45:00,4990,DATA,111283334,5G,0.0,1.11
R01-0000319,1,North-Coast,+1-863-325-3740,+1-638-316-3744,2026-06-01 00:07:41,155,VOICE,,5G,0.08,0.21
R01-0000320,1,North-Coast,+1-441-894-7466,+1-471-344-8234,2026-06-01 04:42:23,0,SMS,,5G,0.0,0.05
R01-0000321,1,North-Coast,+1-755-496-4860,+1-985-434-7191,2026-06-01 18:33:27,1140,VOICE,,3G,0.12,2.28
R01-0000322,1,North-Coast,+1-785-295-9605,+1-818-870-6798,2026-06-01 11:42:24,1513,VOICE,,5G,0.08,2.02
R01-0000323,1,North-Coast,+1-250-422-4637,+1-335-506-3080,2026-06-01 16:42:52,1497,VOICE,,4G,0.1,2.5
R01-0000324,1,North-Coast,+1-534-573-3021,+1-315-540-9186,2026-06-01 17:58:53,2317,VOICE,,4G,0.1,3.86
R01-0000325,1,North-Coast,+1-964-460-2465,+1-317-969-3037,2026-06-01 08:34:20,585,VOICE,,4G,0.1,0.98
R01-0000326,1,North-Coast,+1-512-508-5355,+1-530-493-3892,2026-06-01 20:37:53,2795,VOICE,,4G,0.1,4.66
R01-0000327,1,North-Coast,+1-343-268-7276,,2026-06-01 10:56:53,2814,DATA,313719569,5G,0.0,3.14
R01-0000328,1,North-Coast,+1-938-440-6653,,2026-06-01 22:47:04,5698,DATA,113035895,4G,0.0,1.13
R01-0000329,1,North-Coast,+1-602-966-9023,+1-562-962-0893,2026-06-01 22:54:39,2253,VOICE,,5G,0.08,3.0
R01-0000330,1,North-Coast,+1-984-390-8846,,2026-06-01 21:18:59,1876,DATA,453737878,5G,0.0,4.54
R01-0000331,1,North-Coast,+1-468-240-6754,+1-753-674-9298,2026-06-01 22:47:29,0,SMS,,5G,0.0,0.05
R01-0000332,1,North-Coast,+1-483-703-0460,,2026-06-01 10:16:07,98,DATA,427677963,5G,0.0,4.28
R01-0000333,1,North-Coast,+1-461-281-1616,+1-640-928-4559,2026-06-01 00:00:19,15,VOICE,,5G,0.08,0.02
R01-0000334,1,North-Coast,+1-473-442-3442,+1-826-961-8660,2026-06-01 07:29:05,0,SMS,,4G,0.0,0.05
R01-0000335,1,North-Coast,+1-607-810-4541,,2026-06-01 05:34:35,6434,DATA,120019586,4G,0.0,1.2
R01-0000336,1,North-Coast,+1-414-747-1153,+1-563-750-8488,2026-06-01 14:55:30,0,VOICE,,4G,0.1,0.0
R01-0000337,1,North-Coast,+1-632-783-2096,+1-517-230-9336,2026-06-01 17:40:00,0,SMS,,5G,0.0,0.05
R01-0000338,1,North-Coast,+1-748-873-9550,+1-555-440-3630,2026-06-01 07:19:18,695,VOICE,,4G,0.1,1.16
R01-0000339,1,North-Coast,+1-244-897-1079,+1-345-433-8319,2026-06-01 04:14:59,345,VOICE,,3G,0.12,0.69
R01-0000340,1,North-Coast,+1-665-628-0739,,2026-06-01 15:56:57,5128,DATA,134591839,4G,0.0,1.35
R01-0000341,1,North-Coast,+1-881-489-3397,,2026-06-01 06:17:38,2230,DATA,348261050,4G,0.0,3.48
R01-0000342,1,North-Coast,+1-808-241-9201,+1-513-688-4549,2026-06-01 11:55:15,0,SMS,,4G,0.0,0.05
R01-0000343,1,North-Coast,+1-838-343-1295,+1-911-662-4302,2026-06-01 15:10:18,2069,VOICE,,5G,0.08,2.76
R01-0000344,1,North-Coast,+1-913-746-7547,+1-664-980-4095,2026-06-01 01:02:32,2775,VOICE,,4G,0.1,4.62
R01-0000345,1,North-Coast,+1-359-243-6239,,2026-06-01 14:26:01,3374,DATA,223625786,4G,0.0,2.24
R01-0000346,1,North-Coast,+1-959-756-7793,+1-370-765-5558,2026-06-01 16:23:53,1803,VOICE,,5G,0.08,2.4
R01-0000347,1,North-Coast,+1-653-671-7223,,2026-06-01 08:36:54,1375,DATA,101629995,3G,0.0,1.02
R01-0000348,1,North-Coast,+1-345-489-2069,+1-223-845-1453,2026-06-01 15:53:51,2595,VOICE,,5G,0.08,3.46
R01-0000349,1,North-Coast,+1-906-561-4341,,2026-06-01 21:32:19,6960,DATA,217767058,5G,0.0,2.18
R01-0000350,1,North-Coast,+1-644-454-1291,+1-874-536-0866,2026-06-01 10:31:11,227,VOICE,,4G,0.1,0.38
R01-0000351,1,North-Coast,+1-553-362-3789,+1-933-658-0227,2026-06-01 01:34:56,0,SMS,,4G,0.0,0.05
R01-0000352,1,North-Coast,+1-586-851-1266,,2026-06-01 07:25:46,2209,DATA,397683996,4G,0.0,3.98
R01-0000353,1,North-Coast,+1-367-549-0848,+1-746-679-0669,2026-06-01 15:07:13,0,SMS,,4G,0.0,0.05
R01-0000354,1,North-Coast,+1-518-271-3718,+1-737-842-6119,2026-06-01 07:50:33,0,SMS,,5G,0.0,0.05
R01-0000355,1,North-Coast,+1-411-643-1986,+1-707-207-1763,2026-06-01 16:56:20,1980,VOICE,,5G,0.08,2.64
R01-0000356,1,North-Coast,+1-491-691-5111,+1-921-734-6177,2026-06-01 10:12:04,2241,VOICE,,4G,0.1,3.74
R01-0000357,1,North-Coast,+1-334-856-1038,,2026-06-01 13:18:43,6872,DATA,38480881,4G,0.0,0.38
R01-0000358,1,North-Coast,+1-452-311-7345,,2026-06-01 01:37:33,2224,DATA,95296513,4G,0.0,0.95
R01-0000359,1,North-Coast,+1-363-464-0920,+1-731-685-0592,2026-06-01 21:05:15,0,SMS,,4G,0.0,0.05
R01-0000360,1,North-Coast,+1-473-368-9884,+1-200-245-0083,2026-06-01 17:12:17,0,SMS,,5G,0.0,0.05
R01-0000361,1,North-Coast,+1-754-463-7754,,2026-06-01 03:39:26,3044,DATA,170121898,4G,0.0,1.7
R01-0000362,1,North-Coast,+1-838-664-3123,+1-302-997-7467,2026-06-01 07:04:26,0,SMS,,4G,0.0,0.05
R01-0000363,1,North-Coast,+1-912-702-7097,+1-473-614-8895,2026-06-01 01:38:33,0,SMS,,5G,0.0,0.05
R01-0000364,1,North-Coast,+1-480-659-3202,+1-454-484-3169,2026-06-01 20:44:55,2890,VOICE,,5G,0.08,3.85
R01-0000365,1,North-Coast,+1-206-694-2520,+1-451-640-9398,2026-06-01 21:04:27,1046,VOICE,,5G,0.08,1.39
R01-0000366,1,North-Coast,+1-714-938-9377,,2026-06-01 02:20:05,2619,DATA,20522901,4G,0.0,0.21
R01-0000367,1,North-Coast,+1-474-260-3102,+1-628-222-1267,2026-06-01 08:59:48,2989,VOICE,,4G,0.1,4.98
R01-0000368,1,North-Coast,+1-454-898-3919,+1-651-984-6738,2026-06-01 23:27:15,0,SMS,,4G,0.0,0.05
R01-0000369,1,North-Coast,+1-704-488-7686,+1-777-693-0935,2026-06-01 17:47:19,3051,VOICE,,4G,0.1,5.09
R01-0000370,1,North-Coast,+1-756-662-8452,,2026-06-01 01:48:05,3443,DATA,289167286,5G,0.0,2.89
R01-0000371,1,North-Coast,+1-461-452-4937,+1-673-836-0774,2026-06-01 10:01:00,0,SMS,,4G,0.0,0.05
R01-0000372,1,North-Coast,+1-895-671-3408,+1-672-320-2538,2026-06-01 01:07:05,2818,VOICE,,4G,0.1,4.7
R01-0000373,1,North-Coast,+1-509-799-9350,+1-249-291-6983,2026-06-01 08:53:13,1748,VOICE,,4G,0.1,2.91
R01-0000374,1,North-Coast,+1-575-860-9219,+1-201-627-7161,2026-06-01 20:31:04,0,SMS,,4G,0.0,0.05
R01-0000375,1,North-Coast,+1-644-880-2814,+1-785-596-5138,2026-06-01 23:20:49,3127,VOICE,,4G,0.1,5.21
R01-0000376,1,North-Coast,+1-856-482-5619,+1-309-702-6095,2026-06-01 02:00:25,0,SMS,,5G,0.0,0.05
R01-0000377,1,North-Coast,+1-258-217-9421,+1-451-507-8044,2026-06-01 00:51:54,1516,VOICE,,4G,0.1,2.53
R01-0000378,1,North-Coast,+1-914-855-5944,+1-879-683-5869,2026-06-01 21:24:43,2761,VOICE,,5G,0.08,3.68
R01-0000379,1,North-Coast,+1-228-239-7047,+1-543-343-1094,2026-06-01 03:21:46,0,SMS,,4G,0.0,0.05
R01-0000380,1,North-Coast,+1-284-247-6270,,2026-06-01 01:06:31,6669,DATA,305409590,4G,0.0,3.05
R01-0000381,1,North-Coast,+1-826-282-1549,+1-498-427-5287,2026-06-01 15:23:25,0,SMS,,3G,0.0,0.05
R01-0000382,1,North-Coast,+1-260-328-1943,+1-982-808-3819,2026-06-01 10:16:34,0,SMS,,3G,0.0,0.05
R01-0000383,1,North-Coast,+1-875-370-8697,,2026-06-01 15:51:15,2933,DATA,426693092,3G,0.0,4.27
R01-0000384,1,North-Coast,+1-894-347-4652,+1-780-255-1233,2026-06-01 16:35:56,0,VOICE,,4G,0.1,0.0
R01-0000385,1,North-Coast,+1-953-870-6924,,2026-06-01 02:24:15,1430,DATA,198072229,5G,0.0,1.98
R01-0000386,1,North-Coast,+1-791-273-3668,+1-635-771-7515,2026-06-01 14:29:20,0,SMS,,4G,0.0,0.05
R01-0000387,1,North-Coast,+1-754-411-5391,+1-890-615-7883,2026-06-01 12:06:03,0,SMS,,4G,0.0,0.05
R01-0000388,1,North-Coast,+1-514-582-2290,+1-943-708-6229,2026-06-01 03:35:15,0,SMS,,4G,0.0,0.05
R01-0000389,1,North-Coast,+1-616-814-5799,,2026-06-01 17:32:09,4696,DATA,32211038,4G,0.0,0.32
R01-0000390,1,North-Coast,+1-391-237-9299,+1-223-680-6365,2026-06-01 00:02:27,1126,VOICE,,4G,0.1,1.88
R01-0000391,1,North-Coast,+1-634-677-2383,+1-306-716-4981,2026-06-01 23:30:27,1316,VOICE,,4G,0.1,2.19
R01-0000392,1,North-Coast,+1-681-668-7845,+1-615-820-4205,2026-06-01 02:39:41,0,SMS,,4G,0.0,0.05
R01-0000393,1,North-Coast,+1-590-395-5025,+1-816-449-8925,2026-06-01 20:12:38,772,VOICE,,3G,0.12,1.54
R01-0000394,1,North-Coast,+1-277-468-1936,+1-945-734-5713,2026-06-01 23:45:47,577,VOICE,,5G,0.08,0.77
R01-0000395,1,North-Coast,+1-807-860-7234,+1-331-947-2173,2026-06-01 02:38:40,3450,VOICE,,3G,0.12,6.9
R01-0000396,1,North-Coast,+1-746-899-9982,,2026-06-01 09:07:20,2255,DATA,209733210,4G,0.0,2.1
R01-0000397,1,North-Coast,+1-613-515-7735,,2026-06-01 03:00:15,5178,DATA,252960022,4G,0.0,2.53
R01-0000398,1,North-Coast,+1-627-626-2493,+1-744-991-8106,2026-06-01 23:46:13,2464,VOICE,,5G,0.08,3.29
R01-0000399,1,North-Coast,+1-307-647-3898,+1-402-762-5389,2026-06-01 00:56:12,482,VOICE,,5G,0.08,0.64
R01-0000400,1,North-Coast,+1-909-741-7341,+1-787-455-5539,2026-06-01 07:27:18,3176,VOICE,,4G,0.1,5.29
R01-0000401,1,North-Coast,+1-653-653-5459,+1-475-951-5590,2026-06-01 06:43:00,0,SMS,,3G,0.0,0.05
R01-0000402,1,North-Coast,+1-438-213-1102,+1-297-977-5288,2026-06-01 13:55:45,3562,VOICE,,3G,0.12,7.12
R01-0000403,1,North-Coast,+1-441-389-4153,+1-736-606-5383,2026-06-01 14:06:52,0,SMS,,3G,0.0,0.05
R01-0000404,1,North-Coast,+1-518-553-1860,,2026-06-01 11:59:23,3654,DATA,226795326,5G,0.0,2.27
R01-0000405,1,North-Coast,+1-954-391-4384,,2026-06-01 04:48:04,4895,DATA,307864947,5G,0.0,3.08
R01-0000406,1,North-Coast,+1-213-566-5151,+1-323-383-8725,2026-06-01 18:19:22,2972,VOICE,,5G,0.08,3.96
R01-0000407,1,North-Coast,+1-688-688-2777,+1-372-648-7097,2026-06-01 01:07:11,1454,VOICE,,4G,0.1,2.42
R01-0000408,1,North-Coast,+1-458-388-1764,,2026-06-01 08:27:54,3253,DATA,380833470,4G,0.0,3.81
R01-0000409,1,North-Coast,+1-283-711-6575,+1-249-709-9672,2026-06-01 15:04:44,0,SMS,,3G,0.0,0.05
R01-0000410,1,North-Coast,+1-509-277-4542,+1-856-318-7785,2026-06-01 01:52:57,0,SMS,,5G,0.0,0.05
R01-0000411,1,North-Coast,+1-325-409-4912,+1-980-264-1635,2026-06-01 15:41:54,599,VOICE,,4G,0.1,1.0
R01-0000412,1,North-Coast,+1-597-781-8293,,2026-06-01 17:18:39,5741,DATA,316515445,3G,0.0,3.17
R01-0000413,1,North-Coast,+1-855-532-3838,+1-880-686-6904,2026-06-01 05:43:37,0,SMS,,4G,0.0,0.05
R01-0000414,1,North-Coast,+1-937-895-3204,+1-831-657-2129,2026-06-01 13:01:15,0,SMS,,5G,0.0,0.05
R01-0000415,1,North-Coast,+1-252-275-4888,+1-851-743-0610,2026-06-01 20:15:58,1936,VOICE,,4G,0.1,3.23
R01-0000416,1,North-Coast,+1-681-956-3362,+1-324-281-9219,2026-06-01 17:14:02,2968,VOICE,,5G,0.08,3.96
R01-0000417,1,North-Coast,+1-618-743-7777,,2026-06-01 01:03:05,2897,DATA,122180487,5G,0.0,1.22
R01-0000418,1,North-Coast,+1-622-351-2761,+1-525-420-3518,2026-06-01 06:49:39,3136,VOICE,,3G,0.12,6.27
R01-0000419,1,North-Coast,+1-716-956-5452,+1-747-441-2682,2026-06-01 15:10:00,0,SMS,,4G,0.0,0.05
R01-0000420,1,North-Coast,+1-254-358-9101,+1-378-421-5534,2026-06-01 14:53:56,0,SMS,,4G,0.0,0.05
R01-0000421,1,North-Coast,+1-536-958-7839,+1-592-478-8997,2026-06-01 00:05:10,1176,VOICE,,4G,0.1,1.96
R01-0000422,1,North-Coast,+1-805-378-2647,+1-364-870-7752,2026-06-01 10:23:51,0,SMS,,4G,0.0,0.05
R01-0000423,1,North-Coast,+1-425-794-6997,+1-578-215-5685,2026-06-01 03:59:39,2532,VOICE,,4G,0.1,4.22
R01-0000424,1,North-Coast,+1-413-425-0307,+1-952-352-7529,2026-06-01 17:40:24,0,SMS,,4G,0.0,0.05
R01-0000425,1,North-Coast,+1-718-413-4979,,2026-06-01 02:52:50,3850,DATA,64511099,4G,0.0,0.65
R01-0000426,1,North-Coast,+1-423-276-9347,+1-495-811-3955,2026-06-01 16:42:21,2622,VOICE,,5G,0.08,3.5
R01-0000427,1,North-Coast,+1-847-546-6400,+1-257-818-8133,2026-06-01 02:51:39,0,SMS,,4G,0.0,0.05
R01-0000428,1,North-Coast,+1-706-830-9184,+1-524-876-8553,2026-06-01 05:33:38,2904,VOICE,,4G,0.1,4.84
R01-0000429,1,North-Coast,+1-571-266-6695,+1-494-873-7880,2026-06-01 15:47:02,1376,VOICE,,4G,0.1,2.29
R01-0000430,1,North-Coast,+1-932-806-8016,+1-307-421-0898,2026-06-01 19:23:48,1835,VOICE,,5G,0.08,2.45
R01-0000431,1,North-Coast,+1-775-617-4495,+1-669-313-3006,2026-06-01 01:31:36,0,SMS,,5G,0.0,0.05
R01-0000432,1,North-Coast,+1-705-565-2770,,2026-06-01 03:56:16,5806,DATA,423465436,4G,0.0,4.23
R01-0000433,1,North-Coast,+1-838-645-7686,+1-755-527-8631,2026-06-01 08:07:43,1392,VOICE,,5G,0.08,1.86
R01-0000434,1,North-Coast,+1-266-271-5340,+1-903-545-1884,2026-06-01 09:11:58,0,SMS,,4G,0.0,0.05
R01-0000435,1,North-Coast,+1-474-519-7460,,2026-06-01 21:28:12,6750,DATA,149028853,5G,0.0,1.49
R01-0000436,1,North-Coast,+1-653-779-2893,+1-562-368-8449,2026-06-01 08:40:33,203,VOICE,,4G,0.1,0.34
R01-0000437,1,North-Coast,+1-229-328-4932,,2026-06-01 07:36:22,1366,DATA,304102108,5G,0.0,3.04
R01-0000438,1,North-Coast,+1-672-503-6332,+1-462-969-4637,2026-06-01 20:40:47,0,VOICE,,4G,0.1,0.0
R01-0000439,1,North-Coast,+1-943-524-5196,+1-295-358-7744,2026-06-01 17:31:50,321,VOICE,,3G,0.12,0.64
R01-0000440,1,North-Coast,+1-489-397-5519,+1-688-366-9593,2026-06-01 05:52:27,0,SMS,,3G,0.0,0.05
R01-0000441,1,North-Coast,+1-926-623-8993,+1-219-711-9755,2026-06-01 02:19:11,0,SMS,,5G,0.0,0.05
R01-0000442,1,North-Coast,+1-313-686-8018,+1-526-589-3889,2026-06-01 12:11:26,815,VOICE,,3G,0.12,1.63
R01-0000443,1,North-Coast,+1-857-446-5057,+1-798-788-7396,2026-06-01 18:50:31,0,SMS,,4G,0.0,0.05
R01-0000444,1,North-Coast,+1-527-331-8971,,2026-06-01 07:01:40,1909,DATA,354604037,3G,0.0,3.55
R01-0000445,1,North-Coast,+1-571-909-3574,,2026-06-01 20:11:39,1261,DATA,441813422,4G,0.0,4.42
R01-0000446,1,North-Coast,+1-253-817-7469,+1-538-537-5095,2026-06-01 16:06:10,3309,VOICE,,4G,0.1,5.52
R01-0000447,1,North-Coast,+1-886-200-0992,+1-234-997-0319,2026-06-01 10:30:37,92,VOICE,,3G,0.12,0.18
R01-0000448,1,North-Coast,+1-610-449-5470,+1-548-229-4169,2026-06-01 06:44:24,826,VOICE,,5G,0.08,1.1
R01-0000449,1,North-Coast,+1-629-835-8708,+1-893-480-1810,2026-06-01 18:45:27,2900,VOICE,,3G,0.12,5.8
R01-0000450,1,North-Coast,+1-734-519-2320,+1-436-758-3474,2026-06-01 11:17:00,995,VOICE,,3G,0.12,1.99
R01-0000451,1,North-Coast,+1-670-951-7058,+1-381-653-3306,2026-06-01 05:39:56,2457,VOICE,,5G,0.08,3.28
R01-0000452,1,North-Coast,+1-620-432-6125,+1-769-478-3826,2026-06-01 14:57:16,0,SMS,,3G,0.0,0.05
R01-0000453,1,North-Coast,+1-563-845-8019,+1-801-841-2781,2026-06-01 17:41:28,583,VOICE,,5G,0.08,0.78
R01-0000454,1,North-Coast,+1-390-725-6849,+1-968-515-5892,2026-06-01 19:50:18,0,SMS,,5G,0.0,0.05
R01-0000455,1,North-Coast,+1-241-721-2091,,2026-06-01 07:31:39,1900,DATA,125753575,3G,0.0,1.26
R01-0000456,1,North-Coast,+1-329-236-5698,+1-934-216-2299,2026-06-01 03:09:07,1732,VOICE,,4G,0.1,2.89
R01-0000457,1,North-Coast,+1-958-734-9250,+1-465-282-2101,2026-06-01 15:10:36,1260,VOICE,,4G,0.1,2.1
R01-0000458,1,North-Coast,+1-417-511-8485,,2026-06-01 05:17:04,5926,DATA,386862939,4G,0.0,3.87
R01-0000459,1,North-Coast,+1-785-684-1477,,2026-06-01 14:13:41,2721,DATA,151360822,3G,0.0,1.51
R01-0000460,1,North-Coast,+1-931-691-3778,+1-327-405-4418,2026-06-01 05:09:10,0,SMS,,5G,0.0,0.05
R01-0000461,1,North-Coast,+1-788-932-1199,+1-282-437-2369,2026-06-01 13:22:15,0,SMS,,4G,0.0,0.05
R01-0000462,1,North-Coast,+1-713-610-1857,+1-220-310-2979,2026-06-01 20:15:29,1671,VOICE,,5G,0.08,2.23
R01-0000463,1,North-Coast,+1-745-880-5001,+1-406-305-6845,2026-06-01 08:01:25,0,SMS,,4G,0.0,0.05
R01-0000464,1,North-Coast,+1-887-878-4744,+1-270-644-3185,2026-06-01 14:41:20,1827,VOICE,,4G,0.1,3.04
R01-0000465,1,North-Coast,+1-970-376-4365,+1-813-610-3606,2026-06-01 09:26:29,893,VOICE,,5G,0.08,1.19
R01-0000466,1,North-Coast,+1-385-614-5463,+1-239-883-6567,2026-06-01 12:49:38,1506,VOICE,,4G,0.1,2.51
R01-0000467,1,North-Coast,+1-539-244-4889,,2026-06-01 10:16:45,4663,DATA,142471578,4G,0.0,1.42
R01-0000468,1,North-Coast,+1-289-493-7069,+1-598-780-3014,2026-06-01 19:42:34,0,SMS,,4G,0.0,0.05
R01-0000469,1,North-Coast,+1-426-502-9461,+1-828-988-5793,2026-06-01 07:59:39,279,VOICE,,4G,0.1,0.47
R01-0000470,1,North-Coast,+1-596-769-1570,+1-564-236-1139,2026-06-01 20:25:03,0,SMS,,4G,0.0,0.05
R01-0000471,1,North-Coast,+1-862-560-4303,+1-866-979-6061,2026-06-01 03:53:03,3522,VOICE,,4G,0.1,5.87
R01-0000472,1,North-Coast,+1-548-970-2415,+1-213-490-5521,2026-06-01 22:44:48,0,SMS,,4G,0.0,0.05
R01-0000473,1,North-Coast,+1-786-238-7583,+1-671-526-9228,2026-06-01 09:57:38,0,SMS,,4G,0.0,0.05
R01-0000474,1,North-Coast,+1-883-990-4034,+1-674-761-9338,2026-06-01 07:39:38,0,SMS,,3G,0.0,0.05
R01-0000475,1,North-Coast,+1-587-925-0384,,2026-06-01 10:12:24,781,DATA,423827625,3G,0.0,4.24
R01-0000476,1,North-Coast,+1-926-356-2326,+1-597-989-2986,2026-06-01 19:34:20,3332,VOICE,,3G,0.12,6.66
R01-0000477,1,North-Coast,+1-619-811-1568,+1-403-715-0539,2026-06-01 09:34:20,0,SMS,,4G,0.0,0.05
R01-0000478,1,North-Coast,+1-432-217-0485,+1-456-428-4276,2026-06-01 21:29:10,1388,VOICE,,4G,0.1,2.31
R01-0000479,1,North-Coast,+1-528-440-5655,,2026-06-01 08:33:59,4726,DATA,99359855,5G,0.0,0.99
R01-0000480,1,North-Coast,+1-299-983-4889,+1-542-626-3885,2026-06-01 15:46:48,0,SMS,,4G,0.0,0.05
R01-0000481,1,North-Coast,+1-299-625-9499,+1-394-684-2218,2026-06-01 12:05:04,1417,VOICE,,5G,0.08,1.89
R01-0000482,1,North-Coast,+1-923-249-8914,+1-919-790-3939,2026-06-01 03:05:36,0,SMS,,5G,0.0,0.05
R01-0000483,1,North-Coast,+1-702-655-8008,+1-241-847-1227,2026-06-01 12:32:07,2905,VOICE,,3G,0.12,5.81
R01-0000484,1,North-Coast,+1-265-868-4186,+1-231-291-3087,2026-06-01 19:31:01,1382,VOICE,,5G,0.08,1.84
R01-0000485,1,North-Coast,+1-307-926-0021,+1-394-215-4787,2026-06-01 06:02:56,0,SMS,,5G,0.0,0.05
R01-0000486,1,North-Coast,+1-885-638-5832,+1-938-705-2637,2026-06-01 04:55:27,0,VOICE,,4G,0.1,0.0
R01-0000487,1,North-Coast,+1-628-441-6743,,2026-06-01 06:02:14,3762,DATA,64474280,5G,0.0,0.64
R01-0000488,1,North-Coast,+1-419-932-4534,,2026-06-01 04:26:06,5059,DATA,244186675,4G,0.0,2.44
R01-0000489,1,North-Coast,+1-964-981-6647,,2026-06-01 13:45:50,1454,DATA,119791493,4G,0.0,1.2
R01-0000490,1,North-Coast,+1-201-957-8420,+1-321-887-4838,2026-06-01 14:13:21,1748,VOICE,,4G,0.1,2.91
R01-0000491,1,North-Coast,+1-224-402-5692,+1-308-715-3365,2026-06-01 00:19:43,3466,VOICE,,3G,0.12,6.93
R01-0000492,1,North-Coast,+1-963-777-3275,,2026-06-01 10:47:51,1203,DATA,316852157,5G,0.0,3.17
R01-0000493,1,North-Coast,+1-303-600-7024,+1-349-797-4350,2026-06-01 12:15:13,0,SMS,,5G,0.0,0.05
R01-0000494,1,North-Coast,+1-777-677-3373,+1-660-232-2048,2026-06-01 01:00:23,0,SMS,,4G,0.0,0.05
R01-0000495,1,North-Coast,+1-676-298-3395,+1-536-702-9847,2026-06-01 00:31:49,0,SMS,,3G,0.0,0.05
R01-0000496,1,North-Coast,+1-380-239-6181,+1-486-330-0832,2026-06-01 07:41:22,0,SMS,,4G,0.0,0.05
R01-0000497,1,North-Coast,+1-405-720-2700,+1-667-941-8203,2026-06-01 01:23:35,2211,VOICE,,5G,0.08,2.95
R01-0000498,1,North-Coast,+1-656-939-4331,+1-468-236-9263,2026-06-01 23:01:27,2150,VOICE,,4G,0.1,3.58
R01-0000499,1,North-Coast,+1-250-784-4820,+1-518-605-1706,2026-06-01 02:47:53,0,SMS,,4G,0.0,0.05
R01-0000500,1,North-Coast,+1-807-869-0787,+1-957-497-8481,2026-06-01 00:38:06,781,VOICE,,5G,0.08,1.04
R01-0000501,1,North-Coast,+1-456-833-7093,+1-648-844-8622,2026-06-01 07:37:49,0,SMS,,5G,0.0,0.05
R01-0000502,1,North-Coast,+1-674-514-1222,+1-236-939-1754,2026-06-01 17:47:16,2273,VOICE,,4G,0.1,3.79
R01-0000503,1,North-Coast,+1-536-344-4698,+1-779-871-0425,2026-06-01 00:18:33,2274,VOICE,,4G,0.1,3.79
R01-0000504,1,North-Coast,+1-957-541-3209,+1-875-981-9560,2026-06-01 14:45:42,804,VOICE,,3G,0.12,1.61
R01-0000505,1,North-Coast,+1-734-524-2333,+1-941-479-9090,2026-06-01 22:23:23,0,SMS,,3G,0.0,0.05
R01-0000506,1,North-Coast,+1-289-550-3789,+1-738-707-5580,2026-06-01 21:12:28,2987,VOICE,,5G,0.08,3.98
R01-0000507,1,North-Coast,+1-721-963-5421,+1-528-328-9149,2026-06-01 20:26:09,0,SMS,,4G,0.0,0.05
R01-0000508,1,North-Coast,+1-502-499-8529,,2026-06-01 07:52:03,4909,DATA,139608278,4G,0.0,1.4
R01-0000509,1,North-Coast,+1-368-727-4919,+1-904-334-7969,2026-06-01 00:09:34,0,VOICE,,5G,0.08,0.0
R01-0000510,1,North-Coast,+1-431-313-9617,,2026-06-01 02:29:02,2704,DATA,296614465,5G,0.0,2.97
R01-0000511,1,North-Coast,+1-637-718-8588,+1-405-799-0247,2026-06-01 09:25:02,0,SMS,,4G,0.0,0.05
R01-0000512,1,North-Coast,+1-632-856-0976,+1-524-780-0856,2026-06-01 09:39:41,3048,VOICE,,5G,0.08,4.06
R01-0000513,1,North-Coast,+1-316-877-2725,+1-930-370-7374,2026-06-01 21:30:47,0,SMS,,5G,0.0,0.05
R01-0000514,1,North-Coast,+1-541-213-2568,+1-780-834-5250,2026-06-01 08:06:00,2580,VOICE,,4G,0.1,4.3
R01-0000515,1,North-Coast,+1-335-533-3969,+1-518-855-0152,2026-06-01 20:54:21,0,VOICE,,4G,0.1,0.0
R01-0000516,1,North-Coast,+1-220-644-7131,+1-310-323-3100,2026-06-01 05:11:16,1138,VOICE,,4G,0.1,1.9
R01-0000517,1,North-Coast,+1-938-255-6821,,2026-06-01 16:14:50,2517,DATA,102553653,4G,0.0,1.03
R01-0000518,1,North-Coast,+1-405-853-8421,,2026-06-01 23:49:22,38,DATA,454600466,4G,0.0,4.55
R01-0000519,1,North-Coast,+1-236-824-3691,+1-895-872-2256,2026-06-01 15:41:25,0,SMS,,4G,0.0,0.05
R01-0000520,1,North-Coast,+1-396-676-3794,+1-388-221-8843,2026-06-01 09:41:43,0,SMS,,4G,0.0,0.05
R01-0000521,1,North-Coast,+1-454-294-8705,+1-712-472-6469,2026-06-01 18:44:21,1111,VOICE,,5G,0.08,1.48
R01-0000522,1,North-Coast,+1-611-763-0069,+1-397-932-6161,2026-06-01 22:05:10,585,VOICE,,4G,0.1,0.98
R01-0000523,1,North-Coast,+1-293-459-8642,+1-334-691-5673,2026-06-01 01:48:45,3504,VOICE,,5G,0.08,4.67
R01-0000524,1,North-Coast,+1-343-971-7996,+1-423-292-5967,2026-06-01 09:57:59,430,VOICE,,4G,0.1,0.72
R01-0000525,1,North-Coast,+1-642-540-7391,+1-729-850-4545,2026-06-01 03:38:37,0,SMS,,3G,0.0,0.05
R01-0000526,1,North-Coast,+1-719-853-6904,+1-914-696-1430,2026-06-01 11:47:44,0,SMS,,4G,0.0,0.05
R01-0000527,1,North-Coast,+1-458-981-1269,+1-863-436-5993,2026-06-01 09:24:39,0,SMS,,5G,0.0,0.05
R01-0000528,1,North-Coast,+1-971-899-2403,+1-571-378-8573,2026-06-01 14:49:32,1868,VOICE,,5G,0.08,2.49
R01-0000529,1,North-Coast,+1-251-748-1465,+1-651-441-9444,2026-06-01 11:41:49,0,SMS,,5G,0.0,0.05
R01-0000530,1,North-Coast,+1-902-741-1555,+1-386-770-4538,2026-06-01 20:52:43,139,VOICE,,4G,0.1,0.23
R01-0000531,1,North-Coast,+1-703-234-1551,+1-927-518-6509,2026-06-01 23:37:01,2648,VOICE,,4G,0.1,4.41
R01-0000532,1,North-Coast,+1-576-662-1619,,2026-06-01 14:30:23,5172,DATA,131908208,5G,0.0,1.32
R01-0000533,1,North-Coast,+1-534-331-7925,+1-379-890-2295,2026-06-01 18:00:10,213,VOICE,,4G,0.1,0.35
R01-0000534,1,North-Coast,+1-314-265-7582,+1-540-793-0348,2026-06-01 00:25:20,546,VOICE,,4G,0.1,0.91
R01-0000535,1,North-Coast,+1-557-583-1531,+1-797-792-0399,2026-06-01 16:27:52,0,SMS,,4G,0.0,0.05
R01-0000536,1,North-Coast,+1-675-230-2751,+1-717-906-6730,2026-06-01 11:27:10,1601,VOICE,,4G,0.1,2.67
R01-0000537,1,North-Coast,+1-544-873-9862,+1-415-321-3092,2026-06-01 16:20:57,2001,VOICE,,3G,0.12,4.0
R01-0000538,1,North-Coast,+1-804-402-0368,,2026-06-01 09:06:57,2746,DATA,202912965,4G,0.0,2.03
R01-0000539,1,North-Coast,+1-531-714-0516,+1-706-308-7034,2026-06-01 06:23:19,0,SMS,,5G,0.0,0.05
R01-0000540,1,North-Coast,+1-627-792-6293,,2026-06-01 02:04:07,5833,DATA,206641332,5G,0.0,2.07
R01-0000541,1,North-Coast,+1-314-327-6727,+1-307-491-6956,2026-06-01 23:56:11,2200,VOICE,,3G,0.12,4.4
R01-0000542,1,North-Coast,+1-567-443-0780,+1-707-797-8347,2026-06-01 18:15:45,0,SMS,,4G,0.0,0.05
R01-0000543,1,North-Coast,+1-282-602-4790,+1-452-901-0761,2026-06-01 16:51:04,2632,VOICE,,5G,0.08,3.51
R01-0000544,1,North-Coast,+1-565-703-5842,+1-272-221-7314,2026-06-01 08:31:38,0,SMS,,5G,0.0,0.05
R01-0000545,1,North-Coast,+1-285-770-5876,+1-786-983-5808,2026-06-01 02:08:44,1373,VOICE,,4G,0.1,2.29
R01-0000546,1,North-Coast,+1-609-811-7005,,2026-06-01 22:44:48,2270,DATA,67610545,3G,0.0,0.68
R01-0000547,1,North-Coast,+1-406-436-0404,+1-529-229-8325,2026-06-01 18:34:46,0,SMS,,4G,0.0,0.05
R01-0000548,1,North-Coast,+1-298-826-2070,,2026-06-01 07:37:36,6267,DATA,14834354,5G,0.0,0.15
R01-0000549,1,North-Coast,+1-401-735-2752,,2026-06-01 13:47:03,2367,DATA,395358639,4G,0.0,3.95
R01-0000550,1,North-Coast,+1-613-207-7984,+1-440-835-9640,2026-06-01 09:39:38,2295,VOICE,,5G,0.08,3.06
R01-0000551,1,North-Coast,+1-782-445-7158,+1-841-552-0244,2026-06-01 13:01:28,1248,VOICE,,4G,0.1,2.08
R01-0000552,1,North-Coast,+1-472-364-2145,,2026-06-01 08:22:09,1913,DATA,370941279,4G,0.0,3.71
R01-0000553,1,North-Coast,+1-986-646-4471,+1-660-366-6211,2026-06-01 21:06:51,0,SMS,,3G,0.0,0.05
R01-0000554,1,North-Coast,+1-597-883-2605,+1-834-722-4067,2026-06-01 23:39:04,0,VOICE,,5G,0.08,0.0
R01-0000555,1,North-Coast,+1-477-958-6891,+1-756-909-6506,2026-06-01 05:09:11,414,VOICE,,3G,0.12,0.83
R01-0000556,1,North-Coast,+1-717-796-7929,,2026-06-01 16:07:58,4844,DATA,478158566,5G,0.0,4.78
R01-0000557,1,North-Coast,+1-268-408-9204,,2026-06-01 13:03:00,3797,DATA,365274989,4G,0.0,3.65
R01-0000558,1,North-Coast,+1-237-254-9190,+1-911-582-7044,2026-06-01 19:19:43,0,SMS,,5G,0.0,0.05
R01-0000559,1,North-Coast,+1-655-475-2870,+1-419-556-4004,2026-06-01 15:59:24,0,SMS,,4G,0.0,0.05
R01-0000560,1,North-Coast,+1-241-979-6667,+1-236-439-7967,2026-06-01 01:06:38,2262,VOICE,,4G,0.1,3.77
R01-0000561,1,North-Coast,+1-820-296-3568,,2026-06-01 20:49:25,1407,DATA,269683657,4G,0.0,2.7
R01-0000562,1,North-Coast,+1-876-311-6426,+1-923-752-4816,2026-06-01 03:04:25,0,SMS,,5G,0.0,0.05
R01-0000563,1,North-Coast,+1-801-481-7183,+1-667-491-8087,2026-06-01 06:19:09,872,VOICE,,4G,0.1,1.45
R01-0000564,1,North-Coast,+1-986-849-7093,+1-212-594-0883,2026-06-01 04:43:37,0,SMS,,4G,0.0,0.05
R01-0000565,1,North-Coast,+1-764-476-4000,+1-653-938-9734,2026-06-01 15:11:40,1479,VOICE,,4G,0.1,2.46
R01-0000566,1,North-Coast,+1-790-946-1918,,2026-06-01 19:25:49,3953,DATA,360261760,5G,0.0,3.6
R01-0000567,1,North-Coast,+1-663-670-2962,+1-578-249-7819,2026-06-01 18:32:57,1649,VOICE,,5G,0.08,2.2
R01-0000568,1,North-Coast,+1-704-929-5228,+1-735-405-6129,2026-06-01 22:31:35,2883,VOICE,,4G,0.1,4.8
R01-0000569,1,North-Coast,+1-498-937-6034,+1-927-418-6972,2026-06-01 09:13:11,0,SMS,,4G,0.0,0.05
R01-0000570,1,North-Coast,+1-435-814-2925,+1-468-961-8823,2026-06-01 13:38:55,0,SMS,,3G,0.0,0.05
R01-0000571,1,North-Coast,+1-240-262-9608,+1-785-652-6766,2026-06-01 03:35:51,51,VOICE,,5G,0.08,0.07
R01-0000572,1,North-Coast,+1-799-873-3803,+1-825-722-3303,2026-06-01 22:37:40,604,VOICE,,4G,0.1,1.01
R01-0000573,1,North-Coast,+1-618-457-3065,+1-390-378-7646,2026-06-01 01:05:33,0,SMS,,4G,0.0,0.05
R01-0000574,1,North-Coast,+1-296-473-0992,+1-392-364-4496,2026-06-01 08:42:22,648,VOICE,,4G,0.1,1.08
R01-0000575,1,North-Coast,+1-355-834-1472,+1-756-204-6281,2026-06-01 12:34:04,0,SMS,,4G,0.0,0.05
R01-0000576,1,North-Coast,+1-406-252-0463,+1-448-642-7647,2026-06-01 04:34:51,3592,VOICE,,4G,0.1,5.99
R01-0000577,1,North-Coast,+1-606-405-9612,+1-595-848-4151,2026-06-01 18:35:42,917,VOICE,,3G,0.12,1.83
R01-0000578,1,North-Coast,+1-272-330-6174,+1-644-799-8162,2026-06-01 10:42:53,2501,VOICE,,5G,0.08,3.33
R01-0000579,1,North-Coast,+1-231-522-8873,+1-893-614-3655,2026-06-01 04:32:23,58,VOICE,,4G,0.1,0.1
R01-0000580,1,North-Coast,+1-372-345-1172,+1-966-624-8546,2026-06-01 17:57:40,0,SMS,,4G,0.0,0.05
R01-0000581,1,North-Coast,+1-651-267-0112,+1-512-842-4859,2026-06-01 07:27:28,0,SMS,,5G,0.0,0.05
R01-0000582,1,North-Coast,+1-237-634-1074,+1-450-454-7445,2026-06-01 09:19:12,0,SMS,,3G,0.0,0.05
R01-0000583,1,North-Coast,+1-344-392-8991,,2026-06-01 22:27:31,587,DATA,153146767,4G,0.0,1.53
R01-0000584,1,North-Coast,+1-751-741-3714,+1-204-965-9951,2026-06-01 10:14:26,2342,VOICE,,4G,0.1,3.9
R01-0000585,1,North-Coast,+1-567-834-2935,+1-351-706-7581,2026-06-01 05:38:20,986,VOICE,,5G,0.08,1.31
R01-0000586,1,North-Coast,+1-725-451-9991,+1-883-629-1549,2026-06-01 20:50:42,0,SMS,,4G,0.0,0.05
R01-0000587,1,North-Coast,+1-452-683-6494,+1-395-673-7878,2026-06-01 10:23:41,1107,VOICE,,4G,0.1,1.84
R01-0000588,1,North-Coast,+1-865-802-2368,,2026-06-01 23:35:25,1765,DATA,225956979,5G,0.0,2.26
R01-0000589,1,North-Coast,+1-941-783-4394,,2026-06-01 07:14:33,1960,DATA,118661390,3G,0.0,1.19
R01-0000590,1,North-Coast,+1-534-234-7559,+1-668-475-1591,2026-06-01 05:26:39,402,VOICE,,4G,0.1,0.67
R01-0000591,1,North-Coast,+1-303-300-6162,+1-936-557-6454,2026-06-01 03:56:59,1823,VOICE,,3G,0.12,3.65
R01-0000592,1,North-Coast,+1-689-671-9187,+1-983-512-4563,2026-06-01 09:52:04,0,SMS,,4G,0.0,0.05
R01-0000593,1,North-Coast,+1-730-924-9559,+1-743-264-4153,2026-06-01 09:25:17,3454,VOICE,,4G,0.1,5.76
R01-0000594,1,North-Coast,+1-310-263-1591,+1-715-890-1025,2026-06-01 02:20:31,3110,VOICE,,4G,0.1,5.18
R01-0000595,1,North-Coast,+1-728-799-6361,+1-943-402-7950,2026-06-01 04:11:50,0,SMS,,3G,0.0,0.05
R01-0000596,1,North-Coast,+1-244-753-7275,+1-428-546-1381,2026-06-01 22:46:02,967,VOICE,,4G,0.1,1.61
R01-0000597,1,North-Coast,+1-612-275-7414,+1-892-210-1356,2026-06-01 06:22:51,0,SMS,,4G,0.0,0.05
R01-0000598,1,North-Coast,+1-336-444-3440,,2026-06-01 10:09:06,480,DATA,73866583,4G,0.0,0.74
R01-0000599,1,North-Coast,+1-286-336-4577,+1-800-981-7974,2026-06-01 03:19:44,0,SMS,,3G,0.0,0.05
R01-0000600,1,North-Coast,+1-572-478-9217,+1-248-286-1110,2026-06-01 23:01:36,2282,VOICE,,4G,0.1,3.8
R01-0000601,1,North-Coast,+1-960-938-9395,,2026-06-01 16:25:08,1233,DATA,11171000,4G,0.0,0.11
R01-0000602,1,North-Coast,+1-578-427-6045,+1-579-920-9701,2026-06-01 15:31:50,2892,VOICE,,4G,0.1,4.82
R01-0000603,1,North-Coast,+1-463-857-4396,,2026-06-01 00:32:55,2214,DATA,490158883,4G,0.0,4.9
R01-0000604,1,North-Coast,+1-645-495-6830,+1-573-992-3960,2026-06-01 10:26:34,1065,VOICE,,4G,0.1,1.78
R01-0000605,1,North-Coast,+1-766-345-5591,+1-595-224-9251,2026-06-01 12:37:49,166,VOICE,,5G,0.08,0.22
R01-0000606,1,North-Coast,+1-332-364-5137,+1-256-860-2568,2026-06-01 13:40:58,0,SMS,,4G,0.0,0.05
R01-0000607,1,North-Coast,+1-597-288-4202,+1-283-933-0103,2026-06-01 20:43:28,0,SMS,,4G,0.0,0.05
R01-0000608,1,North-Coast,+1-238-949-0117,,2026-06-01 17:58:32,3451,DATA,58723712,5G,0.0,0.59
R01-0000609,1,North-Coast,+1-624-300-7656,+1-507-743-6197,2026-06-01 01:57:37,855,VOICE,,5G,0.08,1.14
R01-0000610,1,North-Coast,+1-785-418-6466,+1-764-927-7541,2026-06-01 15:38:59,2514,VOICE,,4G,0.1,4.19
R01-0000611,1,North-Coast,+1-619-713-8302,+1-849-344-3826,2026-06-01 12:17:32,3487,VOICE,,3G,0.12,6.97
R01-0000612,1,North-Coast,+1-498-210-6580,,2026-06-01 04:56:07,6127,DATA,91073519,4G,0.0,0.91
R01-0000613,1,North-Coast,+1-723-750-3557,+1-229-207-8761,2026-06-01 06:11:11,0,SMS,,5G,0.0,0.05
R01-0000614,1,North-Coast,+1-887-446-5431,+1-580-967-5972,2026-06-01 07:55:51,374,VOICE,,5G,0.08,0.5
R01-0000615,1,North-Coast,+1-896-910-9577,+1-314-328-6065,2026-06-01 17:35:02,2574,VOICE,,4G,0.1,4.29
R01-0000616,1,North-Coast,+1-486-929-7328,+1-491-856-6228,2026-06-01 18:33:09,0,SMS,,5G,0.0,0.05
R01-0000617,1,North-Coast,+1-881-877-6140,+1-853-935-8014,2026-06-01 00:32:16,0,SMS,,4G,0.0,0.05
R01-0000618,1,North-Coast,+1-655-453-4726,,2026-06-01 22:47:40,6524,DATA,123039209,4G,0.0,1.23
R01-0000619,1,North-Coast,+1-467-637-1825,+1-880-923-1754,2026-06-01 03:51:55,0,SMS,,4G,0.0,0.05
R01-0000620,1,North-Coast,+1-344-335-0624,+1-923-884-9312,2026-06-01 09:35:13,460,VOICE,,4G,0.1,0.77
R01-0000621,1,North-Coast,+1-946-283-1751,+1-851-673-8383,2026-06-01 03:00:35,1490,VOICE,,4G,0.1,2.48
R01-0000622,1,North-Coast,+1-252-718-9285,+1-526-350-9531,2026-06-01 20:42:48,3179,VOICE,,4G,0.1,5.3
R01-0000623,1,North-Coast,+1-447-249-6608,+1-977-748-1902,2026-06-01 18:15:53,0,SMS,,4G,0.0,0.05
R01-0000624,1,North-Coast,+1-806-425-1874,+1-828-809-5136,2026-06-01 13:34:34,0,SMS,,4G,0.0,0.05
R01-0000625,1,North-Coast,+1-754-405-2459,+1-710-373-7788,2026-06-01 19:05:16,2396,VOICE,,4G,0.1,3.99
R01-0000626,1,North-Coast,+1-718-254-2586,+1-232-469-4262,2026-06-01 20:27:06,0,SMS,,4G,0.0,0.05
R01-0000627,1,North-Coast,+1-711-229-6776,+1-689-628-0467,2026-06-01 12:05:51,2926,VOICE,,4G,0.1,4.88
R01-0000628,1,North-Coast,+1-353-480-6497,+1-228-721-2399,2026-06-01 05:34:38,0,VOICE,,4G,0.1,0.0
R01-0000629,1,North-Coast,+1-531-723-9350,,2026-06-01 05:05:47,2159,DATA,232974487,3G,0.0,2.33
R01-0000630,1,North-Coast,+1-966-519-4055,+1-986-272-1703,2026-06-01 21:30:36,0,SMS,,3G,0.0,0.05
R01-0000631,1,North-Coast,+1-429-229-8167,+1-290-499-3489,2026-06-01 04:56:32,1514,VOICE,,4G,0.1,2.52
R01-0000632,1,North-Coast,+1-428-427-0736,+1-535-280-6785,2026-06-01 09:14:37,1113,VOICE,,4G,0.1,1.86
R01-0000633,1,North-Coast,+1-766-936-0221,+1-724-641-6433,2026-06-01 18:02:33,2659,VOICE,,3G,0.12,5.32
R01-0000634,1,North-Coast,+1-898-204-6378,,2026-06-01 22:53:54,4396,DATA,251438780,4G,0.0,2.51
R01-0000635,1,North-Coast,+1-509-648-8733,+1-560-879-4906,2026-06-01 11:20:42,1869,VOICE,,3G,0.12,3.74
R01-0000636,1,North-Coast,+1-628-539-7206,,2026-06-01 16:45:54,5714,DATA,100076391,4G,0.0,1.0
R01-0000637,1,North-Coast,+1-896-849-5848,,2026-06-01 18:19:25,5365,DATA,65444430,3G,0.0,0.65
R01-0000638,1,North-Coast,+1-877-348-3531,+1-353-664-5059,2026-06-01 16:29:26,3139,VOICE,,5G,0.08,4.19
R01-0000639,1,North-Coast,+1-304-281-8178,+1-269-591-1017,2026-06-01 16:49:18,0,SMS,,4G,0.0,0.05
R01-0000640,1,North-Coast,+1-290-730-8991,,2026-06-01 13:02:34,6376,DATA,416719062,5G,0.0,4.17
R01-0000641,1,North-Coast,+1-239-301-8439,,2026-06-01 18:06:48,4354,DATA,424051208,5G,0.0,4.24
R01-0000642,1,North-Coast,+1-287-809-8185,+1-564-304-2221,2026-06-01 19:33:50,1107,VOICE,,3G,0.12,2.21
R01-0000643,1,North-Coast,+1-841-505-5074,+1-533-334-1630,2026-06-01 09:13:24,3243,VOICE,,4G,0.1,5.41
R01-0000644,1,North-Coast,+1-508-259-1268,+1-478-573-6623,2026-06-01 13:05:32,1975,VOICE,,4G,0.1,3.29
R01-0000645,1,North-Coast,+1-597-896-4829,+1-419-624-6898,2026-06-01 15:45:57,590,VOICE,,4G,0.1,0.98
R01-0000646,1,North-Coast,+1-487-586-1425,,2026-06-01 07:34:06,3733,DATA,20983265,4G,0.0,0.21
R01-0000647,1,North-Coast,+1-474-643-8041,+1-377-263-4372,2026-06-01 20:04:58,812,VOICE,,5G,0.08,1.08
R01-0000648,1,North-Coast,+1-843-897-1138,+1-531-378-8732,2026-06-01 20:57:20,2534,VOICE,,4G,0.1,4.22
R01-0000649,1,North-Coast,+1-789-338-9094,+1-274-592-5173,2026-06-01 11:30:37,3370,VOICE,,3G,0.12,6.74
R01-0000650,1,North-Coast,+1-332-924-4776,+1-787-204-5114,2026-06-01 15:43:11,2198,VOICE,,5G,0.08,2.93
R01-0000651,1,North-Coast,+1-835-699-8302,+1-729-257-3526,2026-06-01 12:07:15,2791,VOICE,,4G,0.1,4.65
R01-0000652,1,North-Coast,+1-254-997-2713,,2026-06-01 08:14:01,3489,DATA,58587896,3G,0.0,0.59
R01-0000653,1,North-Coast,+1-401-760-6811,+1-565-547-6754,2026-06-01 13:03:28,0,SMS,,4G,0.0,0.05
R01-0000654,1,North-Coast,+1-825-959-8407,+1-803-658-5634,2026-06-01 03:53:24,0,SMS,,5G,0.0,0.05
R01-0000655,1,North-Coast,+1-210-651-6249,+1-925-700-3487,2026-06-01 14:01:32,0,VOICE,,4G,0.1,0.0
R01-0000656,1,North-Coast,+1-222-517-5598,+1-670-813-1318,2026-06-01 10:04:00,318,VOICE,,4G,0.1,0.53
R01-0000657,1,North-Coast,+1-364-624-4329,+1-886-873-9275,2026-06-01 00:27:06,0,SMS,,4G,0.0,0.05
R01-0000658,1,North-Coast,+1-312-210-5131,+1-557-934-2187,2026-06-01 16:35:25,2590,VOICE,,4G,0.1,4.32
R01-0000659,1,North-Coast,+1-812-847-0042,,2026-06-01 07:29:00,497,DATA,19357652,4G,0.0,0.19
R01-0000660,1,North-Coast,+1-524-325-6815,+1-813-521-9321,2026-06-01 23:38:19,0,VOICE,,5G,0.08,0.0
R01-0000661,1,North-Coast,+1-662-701-7610,+1-230-748-9671,2026-06-01 04:08:30,34,VOICE,,4G,0.1,0.06
R01-0000662,1,North-Coast,+1-324-850-0171,+1-471-394-5442,2026-06-01 13:28:42,2220,VOICE,,4G,0.1,3.7
R01-0000663,1,North-Coast,+1-739-205-4086,+1-718-381-2005,2026-06-01 03:53:58,499,VOICE,,4G,0.1,0.83
R01-0000664,1,North-Coast,+1-301-702-6662,+1-366-409-6587,2026-06-01 09:10:00,1815,VOICE,,5G,0.08,2.42
R01-0000665,1,North-Coast,+1-343-817-5288,+1-525-652-6417,2026-06-01 16:24:30,0,VOICE,,4G,0.1,0.0
R01-0000666,1,North-Coast,+1-616-730-0843,+1-751-676-6241,2026-06-01 11:17:50,2849,VOICE,,4G,0.1,4.75
R01-0000667,1,North-Coast,+1-932-865-3769,+1-299-455-3556,2026-06-01 06:57:45,0,SMS,,4G,0.0,0.05
R01-0000668,1,North-Coast,+1-446-898-7472,,2026-06-01 14:56:47,5831,DATA,243755479,4G,0.0,2.44
R01-0000669,1,North-Coast,+1-479-512-2228,,2026-06-01 07:12:58,393,DATA,182619728,5G,0.0,1.83
R01-0000670,1,North-Coast,+1-746-377-9361,+1-483-740-2947,2026-06-01 06:22:19,441,VOICE,,5G,0.08,0.59
R01-0000671,1,North-Coast,+1-205-231-5414,,2026-06-01 03:01:00,2403,DATA,135893090,5G,0.0,1.36
R01-0000672,1,North-Coast,+1-897-974-2165,+1-786-965-6807,2026-06-01 10:34:59,0,SMS,,4G,0.0,0.05
R01-0000673,1,North-Coast,+1-982-240-2256,+1-956-920-1321,2026-06-01 14:09:14,458,VOICE,,4G,0.1,0.76
R01-0000674,1,North-Coast,+1-728-456-1430,+1-770-769-4040,2026-06-01 14:23:04,3247,VOICE,,4G,0.1,5.41
R01-0000675,1,North-Coast,+1-238-560-9131,,2026-06-01 02:45:43,6718,DATA,196473535,4G,0.0,1.96
R01-0000676,1,North-Coast,+1-369-784-7427,+1-786-757-7682,2026-06-01 14:46:47,1581,VOICE,,4G,0.1,2.64
R01-0000677,1,North-Coast,+1-711-481-4477,+1-293-986-4244,2026-06-01 06:47:14,2546,VOICE,,5G,0.08,3.39
R01-0000678,1,North-Coast,+1-399-607-5115,+1-236-862-6801,2026-06-01 21:30:55,1761,VOICE,,4G,0.1,2.94
R01-0000679,1,North-Coast,+1-821-955-3980,+1-838-973-9065,2026-06-01 00:57:36,1030,VOICE,,3G,0.12,2.06
R01-0000680,1,North-Coast,+1-280-981-0808,,2026-06-01 10:13:12,3857,DATA,474594574,3G,0.0,4.75
R01-0000681,1,North-Coast,+1-378-393-9612,,2026-06-01 10:42:58,4699,DATA,173155145,4G,0.0,1.73
R01-0000682,1,North-Coast,+1-972-972-4643,+1-749-392-6879,2026-06-01 20:05:25,2716,VOICE,,4G,0.1,4.53
R01-0000683,1,North-Coast,+1-264-223-9819,+1-777-262-6605,2026-06-01 17:24:11,1213,VOICE,,3G,0.12,2.43
R01-0000684,1,North-Coast,+1-535-903-6325,+1-867-648-8101,2026-06-01 00:06:14,1488,VOICE,,4G,0.1,2.48
R01-0000685,1,North-Coast,+1-979-337-0877,+1-607-710-2081,2026-06-01 10:30:35,1794,VOICE,,4G,0.1,2.99
R01-0000686,1,North-Coast,+1-319-330-5771,+1-433-436-2774,2026-06-01 11:10:56,2995,VOICE,,4G,0.1,4.99
R01-0000687,1,North-Coast,+1-469-479-1757,+1-498-665-3576,2026-06-01 00:24:44,1456,VOICE,,4G,0.1,2.43
R01-0000688,1,North-Coast,+1-674-463-8618,+1-241-323-6222,2026-06-01 21:29:50,0,SMS,,4G,0.0,0.05
R01-0000689,1,North-Coast,+1-277-706-2036,,2026-06-01 14:40:12,4468,DATA,84167719,5G,0.0,0.84
R01-0000690,1,North-Coast,+1-900-281-7397,+1-419-696-5844,2026-06-01 04:40:10,0,SMS,,5G,0.0,0.05
R01-0000691,1,North-Coast,+1-449-940-8920,+1-966-937-0842,2026-06-01 20:50:36,0,SMS,,5G,0.0,0.05
R01-0000692,1,North-Coast,+1-317-515-5748,+1-885-581-7714,2026-06-01 14:56:03,1734,VOICE,,4G,0.1,2.89
R01-0000693,1,North-Coast,+1-251-708-1604,+1-716-935-6236,2026-06-01 15:40:28,1671,VOICE,,4G,0.1,2.79
R01-0000694,1,North-Coast,+1-226-781-3772,+1-265-230-7637,2026-06-01 01:48:01,0,SMS,,4G,0.0,0.05
R01-0000695,1,North-Coast,+1-691-972-2344,,2026-06-01 07:31:37,4253,DATA,367572257,5G,0.0,3.68
R01-0000696,1,North-Coast,+1-940-326-9707,+1-704-867-6805,2026-06-01 23:12:33,3488,VOICE,,4G,0.1,5.81
R01-0000697,1,North-Coast,+1-439-323-8811,+1-686-303-0076,2026-06-01 09:51:20,0,SMS,,4G,0.0,0.05
R01-0000698,1,North-Coast,+1-480-877-2973,+1-669-795-6822,2026-06-01 12:20:38,3417,VOICE,,4G,0.1,5.7
R01-0000699,1,North-Coast,+1-900-802-2126,+1-871-227-0336,2026-06-01 06:04:38,187,VOICE,,5G,0.08,0.25
R01-0000700,1,North-Coast,+1-386-626-8302,+1-911-526-1002,2026-06-01 15:08:41,2635,VOICE,,4G,0.1,4.39
R01-0000701,1,North-Coast,+1-489-502-0660,,2026-06-01 12:17:57,3472,DATA,218054442,5G,0.0,2.18
R01-0000702,1,North-Coast,+1-711-464-8921,+1-436-272-0496,2026-06-01 22:23:44,339,VOICE,,5G,0.08,0.45
R01-0000703,1,North-Coast,+1-263-669-0730,+1-976-400-6605,2026-06-01 00:37:33,848,VOICE,,4G,0.1,1.41
R01-0000704,1,North-Coast,+1-375-514-4360,+1-531-847-9363,2026-06-01 02:48:20,0,SMS,,4G,0.0,0.05
R01-0000705,1,North-Coast,+1-551-447-5929,,2026-06-01 04:47:28,2019,DATA,380345249,3G,0.0,3.8
R01-0000706,1,North-Coast,+1-773-450-3556,+1-219-316-8810,2026-06-01 09:05:52,0,SMS,,5G,0.0,0.05
R01-0000707,1,North-Coast,+1-501-689-8600,,2026-06-01 04:14:38,358,DATA,305520490,4G,0.0,3.06
R01-0000708,1,North-Coast,+1-876-694-1459,+1-245-946-5847,2026-06-01 20:04:48,0,SMS,,4G,0.0,0.05
R01-0000709,1,North-Coast,+1-873-358-2556,+1-434-222-3031,2026-06-01 07:06:48,45,VOICE,,4G,0.1,0.08
R01-0000710,1,North-Coast,+1-586-596-1948,+1-767-333-2930,2026-06-01 15:03:57,3597,VOICE,,3G,0.12,7.19
R01-0000711,1,North-Coast,+1-710-936-9266,+1-758-645-4795,2026-06-01 18:09:59,0,SMS,,5G,0.0,0.05
R01-0000712,1,North-Coast,+1-257-290-6615,+1-753-701-6474,2026-06-01 06:36:39,0,SMS,,4G,0.0,0.05
R01-0000713,1,North-Coast,+1-230-919-1654,,2026-06-01 07:13:59,5398,DATA,70718550,4G,0.0,0.71
R01-0000714,1,North-Coast,+1-893-399-1802,+1-576-772-9997,2026-06-01 21:34:17,0,SMS,,4G,0.0,0.05
R01-0000715,1,North-Coast,+1-339-964-5897,+1-812-829-5580,2026-06-01 06:14:29,341,VOICE,,5G,0.08,0.45
R01-0000716,1,North-Coast,+1-434-541-4223,+1-641-817-1084,2026-06-01 18:11:13,2538,VOICE,,5G,0.08,3.38
R01-0000717,1,North-Coast,+1-907-975-8534,+1-758-836-2418,2026-06-01 04:36:44,512,VOICE,,3G,0.12,1.02
R01-0000718,1,North-Coast,+1-413-939-3832,+1-669-676-1064,2026-06-01 00:58:30,1894,VOICE,,3G,0.12,3.79
R01-0000719,1,North-Coast,+1-934-651-8595,+1-944-569-0512,2026-06-01 18:24:40,1611,VOICE,,4G,0.1,2.69
R01-0000720,1,North-Coast,+1-601-582-3136,+1-977-658-9082,2026-06-01 22:51:52,1565,VOICE,,5G,0.08,2.09
R01-0000721,1,North-Coast,+1-253-666-5651,+1-563-255-1718,2026-06-01 00:29:02,2825,VOICE,,3G,0.12,5.65
R01-0000722,1,North-Coast,+1-852-680-2124,,2026-06-01 05:10:47,7178,DATA,426034536,4G,0.0,4.26
R01-0000723,1,North-Coast,+1-348-464-9027,+1-567-323-8357,2026-06-01 14:27:06,1642,VOICE,,4G,0.1,2.74
R01-0000724,1,North-Coast,+1-276-440-7276,+1-883-257-4347,2026-06-01 14:59:38,2769,VOICE,,5G,0.08,3.69
R01-0000725,1,North-Coast,+1-538-347-5414,+1-523-210-8408,2026-06-01 14:57:34,0,SMS,,5G,0.0,0.05
R01-0000726,1,North-Coast,+1-723-664-2325,+1-701-832-6295,2026-06-01 23:50:49,416,VOICE,,3G,0.12,0.83
R01-0000727,1,North-Coast,+1-442-304-6379,,2026-06-01 14:58:00,6957,DATA,355560067,4G,0.0,3.56
R01-0000728,1,North-Coast,+1-864-729-1433,+1-204-927-3585,2026-06-01 09:12:38,1293,VOICE,,4G,0.1,2.16
R01-0000729,1,North-Coast,+1-907-712-2094,,2026-06-01 15:54:31,6898,DATA,482007429,4G,0.0,4.82
R01-0000730,1,North-Coast,+1-276-567-1250,+1-949-892-9180,2026-06-01 06:14:34,0,SMS,,4G,0.0,0.05
R01-0000731,1,North-Coast,+1-734-553-8556,+1-483-906-9657,2026-06-01 21:09:47,2814,VOICE,,5G,0.08,3.75
R01-0000732,1,North-Coast,+1-942-825-7923,+1-546-410-4896,2026-06-01 07:31:02,991,VOICE,,4G,0.1,1.65
R01-0000733,1,North-Coast,+1-974-997-2772,+1-969-750-3463,2026-06-01 19:33:47,3557,VOICE,,4G,0.1,5.93
R01-0000734,1,North-Coast,+1-596-718-7843,+1-907-971-2002,2026-06-01 08:20:17,0,SMS,,4G,0.0,0.05
R01-0000735,1,North-Coast,+1-759-766-0038,+1-946-495-3738,2026-06-01 04:59:15,2796,VOICE,,4G,0.1,4.66
R01-0000736,1,North-Coast,+1-788-586-9384,+1-420-250-3222,2026-06-01 10:19:55,1420,VOICE,,4G,0.1,2.37
R01-0000737,1,North-Coast,+1-313-748-1521,,2026-06-01 23:28:24,3617,DATA,32906854,4G,0.0,0.33
R01-0000738,1,North-Coast,+1-382-729-3484,+1-528-871-4488,2026-06-01 04:15:19,0,VOICE,,5G,0.08,0.0
R01-0000739,1,North-Coast,+1-561-232-1219,+1-533-462-1053,2026-06-01 07:09:26,1888,VOICE,,5G,0.08,2.52
R01-0000740,1,North-Coast,+1-986-218-1197,+1-970-452-5281,2026-06-01 01:29:59,698,VOICE,,3G,0.12,1.4
R01-0000741,1,North-Coast,+1-711-668-6802,+1-685-948-5631,2026-06-01 04:04:45,500,VOICE,,4G,0.1,0.83
R01-0000742,1,North-Coast,+1-284-500-6130,,2026-06-01 16:10:06,3572,DATA,217521086,4G,0.0,2.18
R01-0000743,1,North-Coast,+1-263-418-2198,,2026-06-01 05:08:16,2959,DATA,364014202,3G,0.0,3.64
R01-0000744,1,North-Coast,+1-428-519-9015,+1-346-258-1197,2026-06-01 19:30:01,2267,VOICE,,3G,0.12,4.53
R01-0000745,1,North-Coast,+1-705-413-7070,+1-513-564-7064,2026-06-01 04:04:52,0,SMS,,3G,0.0,0.05
R01-0000746,1,North-Coast,+1-473-260-8709,,2026-06-01 01:01:59,6222,DATA,13800422,3G,0.0,0.14
R01-0000747,1,North-Coast,+1-656-964-4384,+1-254-978-0975,2026-06-01 15:28:10,0,SMS,,4G,0.0,0.05
R01-0000748,1,North-Coast,+1-215-639-5352,+1-227-763-2103,2026-06-01 22:13:46,3577,VOICE,,5G,0.08,4.77
R01-0000749,1,North-Coast,+1-365-699-6068,+1-330-728-8942,2026-06-01 18:42:33,526,VOICE,,4G,0.1,0.88
R01-0000750,1,North-Coast,+1-372-842-6231,+1-550-479-8765,2026-06-01 22:47:12,2318,VOICE,,4G,0.1,3.86
R01-0000751,1,North-Coast,+1-218-760-9184,,2026-06-01 22:13:52,4816,DATA,461373916,4G,0.0,4.61
R01-0000752,1,North-Coast,+1-884-823-4906,,2026-06-01 01:02:23,4116,DATA,182624796,4G,0.0,1.83
R01-0000753,1,North-Coast,+1-251-946-5071,+1-904-496-0460,2026-06-01 00:19:36,3504,VOICE,,5G,0.08,4.67
R01-0000754,1,North-Coast,+1-337-313-4317,+1-667-838-2132,2026-06-01 11:28:28,696,VOICE,,4G,0.1,1.16
R01-0000755,1,North-Coast,+1-565-535-9828,,2026-06-01 09:25:22,738,DATA,305491603,4G,0.0,3.05
R01-0000756,1,North-Coast,+1-959-745-1735,+1-899-915-5748,2026-06-01 01:27:21,0,SMS,,4G,0.0,0.05
R01-0000757,1,North-Coast,+1-580-232-6914,+1-605-794-8838,2026-06-01 03:53:00,735,VOICE,,4G,0.1,1.23
R01-0000758,1,North-Coast,+1-329-637-0475,+1-804-500-3527,2026-06-01 06:27:34,119,VOICE,,4G,0.1,0.2
R01-0000759,1,North-Coast,+1-476-417-8492,+1-755-564-1917,2026-06-01 23:08:44,552,VOICE,,4G,0.1,0.92
R01-0000760,1,North-Coast,+1-742-320-4285,,2026-06-01 14:46:49,6361,DATA,326342965,4G,0.0,3.26
R01-0000761,1,North-Coast,+1-203-601-0791,+1-247-812-6864,2026-06-01 10:08:31,1077,VOICE,,5G,0.08,1.44
R01-0000762,1,North-Coast,+1-354-531-0772,+1-432-291-3963,2026-06-01 08:10:38,0,SMS,,5G,0.0,0.05
R01-0000763,1,North-Coast,+1-830-340-8141,+1-364-568-0109,2026-06-01 13:05:41,495,VOICE,,5G,0.08,0.66
R01-0000764,1,North-Coast,+1-264-373-2771,+1-790-600-2027,2026-06-01 17:29:02,0,SMS,,5G,0.0,0.05
R01-0000765,1,North-Coast,+1-973-810-5092,+1-590-365-2444,2026-06-01 09:09:39,1586,VOICE,,4G,0.1,2.64
R01-0000766,1,North-Coast,+1-519-944-2878,+1-429-314-8211,2026-06-01 11:58:00,208,VOICE,,4G,0.1,0.35
R01-0000767,1,North-Coast,+1-309-673-0685,+1-546-856-6579,2026-06-01 21:35:14,768,VOICE,,4G,0.1,1.28
R01-0000768,1,North-Coast,+1-585-958-3762,+1-875-850-9266,2026-06-01 10:53:29,0,SMS,,4G,0.0,0.05
R01-0000769,1,North-Coast,+1-671-939-3685,,2026-06-01 06:39:56,6755,DATA,157602736,5G,0.0,1.58
R01-0000770,1,North-Coast,+1-373-685-6043,+1-888-892-3470,2026-06-01 12:58:02,569,VOICE,,4G,0.1,0.95
R01-0000771,1,North-Coast,+1-465-353-2690,+1-572-502-5332,2026-06-01 12:32:40,0,SMS,,3G,0.0,0.05
R01-0000772,1,North-Coast,+1-541-821-3022,+1-457-958-5371,2026-06-01 12:23:32,1975,VOICE,,4G,0.1,3.29
R01-0000773,1,North-Coast,+1-630-646-2831,+1-747-414-7547,2026-06-01 08:12:57,2419,VOICE,,4G,0.1,4.03
R01-0000774,1,North-Coast,+1-987-330-4253,+1-549-680-9425,2026-06-01 09:15:21,626,VOICE,,5G,0.08,0.83
R01-0000775,1,North-Coast,+1-877-676-2603,+1-914-431-7889,2026-06-01 10:42:36,1148,VOICE,,4G,0.1,1.91
R01-0000776,1,North-Coast,+1-355-326-3624,+1-322-594-3481,2026-06-01 12:31:15,2882,VOICE,,4G,0.1,4.8
R01-0000777,1,North-Coast,+1-703-946-1020,+1-576-469-9827,2026-06-01 13:24:45,624,VOICE,,4G,0.1,1.04
R01-0000778,1,North-Coast,+1-691-812-8716,+1-481-812-5653,2026-06-01 14:04:11,0,SMS,,4G,0.0,0.05
R01-0000779,1,North-Coast,+1-282-247-3717,+1-319-449-7132,2026-06-01 08:03:22,239,VOICE,,4G,0.1,0.4
R01-0000780,1,North-Coast,+1-374-643-0048,+1-414-572-8838,2026-06-01 10:01:09,0,SMS,,3G,0.0,0.05
R01-0000781,1,North-Coast,+1-728-846-6235,+1-224-545-3765,2026-06-01 03:12:17,0,SMS,,3G,0.0,0.05
R01-0000782,1,North-Coast,+1-864-847-9468,+1-722-642-1457,2026-06-01 11:30:18,698,VOICE,,5G,0.08,0.93
R01-0000783,1,North-Coast,+1-840-238-1487,+1-298-485-7883,2026-06-01 08:53:19,2281,VOICE,,4G,0.1,3.8
R01-0000784,1,North-Coast,+1-329-864-4290,,2026-06-01 14:07:27,4849,DATA,238161915,4G,0.0,2.38
R01-0000785,1,North-Coast,+1-420-407-2840,+1-268-585-3674,2026-06-01 12:14:43,2453,VOICE,,4G,0.1,4.09
R01-0000786,1,North-Coast,+1-933-281-3538,+1-901-514-2156,2026-06-01 12:53:32,1701,VOICE,,4G,0.1,2.84
R01-0000787,1,North-Coast,+1-792-404-9328,+1-248-423-3489,2026-06-01 23:25:26,1657,VOICE,,4G,0.1,2.76
R01-0000788,1,North-Coast,+1-761-800-1128,+1-783-454-8349,2026-06-01 20:22:53,3458,VOICE,,4G,0.1,5.76
R01-0000789,1,North-Coast,+1-663-280-2357,+1-957-303-8994,2026-06-01 22:12:48,2189,VOICE,,5G,0.08,2.92
R01-0000790,1,North-Coast,+1-380-895-6193,+1-903-652-7288,2026-06-01 17:34:08,1853,VOICE,,5G,0.08,2.47
R01-0000791,1,North-Coast,+1-283-505-4275,+1-920-324-1865,2026-06-01 16:22:51,2358,VOICE,,3G,0.12,4.72
R01-0000792,1,North-Coast,+1-936-233-7134,,2026-06-01 07:15:22,4302,DATA,235605496,3G,0.0,2.36
R01-0000793,1,North-Coast,+1-625-977-9714,+1-888-620-3940,2026-06-01 10:23:02,2061,VOICE,,4G,0.1,3.44
R01-0000794,1,North-Coast,+1-565-348-4699,+1-517-223-4673,2026-06-01 12:33:31,0,SMS,,5G,0.0,0.05
R01-0000795,1,North-Coast,+1-483-744-7948,+1-701-803-2098,2026-06-01 16:50:48,0,SMS,,4G,0.0,0.05
R01-0000796,1,North-Coast,+1-683-364-5361,,2026-06-01 08:10:20,1739,DATA,202969948,4G,0.0,2.03
R01-0000797,1,North-Coast,+1-417-487-2851,+1-942-898-0334,2026-06-01 11:07:43,0,SMS,,5G,0.0,0.05
R01-0000798,1,North-Coast,+1-844-453-0153,+1-733-265-3350,2026-06-01 09:33:27,0,SMS,,4G,0.0,0.05
R01-0000799,1,North-Coast,+1-481-525-0868,,2026-06-01 05:57:36,1003,DATA,68023826,3G,0.0,0.68
R01-0000800,1,North-Coast,+1-840-571-1807,+1-482-909-9580,2026-06-01 16:25:14,1823,VOICE,,4G,0.1,3.04
R01-0000801,1,North-Coast,+1-385-289-9781,+1-645-373-1546,2026-06-01 09:31:53,805,VOICE,,5G,0.08,1.07
R01-0000802,1,North-Coast,+1-473-728-0728,+1-634-780-8574,2026-06-01 05:31:41,2237,VOICE,,3G,0.12,4.47
R01-0000803,1,North-Coast,+1-469-722-9334,+1-879-941-3677,2026-06-01 14:13:57,513,VOICE,,4G,0.1,0.86
R01-0000804,1,North-Coast,+1-968-551-0286,+1-745-628-3956,2026-06-01 12:32:01,0,VOICE,,5G,0.08,0.0
R01-0000805,1,North-Coast,+1-273-690-4953,,2026-06-01 20:37:35,211,DATA,299519903,3G,0.0,3.0
R01-0000806,1,North-Coast,+1-634-754-8453,+1-434-381-3192,2026-06-01 12:06:01,1472,VOICE,,4G,0.1,2.45
R01-0000807,1,North-Coast,+1-353-840-9823,+1-988-645-6380,2026-06-01 14:58:35,484,VOICE,,4G,0.1,0.81
R01-0000808,1,North-Coast,+1-812-334-0581,+1-263-641-8055,2026-06-01 17:13:06,3062,VOICE,,5G,0.08,4.08
R01-0000809,1,North-Coast,+1-964-786-2247,+1-471-519-8997,2026-06-01 08:19:30,0,SMS,,4G,0.0,0.05
R01-0000810,1,North-Coast,+1-726-984-3945,+1-988-674-1704,2026-06-01 20:57:04,0,SMS,,5G,0.0,0.05
R01-0000811,1,North-Coast,+1-755-935-5442,,2026-06-01 15:33:09,6375,DATA,69772303,4G,0.0,0.7
R01-0000812,1,North-Coast,+1-411-347-6934,+1-596-352-2117,2026-06-01 17:28:55,2666,VOICE,,4G,0.1,4.44
R01-0000813,1,North-Coast,+1-529-410-9775,+1-688-556-0189,2026-06-01 00:33:14,859,VOICE,,5G,0.08,1.15
R01-0000814,1,North-Coast,+1-478-630-6023,+1-327-639-3918,2026-06-01 05:12:22,3461,VOICE,,3G,0.12,6.92
R01-0000815,1,North-Coast,+1-221-585-4180,,2026-06-01 07:24:34,6498,DATA,257177912,5G,0.0,2.57
R01-0000816,1,North-Coast,+1-552-403-4035,+1-754-393-4466,2026-06-01 18:08:39,0,VOICE,,5G,0.08,0.0
R01-0000817,1,North-Coast,+1-828-683-9243,,2026-06-01 15:19:26,3204,DATA,447257731,4G,0.0,4.47
R01-0000818,1,North-Coast,+1-693-765-0701,+1-691-802-6309,2026-06-01 02:29:54,1858,VOICE,,5G,0.08,2.48
R01-0000819,1,North-Coast,+1-887-327-9250,+1-720-763-1980,2026-06-01 11:27:07,242,VOICE,,4G,0.1,0.4
R01-0000820,1,North-Coast,+1-452-870-4677,+1-234-293-3941,2026-06-01 09:52:22,355,VOICE,,5G,0.08,0.47
R01-0000821,1,North-Coast,+1-886-954-2463,+1-399-933-2847,2026-06-01 07:36:21,120,VOICE,,3G,0.12,0.24
R01-0000822,1,North-Coast,+1-856-925-6243,,2026-06-01 20:32:30,6555,DATA,308514510,4G,0.0,3.09
R01-0000823,1,North-Coast,+1-952-679-0888,,2026-06-01 07:32:52,6259,DATA,212948604,4G,0.0,2.13
R01-0000824,1,North-Coast,+1-277-462-7230,+1-859-529-7481,2026-06-01 18:20:53,997,VOICE,,4G,0.1,1.66
R01-0000825,1,North-Coast,+1-511-308-2918,+1-405-503-9768,2026-06-01 06:25:10,0,SMS,,5G,0.0,0.05
R01-0000826,1,North-Coast,+1-704-275-0812,,2026-06-01 16:28:14,2482,DATA,437271537,4G,0.0,4.37
R01-0000827,1,North-Coast,+1-965-947-9785,+1-653-978-2749,2026-06-01 16:57:04,606,VOICE,,4G,0.1,1.01
R01-0000828,1,North-Coast,+1-665-828-3422,+1-535-612-3119,2026-06-01 22:14:29,3331,VOICE,,5G,0.08,4.44
R01-0000829,1,North-Coast,+1-286-391-6810,+1-368-381-9268,2026-06-01 21:08:04,0,SMS,,5G,0.0,0.05
R01-0000830,1,North-Coast,+1-695-588-9024,+1-327-496-7635,2026-06-01 23:24:29,0,SMS,,4G,0.0,0.05
R01-0000831,1,North-Coast,+1-463-885-3233,+1-828-679-5508,2026-06-01 23:43:28,0,SMS,,4G,0.0,0.05
R01-0000832,1,North-Coast,+1-823-771-6484,+1-945-243-6092,2026-06-01 13:11:10,0,SMS,,5G,0.0,0.05
R01-0000833,1,North-Coast,+1-864-303-3772,+1-347-386-8440,2026-06-01 04:03:51,0,SMS,,5G,0.0,0.05
R01-0000834,1,North-Coast,+1-476-596-2257,+1-278-308-5381,2026-06-01 03:53:00,2393,VOICE,,4G,0.1,3.99
R01-0000835,1,North-Coast,+1-404-859-4931,+1-207-415-2564,2026-06-01 18:57:35,2005,VOICE,,5G,0.08,2.67
R01-0000836,1,North-Coast,+1-783-879-9181,,2026-06-01 07:15:28,2116,DATA,158204970,5G,0.0,1.58
R01-0000837,1,North-Coast,+1-499-428-4019,+1-453-990-9280,2026-06-01 05:44:47,387,VOICE,,3G,0.12,0.77
R01-0000838,1,North-Coast,+1-930-792-4306,+1-641-650-8607,2026-06-01 15:16:27,1905,VOICE,,4G,0.1,3.18
R01-0000839,1,North-Coast,+1-341-705-0429,+1-467-898-7242,2026-06-01 05:03:14,0,SMS,,4G,0.0,0.05
R01-0000840,1,North-Coast,+1-909-821-5267,+1-934-877-0923,2026-06-01 12:47:29,1871,VOICE,,4G,0.1,3.12
R01-0000841,1,North-Coast,+1-684-536-8303,+1-575-216-7533,2026-06-01 22:29:20,2928,VOICE,,5G,0.08,3.9
R01-0000842,1,North-Coast,+1-254-493-6932,+1-697-518-1203,2026-06-01 09:22:29,0,SMS,,5G,0.0,0.05
R01-0000843,1,North-Coast,+1-205-594-3285,+1-237-539-1162,2026-06-01 21:07:10,804,VOICE,,4G,0.1,1.34
R01-0000844,1,North-Coast,+1-200-806-4113,+1-823-652-3553,2026-06-01 11:34:59,0,SMS,,3G,0.0,0.05
R01-0000845,1,North-Coast,+1-405-946-8405,+1-477-904-7798,2026-06-01 01:17:22,2629,VOICE,,4G,0.1,4.38
R01-0000846,1,North-Coast,+1-783-282-4336,+1-814-895-7315,2026-06-01 17:03:57,827,VOICE,,4G,0.1,1.38
R01-0000847,1,North-Coast,+1-817-808-5306,+1-553-482-1279,2026-06-01 06:30:03,0,SMS,,4G,0.0,0.05
R01-0000848,1,North-Coast,+1-398-646-3541,+1-638-390-6556,2026-06-01 08:38:23,0,SMS,,5G,0.0,0.05
R01-0000849,1,North-Coast,+1-824-922-5529,+1-607-470-9663,2026-06-01 19:54:11,0,SMS,,4G,0.0,0.05
R01-0000850,1,North-Coast,+1-208-573-9899,,2026-06-01 05:46:19,7199,DATA,72775351,5G,0.0,0.73
R01-0000851,1,North-Coast,+1-922-328-1566,+1-790-231-6650,2026-06-01 05:44:52,0,SMS,,4G,0.0,0.05
R01-0000852,1,North-Coast,+1-365-351-3850,+1-710-246-7013,2026-06-01 02:28:01,0,SMS,,4G,0.0,0.05
R01-0000853,1,North-Coast,+1-977-685-7466,+1-667-544-3920,2026-06-01 00:13:46,0,SMS,,4G,0.0,0.05
R01-0000854,1,North-Coast,+1-483-372-0359,+1-605-861-3579,2026-06-01 08:24:30,2626,VOICE,,4G,0.1,4.38
R01-0000855,1,North-Coast,+1-437-758-9744,,2026-06-01 21:50:34,1008,DATA,379133158,5G,0.0,3.79
R01-0000856,1,North-Coast,+1-606-418-9571,+1-779-253-4491,2026-06-01 21:18:27,0,SMS,,4G,0.0,0.05
R01-0000857,1,North-Coast,+1-447-766-6698,,2026-06-01 08:01:17,2056,DATA,277977565,3G,0.0,2.78
R01-0000858,1,North-Coast,+1-694-228-3275,+1-288-848-3404,2026-06-01 09:56:35,580,VOICE,,4G,0.1,0.97
R01-0000859,1,North-Coast,+1-892-507-5360,,2026-06-01 11:06:39,3143,DATA,323473976,4G,0.0,3.23
R01-0000860,1,North-Coast,+1-848-987-0653,+1-753-505-1187,2026-06-01 12:50:46,0,SMS,,4G,0.0,0.05
R01-0000861,1,North-Coast,+1-753-712-4703,+1-299-753-6488,2026-06-01 13:57:43,982,VOICE,,5G,0.08,1.31
R01-0000862,1,North-Coast,+1-616-391-6491,,2026-06-01 13:53:00,2318,DATA,402453499,4G,0.0,4.02
R01-0000863,1,North-Coast,+1-503-333-3054,+1-927-604-9870,2026-06-01 23:28:40,2971,VOICE,,3G,0.12,5.94
R01-0000864,1,North-Coast,+1-896-237-0346,+1-624-495-6689,2026-06-01 19:18:39,0,SMS,,4G,0.0,0.05
R01-0000865,1,North-Coast,+1-244-835-2849,+1-372-414-7059,2026-06-01 07:08:37,0,SMS,,4G,0.0,0.05
R01-0000866,1,North-Coast,+1-683-727-6147,+1-838-443-9329,2026-06-01 08:39:00,3429,VOICE,,4G,0.1,5.71
R01-0000867,1,North-Coast,+1-768-915-6657,+1-244-220-7144,2026-06-01 07:38:20,1180,VOICE,,3G,0.12,2.36
R01-0000868,1,North-Coast,+1-255-298-9033,,2026-06-01 18:05:05,1386,DATA,369920760,4G,0.0,3.7
R01-0000869,1,North-Coast,+1-257-792-9700,+1-443-418-3699,2026-06-01 21:05:28,1338,VOICE,,4G,0.1,2.23
R01-0000870,1,North-Coast,+1-300-435-0888,+1-219-304-0543,2026-06-01 23:46:53,1930,VOICE,,5G,0.08,2.57
R01-0000871,1,North-Coast,+1-932-503-3221,+1-744-645-2913,2026-06-01 09:24:30,180,VOICE,,3G,0.12,0.36
R01-0000872,1,North-Coast,+1-745-370-4403,+1-545-263-9462,2026-06-01 13:13:38,0,SMS,,3G,0.0,0.05
R01-0000873,1,North-Coast,+1-433-757-6315,+1-917-664-0377,2026-06-01 18:14:29,0,SMS,,4G,0.0,0.05
R01-0000874,1,North-Coast,+1-517-456-6548,+1-691-831-9458,2026-06-01 04:50:43,2511,VOICE,,4G,0.1,4.19
R01-0000875,1,North-Coast,+1-779-835-2343,+1-323-388-4611,2026-06-01 22:27:12,891,VOICE,,4G,0.1,1.49
R01-0000876,1,North-Coast,+1-408-732-8232,+1-796-942-5311,2026-06-01 05:18:53,1899,VOICE,,4G,0.1,3.17
R01-0000877,1,North-Coast,+1-420-426-2937,+1-580-206-0562,2026-06-01 06:34:18,2365,VOICE,,4G,0.1,3.94
R01-0000878,1,North-Coast,+1-924-305-0086,+1-443-346-0064,2026-06-01 07:48:49,0,VOICE,,4G,0.1,0.0
R01-0000879,1,North-Coast,+1-226-386-0977,+1-362-367-5524,2026-06-01 04:43:17,727,VOICE,,4G,0.1,1.21
R01-0000880,1,North-Coast,+1-712-916-2613,+1-447-732-7015,2026-06-01 12:46:57,0,SMS,,3G,0.0,0.05
R01-0000881,1,North-Coast,+1-981-614-6062,,2026-06-01 12:00:56,6921,DATA,146044217,4G,0.0,1.46
R01-0000882,1,North-Coast,+1-924-409-8353,+1-731-479-9914,2026-06-01 10:03:12,1011,VOICE,,4G,0.1,1.69
R01-0000883,1,North-Coast,+1-475-906-7282,+1-302-565-6245,2026-06-01 12:47:35,0,SMS,,4G,0.0,0.05
R01-0000884,1,North-Coast,+1-585-888-2575,+1-375-903-6979,2026-06-01 19:05:41,442,VOICE,,5G,0.08,0.59
R01-0000885,1,North-Coast,+1-626-950-2065,+1-689-464-5970,2026-06-01 19:49:46,2608,VOICE,,5G,0.08,3.48
R01-0000886,1,North-Coast,+1-795-735-0314,+1-794-351-4167,2026-06-01 11:05:13,1302,VOICE,,4G,0.1,2.17
R01-0000887,1,North-Coast,+1-432-310-3811,,2026-06-01 17:25:57,2983,DATA,322621311,4G,0.0,3.23
R01-0000888,1,North-Coast,+1-634-483-1768,+1-672-679-4296,2026-06-01 18:32:19,2715,VOICE,,4G,0.1,4.53
R01-0000889,1,North-Coast,+1-643-586-9682,+1-704-761-4800,2026-06-01 20:49:42,0,SMS,,4G,0.0,0.05
R01-0000890,1,North-Coast,+1-574-228-6655,+1-929-255-6638,2026-06-01 01:17:46,1631,VOICE,,4G,0.1,2.72
R01-0000891,1,North-Coast,+1-898-418-7457,+1-603-492-7065,2026-06-01 11:17:46,1934,VOICE,,4G,0.1,3.22
R01-0000892,1,North-Coast,+1-215-685-6696,+1-845-996-9348,2026-06-01 02:29:53,0,SMS,,5G,0.0,0.05
R01-0000893,1,North-Coast,+1-712-430-7344,+1-780-451-7304,2026-06-01 15:15:29,0,SMS,,4G,0.0,0.05
R01-0000894,1,North-Coast,+1-986-852-3647,,2026-06-01 20:42:23,1197,DATA,399258658,4G,0.0,3.99
R01-0000895,1,North-Coast,+1-339-291-9554,+1-659-673-7912,2026-06-01 11:29:21,247,VOICE,,4G,0.1,0.41
R01-0000896,1,North-Coast,+1-616-322-6159,+1-434-216-6144,2026-06-01 13:08:30,2195,VOICE,,5G,0.08,2.93
R01-0000897,1,North-Coast,+1-596-772-7829,+1-224-630-0750,2026-06-01 04:47:09,3024,VOICE,,4G,0.1,5.04
R01-0000898,1,North-Coast,+1-367-899-5892,,2026-06-01 11:20:11,1541,DATA,338109546,4G,0.0,3.38
R01-0000899,1,North-Coast,+1-617-881-1576,+1-226-417-5257,2026-06-01 10:50:15,0,SMS,,4G,0.0,0.05
R01-0000900,1,North-Coast,+1-261-615-7596,+1-871-676-3652,2026-06-01 15:41:32,2545,VOICE,,4G,0.1,4.24
R01-0000901,1,North-Coast,+1-612-354-4559,+1-749-696-8543,2026-06-01 13:40:31,3380,VOICE,,4G,0.1,5.63
R01-0000902,1,North-Coast,+1-379-847-6052,+1-408-509-6892,2026-06-01 20:13:15,0,VOICE,,4G,0.1,0.0
R01-0000903,1,North-Coast,+1-382-209-1714,,2026-06-01 19:54:06,554,DATA,14432484,5G,0.0,0.14
R01-0000904,1,North-Coast,+1-689-789-4889,+1-200-304-5934,2026-06-01 00:58:56,1241,VOICE,,5G,0.08,1.65
R01-0000905,1,North-Coast,+1-853-790-2702,+1-584-613-3816,2026-06-01 06:53:12,1366,VOICE,,5G,0.08,1.82
R01-0000906,1,North-Coast,+1-614-719-6468,+1-649-272-9181,2026-06-01 18:55:03,2651,VOICE,,4G,0.1,4.42
R01-0000907,1,North-Coast,+1-447-543-1215,+1-305-670-8789,2026-06-01 10:17:15,69,VOICE,,5G,0.08,0.09
R01-0000908,1,North-Coast,+1-893-440-6371,+1-285-527-5805,2026-06-01 15:57:58,0,SMS,,4G,0.0,0.05
R01-0000909,1,North-Coast,+1-848-208-8560,+1-348-718-6002,2026-06-01 07:22:09,0,SMS,,4G,0.0,0.05
R01-0000910,1,North-Coast,+1-471-418-5348,+1-597-895-8928,2026-06-01 14:00:09,3445,VOICE,,5G,0.08,4.59
R01-0000911,1,North-Coast,+1-965-686-7831,,2026-06-01 16:30:39,3855,DATA,83532136,4G,0.0,0.84
R01-0000912,1,North-Coast,+1-913-751-3354,+1-405-538-1816,2026-06-01 09:04:22,621,VOICE,,4G,0.1,1.03
R01-0000913,1,North-Coast,+1-919-780-6780,+1-802-285-9661,2026-06-01 01:18:30,0,SMS,,5G,0.0,0.05
R01-0000914,1,North-Coast,+1-221-958-1313,+1-485-401-9675,2026-06-01 00:28:25,2325,VOICE,,3G,0.12,4.65
R01-0000915,1,North-Coast,+1-892-480-7900,+1-572-314-1165,2026-06-01 02:30:33,0,SMS,,3G,0.0,0.05
R01-0000916,1,North-Coast,+1-580-406-8952,+1-507-922-5568,2026-06-01 12:10:31,2936,VOICE,,4G,0.1,4.89
R01-0000917,1,North-Coast,+1-316-662-3925,+1-774-406-7093,2026-06-01 03:46:47,424,VOICE,,4G,0.1,0.71
R01-0000918,1,North-Coast,+1-418-339-3586,+1-749-591-9844,2026-06-01 16:27:30,0,SMS,,4G,0.0,0.05
R01-0000919,1,North-Coast,+1-285-474-1213,,2026-06-01 05:09:06,989,DATA,10321080,4G,0.0,0.1
R01-0000920,1,North-Coast,+1-396-448-6792,+1-342-753-6581,2026-06-01 05:17:51,0,SMS,,5G,0.0,0.05
R01-0000921,1,North-Coast,+1-633-320-1447,,2026-06-01 14:10:10,6145,DATA,329190313,4G,0.0,3.29
R01-0000922,1,North-Coast,+1-807-934-0167,+1-421-648-8710,2026-06-01 15:04:21,3383,VOICE,,5G,0.08,4.51
R01-0000923,1,North-Coast,+1-950-510-3018,+1-233-493-4481,2026-06-01 17:04:28,323,VOICE,,4G,0.1,0.54
R01-0000924,1,North-Coast,+1-684-484-1526,+1-910-394-6829,2026-06-01 20:16:25,0,SMS,,5G,0.0,0.05
R01-0000925,1,North-Coast,+1-227-390-6113,,2026-06-01 03:13:21,794,DATA,242500514,4G,0.0,2.43
R01-0000926,1,North-Coast,+1-420-719-9300,+1-631-208-8774,2026-06-01 05:28:37,214,VOICE,,5G,0.08,0.29
R01-0000927,1,North-Coast,+1-725-392-2687,+1-470-272-3417,2026-06-01 00:14:59,0,SMS,,4G,0.0,0.05
R01-0000928,1,North-Coast,+1-693-221-4725,+1-327-856-1058,2026-06-01 20:30:18,0,SMS,,3G,0.0,0.05
R01-0000929,1,North-Coast,+1-399-625-9429,+1-617-707-8139,2026-06-01 05:45:47,0,SMS,,5G,0.0,0.05
R01-0000930,1,North-Coast,+1-248-317-7530,+1-863-983-3205,2026-06-01 11:55:43,0,SMS,,4G,0.0,0.05
R01-0000931,1,North-Coast,+1-886-703-3254,,2026-06-01 21:52:35,6307,DATA,361593071,3G,0.0,3.62
R01-0000932,1,North-Coast,+1-209-238-2646,+1-865-681-8951,2026-06-01 13:10:32,0,SMS,,5G,0.0,0.05
R01-0000933,1,North-Coast,+1-764-574-4603,+1-297-264-8141,2026-06-01 14:46:46,973,VOICE,,5G,0.08,1.3
R01-0000934,1,North-Coast,+1-385-868-9975,+1-975-294-0113,2026-06-01 11:57:42,2753,VOICE,,4G,0.1,4.59
R01-0000935,1,North-Coast,+1-700-981-7961,+1-369-801-5240,2026-06-01 06:44:44,0,SMS,,4G,0.0,0.05
R01-0000936,1,North-Coast,+1-432-756-9976,+1-860-735-1360,2026-06-01 18:21:20,2413,VOICE,,4G,0.1,4.02
R01-0000937,1,North-Coast,+1-465-759-3185,+1-795-226-5648,2026-06-01 17:13:01,0,SMS,,4G,0.0,0.05
R01-0000938,1,North-Coast,+1-356-802-2247,+1-561-514-8146,2026-06-01 12:08:16,1252,VOICE,,5G,0.08,1.67
R01-0000939,1,North-Coast,+1-665-332-3597,+1-709-561-5745,2026-06-01 11:11:54,745,VOICE,,3G,0.12,1.49
R01-0000940,1,North-Coast,+1-600-980-6413,+1-649-780-7651,2026-06-01 22:26:51,2545,VOICE,,4G,0.1,4.24
R01-0000941,1,North-Coast,+1-481-841-3228,,2026-06-01 11:25:27,4347,DATA,51479912,4G,0.0,0.51
R01-0000942,1,North-Coast,+1-821-710-0510,+1-628-881-2980,2026-06-01 05:27:29,0,SMS,,4G,0.0,0.05
R01-0000943,1,North-Coast,+1-780-803-0564,+1-312-559-2446,2026-06-01 20:11:47,0,SMS,,5G,0.0,0.05
R01-0000944,1,North-Coast,+1-498-296-2255,+1-486-682-3666,2026-06-01 16:58:32,0,SMS,,5G,0.0,0.05
R01-0000945,1,North-Coast,+1-591-934-8770,+1-964-985-4258,2026-06-01 17:39:14,1838,VOICE,,4G,0.1,3.06
R01-0000946,1,North-Coast,+1-856-478-8546,+1-423-822-6108,2026-06-01 16:29:51,2992,VOICE,,4G,0.1,4.99
R01-0000947,1,North-Coast,+1-712-429-0300,+1-257-772-5206,2026-06-01 08:56:32,1087,VOICE,,4G,0.1,1.81
R01-0000948,1,North-Coast,+1-385-572-8810,+1-746-575-4883,2026-06-01 10:17:14,2559,VOICE,,5G,0.08,3.41
R01-0000949,1,North-Coast,+1-928-934-2165,+1-499-537-3770,2026-06-01 02:38:28,1671,VOICE,,4G,0.1,2.79
R01-0000950,1,North-Coast,+1-540-451-2880,+1-448-802-9932,2026-06-01 04:33:02,0,SMS,,4G,0.0,0.05
R01-0000951,1,North-Coast,+1-620-302-6331,+1-578-773-8054,2026-06-01 14:10:59,0,VOICE,,4G,0.1,0.0
R01-0000952,1,North-Coast,+1-505-541-0871,,2026-06-01 10:43:27,939,DATA,331479428,4G,0.0,3.31
R01-0000953,1,North-Coast,+1-511-269-3899,+1-860-234-2074,2026-06-01 06:11:12,0,SMS,,4G,0.0,0.05
R01-0000954,1,North-Coast,+1-790-861-2075,+1-345-370-4687,2026-06-01 22:31:13,321,VOICE,,5G,0.08,0.43
R01-0000955,1,North-Coast,+1-583-798-1310,+1-926-250-5973,2026-06-01 07:09:11,0,SMS,,4G,0.0,0.05
R01-0000956,1,North-Coast,+1-442-730-9551,+1-224-477-1068,2026-06-01 07:38:03,1532,VOICE,,3G,0.12,3.06
R01-0000957,1,North-Coast,+1-714-504-1876,+1-891-542-8200,2026-06-01 00:33:40,0,SMS,,4G,0.0,0.05
R01-0000958,1,North-Coast,+1-700-945-0728,,2026-06-01 20:17:15,7031,DATA,181995782,4G,0.0,1.82
R01-0000959,1,North-Coast,+1-546-368-9784,+1-968-928-1858,2026-06-01 12:36:27,584,VOICE,,4G,0.1,0.97
R01-0000960,1,North-Coast,+1-244-346-6678,,2026-06-01 09:51:52,553,DATA,337360275,5G,0.0,3.37
R01-0000961,1,North-Coast,+1-746-542-1944,+1-658-877-5916,2026-06-01 13:39:00,918,VOICE,,5G,0.08,1.22
R01-0000962,1,North-Coast,+1-920-514-2092,+1-511-824-9085,2026-06-01 11:13:51,0,SMS,,5G,0.0,0.05
R01-0000963,1,North-Coast,+1-622-845-2693,+1-934-872-0990,2026-06-01 09:15:27,0,SMS,,4G,0.0,0.05
R01-0000964,1,North-Coast,+1-814-204-0268,+1-522-299-7233,2026-06-01 22:25:20,0,SMS,,4G,0.0,0.05
R01-0000965,1,North-Coast,+1-945-288-3051,,2026-06-01 03:08:37,271,DATA,54249517,4G,0.0,0.54
R01-0000966,1,North-Coast,+1-871-536-3231,+1-966-555-4804,2026-06-01 14:22:15,0,VOICE,,5G,0.08,0.0
R01-0000967,1,North-Coast,+1-666-321-0295,+1-689-882-5189,2026-06-01 18:13:20,0,SMS,,3G,0.0,0.05
R01-0000968,1,North-Coast,+1-511-872-3005,+1-378-677-7276,2026-06-01 15:09:41,3510,VOICE,,4G,0.1,5.85
R01-0000969,1,North-Coast,+1-729-627-9913,+1-314-497-1779,2026-06-01 17:35:15,1086,VOICE,,3G,0.12,2.17
R01-0000970,1,North-Coast,+1-341-260-9550,+1-503-950-1538,2026-06-01 12:47:51,2906,VOICE,,3G,0.12,5.81
R01-0000971,1,North-Coast,+1-547-228-9470,+1-310-243-3116,2026-06-01 22:09:12,0,SMS,,4G,0.0,0.05
R01-0000972,1,North-Coast,+1-837-278-2847,+1-354-851-5312,2026-06-01 20:05:43,3077,VOICE,,4G,0.1,5.13
R01-0000973,1,North-Coast,+1-251-591-7320,+1-931-713-8210,2026-06-01 00:32:17,3591,VOICE,,3G,0.12,7.18
R01-0000974,1,North-Coast,+1-354-213-6302,,2026-06-01 20:55:08,6454,DATA,347713210,4G,0.0,3.48
R01-0000975,1,North-Coast,+1-727-411-2652,+1-322-814-3756,2026-06-01 01:34:31,2870,VOICE,,4G,0.1,4.78
R01-0000976,1,North-Coast,+1-521-779-9718,+1-975-436-2829,2026-06-01 06:54:50,0,SMS,,4G,0.0,0.05
R01-0000977,1,North-Coast,+1-353-220-0154,+1-730-616-6818,2026-06-01 07:10:24,0,SMS,,5G,0.0,0.05
R01-0000978,1,North-Coast,+1-609-373-9181,+1-390-438-3606,2026-06-01 13:19:43,0,SMS,,4G,0.0,0.05
R01-0000979,1,North-Coast,+1-963-543-5494,+1-203-974-5547,2026-06-01 22:06:21,0,SMS,,4G,0.0,0.05
R01-0000980,1,North-Coast,+1-481-484-8473,,2026-06-01 12:06:55,4581,DATA,96497509,3G,0.0,0.96
R01-0000981,1,North-Coast,+1-226-635-6486,+1-793-392-8558,2026-06-01 16:59:08,0,SMS,,4G,0.0,0.05
R01-0000982,1,North-Coast,+1-609-648-3192,+1-481-537-0081,2026-06-01 15:41:31,413,VOICE,,3G,0.12,0.83
R01-0000983,1,North-Coast,+1-648-981-2562,+1-594-775-4251,2026-06-01 18:36:54,0,SMS,,5G,0.0,0.05
R01-0000984,1,North-Coast,+1-856-397-1509,+1-277-450-0480,2026-06-01 18:38:20,0,SMS,,4G,0.0,0.05
R01-0000985,1,North-Coast,+1-671-471-4600,+1-611-631-6493,2026-06-01 04:43:48,3017,VOICE,,4G,0.1,5.03
R01-0000986,1,North-Coast,+1-373-330-7515,+1-430-904-6235,2026-06-01 19:21:17,0,SMS,,5G,0.0,0.05
R01-0000987,1,North-Coast,+1-413-894-2433,+1-571-902-1048,2026-06-01 08:37:42,0,SMS,,4G,0.0,0.05
R01-0000988,1,North-Coast,+1-548-515-4729,+1-537-719-2368,2026-06-01 06:59:43,2948,VOICE,,4G,0.1,4.91
R01-0000989,1,North-Coast,+1-251-582-2507,+1-793-353-6949,2026-06-01 08:19:19,395,VOICE,,5G,0.08,0.53
R01-0000990,1,North-Coast,+1-514-241-8061,+1-561-941-8495,2026-06-01 17:49:22,2320,VOICE,,3G,0.12,4.64
R01-0000991,1,North-Coast,+1-698-854-8261,+1-969-651-4357,2026-06-01 11:06:21,0,SMS,,3G,0.0,0.05
R01-0000992,1,North-Coast,+1-708-432-7383,+1-678-564-4016,2026-06-01 13:02:13,2663,VOICE,,3G,0.12,5.33
R01-0000993,1,North-Coast,+1-453-274-4095,+1-591-279-9782,2026-06-01 00:44:54,595,VOICE,,4G,0.1,0.99
R01-0000994,1,North-Coast,+1-669-828-9009,,2026-06-01 17:28:51,5904,DATA,329721190,4G,0.0,3.3
R01-0000995,1,North-Coast,+1-915-723-1421,,2026-06-01 08:47:26,3934,DATA,338538962,4G,0.0,3.39
R01-0000996,1,North-Coast,+1-263-520-1075,+1-772-767-2573,2026-06-01 19:41:41,2396,VOICE,,3G,0.12,4.79
R01-0000997,1,North-Coast,+1-812-230-3003,,2026-06-01 12:12:04,5889,DATA,396433,4G,0.0,0.0
R01-0000998,1,North-Coast,+1-566-921-6333,,2026-06-01 08:41:57,885,DATA,20751090,4G,0.0,0.21
R01-0000999,1,North-Coast,+1-229-477-1867,+1-571-763-1738,2026-06-01 05:36:41,0,VOICE,,4G,0.1,0.0
R01-0001000,1,North-Coast,+1-500-495-6209,+1-232-755-3611,2026-06-01 10:07:19,2519,VOICE,,4G,0.1,4.2
R01-0001001,1,North-Coast,+1-938-728-6700,,2026-06-01 21:39:35,3841,DATA,28440932,5G,0.0,0.28
R01-0001002,1,North-Coast,+1-703-312-0184,,2026-06-01 15:34:21,5186,DATA,146117083,4G,0.0,1.46
R01-0001003,1,North-Coast,+1-852-344-2555,+1-407-530-5996,2026-06-01 08:25:37,1935,VOICE,,4G,0.1,3.23
R01-0001004,1,North-Coast,+1-274-300-9578,+1-200-617-3495,2026-06-01 10:13:28,1160,VOICE,,4G,0.1,1.93
R01-0001005,1,North-Coast,+1-210-948-7048,+1-913-976-8406,2026-06-01 19:01:41,0,SMS,,4G,0.0,0.05
R01-0001006,1,North-Coast,+1-436-424-1646,+1-659-593-9712,2026-06-01 03:40:54,0,SMS,,3G,0.0,0.05
R01-0001007,1,North-Coast,+1-299-357-2984,+1-451-720-3723,2026-06-01 14:35:46,3079,VOICE,,4G,0.1,5.13
R01-0001008,1,North-Coast,+1-772-704-6087,,2026-06-01 11:42:31,1299,DATA,71444989,4G,0.0,0.71
R01-0001009,1,North-Coast,+1-838-670-3773,+1-762-972-5781,2026-06-01 12:43:30,1053,VOICE,,4G,0.1,1.76
R01-0001010,1,North-Coast,+1-482-873-9745,+1-324-946-8780,2026-06-01 01:14:27,0,SMS,,5G,0.0,0.05
R01-0001011,1,North-Coast,+1-216-225-0333,+1-389-253-6672,2026-06-01 15:39:24,0,SMS,,4G,0.0,0.05
R01-0001012,1,North-Coast,+1-987-490-2037,+1-777-570-8870,2026-06-01 19:40:58,1764,VOICE,,5G,0.08,2.35
R01-0001013,1,North-Coast,+1-472-743-1495,+1-374-320-9823,2026-06-01 21:06:23,2665,VOICE,,4G,0.1,4.44
R01-0001014,1,North-Coast,+1-454-613-0414,+1-592-626-9129,2026-06-01 10:22:01,2849,VOICE,,5G,0.08,3.8
R01-0001015,1,North-Coast,+1-639-414-3898,+1-226-870-1011,2026-06-01 13:11:02,1643,VOICE,,5G,0.08,2.19
R01-0001016,1,North-Coast,+1-724-877-2963,+1-236-269-8928,2026-06-01 20:29:48,0,SMS,,4G,0.0,0.05
R01-0001017,1,North-Coast,+1-244-557-8679,+1-804-409-1592,2026-06-01 04:09:16,0,SMS,,3G,0.0,0.05
R01-0001018,1,North-Coast,+1-466-464-5836,+1-780-512-1850,2026-06-01 08:03:45,2152,VOICE,,3G,0.12,4.3
R01-0001019,1,North-Coast,+1-562-553-7473,,2026-06-01 19:41:43,2583,DATA,10337525,4G,0.0,0.1
R01-0001020,1,North-Coast,+1-876-502-6589,+1-771-576-8602,2026-06-01 10:50:03,1874,VOICE,,4G,0.1,3.12
R01-0001021,1,North-Coast,+1-419-325-6630,+1-863-742-4429,2026-06-01 17:02:21,0,SMS,,3G,0.0,0.05
R01-0001022,1,North-Coast,+1-845-667-5089,+1-871-614-3663,2026-06-01 04:55:36,0,SMS,,4G,0.0,0.05
R01-0001023,1,North-Coast,+1-321-580-2565,+1-394-409-4752,2026-06-01 11:33:50,808,VOICE,,4G,0.1,1.35
R01-0001024,1,North-Coast,+1-235-914-0531,+1-708-565-6343,2026-06-01 15:01:26,778,VOICE,,5G,0.08,1.04
R01-0001025,1,North-Coast,+1-611-324-2319,+1-600-876-5450,2026-06-01 01:53:06,0,SMS,,5G,0.0,0.05
R01-0001026,1,North-Coast,+1-571-512-4453,+1-927-835-4686,2026-06-01 18:46:10,0,SMS,,5G,0.0,0.05
R01-0001027,1,North-Coast,+1-310-897-4351,+1-834-943-3584,2026-06-01 14:23:26,0,SMS,,3G,0.0,0.05
R01-0001028,1,North-Coast,+1-316-621-0956,+1-464-975-0737,2026-06-01 19:16:14,3475,VOICE,,4G,0.1,5.79
R01-0001029,1,North-Coast,+1-771-716-9964,+1-316-527-9990,2026-06-01 18:11:19,1632,VOICE,,3G,0.12,3.26
R01-0001030,1,North-Coast,+1-882-866-9950,,2026-06-01 03:58:42,1545,DATA,99717175,5G,0.0,1.0
R01-0001031,1,North-Coast,+1-325-579-2019,+1-653-637-6521,2026-06-01 09:44:19,0,SMS,,4G,0.0,0.05
R01-0001032,1,North-Coast,+1-344-754-0217,+1-789-835-0835,2026-06-01 05:26:06,0,SMS,,4G,0.0,0.05
R01-0001033,1,North-Coast,+1-414-490-1025,+1-412-817-9032,2026-06-01 18:25:51,1417,VOICE,,3G,0.12,2.83
R01-0001034,1,North-Coast,+1-930-316-7494,+1-451-668-6532,2026-06-01 06:03:01,957,VOICE,,5G,0.08,1.28
R01-0001035,1,North-Coast,+1-988-852-6641,+1-523-659-7868,2026-06-01 06:35:26,44,VOICE,,5G,0.08,0.06
R01-0001036,1,North-Coast,+1-436-800-2779,+1-827-366-8061,2026-06-01 04:47:06,0,SMS,,4G,0.0,0.05
R01-0001037,1,North-Coast,+1-864-260-7356,+1-226-896-1499,2026-06-01 04:38:35,0,SMS,,4G,0.0,0.05
R01-0001038,1,North-Coast,+1-339-372-0447,+1-755-386-8704,2026-06-01 22:08:48,2718,VOICE,,5G,0.08,3.62
R01-0001039,1,North-Coast,+1-910-650-4091,+1-672-357-4506,2026-06-01 11:39:45,0,SMS,,3G,0.0,0.05
R01-0001040,1,North-Coast,+1-595-362-8448,+1-508-756-7222,2026-06-01 12:49:13,0,SMS,,4G,0.0,0.05
R01-0001041,1,North-Coast,+1-596-655-1281,,2026-06-01 04:51:39,6843,DATA,189632695,3G,0.0,1.9
R01-0001042,1,North-Coast,+1-554-550-9823,+1-972-905-0907,2026-06-01 19:51:20,0,SMS,,4G,0.0,0.05
R01-0001043,1,North-Coast,+1-386-868-2572,,2026-06-01 03:10:07,693,DATA,129333559,4G,0.0,1.29
R01-0001044,1,North-Coast,+1-589-986-5784,+1-409-528-8767,2026-06-01 08:35:17,0,SMS,,5G,0.0,0.05
R01-0001045,1,North-Coast,+1-982-744-7839,,2026-06-01 18:42:37,6834,DATA,407893510,3G,0.0,4.08
R01-0001046,1,North-Coast,+1-776-770-3192,+1-305-678-0728,2026-06-01 05:03:37,0,SMS,,4G,0.0,0.05
R01-0001047,1,North-Coast,+1-738-831-8849,+1-982-222-4201,2026-06-01 02:58:05,2688,VOICE,,3G,0.12,5.38
R01-0001048,1,North-Coast,+1-499-477-4849,,2026-06-01 14:57:21,1654,DATA,493919641,5G,0.0,4.94
R01-0001049,1,North-Coast,+1-654-748-8143,,2026-06-01 16:19:26,269,DATA,416546325,4G,0.0,4.17
R01-0001050,1,North-Coast,+1-737-483-3784,+1-760-367-1445,2026-06-01 01:53:47,0,SMS,,4G,0.0,0.05
R01-0001051,1,North-Coast,+1-298-514-5230,+1-655-913-7161,2026-06-01 06:38:15,1399,VOICE,,5G,0.08,1.87
R01-0001052,1,North-Coast,+1-782-200-2303,+1-480-313-8752,2026-06-01 11:32:06,0,SMS,,5G,0.0,0.05
R01-0001053,1,North-Coast,+1-607-403-6078,+1-731-692-4714,2026-06-01 23:50:00,2164,VOICE,,5G,0.08,2.89
R01-0001054,1,North-Coast,+1-972-456-5042,+1-760-378-4034,2026-06-01 06:14:07,1165,VOICE,,5G,0.08,1.55
R01-0001055,1,North-Coast,+1-689-401-5121,,2026-06-01 05:09:01,2257,DATA,400789972,4G,0.0,4.01
R01-0001056,1,North-Coast,+1-502-238-8574,,2026-06-01 19:20:50,6566,DATA,185944453,4G,0.0,1.86
R01-0001057,1,North-Coast,+1-810-698-2289,,2026-06-01 15:04:40,1042,DATA,388073421,4G,0.0,3.88
R01-0001058,1,North-Coast,+1-592-844-3325,+1-203-352-9455,2026-06-01 09:47:18,0,SMS,,4G,0.0,0.05
R01-0001059,1,North-Coast,+1-623-399-1784,+1-958-260-6490,2026-06-01 11:24:31,0,SMS,,4G,0.0,0.05
R01-0001060,1,North-Coast,+1-550-533-6065,+1-240-516-5770,2026-06-01 10:27:59,0,SMS,,5G,0.0,0.05
R01-0001061,1,North-Coast,+1-387-938-4758,,2026-06-01 06:43:08,1527,DATA,10034217,4G,0.0,0.1
R01-0001062,1,North-Coast,+1-954-404-3456,+1-355-294-5419,2026-06-01 03:40:18,1880,VOICE,,3G,0.12,3.76
R01-0001063,1,North-Coast,+1-315-899-1912,+1-949-397-2247,2026-06-01 18:39:06,628,VOICE,,4G,0.1,1.05
R01-0001064,1,North-Coast,+1-634-666-5613,+1-244-478-1855,2026-06-01 04:52:53,2978,VOICE,,4G,0.1,4.96
R01-0001065,1,North-Coast,+1-217-290-6186,+1-977-950-2070,2026-06-01 00:31:47,745,VOICE,,4G,0.1,1.24
R01-0001066,1,North-Coast,+1-524-687-3098,,2026-06-01 08:32:42,6442,DATA,323062439,4G,0.0,3.23
R01-0001067,1,North-Coast,+1-587-332-9241,+1-614-776-6297,2026-06-01 00:56:25,3414,VOICE,,3G,0.12,6.83
R01-0001068,1,North-Coast,+1-825-536-0637,+1-289-942-2690,2026-06-01 11:13:05,0,SMS,,3G,0.0,0.05
R01-0001069,1,North-Coast,+1-215-607-9582,+1-813-681-9085,2026-06-01 04:17:35,0,SMS,,3G,0.0,0.05
R01-0001070,1,North-Coast,+1-937-943-1320,,2026-06-01 02:10:17,561,DATA,429281438,4G,0.0,4.29
R01-0001071,1,North-Coast,+1-939-935-4649,+1-756-422-5807,2026-06-01 21:50:24,2060,VOICE,,3G,0.12,4.12
R01-0001072,1,North-Coast,+1-515-435-5527,+1-894-443-4532,2026-06-01 02:50:01,2082,VOICE,,5G,0.08,2.78
R01-0001073,1,North-Coast,+1-509-289-8253,+1-982-642-9700,2026-06-01 16:30:51,0,SMS,,3G,0.0,0.05
R01-0001074,1,North-Coast,+1-594-613-5592,+1-366-864-4416,2026-06-01 20:25:53,171,VOICE,,3G,0.12,0.34
R01-0001075,1,North-Coast,+1-367-491-7013,+1-916-368-6432,2026-06-01 12:11:35,555,VOICE,,3G,0.12,1.11
R01-0001076,1,North-Coast,+1-623-347-0025,+1-776-289-0007,2026-06-01 14:29:10,0,SMS,,4G,0.0,0.05
R01-0001077,1,North-Coast,+1-201-241-8889,+1-551-563-9244,2026-06-01 01:41:11,1442,VOICE,,4G,0.1,2.4
R01-0001078,1,North-Coast,+1-338-757-6531,+1-396-854-5881,2026-06-01 01:00:08,3568,VOICE,,4G,0.1,5.95
R01-0001079,1,North-Coast,+1-306-951-9538,+1-274-347-1555,2026-06-01 17:01:17,1285,VOICE,,5G,0.08,1.71
R01-0001080,1,North-Coast,+1-849-479-6824,+1-915-915-7557,2026-06-01 17:56:05,1243,VOICE,,3G,0.12,2.49
R01-0001081,1,North-Coast,+1-893-815-8670,+1-257-880-1093,2026-06-01 05:38:44,1402,VOICE,,3G,0.12,2.8
R01-0001082,1,North-Coast,+1-988-732-3568,+1-488-639-0959,2026-06-01 12:29:59,1473,VOICE,,4G,0.1,2.46
R01-0001083,1,North-Coast,+1-535-684-6090,+1-305-887-5414,2026-06-01 09:18:21,0,SMS,,4G,0.0,0.05
R01-0001084,1,North-Coast,+1-734-697-5001,,2026-06-01 08:21:12,3452,DATA,234760632,4G,0.0,2.35
R01-0001085,1,North-Coast,+1-462-216-4036,+1-406-912-2983,2026-06-01 03:07:32,0,SMS,,3G,0.0,0.05
R01-0001086,1,North-Coast,+1-651-269-6489,+1-680-314-4220,2026-06-01 02:47:14,0,SMS,,4G,0.0,0.05
R01-0001087,1,North-Coast,+1-241-480-3778,+1-873-967-5394,2026-06-01 05:25:33,0,SMS,,4G,0.0,0.05
R01-0001088,1,North-Coast,+1-755-673-1189,+1-710-557-7048,2026-06-01 19:45:00,0,SMS,,5G,0.0,0.05
R01-0001089,1,North-Coast,+1-685-356-4722,+1-563-744-8202,2026-06-01 21:50:41,0,SMS,,5G,0.0,0.05
R01-0001090,1,North-Coast,+1-959-840-6925,+1-930-653-9965,2026-06-01 16:52:55,2282,VOICE,,4G,0.1,3.8
R01-0001091,1,North-Coast,+1-520-936-4721,+1-309-337-2614,2026-06-01 21:05:03,0,SMS,,5G,0.0,0.05
R01-0001092,1,North-Coast,+1-273-290-2282,+1-216-552-2929,2026-06-01 06:41:34,0,SMS,,3G,0.0,0.05
R01-0001093,1,North-Coast,+1-977-206-6480,+1-307-971-6041,2026-06-01 18:38:29,659,VOICE,,5G,0.08,0.88
R01-0001094,1,North-Coast,+1-263-851-0159,+1-787-824-7879,2026-06-01 19:07:13,1780,VOICE,,4G,0.1,2.97
R01-0001095,1,North-Coast,+1-962-536-2815,+1-401-492-6100,2026-06-01 12:51:56,0,VOICE,,4G,0.1,0.0
R01-0001096,1,North-Coast,+1-499-790-8403,,2026-06-01 12:54:40,697,DATA,429724761,4G,0.0,4.3
R01-0001097,1,North-Coast,+1-628-871-2624,+1-901-782-5726,2026-06-01 11:16:54,0,SMS,,4G,0.0,0.05
R01-0001098,1,North-Coast,+1-648-946-2175,+1-520-691-4608,2026-06-01 02:28:06,0,SMS,,4G,0.0,0.05
R01-0001099,1,North-Coast,+1-573-324-2693,+1-451-206-5450,2026-06-01 03:08:19,0,SMS,,4G,0.0,0.05
R01-0001100,1,North-Coast,+1-816-248-3193,+1-668-652-2527,2026-06-01 07:57:08,597,VOICE,,5G,0.08,0.8
R01-0001101,1,North-Coast,+1-470-818-1031,,2026-06-01 11:48:10,5119,DATA,268404152,4G,0.0,2.68
R01-0001102,1,North-Coast,+1-557-299-0212,+1-930-908-2452,2026-06-01 19:07:37,2173,VOICE,,3G,0.12,4.35
R01-0001103,1,North-Coast,+1-230-816-0170,+1-322-220-8168,2026-06-01 04:44:16,0,SMS,,3G,0.0,0.05
R01-0001104,1,North-Coast,+1-262-984-9835,+1-762-950-2681,2026-06-01 07:19:16,2785,VOICE,,4G,0.1,4.64
R01-0001105,1,North-Coast,+1-835-233-5831,+1-854-307-7782,2026-06-01 13:22:45,2471,VOICE,,4G,0.1,4.12
R01-0001106,1,North-Coast,+1-245-559-6304,+1-470-237-3303,2026-06-01 09:04:22,0,SMS,,5G,0.0,0.05
R01-0001107,1,North-Coast,+1-764-665-2835,+1-338-802-1084,2026-06-01 01:10:02,2166,VOICE,,5G,0.08,2.89
R01-0001108,1,North-Coast,+1-932-903-1560,,2026-06-01 18:11:56,6734,DATA,286134997,4G,0.0,2.86
R01-0001109,1,North-Coast,+1-986-219-8032,+1-620-618-6887,2026-06-01 00:01:29,2767,VOICE,,4G,0.1,4.61
R01-0001110,1,North-Coast,+1-755-686-6995,+1-272-372-9162,2026-06-01 06:25:18,57,VOICE,,5G,0.08,0.08
R01-0001111,1,North-Coast,+1-581-314-7202,+1-504-915-7277,2026-06-01 04:36:32,0,SMS,,4G,0.0,0.05
R01-0001112,1,North-Coast,+1-647-745-7297,+1-601-488-2484,2026-06-01 06:59:00,93,VOICE,,5G,0.08,0.12
R01-0001113,1,North-Coast,+1-931-851-6792,+1-695-457-3600,2026-06-01 12:30:42,2479,VOICE,,4G,0.1,4.13
R01-0001114,1,North-Coast,+1-317-246-3216,+1-858-858-5748,2026-06-01 22:11:11,3010,VOICE,,4G,0.1,5.02
R01-0001115,1,North-Coast,+1-655-404-1639,+1-383-332-6009,2026-06-01 20:17:04,3585,VOICE,,4G,0.1,5.98
R01-0001116,1,North-Coast,+1-941-387-6321,+1-423-788-7753,2026-06-01 05:35:41,0,SMS,,5G,0.0,0.05
R01-0001117,1,North-Coast,+1-823-872-2527,+1-805-278-1428,2026-06-01 03:27:36,0,SMS,,3G,0.0,0.05
R01-0001118,1,North-Coast,+1-481-811-3055,,2026-06-01 21:02:06,4009,DATA,457149769,5G,0.0,4.57
R01-0001119,1,North-Coast,+1-603-598-6980,+1-463-240-2639,2026-06-01 20:26:04,711,VOICE,,3G,0.12,1.42
R01-0001120,1,North-Coast,+1-284-368-2263,+1-396-305-0185,2026-06-01 16:28:03,0,SMS,,3G,0.0,0.05
R01-0001121,1,North-Coast,+1-377-905-6879,+1-802-852-0294,2026-06-01 08:14:11,2146,VOICE,,4G,0.1,3.58
R01-0001122,1,North-Coast,+1-424-531-2242,+1-713-332-5932,2026-06-01 12:52:58,0,SMS,,5G,0.0,0.05
R01-0001123,1,North-Coast,+1-384-797-1317,+1-308-557-3687,2026-06-01 05:00:41,790,VOICE,,5G,0.08,1.05
R01-0001124,1,North-Coast,+1-307-864-3256,+1-229-334-5374,2026-06-01 19:19:34,2616,VOICE,,5G,0.08,3.49
R01-0001125,1,North-Coast,+1-845-636-7615,+1-832-469-5670,2026-06-01 07:13:16,3153,VOICE,,4G,0.1,5.25
R01-0001126,1,North-Coast,+1-309-649-7605,,2026-06-01 08:18:26,5145,DATA,7536282,4G,0.0,0.08
R01-0001127,1,North-Coast,+1-915-479-6983,+1-486-928-1350,2026-06-01 07:29:56,0,SMS,,5G,0.0,0.05
R01-0001128,1,North-Coast,+1-699-581-2586,+1-847-540-9550,2026-06-01 07:11:38,524,VOICE,,4G,0.1,0.87
R01-0001129,1,North-Coast,+1-221-714-4393,+1-444-844-4683,2026-06-01 17:14:27,1193,VOICE,,4G,0.1,1.99
R01-0001130,1,North-Coast,+1-542-352-2057,,2026-06-01 21:36:51,2468,DATA,469183240,4G,0.0,4.69
R01-0001131,1,North-Coast,+1-970-690-4034,+1-850-700-5430,2026-06-01 16:52:33,1638,VOICE,,5G,0.08,2.18
R01-0001132,1,North-Coast,+1-736-296-0578,+1-711-628-6142,2026-06-01 18:48:19,457,VOICE,,4G,0.1,0.76
R01-0001133,1,North-Coast,+1-662-847-6713,+1-850-910-9433,2026-06-01 22:14:24,2265,VOICE,,5G,0.08,3.02
R01-0001134,1,North-Coast,+1-431-266-6321,+1-904-711-5225,2026-06-01 05:54:42,2180,VOICE,,3G,0.12,4.36
R01-0001135,1,North-Coast,+1-234-222-3862,+1-925-514-2661,2026-06-01 18:11:56,3440,VOICE,,4G,0.1,5.73
R01-0001136,1,North-Coast,+1-705-220-8704,,2026-06-01 11:34:50,3776,DATA,73488597,4G,0.0,0.73
R01-0001137,1,North-Coast,+1-242-648-9597,+1-576-287-4789,2026-06-01 19:00:39,3045,VOICE,,5G,0.08,4.06
R01-0001138,1,North-Coast,+1-296-528-3475,+1-385-221-2233,2026-06-01 19:05:28,0,SMS,,4G,0.0,0.05
R01-0001139,1,North-Coast,+1-974-714-2854,+1-747-478-9667,2026-06-01 23:53:25,0,SMS,,4G,0.0,0.05
R01-0001140,1,North-Coast,+1-555-428-9640,,2026-06-01 04:04:02,3055,DATA,466747376,4G,0.0,4.67
R01-0001141,1,North-Coast,+1-847-655-2163,,2026-06-01 04:53:34,3277,DATA,65788574,3G,0.0,0.66
R01-0001142,1,North-Coast,+1-656-230-2320,,2026-06-01 10:54:59,7085,DATA,41429244,4G,0.0,0.41
R01-0001143,1,North-Coast,+1-392-988-7501,,2026-06-01 05:59:17,5456,DATA,28586738,4G,0.0,0.29
R01-0001144,1,North-Coast,+1-598-322-4328,,2026-06-01 17:54:12,5770,DATA,147865763,4G,0.0,1.48
R01-0001145,1,North-Coast,+1-511-532-6815,+1-658-904-9508,2026-06-01 09:58:51,2484,VOICE,,3G,0.12,4.97
R01-0001146,1,North-Coast,+1-333-345-8113,+1-736-428-2892,2026-06-01 19:35:21,2901,VOICE,,5G,0.08,3.87
R01-0001147,1,North-Coast,+1-481-805-9002,+1-639-887-8403,2026-06-01 18:25:48,0,SMS,,4G,0.0,0.05
R01-0001148,1,North-Coast,+1-272-201-3465,+1-379-516-7452,2026-06-01 11:11:17,3501,VOICE,,5G,0.08,4.67
R01-0001149,1,North-Coast,+1-486-952-8623,+1-287-766-7271,2026-06-01 18:28:20,0,SMS,,5G,0.0,0.05
R01-0001150,1,North-Coast,+1-772-853-0297,+1-474-696-3667,2026-06-01 03:03:02,2578,VOICE,,4G,0.1,4.3
R01-0001151,1,North-Coast,+1-648-945-4007,+1-501-805-4200,2026-06-01 04:17:18,2021,VOICE,,4G,0.1,3.37
R01-0001152,1,North-Coast,+1-981-542-4053,,2026-06-01 19:31:17,6655,DATA,337971324,4G,0.0,3.38
R01-0001153,1,North-Coast,+1-281-820-4244,+1-679-520-0431,2026-06-01 02:32:55,636,VOICE,,4G,0.1,1.06
R01-0001154,1,North-Coast,+1-322-433-8367,+1-937-655-6513,2026-06-01 16:04:27,3463,VOICE,,4G,0.1,5.77
R01-0001155,1,North-Coast,+1-249-648-9871,+1-842-338-4575,2026-06-01 23:12:09,0,SMS,,4G,0.0,0.05
R01-0001156,1,North-Coast,+1-873-858-8102,+1-256-774-0985,2026-06-01 00:08:08,0,SMS,,5G,0.0,0.05
R01-0001157,1,North-Coast,+1-347-294-9695,,2026-06-01 06:38:57,5445,DATA,21823053,5G,0.0,0.22
R01-0001158,1,North-Coast,+1-212-765-8986,+1-580-207-5340,2026-06-01 03:10:21,2734,VOICE,,5G,0.08,3.65
R01-0001159,1,North-Coast,+1-393-907-5726,+1-290-403-0300,2026-06-01 21:50:31,889,VOICE,,5G,0.08,1.19
R01-0001160,1,North-Coast,+1-477-875-5791,+1-434-260-5576,2026-06-01 00:59:36,1391,VOICE,,5G,0.08,1.85
R01-0001161,1,North-Coast,+1-430-394-6035,,2026-06-01 15:37:39,5919,DATA,197860427,5G,0.0,1.98
R01-0001162,1,North-Coast,+1-333-263-4393,+1-614-656-9257,2026-06-01 21:16:44,0,SMS,,5G,0.0,0.05
R01-0001163,1,North-Coast,+1-841-425-2799,,2026-06-01 15:52:24,2204,DATA,486641639,5G,0.0,4.87
R01-0001164,1,North-Coast,+1-420-432-4100,+1-852-660-0526,2026-06-01 18:28:50,0,SMS,,4G,0.0,0.05
R01-0001165,1,North-Coast,+1-875-460-3901,+1-335-513-7996,2026-06-01 08:16:15,0,SMS,,5G,0.0,0.05
R01-0001166,1,North-Coast,+1-366-586-9602,+1-671-649-9754,2026-06-01 00:10:25,2253,VOICE,,5G,0.08,3.0
R01-0001167,1,North-Coast,+1-520-309-8055,+1-599-936-0222,2026-06-01 05:34:26,0,SMS,,4G,0.0,0.05
R01-0001168,1,North-Coast,+1-628-202-5627,+1-705-862-4037,2026-06-01 06:39:36,569,VOICE,,4G,0.1,0.95
R01-0001169,1,North-Coast,+1-607-421-5429,+1-427-375-6001,2026-06-01 03:05:20,0,SMS,,4G,0.0,0.05
R01-0001170,1,North-Coast,+1-389-494-4052,+1-864-973-2574,2026-06-01 22:44:11,0,SMS,,3G,0.0,0.05
R01-0001171,1,North-Coast,+1-546-427-2260,,2026-06-01 08:03:32,4687,DATA,60878581,3G,0.0,0.61
R01-0001172,1,North-Coast,+1-398-654-6183,,2026-06-01 19:26:22,549,DATA,200685309,5G,0.0,2.01
R01-0001173,1,North-Coast,+1-709-848-2831,,2026-06-01 16:02:03,2752,DATA,239912227,4G,0.0,2.4
R01-0001174,1,North-Coast,+1-983-393-7278,+1-750-618-7836,2026-06-01 12:53:30,0,SMS,,4G,0.0,0.05
R01-0001175,1,North-Coast,+1-908-928-9265,+1-732-526-5561,2026-06-01 18:22:35,1461,VOICE,,5G,0.08,1.95
R01-0001176,1,North-Coast,+1-663-262-3630,+1-412-864-6036,2026-06-01 15:36:23,2214,VOICE,,5G,0.08,2.95
R01-0001177,1,North-Coast,+1-724-639-7205,+1-971-758-5279,2026-06-01 18:07:10,0,SMS,,4G,0.0,0.05
R01-0001178,1,North-Coast,+1-507-523-4390,+1-524-397-8572,2026-06-01 15:13:50,3433,VOICE,,5G,0.08,4.58
R01-0001179,1,North-Coast,+1-307-920-3271,+1-579-627-6056,2026-06-01 13:37:40,2343,VOICE,,5G,0.08,3.12
R01-0001180,1,North-Coast,+1-926-535-2935,+1-622-216-4505,2026-06-01 23:02:22,0,SMS,,4G,0.0,0.05
R01-0001181,1,North-Coast,+1-727-254-6272,+1-868-677-5135,2026-06-01 04:58:18,0,SMS,,4G,0.0,0.05
R01-0001182,1,North-Coast,+1-428-280-9274,+1-984-805-6671,2026-06-01 00:01:14,0,SMS,,4G,0.0,0.05
R01-0001183,1,North-Coast,+1-394-611-9539,+1-595-826-5438,2026-06-01 21:54:29,1380,VOICE,,4G,0.1,2.3
R01-0001184,1,North-Coast,+1-253-348-7810,+1-500-980-2174,2026-06-01 20:04:20,0,SMS,,4G,0.0,0.05
R01-0001185,1,North-Coast,+1-547-523-3479,+1-214-664-3406,2026-06-01 16:07:06,0,SMS,,5G,0.0,0.05
R01-0001186,1,North-Coast,+1-457-442-2727,+1-504-935-5677,2026-06-01 13:10:09,2917,VOICE,,3G,0.12,5.83
R01-0001187,1,North-Coast,+1-238-779-1415,+1-365-461-7534,2026-06-01 13:45:10,0,SMS,,5G,0.0,0.05
R01-0001188,1,North-Coast,+1-399-208-1086,+1-769-683-5486,2026-06-01 17:32:56,1544,VOICE,,5G,0.08,2.06
R01-0001189,1,North-Coast,+1-261-274-1835,+1-872-518-9680,2026-06-01 00:10:58,1840,VOICE,,5G,0.08,2.45
R01-0001190,1,North-Coast,+1-816-284-7904,+1-603-461-4377,2026-06-01 04:14:33,1699,VOICE,,4G,0.1,2.83
R01-0001191,1,North-Coast,+1-481-809-7787,+1-261-261-1414,2026-06-01 04:08:15,1384,VOICE,,5G,0.08,1.85
R01-0001192,1,North-Coast,+1-884-806-4446,,2026-06-01 20:01:31,332,DATA,147153445,4G,0.0,1.47
R01-0001193,1,North-Coast,+1-740-455-7991,+1-760-468-8661,2026-06-01 19:02:50,210,VOICE,,5G,0.08,0.28
R01-0001194,1,North-Coast,+1-310-407-3098,,2026-06-01 09:45:46,3845,DATA,215557372,4G,0.0,2.16
R01-0001195,1,North-Coast,+1-468-512-5098,+1-391-522-9965,2026-06-01 01:06:22,0,SMS,,5G,0.0,0.05
R01-0001196,1,North-Coast,+1-455-681-2412,+1-543-598-9704,2026-06-01 01:36:11,0,SMS,,5G,0.0,0.05
R01-0001197,1,North-Coast,+1-451-604-8311,+1-693-615-6271,2026-06-01 19:12:54,1342,VOICE,,4G,0.1,2.24
R01-0001198,1,North-Coast,+1-958-363-3238,+1-795-544-3648,2026-06-01 10:53:55,0,SMS,,4G,0.0,0.05
R01-0001199,1,North-Coast,+1-410-277-4550,+1-950-504-1091,2026-06-01 16:41:38,0,SMS,,4G,0.0,0.05
R01-0001200,1,North-Coast,+1-287-637-3251,,2026-06-01 21:56:57,1015,DATA,296231213,4G,0.0,2.96
R01-0001201,1,North-Coast,+1-566-549-6764,,2026-06-01 07:56:20,3350,DATA,150065597,4G,0.0,1.5
R01-0001202,1,North-Coast,+1-522-477-9610,+1-403-919-6669,2026-06-01 18:37:13,208,VOICE,,4G,0.1,0.35
R01-0001203,1,North-Coast,+1-206-704-5289,+1-307-551-2785,2026-06-01 15:41:27,2675,VOICE,,5G,0.08,3.57
R01-0001204,1,North-Coast,+1-670-415-2096,+1-655-448-1989,2026-06-01 01:20:25,0,SMS,,4G,0.0,0.05
R01-0001205,1,North-Coast,+1-356-423-2227,+1-677-632-2879,2026-06-01 02:13:46,0,SMS,,4G,0.0,0.05
R01-0001206,1,North-Coast,+1-983-904-3381,+1-481-308-3356,2026-06-01 14:48:14,0,SMS,,4G,0.0,0.05
R01-0001207,1,North-Coast,+1-384-969-2818,,2026-06-01 10:47:09,1606,DATA,68556100,4G,0.0,0.69
R01-0001208,1,North-Coast,+1-326-933-8008,+1-396-544-3275,2026-06-01 03:46:17,3552,VOICE,,4G,0.1,5.92
R01-0001209,1,North-Coast,+1-510-532-1935,+1-273-879-7061,2026-06-01 02:39:18,1091,VOICE,,5G,0.08,1.45
R01-0001210,1,North-Coast,+1-815-779-9510,+1-710-951-8659,2026-06-01 22:36:05,0,SMS,,4G,0.0,0.05
R01-0001211,1,North-Coast,+1-541-493-6375,,2026-06-01 11:45:56,3280,DATA,419223666,4G,0.0,4.19
R01-0001212,1,North-Coast,+1-914-943-2710,+1-329-609-7638,2026-06-01 20:52:05,527,VOICE,,4G,0.1,0.88
R01-0001213,1,North-Coast,+1-759-598-5825,+1-784-738-3763,2026-06-01 10:33:48,0,SMS,,5G,0.0,0.05
R01-0001214,1,North-Coast,+1-552-827-9634,+1-901-468-8929,2026-06-01 06:26:19,534,VOICE,,4G,0.1,0.89
R01-0001215,1,North-Coast,+1-646-384-5480,,2026-06-01 22:04:04,2437,DATA,248427826,4G,0.0,2.48
R01-0001216,1,North-Coast,+1-328-369-8250,+1-461-717-6552,2026-06-01 12:05:09,1401,VOICE,,3G,0.12,2.8
R01-0001217,1,North-Coast,+1-975-932-1278,,2026-06-01 07:55:34,7092,DATA,78442478,5G,0.0,0.78
R01-0001218,1,North-Coast,+1-297-332-2656,+1-707-865-2299,2026-06-01 06:36:08,2393,VOICE,,4G,0.1,3.99
R01-0001219,1,North-Coast,+1-633-601-7557,+1-586-553-3699,2026-06-01 06:54:42,63,VOICE,,4G,0.1,0.11
R01-0001220,1,North-Coast,+1-356-319-7114,+1-917-685-6332,2026-06-01 14:14:01,1085,VOICE,,5G,0.08,1.45
R01-0001221,1,North-Coast,+1-895-439-1816,+1-688-560-5905,2026-06-01 17:15:56,0,SMS,,4G,0.0,0.05
R01-0001222,1,North-Coast,+1-736-753-8591,,2026-06-01 17:59:41,1066,DATA,347674610,4G,0.0,3.48
R01-0001223,1,North-Coast,+1-962-507-6142,+1-848-843-6381,2026-06-01 06:43:22,2472,VOICE,,4G,0.1,4.12
R01-0001224,1,North-Coast,+1-560-979-0267,+1-287-258-7435,2026-06-01 18:38:43,2886,VOICE,,4G,0.1,4.81
R01-0001225,1,North-Coast,+1-816-318-9004,+1-506-898-5046,2026-06-01 18:07:40,2085,VOICE,,4G,0.1,3.48
R01-0001226,1,North-Coast,+1-639-665-3510,,2026-06-01 10:15:21,4012,DATA,211904471,3G,0.0,2.12
R01-0001227,1,North-Coast,+1-449-973-3464,+1-629-931-7540,2026-06-01 08:16:12,2918,VOICE,,3G,0.12,5.84
R01-0001228,1,North-Coast,+1-706-825-3023,+1-858-878-8029,2026-06-01 02:46:13,3506,VOICE,,3G,0.12,7.01
R01-0001229,1,North-Coast,+1-608-288-8548,+1-908-211-4611,2026-06-01 00:09:16,0,SMS,,5G,0.0,0.05
R01-0001230,1,North-Coast,+1-420-916-9582,+1-556-473-5671,2026-06-01 00:46:45,3339,VOICE,,5G,0.08,4.45
R01-0001231,1,North-Coast,+1-299-947-4188,+1-277-669-5588,2026-06-01 04:49:45,761,VOICE,,4G,0.1,1.27
R01-0001232,1,North-Coast,+1-651-241-2195,+1-395-726-3733,2026-06-01 12:15:39,0,SMS,,4G,0.0,0.05
R01-0001233,1,North-Coast,+1-848-490-9812,+1-511-407-4933,2026-06-01 14:41:52,889,VOICE,,3G,0.12,1.78
R01-0001234,1,North-Coast,+1-672-952-8897,+1-848-507-7109,2026-06-01 15:18:30,539,VOICE,,4G,0.1,0.9
R01-0001235,1,North-Coast,+1-683-253-3651,+1-485-368-1089,2026-06-01 09:56:52,0,VOICE,,4G,0.1,0.0
R01-0001236,1,North-Coast,+1-673-653-7056,,2026-06-01 04:03:39,5183,DATA,111631642,4G,0.0,1.12
R01-0001237,1,North-Coast,+1-509-518-3926,+1-904-400-1902,2026-06-01 04:50:37,0,SMS,,4G,0.0,0.05
R01-0001238,1,North-Coast,+1-630-442-4726,+1-874-392-7659,2026-06-01 09:21:24,3193,VOICE,,5G,0.08,4.26
R01-0001239,1,North-Coast,+1-434-756-5664,+1-410-785-2620,2026-06-01 05:00:17,0,SMS,,4G,0.0,0.05
R01-0001240,1,North-Coast,+1-530-454-3589,+1-624-449-1644,2026-06-01 04:58:49,0,SMS,,4G,0.0,0.05
R01-0001241,1,North-Coast,+1-292-596-5712,,2026-06-01 02:08:13,6321,DATA,399078693,4G,0.0,3.99
R01-0001242,1,North-Coast,+1-490-305-3193,+1-890-645-7918,2026-06-01 06:58:13,48,VOICE,,4G,0.1,0.08
R01-0001243,1,North-Coast,+1-562-610-9457,+1-584-548-5025,2026-06-01 06:42:32,830,VOICE,,4G,0.1,1.38
R01-0001244,1,North-Coast,+1-371-835-0267,,2026-06-01 16:07:37,5071,DATA,166591334,4G,0.0,1.67
R01-0001245,1,North-Coast,+1-735-330-0954,+1-908-906-0339,2026-06-01 17:13:24,0,SMS,,4G,0.0,0.05
R01-0001246,1,North-Coast,+1-461-944-1683,+1-961-289-4471,2026-06-01 05:18:14,1697,VOICE,,4G,0.1,2.83
R01-0001247,1,North-Coast,+1-806-764-0826,+1-969-611-3892,2026-06-01 12:06:11,0,SMS,,4G,0.0,0.05
R01-0001248,1,North-Coast,+1-873-949-8808,+1-822-945-1413,2026-06-01 18:01:55,331,VOICE,,3G,0.12,0.66
R01-0001249,1,North-Coast,+1-897-350-6154,+1-299-514-9905,2026-06-01 20:47:57,1398,VOICE,,3G,0.12,2.8
R01-0001250,1,North-Coast,+1-797-881-5545,+1-576-397-1738,2026-06-01 17:41:07,0,SMS,,4G,0.0,0.05
R01-0001251,1,North-Coast,+1-743-328-6818,,2026-06-01 14:00:57,4700,DATA,370842836,4G,0.0,3.71
R01-0001252,1,North-Coast,+1-333-892-9414,+1-746-411-7938,2026-06-01 02:28:03,3200,VOICE,,5G,0.08,4.27
R01-0001253,1,North-Coast,+1-281-685-0058,+1-344-869-9940,2026-06-01 06:00:12,1456,VOICE,,5G,0.08,1.94
R01-0001254,1,North-Coast,+1-623-271-2808,+1-891-520-4045,2026-06-01 13:22:28,453,VOICE,,4G,0.1,0.76
R01-0001255,1,North-Coast,+1-745-794-2680,+1-846-477-2935,2026-06-01 18:53:57,0,SMS,,3G,0.0,0.05
R01-0001256,1,North-Coast,+1-418-872-2132,+1-487-745-4095,2026-06-01 07:04:21,1200,VOICE,,5G,0.08,1.6
R01-0001257,1,North-Coast,+1-961-629-8513,,2026-06-01 03:34:17,37,DATA,290301103,4G,0.0,2.9
R01-0001258,1,North-Coast,+1-967-365-4274,+1-292-298-9630,2026-06-01 17:40:52,2413,VOICE,,4G,0.1,4.02
R01-0001259,1,North-Coast,+1-324-443-7109,+1-223-817-7030,2026-06-01 13:13:00,2084,VOICE,,5G,0.08,2.78
R01-0001260,1,North-Coast,+1-768-577-0600,+1-934-564-3325,2026-06-01 23:23:48,2129,VOICE,,4G,0.1,3.55
R01-0001261,1,North-Coast,+1-885-634-4408,+1-502-849-3959,2026-06-01 16:54:57,2389,VOICE,,3G,0.12,4.78
R01-0001262,1,North-Coast,+1-302-587-6488,+1-224-832-6238,2026-06-01 22:39:38,2405,VOICE,,5G,0.08,3.21
R01-0001263,1,North-Coast,+1-577-429-6722,+1-320-876-9348,2026-06-01 21:02:28,0,SMS,,4G,0.0,0.05
R01-0001264,1,North-Coast,+1-854-487-3104,+1-711-550-2228,2026-06-01 15:19:01,62,VOICE,,5G,0.08,0.08
R01-0001265,1,North-Coast,+1-340-954-2953,,2026-06-01 00:38:58,1061,DATA,462910428,4G,0.0,4.63
R01-0001266,1,North-Coast,+1-785-565-7007,+1-437-857-3452,2026-06-01 06:08:32,0,SMS,,4G,0.0,0.05
R01-0001267,1,North-Coast,+1-872-580-1630,+1-974-480-7241,2026-06-01 20:43:03,2416,VOICE,,3G,0.12,4.83
R01-0001268,1,North-Coast,+1-329-403-5625,+1-642-632-9940,2026-06-01 07:36:13,0,SMS,,4G,0.0,0.05
R01-0001269,1,North-Coast,+1-547-592-0787,+1-338-209-0591,2026-06-01 17:14:49,0,SMS,,5G,0.0,0.05
R01-0001270,1,North-Coast,+1-457-393-2695,+1-443-973-9733,2026-06-01 15:41:29,317,VOICE,,5G,0.08,0.42
R01-0001271,1,North-Coast,+1-612-408-1837,+1-435-308-2799,2026-06-01 02:12:50,2756,VOICE,,4G,0.1,4.59
R01-0001272,1,North-Coast,+1-824-545-9292,+1-607-217-5416,2026-06-01 02:12:56,3476,VOICE,,4G,0.1,5.79
R01-0001273,1,North-Coast,+1-568-401-8045,+1-693-392-6870,2026-06-01 22:45:48,2572,VOICE,,5G,0.08,3.43
R01-0001274,1,North-Coast,+1-777-412-2817,+1-309-262-4758,2026-06-01 17:57:19,0,SMS,,5G,0.0,0.05
R01-0001275,1,North-Coast,+1-780-305-5784,+1-665-745-6347,2026-06-01 11:53:03,2801,VOICE,,5G,0.08,3.73
R01-0001276,1,North-Coast,+1-868-225-7460,+1-274-263-4942,2026-06-01 13:13:56,0,SMS,,5G,0.0,0.05
R01-0001277,1,North-Coast,+1-386-343-4073,+1-321-307-9422,2026-06-01 08:22:39,1145,VOICE,,4G,0.1,1.91
R01-0001278,1,North-Coast,+1-704-311-3959,+1-636-213-0522,2026-06-01 15:28:21,900,VOICE,,5G,0.08,1.2
R01-0001279,1,North-Coast,+1-315-204-5397,+1-721-737-8728,2026-06-01 04:04:06,1688,VOICE,,4G,0.1,2.81
R01-0001280,1,North-Coast,+1-346-687-9852,+1-830-895-4907,2026-06-01 21:28:43,2900,VOICE,,4G,0.1,4.83
R01-0001281,1,North-Coast,+1-568-535-1171,+1-752-235-5266,2026-06-01 15:53:39,0,SMS,,4G,0.0,0.05
R01-0001282,1,North-Coast,+1-897-702-1421,+1-473-323-7584,2026-06-01 15:04:42,2755,VOICE,,4G,0.1,4.59
R01-0001283,1,North-Coast,+1-660-381-7711,+1-417-777-1514,2026-06-01 06:48:57,2289,VOICE,,4G,0.1,3.81
R01-0001284,1,North-Coast,+1-665-950-5573,+1-224-799-6919,2026-06-01 16:55:52,0,VOICE,,5G,0.08,0.0
R01-0001285,1,North-Coast,+1-631-541-9348,,2026-06-01 01:27:38,6284,DATA,208286456,3G,0.0,2.08
R01-0001286,1,North-Coast,+1-856-572-6342,+1-537-774-4227,2026-06-01 21:54:07,1957,VOICE,,4G,0.1,3.26
R01-0001287,1,North-Coast,+1-565-601-6492,+1-924-829-8776,2026-06-01 15:45:24,0,SMS,,4G,0.0,0.05
R01-0001288,1,North-Coast,+1-749-675-9682,+1-587-386-1189,2026-06-01 19:50:08,2727,VOICE,,5G,0.08,3.64
R01-0001289,1,North-Coast,+1-767-767-8364,+1-201-307-7969,2026-06-01 07:45:03,2845,VOICE,,4G,0.1,4.74
R01-0001290,1,North-Coast,+1-393-497-4342,+1-329-475-4924,2026-06-01 14:57:05,0,SMS,,5G,0.0,0.05
R01-0001291,1,North-Coast,+1-346-526-8633,+1-428-207-8034,2026-06-01 06:36:30,171,VOICE,,3G,0.12,0.34
R01-0001292,1,North-Coast,+1-747-505-7241,,2026-06-01 21:57:23,1079,DATA,256214396,4G,0.0,2.56
R01-0001293,1,North-Coast,+1-363-233-6421,+1-237-471-4887,2026-06-01 04:32:34,0,SMS,,4G,0.0,0.05
R01-0001294,1,North-Coast,+1-895-369-6271,+1-361-464-9625,2026-06-01 00:38:15,0,SMS,,5G,0.0,0.05
R01-0001295,1,North-Coast,+1-232-652-9716,+1-512-682-8189,2026-06-01 08:35:44,1963,VOICE,,4G,0.1,3.27
R01-0001296,1,North-Coast,+1-504-296-6631,+1-380-922-5056,2026-06-01 05:03:31,1869,VOICE,,5G,0.08,2.49
R01-0001297,1,North-Coast,+1-882-760-1393,+1-328-562-7616,2026-06-01 23:46:04,59,VOICE,,4G,0.1,0.1
R01-0001298,1,North-Coast,+1-389-996-4046,+1-359-667-6085,2026-06-01 04:22:55,0,VOICE,,4G,0.1,0.0
R01-0001299,1,North-Coast,+1-293-336-7397,+1-256-482-4715,2026-06-01 07:28:07,709,VOICE,,4G,0.1,1.18
R01-0001300,1,North-Coast,+1-375-682-9345,+1-645-592-6698,2026-06-01 23:13:36,0,SMS,,5G,0.0,0.05
R01-0001301,1,North-Coast,+1-815-376-5391,+1-216-721-3342,2026-06-01 09:02:44,2835,VOICE,,4G,0.1,4.73
R01-0001302,1,North-Coast,+1-447-505-6862,+1-839-316-5566,2026-06-01 08:29:58,0,SMS,,5G,0.0,0.05
R01-0001303,1,North-Coast,+1-593-430-2950,+1-610-402-7383,2026-06-01 19:24:51,0,SMS,,4G,0.0,0.05
R01-0001304,1,North-Coast,+1-554-444-8616,+1-473-637-4750,2026-06-01 03:57:35,0,SMS,,4G,0.0,0.05
R01-0001305,1,North-Coast,+1-669-625-4755,+1-787-861-0212,2026-06-01 07:38:18,1830,VOICE,,3G,0.12,3.66
R01-0001306,1,North-Coast,+1-941-406-6661,+1-803-426-7113,2026-06-01 02:09:24,0,SMS,,4G,0.0,0.05
R01-0001307,1,North-Coast,+1-979-510-6787,,2026-06-01 03:12:06,2385,DATA,73308413,5G,0.0,0.73
R01-0001308,1,North-Coast,+1-259-226-1909,+1-252-558-0444,2026-06-01 00:22:28,0,SMS,,4G,0.0,0.05
R01-0001309,1,North-Coast,+1-320-539-6639,+1-648-498-5291,2026-06-01 12:54:46,3559,VOICE,,4G,0.1,5.93
R01-0001310,1,North-Coast,+1-269-259-9966,,2026-06-01 08:46:22,1339,DATA,132212161,5G,0.0,1.32
R01-0001311,1,North-Coast,+1-771-488-5855,,2026-06-01 13:38:22,2984,DATA,135757353,3G,0.0,1.36
R01-0001312,1,North-Coast,+1-908-893-3885,+1-623-639-3324,2026-06-01 15:04:48,763,VOICE,,4G,0.1,1.27
R01-0001313,1,North-Coast,+1-612-725-2129,,2026-06-01 11:49:27,6060,DATA,74954850,4G,0.0,0.75
R01-0001314,1,North-Coast,+1-517-548-0165,,2026-06-01 06:22:59,5323,DATA,456844265,5G,0.0,4.57
R01-0001315,1,North-Coast,+1-867-495-1604,+1-353-864-4138,2026-06-01 17:54:51,1846,VOICE,,5G,0.08,2.46
R01-0001316,1,North-Coast,+1-655-906-8402,+1-794-848-2970,2026-06-01 02:08:57,123,VOICE,,5G,0.08,0.16
R01-0001317,1,North-Coast,+1-483-421-9696,,2026-06-01 10:40:28,4762,DATA,295910432,4G,0.0,2.96
R01-0001318,1,North-Coast,+1-965-737-6019,,2026-06-01 01:14:01,6957,DATA,119971344,3G,0.0,1.2
R01-0001319,1,North-Coast,+1-451-862-4945,+1-760-461-0442,2026-06-01 16:30:06,0,SMS,,5G,0.0,0.05
R01-0001320,1,North-Coast,+1-411-872-0212,+1-410-249-8171,2026-06-01 23:03:12,0,SMS,,4G,0.0,0.05
R01-0001321,1,North-Coast,+1-557-668-0143,+1-520-953-2622,2026-06-01 08:07:42,0,SMS,,4G,0.0,0.05
R01-0001322,1,North-Coast,+1-844-848-8483,+1-349-804-5954,2026-06-01 00:07:21,0,SMS,,4G,0.0,0.05
R01-0001323,1,North-Coast,+1-614-938-2295,+1-358-630-4502,2026-06-01 08:05:28,0,SMS,,4G,0.0,0.05
R01-0001324,1,North-Coast,+1-205-550-2362,,2026-06-01 10:59:14,4322,DATA,83304642,4G,0.0,0.83
R01-0001325,1,North-Coast,+1-600-515-6321,+1-433-675-5787,2026-06-01 09:34:33,0,SMS,,5G,0.0,0.05
R01-0001326,1,North-Coast,+1-470-698-1057,+1-831-791-1050,2026-06-01 22:06:21,0,SMS,,4G,0.0,0.05
R01-0001327,1,North-Coast,+1-707-750-8363,+1-785-824-6663,2026-06-01 10:13:22,2030,VOICE,,4G,0.1,3.38
R01-0001328,1,North-Coast,+1-378-345-1392,+1-211-382-3548,2026-06-01 14:54:05,0,SMS,,4G,0.0,0.05
R01-0001329,1,North-Coast,+1-486-310-7345,,2026-06-01 13:12:17,4768,DATA,303199155,5G,0.0,3.03
R01-0001330,1,North-Coast,+1-897-931-0570,+1-598-863-3781,2026-06-01 00:39:45,0,SMS,,3G,0.0,0.05
R01-0001331,1,North-Coast,+1-856-721-8712,,2026-06-01 19:59:55,5009,DATA,417934249,4G,0.0,4.18
R01-0001332,1,North-Coast,+1-307-625-7564,+1-233-653-9331,2026-06-01 14:35:13,0,SMS,,4G,0.0,0.05
R01-0001333,1,North-Coast,+1-777-581-7369,+1-357-542-2099,2026-06-01 20:35:52,333,VOICE,,4G,0.1,0.56
R01-0001334,1,North-Coast,+1-819-481-4249,+1-580-855-3286,2026-06-01 03:54:46,0,SMS,,5G,0.0,0.05
R01-0001335,1,North-Coast,+1-650-947-6127,,2026-06-01 01:17:51,3694,DATA,136822297,5G,0.0,1.37
R01-0001336,1,North-Coast,+1-378-610-3028,,2026-06-01 18:15:03,5881,DATA,72899492,4G,0.0,0.73
R01-0001337,1,North-Coast,+1-361-830-4705,+1-499-564-1446,2026-06-01 12:01:09,1203,VOICE,,5G,0.08,1.6
R01-0001338,1,North-Coast,+1-430-954-8726,,2026-06-01 06:11:52,4562,DATA,313229938,4G,0.0,3.13
R01-0001339,1,North-Coast,+1-541-422-9260,,2026-06-01 21:53:36,5344,DATA,397741582,4G,0.0,3.98
R01-0001340,1,North-Coast,+1-315-874-1613,+1-687-723-8060,2026-06-01 10:13:51,0,SMS,,4G,0.0,0.05
R01-0001341,1,North-Coast,+1-383-767-5443,+1-800-355-2548,2026-06-01 05:05:37,0,SMS,,4G,0.0,0.05
R01-0001342,1,North-Coast,+1-238-543-6854,+1-667-779-2057,2026-06-01 19:45:50,2948,VOICE,,4G,0.1,4.91
R01-0001343,1,North-Coast,+1-964-748-0784,+1-449-473-8721,2026-06-01 15:38:28,2598,VOICE,,5G,0.08,3.46
R01-0001344,1,North-Coast,+1-823-746-7063,+1-633-711-9357,2026-06-01 11:58:01,1806,VOICE,,4G,0.1,3.01
R01-0001345,1,North-Coast,+1-880-563-8460,+1-914-226-4037,2026-06-01 19:18:18,0,SMS,,4G,0.0,0.05
R01-0001346,1,North-Coast,+1-314-622-6033,+1-210-342-3186,2026-06-01 14:01:21,0,SMS,,4G,0.0,0.05
R01-0001347,1,North-Coast,+1-740-685-1376,+1-265-544-4139,2026-06-01 10:58:42,0,SMS,,4G,0.0,0.05
R01-0001348,1,North-Coast,+1-526-806-3759,+1-396-824-7637,2026-06-01 02:11:16,3215,VOICE,,5G,0.08,4.29
R01-0001349,1,North-Coast,+1-938-955-2612,+1-725-668-2729,2026-06-01 23:13:00,299,VOICE,,4G,0.1,0.5
R01-0001350,1,North-Coast,+1-249-846-4047,+1-272-659-4917,2026-06-01 04:18:42,1560,VOICE,,4G,0.1,2.6
R01-0001351,1,North-Coast,+1-650-605-0576,+1-984-393-9686,2026-06-01 08:56:40,276,VOICE,,3G,0.12,0.55
R01-0001352,1,North-Coast,+1-328-639-8336,+1-987-329-0235,2026-06-01 01:56:29,0,SMS,,4G,0.0,0.05
R01-0001353,1,North-Coast,+1-695-990-9510,+1-420-387-5838,2026-06-01 02:14:17,2984,VOICE,,3G,0.12,5.97
R01-0001354,1,North-Coast,+1-702-211-9997,+1-972-243-6244,2026-06-01 20:13:43,0,VOICE,,5G,0.08,0.0
R01-0001355,1,North-Coast,+1-299-770-4687,,2026-06-01 03:03:16,2606,DATA,37895501,5G,0.0,0.38
R01-0001356,1,North-Coast,+1-404-398-7330,+1-810-954-7454,2026-06-01 00:43:05,2157,VOICE,,5G,0.08,2.88
R01-0001357,1,North-Coast,+1-350-227-9130,+1-822-473-8056,2026-06-01 00:20:04,1391,VOICE,,3G,0.12,2.78
R01-0001358,1,North-Coast,+1-846-210-8060,+1-272-943-6335,2026-06-01 09:50:07,2530,VOICE,,5G,0.08,3.37
R01-0001359,1,North-Coast,+1-525-843-5582,,2026-06-01 01:07:33,1147,DATA,337354792,5G,0.0,3.37
R01-0001360,1,North-Coast,+1-416-353-6392,+1-801-714-8057,2026-06-01 07:14:26,0,SMS,,4G,0.0,0.05
R01-0001361,1,North-Coast,+1-499-310-6856,+1-263-349-0180,2026-06-01 00:02:45,2740,VOICE,,4G,0.1,4.57
R01-0001362,1,North-Coast,+1-417-944-9624,+1-722-574-6104,2026-06-01 16:33:58,0,VOICE,,4G,0.1,0.0
R01-0001363,1,North-Coast,+1-894-411-0694,+1-713-438-8139,2026-06-01 20:58:34,415,VOICE,,4G,0.1,0.69
R01-0001364,1,North-Coast,+1-747-333-9712,+1-807-603-3431,2026-06-01 22:06:55,2499,VOICE,,3G,0.12,5.0
R01-0001365,1,North-Coast,+1-307-856-4384,+1-847-610-0348,2026-06-01 02:14:07,438,VOICE,,4G,0.1,0.73
R01-0001366,1,North-Coast,+1-917-503-8822,+1-690-855-9352,2026-06-01 16:02:15,1878,VOICE,,4G,0.1,3.13
R01-0001367,1,North-Coast,+1-220-972-9030,,2026-06-01 06:16:39,4908,DATA,428283442,5G,0.0,4.28
R01-0001368,1,North-Coast,+1-785-739-9894,,2026-06-01 05:57:09,862,DATA,401761029,4G,0.0,4.02
R01-0001369,1,North-Coast,+1-328-585-9355,+1-879-388-6143,2026-06-01 07:06:59,2447,VOICE,,4G,0.1,4.08
R01-0001370,1,North-Coast,+1-709-824-7286,,2026-06-01 10:05:13,1597,DATA,369198918,5G,0.0,3.69
R01-0001371,1,North-Coast,+1-844-761-0163,+1-351-463-7331,2026-06-01 22:45:33,0,SMS,,4G,0.0,0.05
R01-0001372,1,North-Coast,+1-780-960-5107,+1-473-925-5179,2026-06-01 19:12:48,0,SMS,,5G,0.0,0.05
R01-0001373,1,North-Coast,+1-976-541-7374,+1-474-906-3599,2026-06-01 22:03:50,0,SMS,,5G,0.0,0.05
R01-0001374,1,North-Coast,+1-449-747-4100,+1-554-606-4424,2026-06-01 08:25:36,0,SMS,,5G,0.0,0.05
R01-0001375,1,North-Coast,+1-753-517-2361,+1-813-428-0086,2026-06-01 12:34:09,663,VOICE,,3G,0.12,1.33
R01-0001376,1,North-Coast,+1-236-464-2313,+1-716-554-0253,2026-06-01 03:51:44,3179,VOICE,,4G,0.1,5.3
R01-0001377,1,North-Coast,+1-802-255-4811,+1-853-982-4712,2026-06-01 17:21:56,0,SMS,,5G,0.0,0.05
R01-0001378,1,North-Coast,+1-711-426-0292,+1-479-757-5726,2026-06-01 13:57:42,0,VOICE,,4G,0.1,0.0
R01-0001379,1,North-Coast,+1-656-449-5924,+1-312-835-4681,2026-06-01 05:12:37,2389,VOICE,,5G,0.08,3.19
R01-0001380,1,North-Coast,+1-423-767-4729,,2026-06-01 14:20:11,2785,DATA,380914075,5G,0.0,3.81
R01-0001381,1,North-Coast,+1-748-456-4974,+1-380-575-2592,2026-06-01 16:03:09,0,SMS,,5G,0.0,0.05
R01-0001382,1,North-Coast,+1-913-397-4664,+1-883-898-0988,2026-06-01 02:44:16,0,SMS,,4G,0.0,0.05
R01-0001383,1,North-Coast,+1-811-770-2876,+1-567-544-3704,2026-06-01 06:07:12,0,SMS,,3G,0.0,0.05
R01-0001384,1,North-Coast,+1-737-886-3704,+1-807-421-6544,2026-06-01 11:58:24,1647,VOICE,,3G,0.12,3.29
R01-0001385,1,North-Coast,+1-722-488-7750,+1-661-955-3534,2026-06-01 13:20:15,0,SMS,,4G,0.0,0.05
R01-0001386,1,North-Coast,+1-388-986-9006,+1-733-939-3655,2026-06-01 18:04:48,2333,VOICE,,4G,0.1,3.89
R01-0001387,1,North-Coast,+1-683-207-8938,,2026-06-01 00:00:54,1998,DATA,139748618,4G,0.0,1.4
R01-0001388,1,North-Coast,+1-432-571-4945,+1-595-520-4726,2026-06-01 22:16:42,3497,VOICE,,4G,0.1,5.83
R01-0001389,1,North-Coast,+1-907-561-6410,+1-714-710-3464,2026-06-01 07:53:15,2015,VOICE,,4G,0.1,3.36
R01-0001390,1,North-Coast,+1-468-327-5145,+1-983-445-5949,2026-06-01 11:59:50,541,VOICE,,4G,0.1,0.9
R01-0001391,1,North-Coast,+1-927-961-7005,+1-957-933-4894,2026-06-01 10:40:04,430,VOICE,,4G,0.1,0.72
R01-0001392,1,North-Coast,+1-864-234-1705,+1-213-642-6889,2026-06-01 03:09:56,0,SMS,,5G,0.0,0.05
R01-0001393,1,North-Coast,+1-935-852-8560,,2026-06-01 18:08:15,3209,DATA,203769982,4G,0.0,2.04
R01-0001394,1,North-Coast,+1-208-861-8169,+1-957-650-3649,2026-06-01 18:05:56,0,SMS,,5G,0.0,0.05
R01-0001395,1,North-Coast,+1-382-287-7962,,2026-06-01 05:42:32,5169,DATA,427323098,4G,0.0,4.27
R01-0001396,1,North-Coast,+1-308-801-2874,+1-243-857-6072,2026-06-01 09:55:04,0,SMS,,4G,0.0,0.05
R01-0001397,1,North-Coast,+1-986-637-3583,+1-857-861-8411,2026-06-01 09:16:51,2194,VOICE,,4G,0.1,3.66
R01-0001398,1,North-Coast,+1-203-975-1023,+1-695-502-9977,2026-06-01 01:37:12,0,SMS,,5G,0.0,0.05
R01-0001399,1,North-Coast,+1-719-989-0970,+1-682-590-1436,2026-06-01 23:12:58,0,VOICE,,3G,0.12,0.0
R01-0001400,1,North-Coast,+1-782-621-3229,+1-849-357-5258,2026-06-01 10:12:13,1491,VOICE,,3G,0.12,2.98
R01-0001401,1,North-Coast,+1-207-288-2389,+1-744-792-2622,2026-06-01 05:11:32,1110,VOICE,,5G,0.08,1.48
R01-0001402,1,North-Coast,+1-484-345-2805,,2026-06-01 15:23:32,5845,DATA,336234924,5G,0.0,3.36
R01-0001403,1,North-Coast,+1-807-445-9676,+1-325-890-3413,2026-06-01 01:18:51,0,VOICE,,4G,0.1,0.0
R01-0001404,1,North-Coast,+1-353-743-9146,,2026-06-01 13:08:50,1629,DATA,89155328,4G,0.0,0.89
R01-0001405,1,North-Coast,+1-976-338-9100,+1-549-600-8532,2026-06-01 11:51:31,2185,VOICE,,5G,0.08,2.91
R01-0001406,1,North-Coast,+1-237-204-3232,+1-766-454-3063,2026-06-01 14:39:39,0,SMS,,4G,0.0,0.05
R01-0001407,1,North-Coast,+1-556-369-9650,+1-814-945-1802,2026-06-01 12:47:30,2193,VOICE,,4G,0.1,3.65
R01-0001408,1,North-Coast,+1-410-862-4964,,2026-06-01 21:08:52,7161,DATA,62652778,4G,0.0,0.63
R01-0001409,1,North-Coast,+1-652-875-0820,+1-341-997-0950,2026-06-01 03:18:18,3159,VOICE,,4G,0.1,5.27
R01-0001410,1,North-Coast,+1-381-248-4820,+1-201-244-9099,2026-06-01 11:19:15,0,SMS,,4G,0.0,0.05
R01-0001411,1,North-Coast,+1-656-680-8729,+1-987-769-0523,2026-06-01 02:40:44,0,SMS,,4G,0.0,0.05
R01-0001412,1,North-Coast,+1-989-295-1790,,2026-06-01 04:15:20,1465,DATA,296708090,4G,0.0,2.97
R01-0001413,1,North-Coast,+1-268-321-5853,+1-700-895-5744,2026-06-01 04:48:11,754,VOICE,,4G,0.1,1.26
R01-0001414,1,North-Coast,+1-309-673-3367,+1-469-511-1650,2026-06-01 16:13:50,0,SMS,,5G,0.0,0.05
R01-0001415,1,North-Coast,+1-571-206-2102,+1-762-713-6811,2026-06-01 10:28:24,3363,VOICE,,4G,0.1,5.61
R01-0001416,1,North-Coast,+1-455-952-7492,,2026-06-01 22:04:27,1955,DATA,362079416,3G,0.0,3.62
R01-0001417,1,North-Coast,+1-366-324-8930,,2026-06-01 18:55:19,3678,DATA,148863731,4G,0.0,1.49
R01-0001418,1,North-Coast,+1-667-316-9198,+1-932-927-4442,2026-06-01 14:44:36,0,SMS,,4G,0.0,0.05
R01-0001419,1,North-Coast,+1-748-784-0635,,2026-06-01 13:27:15,2153,DATA,186920848,3G,0.0,1.87
R01-0001420,1,North-Coast,+1-211-898-1699,+1-305-349-7074,2026-06-01 03:08:40,92,VOICE,,4G,0.1,0.15
R01-0001421,1,North-Coast,+1-203-551-8123,,2026-06-01 06:55:57,5140,DATA,250558740,4G,0.0,2.51
R01-0001422,1,North-Coast,+1-274-598-5843,+1-939-783-0868,2026-06-01 20:42:50,2697,VOICE,,3G,0.12,5.39
R01-0001423,1,North-Coast,+1-513-600-3133,+1-820-625-6784,2026-06-01 14:00:36,0,SMS,,4G,0.0,0.05
R01-0001424,1,North-Coast,+1-625-533-7472,,2026-06-01 07:01:17,6128,DATA,483409558,5G,0.0,4.83
R01-0001425,1,North-Coast,+1-444-975-2432,,2026-06-01 17:23:07,1381,DATA,27260170,5G,0.0,0.27
R01-0001426,1,North-Coast,+1-604-789-8379,+1-522-956-5437,2026-06-01 18:08:55,3165,VOICE,,4G,0.1,5.28
R01-0001427,1,North-Coast,+1-479-861-5397,,2026-06-01 10:50:51,1743,DATA,145692608,4G,0.0,1.46
R01-0001428,1,North-Coast,+1-587-599-2751,+1-883-374-0728,2026-06-01 12:56:10,3597,VOICE,,3G,0.12,7.19
R01-0001429,1,North-Coast,+1-766-719-5834,,2026-06-01 05:03:25,3190,DATA,428425737,4G,0.0,4.28
R01-0001430,1,North-Coast,+1-878-460-3564,+1-329-869-6207,2026-06-01 04:22:45,0,SMS,,5G,0.0,0.05
R01-0001431,1,North-Coast,+1-820-434-4260,+1-869-877-9908,2026-06-01 18:52:14,0,SMS,,4G,0.0,0.05
R01-0001432,1,North-Coast,+1-578-458-9727,+1-939-296-0930,2026-06-01 11:27:28,2569,VOICE,,3G,0.12,5.14
R01-0001433,1,North-Coast,+1-914-483-5250,+1-358-263-5526,2026-06-01 06:32:55,0,SMS,,4G,0.0,0.05
R01-0001434,1,North-Coast,+1-557-479-3101,+1-316-352-4364,2026-06-01 11:55:24,2983,VOICE,,4G,0.1,4.97
R01-0001435,1,North-Coast,+1-330-543-7022,+1-735-923-1384,2026-06-01 10:51:34,868,VOICE,,4G,0.1,1.45
R01-0001436,1,North-Coast,+1-725-401-8586,+1-746-473-4663,2026-06-01 11:19:14,430,VOICE,,3G,0.12,0.86
R01-0001437,1,North-Coast,+1-341-434-5578,+1-244-895-4117,2026-06-01 06:27:22,0,SMS,,4G,0.0,0.05
R01-0001438,1,North-Coast,+1-840-795-6096,+1-930-696-1643,2026-06-01 00:50:13,0,SMS,,4G,0.0,0.05
R01-0001439,1,North-Coast,+1-931-792-7141,,2026-06-01 13:28:18,648,DATA,270360254,3G,0.0,2.7
R01-0001440,1,North-Coast,+1-251-278-4809,+1-298-931-8502,2026-06-01 04:32:08,0,SMS,,3G,0.0,0.05
R01-0001441,1,North-Coast,+1-889-536-6317,,2026-06-01 17:05:33,5069,DATA,222603548,4G,0.0,2.23
R01-0001442,1,North-Coast,+1-512-346-1099,+1-556-881-2461,2026-06-01 04:16:34,2834,VOICE,,4G,0.1,4.72
R01-0001443,1,North-Coast,+1-548-279-1751,+1-265-308-1468,2026-06-01 15:49:51,0,SMS,,4G,0.0,0.05
R01-0001444,1,North-Coast,+1-290-584-8582,,2026-06-01 15:48:33,214,DATA,388701669,4G,0.0,3.89
R01-0001445,1,North-Coast,+1-893-716-8932,,2026-06-01 12:39:48,5757,DATA,394860668,4G,0.0,3.95
R01-0001446,1,North-Coast,+1-719-635-1272,+1-881-330-5941,2026-06-01 22:06:41,1248,VOICE,,3G,0.12,2.5
R01-0001447,1,North-Coast,+1-778-482-3611,,2026-06-01 20:37:16,6171,DATA,357463670,4G,0.0,3.57
R01-0001448,1,North-Coast,+1-536-401-9011,+1-670-279-4403,2026-06-01 07:30:45,0,SMS,,4G,0.0,0.05
R01-0001449,1,North-Coast,+1-850-930-9212,,2026-06-01 14:02:27,5894,DATA,69374441,4G,0.0,0.69
R01-0001450,1,North-Coast,+1-486-937-2776,+1-543-710-8485,2026-06-01 13:26:42,0,SMS,,4G,0.0,0.05
R01-0001451,1,North-Coast,+1-440-592-6278,+1-747-406-6728,2026-06-01 16:54:20,591,VOICE,,4G,0.1,0.98
R01-0001452,1,North-Coast,+1-485-333-6633,+1-654-241-2741,2026-06-01 06:14:05,0,SMS,,4G,0.0,0.05
R01-0001453,1,North-Coast,+1-539-570-8605,+1-225-878-4052,2026-06-01 07:34:53,0,SMS,,4G,0.0,0.05
R01-0001454,1,North-Coast,+1-772-307-1631,+1-533-872-3691,2026-06-01 20:45:29,3110,VOICE,,4G,0.1,5.18
R01-0001455,1,North-Coast,+1-981-697-9564,+1-867-525-4962,2026-06-01 09:35:41,2005,VOICE,,4G,0.1,3.34
R01-0001456,1,North-Coast,+1-554-371-2793,+1-909-493-0155,2026-06-01 03:54:55,776,VOICE,,3G,0.12,1.55
R01-0001457,1,North-Coast,+1-863-440-9469,,2026-06-01 08:43:10,6696,DATA,419833278,4G,0.0,4.2
R01-0001458,1,North-Coast,+1-536-642-6053,,2026-06-01 06:06:23,2664,DATA,201352203,5G,0.0,2.01
R01-0001459,1,North-Coast,+1-577-908-9297,+1-444-286-2404,2026-06-01 11:22:14,1368,VOICE,,4G,0.1,2.28
R01-0001460,1,North-Coast,+1-597-832-0884,+1-643-981-5850,2026-06-01 19:26:26,0,SMS,,5G,0.0,0.05
R01-0001461,1,North-Coast,+1-444-561-3931,+1-357-255-3612,2026-06-01 07:41:32,843,VOICE,,5G,0.08,1.12
R01-0001462,1,North-Coast,+1-829-744-0706,+1-915-463-2696,2026-06-01 19:44:14,1715,VOICE,,3G,0.12,3.43
R01-0001463,1,North-Coast,+1-356-456-1724,+1-950-412-0990,2026-06-01 18:20:17,0,SMS,,4G,0.0,0.05
R01-0001464,1,North-Coast,+1-977-403-3290,,2026-06-01 10:11:53,6033,DATA,427344681,5G,0.0,4.27
R01-0001465,1,North-Coast,+1-915-771-7470,,2026-06-01 16:53:55,574,DATA,12704687,4G,0.0,0.13
R01-0001466,1,North-Coast,+1-868-945-3000,+1-928-988-9685,2026-06-01 12:32:25,0,SMS,,5G,0.0,0.05
R01-0001467,1,North-Coast,+1-235-812-2955,,2026-06-01 10:08:12,3830,DATA,451264390,4G,0.0,4.51
R01-0001468,1,North-Coast,+1-593-418-7597,+1-719-830-3553,2026-06-01 03:14:02,0,SMS,,5G,0.0,0.05
R01-0001469,1,North-Coast,+1-779-504-4772,+1-402-726-5051,2026-06-01 05:03:10,1468,VOICE,,4G,0.1,2.45
R01-0001470,1,North-Coast,+1-918-990-5672,+1-830-819-7482,2026-06-01 20:26:39,3065,VOICE,,5G,0.08,4.09
R01-0001471,1,North-Coast,+1-493-844-7030,+1-357-207-0218,2026-06-01 17:28:34,1271,VOICE,,5G,0.08,1.69
R01-0001472,1,North-Coast,+1-534-436-1103,+1-807-714-4106,2026-06-01 08:43:46,2094,VOICE,,3G,0.12,4.19
R01-0001473,1,North-Coast,+1-746-426-6811,+1-652-501-2959,2026-06-01 03:48:52,594,VOICE,,5G,0.08,0.79
R01-0001474,1,North-Coast,+1-472-946-7552,+1-685-988-2378,2026-06-01 04:43:52,2692,VOICE,,5G,0.08,3.59
R01-0001475,1,North-Coast,+1-781-476-6008,+1-259-981-7407,2026-06-01 06:31:35,0,SMS,,5G,0.0,0.05
R01-0001476,1,North-Coast,+1-576-291-1187,+1-339-679-9013,2026-06-01 05:33:35,2030,VOICE,,3G,0.12,4.06
R01-0001477,1,North-Coast,+1-854-759-9384,+1-430-793-4691,2026-06-01 20:37:45,2756,VOICE,,5G,0.08,3.67
R01-0001478,1,North-Coast,+1-769-913-0200,+1-591-336-2254,2026-06-01 01:35:43,0,VOICE,,3G,0.12,0.0
R01-0001479,1,North-Coast,+1-844-345-6831,+1-925-327-0708,2026-06-01 10:28:59,0,SMS,,5G,0.0,0.05
R01-0001480,1,North-Coast,+1-882-321-4482,+1-460-528-4801,2026-06-01 15:29:27,2900,VOICE,,4G,0.1,4.83
R01-0001481,1,North-Coast,+1-566-931-4664,+1-218-298-2493,2026-06-01 13:46:57,419,VOICE,,4G,0.1,0.7
R01-0001482,1,North-Coast,+1-614-202-6574,+1-478-212-7541,2026-06-01 19:21:26,3375,VOICE,,5G,0.08,4.5
R01-0001483,1,North-Coast,+1-426-777-8672,+1-737-832-7219,2026-06-01 18:40:16,1522,VOICE,,4G,0.1,2.54
R01-0001484,1,North-Coast,+1-251-937-4105,,2026-06-01 05:24:29,2337,DATA,51293836,4G,0.0,0.51
R01-0001485,1,North-Coast,+1-703-905-7563,+1-241-346-9718,2026-06-01 22:37:33,0,SMS,,5G,0.0,0.05
R01-0001486,1,North-Coast,+1-823-260-7058,,2026-06-01 22:10:40,4459,DATA,264416350,3G,0.0,2.64
R01-0001487,1,North-Coast,+1-654-795-9003,+1-204-738-1543,2026-06-01 06:53:25,283,VOICE,,4G,0.1,0.47
R01-0001488,1,North-Coast,+1-478-613-2837,+1-925-693-5874,2026-06-01 21:22:09,0,SMS,,4G,0.0,0.05
R01-0001489,1,North-Coast,+1-698-218-8651,+1-679-430-8634,2026-06-01 08:31:37,0,SMS,,4G,0.0,0.05
R01-0001490,1,North-Coast,+1-759-299-8287,+1-461-827-2847,2026-06-01 12:07:37,0,SMS,,5G,0.0,0.05
R01-0001491,1,North-Coast,+1-819-809-7754,+1-924-305-9670,2026-06-01 11:03:04,3171,VOICE,,4G,0.1,5.29
R01-0001492,1,North-Coast,+1-404-440-3313,+1-322-228-3647,2026-06-01 12:15:12,919,VOICE,,4G,0.1,1.53
R01-0001493,1,North-Coast,+1-259-428-0765,,2026-06-01 08:48:49,803,DATA,331494809,4G,0.0,3.31
R01-0001494,1,North-Coast,+1-928-998-0933,+1-338-635-8078,2026-06-01 23:32:41,440,VOICE,,4G,0.1,0.73
R01-0001495,1,North-Coast,+1-562-756-9997,+1-824-854-7613,2026-06-01 02:07:09,426,VOICE,,5G,0.08,0.57
R01-0001496,1,North-Coast,+1-724-738-8506,+1-729-391-8523,2026-06-01 22:54:07,0,SMS,,5G,0.0,0.05
R01-0001497,1,North-Coast,+1-608-800-4349,+1-701-679-8187,2026-06-01 03:52:16,0,SMS,,4G,0.0,0.05
R01-0001498,1,North-Coast,+1-805-950-0861,+1-778-650-1534,2026-06-01 05:49:31,927,VOICE,,3G,0.12,1.85
R01-0001499,1,North-Coast,+1-767-467-4979,+1-507-805-4763,2026-06-01 15:18:56,0,SMS,,4G,0.0,0.05
R01-0001500,1,North-Coast,+1-432-484-1229,+1-550-396-6632,2026-06-01 06:18:48,2172,VOICE,,5G,0.08,2.9
R01-0001501,1,North-Coast,+1-213-227-2213,+1-694-517-3093,2026-06-01 08:38:41,724,VOICE,,4G,0.1,1.21
R01-0001502,1,North-Coast,+1-571-398-1368,+1-734-657-9970,2026-06-01 07:57:18,0,SMS,,3G,0.0,0.05
R01-0001503,1,North-Coast,+1-212-569-1500,+1-907-593-8041,2026-06-01 05:55:59,0,SMS,,4G,0.0,0.05
R01-0001504,1,North-Coast,+1-201-318-5450,+1-541-672-1353,2026-06-01 02:24:20,0,SMS,,5G,0.0,0.05
R01-0001505,1,North-Coast,+1-830-220-2267,,2026-06-01 01:54:42,2530,DATA,137746874,4G,0.0,1.38
R01-0001506,1,North-Coast,+1-348-754-5576,+1-841-879-1113,2026-06-01 10:14:42,175,VOICE,,5G,0.08,0.23
R01-0001507,1,North-Coast,+1-513-785-8451,+1-249-562-2979,2026-06-01 14:26:15,3087,VOICE,,5G,0.08,4.12
R01-0001508,1,North-Coast,+1-314-431-9532,+1-210-510-8075,2026-06-01 18:35:51,1148,VOICE,,4G,0.1,1.91
R01-0001509,1,North-Coast,+1-635-973-4840,+1-719-240-4636,2026-06-01 17:07:08,1057,VOICE,,4G,0.1,1.76
R01-0001510,1,North-Coast,+1-459-848-6342,+1-703-507-1741,2026-06-01 17:45:23,1148,VOICE,,5G,0.08,1.53
R01-0001511,1,North-Coast,+1-772-823-0899,,2026-06-01 13:51:30,6110,DATA,140618837,5G,0.0,1.41
R01-0001512,1,North-Coast,+1-773-500-5885,+1-227-446-7992,2026-06-01 07:53:03,0,SMS,,4G,0.0,0.05
R01-0001513,1,North-Coast,+1-485-936-3640,+1-962-756-1894,2026-06-01 01:16:18,40,VOICE,,4G,0.1,0.07
R01-0001514,1,North-Coast,+1-505-952-0821,+1-206-872-5805,2026-06-01 11:13:08,0,SMS,,5G,0.0,0.05
R01-0001515,1,North-Coast,+1-562-928-2541,+1-644-645-3057,2026-06-01 21:48:05,3415,VOICE,,4G,0.1,5.69
R01-0001516,1,North-Coast,+1-445-996-1339,+1-489-706-3762,2026-06-01 00:27:59,3452,VOICE,,5G,0.08,4.6
R01-0001517,1,North-Coast,+1-347-774-7053,+1-299-261-6774,2026-06-01 15:29:26,0,VOICE,,5G,0.08,0.0
R01-0001518,1,North-Coast,+1-494-909-8418,+1-645-419-5892,2026-06-01 11:20:48,3590,VOICE,,4G,0.1,5.98
R01-0001519,1,North-Coast,+1-250-287-6958,+1-883-868-0157,2026-06-01 10:39:00,0,SMS,,4G,0.0,0.05
R01-0001520,1,North-Coast,+1-297-480-5941,+1-843-432-7732,2026-06-01 14:24:52,1732,VOICE,,4G,0.1,2.89
R01-0001521,1,North-Coast,+1-867-350-4527,+1-774-627-0533,2026-06-01 00:41:32,640,VOICE,,3G,0.12,1.28
R01-0001522,1,North-Coast,+1-272-838-5806,+1-941-955-2524,2026-06-01 06:47:23,1190,VOICE,,5G,0.08,1.59
R01-0001523,1,North-Coast,+1-580-838-9420,+1-834-504-2647,2026-06-01 00:43:39,713,VOICE,,5G,0.08,0.95
R01-0001524,1,North-Coast,+1-583-896-7295,+1-384-839-7411,2026-06-01 18:11:51,722,VOICE,,5G,0.08,0.96
R01-0001525,1,North-Coast,+1-987-834-3150,+1-272-613-8709,2026-06-01 19:03:19,0,SMS,,4G,0.0,0.05
R01-0001526,1,North-Coast,+1-628-588-4205,+1-718-565-5121,2026-06-01 11:10:03,669,VOICE,,4G,0.1,1.11
R01-0001527,1,North-Coast,+1-538-334-8112,+1-979-962-8909,2026-06-01 11:10:01,712,VOICE,,5G,0.08,0.95
R01-0001528,1,North-Coast,+1-373-947-6567,,2026-06-01 10:24:22,4337,DATA,183710132,5G,0.0,1.84
R01-0001529,1,North-Coast,+1-504-978-2334,+1-822-598-9263,2026-06-01 14:32:53,0,SMS,,5G,0.0,0.05
R01-0001530,1,North-Coast,+1-304-768-3144,,2026-06-01 17:54:41,4340,DATA,6392400,4G,0.0,0.06
R01-0001531,1,North-Coast,+1-665-990-7993,+1-633-593-6735,2026-06-01 07:23:06,2505,VOICE,,3G,0.12,5.01
R01-0001532,1,North-Coast,+1-736-281-4426,+1-871-212-6239,2026-06-01 12:41:33,0,SMS,,4G,0.0,0.05
R01-0001533,1,North-Coast,+1-586-632-3026,+1-511-531-8948,2026-06-01 07:00:13,1429,VOICE,,5G,0.08,1.91
R01-0001534,1,North-Coast,+1-573-592-3525,+1-399-389-2533,2026-06-01 03:42:00,2756,VOICE,,4G,0.1,4.59
R01-0001535,1,North-Coast,+1-548-876-2518,+1-674-597-9781,2026-06-01 05:43:00,1587,VOICE,,4G,0.1,2.65
R01-0001536,1,North-Coast,+1-959-742-9677,+1-497-311-0755,2026-06-01 17:35:36,2833,VOICE,,4G,0.1,4.72
R01-0001537,1,North-Coast,+1-507-307-9711,+1-489-681-3139,2026-06-01 18:10:46,2978,VOICE,,3G,0.12,5.96
R01-0001538,1,North-Coast,+1-548-872-0656,,2026-06-01 21:27:43,5137,DATA,107313634,5G,0.0,1.07
R01-0001539,1,North-Coast,+1-253-361-7910,,2026-06-01 16:01:04,5773,DATA,485642071,5G,0.0,4.86
R01-0001540,1,North-Coast,+1-534-623-3904,,2026-06-01 07:06:02,4022,DATA,83663913,4G,0.0,0.84
R01-0001541,1,North-Coast,+1-407-689-3419,,2026-06-01 15:51:52,7018,DATA,265097505,4G,0.0,2.65
R01-0001542,1,North-Coast,+1-254-414-9408,+1-986-658-6621,2026-06-01 13:36:35,3140,VOICE,,3G,0.12,6.28
R01-0001543,1,North-Coast,+1-632-319-2981,+1-316-388-0761,2026-06-01 15:04:53,0,VOICE,,3G,0.12,0.0
R01-0001544,1,North-Coast,+1-812-494-6235,+1-933-729-5162,2026-06-01 07:19:38,0,SMS,,4G,0.0,0.05
R01-0001545,1,North-Coast,+1-622-278-5420,+1-902-776-1638,2026-06-01 07:12:00,0,SMS,,5G,0.0,0.05
R01-0001546,1,North-Coast,+1-630-866-9430,+1-882-245-3349,2026-06-01 17:51:11,1493,VOICE,,4G,0.1,2.49
R01-0001547,1,North-Coast,+1-564-721-8625,+1-909-258-1748,2026-06-01 13:07:52,575,VOICE,,4G,0.1,0.96
R01-0001548,1,North-Coast,+1-921-446-5367,,2026-06-01 06:26:47,4284,DATA,44493345,4G,0.0,0.44
R01-0001549,1,North-Coast,+1-590-693-6260,+1-637-422-4716,2026-06-01 18:53:27,2194,VOICE,,5G,0.08,2.93
R01-0001550,1,North-Coast,+1-959-993-1113,+1-354-908-7229,2026-06-01 14:27:52,0,SMS,,4G,0.0,0.05
R01-0001551,1,North-Coast,+1-845-869-8576,+1-788-812-6890,2026-06-01 08:46:05,1569,VOICE,,4G,0.1,2.62
R01-0001552,1,North-Coast,+1-812-889-2024,+1-648-574-8625,2026-06-01 12:15:53,0,SMS,,4G,0.0,0.05
R01-0001553,1,North-Coast,+1-776-985-3656,+1-935-365-9910,2026-06-01 02:21:14,0,SMS,,4G,0.0,0.05
R01-0001554,1,North-Coast,+1-796-875-7161,+1-501-476-5021,2026-06-01 02:04:24,0,SMS,,4G,0.0,0.05
R01-0001555,1,North-Coast,+1-200-906-3880,+1-973-843-8633,2026-06-01 10:50:07,2217,VOICE,,4G,0.1,3.7
R01-0001556,1,North-Coast,+1-533-911-9252,+1-465-569-6669,2026-06-01 10:59:51,2098,VOICE,,3G,0.12,4.2
R01-0001557,1,North-Coast,+1-290-530-3579,+1-306-913-8498,2026-06-01 03:00:21,0,SMS,,4G,0.0,0.05
R01-0001558,1,North-Coast,+1-365-349-7799,+1-854-963-1174,2026-06-01 16:51:28,1911,VOICE,,4G,0.1,3.19
R01-0001559,1,North-Coast,+1-662-320-4788,+1-291-813-1116,2026-06-01 07:19:17,410,VOICE,,5G,0.08,0.55
R01-0001560,1,North-Coast,+1-859-398-0780,+1-848-432-2654,2026-06-01 00:18:05,104,VOICE,,4G,0.1,0.17
R01-0001561,1,North-Coast,+1-592-772-8883,,2026-06-01 22:17:07,4951,DATA,329132555,5G,0.0,3.29
R01-0001562,1,North-Coast,+1-602-246-9668,+1-890-972-7530,2026-06-01 07:32:56,0,SMS,,4G,0.0,0.05
R01-0001563,1,North-Coast,+1-839-325-1931,+1-625-805-5729,2026-06-01 13:28:08,0,SMS,,4G,0.0,0.05
R01-0001564,1,North-Coast,+1-451-412-6152,+1-470-557-4023,2026-06-01 02:08:22,178,VOICE,,4G,0.1,0.3
R01-0001565,1,North-Coast,+1-421-241-6726,+1-625-382-7070,2026-06-01 16:53:01,838,VOICE,,4G,0.1,1.4
R01-0001566,1,North-Coast,+1-275-541-9657,+1-300-972-9992,2026-06-01 05:29:06,1756,VOICE,,5G,0.08,2.34
R01-0001567,1,North-Coast,+1-457-410-1436,+1-833-983-1204,2026-06-01 12:16:31,2357,VOICE,,4G,0.1,3.93
R01-0001568,1,North-Coast,+1-685-954-6987,+1-954-471-2552,2026-06-01 13:09:36,1802,VOICE,,3G,0.12,3.6
R01-0001569,1,North-Coast,+1-412-387-1891,+1-781-407-5221,2026-06-01 23:42:09,1605,VOICE,,5G,0.08,2.14
R01-0001570,1,North-Coast,+1-637-390-6248,+1-203-621-3904,2026-06-01 10:54:37,0,VOICE,,4G,0.1,0.0
R01-0001571,1,North-Coast,+1-857-489-0057,+1-679-622-7530,2026-06-01 06:32:06,0,SMS,,3G,0.0,0.05
R01-0001572,1,North-Coast,+1-555-698-1975,+1-550-622-5773,2026-06-01 14:21:23,0,SMS,,4G,0.0,0.05
R01-0001573,1,North-Coast,+1-303-571-2112,+1-961-866-6997,2026-06-01 23:01:18,0,SMS,,3G,0.0,0.05
R01-0001574,1,North-Coast,+1-834-843-1907,,2026-06-01 14:26:57,5341,DATA,117734725,4G,0.0,1.18
R01-0001575,1,North-Coast,+1-987-504-3683,,2026-06-01 23:35:19,3165,DATA,152897070,4G,0.0,1.53
R01-0001576,1,North-Coast,+1-324-617-4888,+1-442-216-7364,2026-06-01 21:39:36,455,VOICE,,4G,0.1,0.76
R01-0001577,1,North-Coast,+1-240-641-3228,+1-414-893-9223,2026-06-01 06:04:41,2677,VOICE,,4G,0.1,4.46
R01-0001578,1,North-Coast,+1-238-973-6134,+1-871-614-6572,2026-06-01 12:37:51,3056,VOICE,,4G,0.1,5.09
R01-0001579,1,North-Coast,+1-738-739-8464,+1-696-689-1270,2026-06-01 06:39:39,0,SMS,,5G,0.0,0.05
R01-0001580,1,North-Coast,+1-543-986-2379,+1-884-926-9211,2026-06-01 22:18:23,0,SMS,,4G,0.0,0.05
R01-0001581,1,North-Coast,+1-575-609-2071,+1-651-895-7763,2026-06-01 00:11:55,2559,VOICE,,4G,0.1,4.26
R01-0001582,1,North-Coast,+1-249-702-5960,+1-319-405-1680,2026-06-01 06:14:35,0,SMS,,4G,0.0,0.05
R01-0001583,1,North-Coast,+1-714-474-1900,,2026-06-01 08:54:23,519,DATA,202613015,5G,0.0,2.03
R01-0001584,1,North-Coast,+1-292-835-4525,+1-884-418-4129,2026-06-01 01:54:50,0,VOICE,,4G,0.1,0.0
R01-0001585,1,North-Coast,+1-689-403-2212,+1-506-577-9215,2026-06-01 14:58:39,0,SMS,,4G,0.0,0.05
R01-0001586,1,North-Coast,+1-402-920-8445,+1-707-297-0517,2026-06-01 13:47:04,3553,VOICE,,3G,0.12,7.11
R01-0001587,1,North-Coast,+1-808-709-6226,+1-346-429-1086,2026-06-01 15:38:05,0,SMS,,4G,0.0,0.05
R01-0001588,1,North-Coast,+1-894-566-5360,,2026-06-01 02:40:21,4177,DATA,282075951,5G,0.0,2.82
R01-0001589,1,North-Coast,+1-272-880-7560,+1-548-532-3616,2026-06-01 16:19:49,1592,VOICE,,3G,0.12,3.18
R01-0001590,1,North-Coast,+1-748-266-6562,+1-766-343-6481,2026-06-01 20:32:32,3131,VOICE,,4G,0.1,5.22
R01-0001591,1,North-Coast,+1-678-477-7046,+1-428-999-3904,2026-06-01 14:47:22,0,SMS,,4G,0.0,0.05
R01-0001592,1,North-Coast,+1-851-804-3882,+1-568-435-3582,2026-06-01 15:01:04,0,SMS,,4G,0.0,0.05
R01-0001593,1,North-Coast,+1-865-877-4811,+1-242-659-9574,2026-06-01 18:17:54,1698,VOICE,,4G,0.1,2.83
R01-0001594,1,North-Coast,+1-955-785-2824,+1-978-803-6728,2026-06-01 00:37:12,0,SMS,,4G,0.0,0.05
R01-0001595,1,North-Coast,+1-435-812-5047,,2026-06-01 03:01:37,7050,DATA,106040855,4G,0.0,1.06
R01-0001596,1,North-Coast,+1-822-202-3845,+1-800-605-5520,2026-06-01 18:32:20,461,VOICE,,5G,0.08,0.61
R01-0001597,1,North-Coast,+1-425-923-8479,,2026-06-01 04:51:54,5711,DATA,274332890,4G,0.0,2.74
R01-0001598,1,North-Coast,+1-504-320-4191,+1-577-982-3984,2026-06-01 17:43:42,0,SMS,,4G,0.0,0.05
R01-0001599,1,North-Coast,+1-863-259-5078,+1-301-929-4418,2026-06-01 10:50:24,0,SMS,,4G,0.0,0.05
R01-0001600,1,North-Coast,+1-394-267-3175,+1-439-873-2021,2026-06-01 05:57:12,0,SMS,,5G,0.0,0.05
R01-0001601,1,North-Coast,+1-820-605-0887,,2026-06-01 08:14:55,750,DATA,256176721,4G,0.0,2.56
R01-0001602,1,North-Coast,+1-261-369-0846,,2026-06-01 15:33:54,6947,DATA,414269630,5G,0.0,4.14
R01-0001603,1,North-Coast,+1-415-864-1341,+1-428-697-3266,2026-06-01 20:20:11,1337,VOICE,,3G,0.12,2.67
R01-0001604,1,North-Coast,+1-907-346-9502,+1-655-856-8473,2026-06-01 10:38:13,0,SMS,,5G,0.0,0.05
R01-0001605,1,North-Coast,+1-275-866-8680,+1-620-708-3168,2026-06-01 12:03:32,0,SMS,,4G,0.0,0.05
R01-0001606,1,North-Coast,+1-665-550-0548,+1-291-714-7454,2026-06-01 22:17:09,0,SMS,,4G,0.0,0.05
R01-0001607,1,North-Coast,+1-942-795-8167,+1-312-541-7747,2026-06-01 13:39:23,0,VOICE,,3G,0.12,0.0
R01-0001608,1,North-Coast,+1-852-642-4542,+1-904-229-6112,2026-06-01 03:27:54,0,VOICE,,4G,0.1,0.0
R01-0001609,1,North-Coast,+1-440-267-5621,+1-805-393-8582,2026-06-01 23:46:04,0,SMS,,5G,0.0,0.05
R01-0001610,1,North-Coast,+1-666-307-7294,+1-860-843-3003,2026-06-01 19:22:18,3491,VOICE,,4G,0.1,5.82
R01-0001611,1,North-Coast,+1-568-372-4902,+1-822-286-0789,2026-06-01 23:07:11,3247,VOICE,,5G,0.08,4.33
R01-0001612,1,North-Coast,+1-875-415-9012,+1-333-210-7453,2026-06-01 13:55:17,1420,VOICE,,5G,0.08,1.89
R01-0001613,1,North-Coast,+1-239-770-7587,,2026-06-01 17:59:49,880,DATA,311765203,3G,0.0,3.12
R01-0001614,1,North-Coast,+1-879-752-9609,+1-818-336-3325,2026-06-01 02:27:33,0,SMS,,3G,0.0,0.05
R01-0001615,1,North-Coast,+1-446-268-3895,+1-371-231-7283,2026-06-01 08:28:31,2981,VOICE,,5G,0.08,3.97
R01-0001616,1,North-Coast,+1-296-728-0811,+1-546-383-3314,2026-06-01 23:39:20,0,SMS,,4G,0.0,0.05
R01-0001617,1,North-Coast,+1-685-931-7007,,2026-06-01 12:04:04,838,DATA,212911823,5G,0.0,2.13
R01-0001618,1,North-Coast,+1-952-916-9351,+1-362-208-4425,2026-06-01 21:53:17,0,SMS,,3G,0.0,0.05
R01-0001619,1,North-Coast,+1-575-211-3532,+1-674-456-3851,2026-06-01 18:11:09,2282,VOICE,,5G,0.08,3.04
R01-0001620,1,North-Coast,+1-702-397-5159,+1-248-209-8693,2026-06-01 03:28:54,3028,VOICE,,5G,0.08,4.04
R01-0001621,1,North-Coast,+1-305-278-1540,+1-602-446-3778,2026-06-01 23:13:08,0,SMS,,3G,0.0,0.05
R01-0001622,1,North-Coast,+1-243-633-4587,+1-970-505-5123,2026-06-01 02:27:59,2527,VOICE,,4G,0.1,4.21
R01-0001623,1,North-Coast,+1-976-468-6228,,2026-06-01 08:48:45,5430,DATA,161027645,4G,0.0,1.61
R01-0001624,1,North-Coast,+1-898-284-3365,+1-964-811-0523,2026-06-01 16:08:21,2636,VOICE,,5G,0.08,3.51
R01-0001625,1,North-Coast,+1-857-710-7156,+1-931-648-6118,2026-06-01 01:40:08,0,SMS,,5G,0.0,0.05
R01-0001626,1,North-Coast,+1-731-286-2123,+1-271-849-3727,2026-06-01 12:54:24,3249,VOICE,,3G,0.12,6.5
R01-0001627,1,North-Coast,+1-285-434-9994,,2026-06-01 07:56:26,6124,DATA,73291935,4G,0.0,0.73
R01-0001628,1,North-Coast,+1-588-219-8006,+1-211-693-3512,2026-06-01 01:51:03,0,SMS,,4G,0.0,0.05
R01-0001629,1,North-Coast,+1-788-312-7204,+1-787-953-2175,2026-06-01 07:09:51,376,VOICE,,4G,0.1,0.63
R01-0001630,1,North-Coast,+1-504-783-8640,,2026-06-01 00:17:05,2327,DATA,260072014,4G,0.0,2.6
R01-0001631,1,North-Coast,+1-240-433-5421,,2026-06-01 13:57:55,2206,DATA,61983583,4G,0.0,0.62
R01-0001632,1,North-Coast,+1-864-842-2947,+1-244-383-3671,2026-06-01 10:15:24,1177,VOICE,,4G,0.1,1.96
R01-0001633,1,North-Coast,+1-346-468-9683,+1-362-913-5685,2026-06-01 12:38:46,1222,VOICE,,4G,0.1,2.04
R01-0001634,1,North-Coast,+1-825-698-6560,+1-268-880-0464,2026-06-01 03:01:32,3073,VOICE,,5G,0.08,4.1
R01-0001635,1,North-Coast,+1-804-775-4230,+1-501-932-3177,2026-06-01 22:04:17,321,VOICE,,4G,0.1,0.54
R01-0001636,1,North-Coast,+1-219-575-7243,+1-726-350-3500,2026-06-01 14:53:41,568,VOICE,,5G,0.08,0.76
R01-0001637,1,North-Coast,+1-579-418-7151,+1-229-377-1888,2026-06-01 20:28:40,0,VOICE,,5G,0.08,0.0
R01-0001638,1,North-Coast,+1-630-972-2705,+1-314-679-1513,2026-06-01 02:44:34,0,SMS,,4G,0.0,0.05
R01-0001639,1,North-Coast,+1-339-929-3437,,2026-06-01 11:32:08,6991,DATA,297037472,4G,0.0,2.97
R01-0001640,1,North-Coast,+1-523-932-7565,+1-791-969-0649,2026-06-01 13:35:50,19,VOICE,,5G,0.08,0.03
R01-0001641,1,North-Coast,+1-639-932-8558,,2026-06-01 07:05:27,6002,DATA,197460886,4G,0.0,1.97
R01-0001642,1,North-Coast,+1-633-419-3800,+1-918-963-6619,2026-06-01 12:49:15,1721,VOICE,,3G,0.12,3.44
R01-0001643,1,North-Coast,+1-822-760-0522,+1-305-987-5418,2026-06-01 20:18:57,1951,VOICE,,5G,0.08,2.6
R01-0001644,1,North-Coast,+1-822-835-9470,+1-957-761-9210,2026-06-01 21:33:08,2529,VOICE,,3G,0.12,5.06
R01-0001645,1,North-Coast,+1-440-386-2139,+1-814-485-4028,2026-06-01 01:35:52,0,SMS,,3G,0.0,0.05
R01-0001646,1,North-Coast,+1-254-209-1047,+1-862-810-2500,2026-06-01 09:32:23,0,SMS,,3G,0.0,0.05
R01-0001647,1,North-Coast,+1-466-722-8336,,2026-06-01 05:22:11,3473,DATA,377891904,4G,0.0,3.78
R01-0001648,1,North-Coast,+1-678-472-8984,+1-298-852-5570,2026-06-01 11:49:59,0,SMS,,4G,0.0,0.05
R01-0001649,1,North-Coast,+1-887-823-4117,+1-936-243-6406,2026-06-01 15:56:12,0,SMS,,4G,0.0,0.05
R01-0001650,1,North-Coast,+1-388-672-8195,+1-561-494-0634,2026-06-01 02:08:31,23,VOICE,,3G,0.12,0.05
R01-0001651,1,North-Coast,+1-600-386-0354,+1-506-808-6951,2026-06-01 06:53:25,753,VOICE,,5G,0.08,1.0
R01-0001652,1,North-Coast,+1-313-878-8581,+1-481-215-3415,2026-06-01 17:04:00,1087,VOICE,,3G,0.12,2.17
R01-0001653,1,North-Coast,+1-700-997-7351,+1-299-652-9636,2026-06-01 20:20:27,3000,VOICE,,5G,0.08,4.0
R01-0001654,1,North-Coast,+1-342-439-0175,+1-575-868-2103,2026-06-01 01:07:28,126,VOICE,,4G,0.1,0.21
R01-0001655,1,North-Coast,+1-594-489-4367,+1-405-947-0127,2026-06-01 11:32:20,0,SMS,,4G,0.0,0.05
R01-0001656,1,North-Coast,+1-459-559-6457,,2026-06-01 06:30:54,5711,DATA,159106651,3G,0.0,1.59
R01-0001657,1,North-Coast,+1-636-863-2538,+1-301-786-1686,2026-06-01 13:12:14,223,VOICE,,4G,0.1,0.37
R01-0001658,1,North-Coast,+1-925-290-0861,,2026-06-01 15:58:54,6548,DATA,396924010,5G,0.0,3.97
R01-0001659,1,North-Coast,+1-375-825-8270,+1-691-302-0645,2026-06-01 05:16:46,0,SMS,,3G,0.0,0.05
R01-0001660,1,North-Coast,+1-370-430-8939,+1-650-577-2990,2026-06-01 06:06:19,2209,VOICE,,4G,0.1,3.68
R01-0001661,1,North-Coast,+1-628-386-6644,+1-274-529-0750,2026-06-01 11:29:00,1018,VOICE,,4G,0.1,1.7
R01-0001662,1,North-Coast,+1-367-763-2155,+1-659-849-5445,2026-06-01 16:46:24,2418,VOICE,,4G,0.1,4.03
R01-0001663,1,North-Coast,+1-804-673-2392,+1-451-534-3798,2026-06-01 19:43:00,2891,VOICE,,4G,0.1,4.82
R01-0001664,1,North-Coast,+1-785-342-0654,+1-780-303-0677,2026-06-01 23:23:30,1112,VOICE,,4G,0.1,1.85
R01-0001665,1,North-Coast,+1-810-298-5833,+1-251-948-3487,2026-06-01 21:05:58,2411,VOICE,,4G,0.1,4.02
R01-0001666,1,North-Coast,+1-364-247-0955,+1-676-867-0055,2026-06-01 09:35:57,2765,VOICE,,4G,0.1,4.61
R01-0001667,1,North-Coast,+1-579-342-9087,,2026-06-01 14:30:21,2475,DATA,461752339,4G,0.0,4.62
R01-0001668,1,North-Coast,+1-726-877-4301,+1-524-331-5859,2026-06-01 11:12:37,0,SMS,,4G,0.0,0.05
R01-0001669,1,North-Coast,+1-542-556-8498,+1-725-404-5525,2026-06-01 20:28:35,0,SMS,,3G,0.0,0.05
R01-0001670,1,North-Coast,+1-783-303-6639,+1-510-724-1488,2026-06-01 04:21:38,0,SMS,,4G,0.0,0.05
R01-0001671,1,North-Coast,+1-695-752-1394,+1-851-357-6584,2026-06-01 06:16:20,3218,VOICE,,4G,0.1,5.36
R01-0001672,1,North-Coast,+1-943-896-2817,+1-532-760-8862,2026-06-01 12:51:55,740,VOICE,,5G,0.08,0.99
R01-0001673,1,North-Coast,+1-885-232-3858,+1-395-216-7667,2026-06-01 19:58:10,261,VOICE,,4G,0.1,0.43
R01-0001674,1,North-Coast,+1-647-222-6901,,2026-06-01 04:00:38,3675,DATA,100365376,4G,0.0,1.0
R01-0001675,1,North-Coast,+1-853-915-5162,+1-730-955-5943,2026-06-01 14:28:42,2646,VOICE,,4G,0.1,4.41
R01-0001676,1,North-Coast,+1-496-706-4879,+1-770-548-2458,2026-06-01 09:00:40,713,VOICE,,5G,0.08,0.95
R01-0001677,1,North-Coast,+1-813-630-6736,,2026-06-01 19:10:09,2951,DATA,22266655,3G,0.0,0.22
R01-0001678,1,North-Coast,+1-611-644-1818,+1-234-974-1420,2026-06-01 10:46:04,1527,VOICE,,5G,0.08,2.04
R01-0001679,1,North-Coast,+1-300-358-4937,,2026-06-01 01:03:36,125,DATA,236731954,4G,0.0,2.37
R01-0001680,1,North-Coast,+1-677-394-1629,+1-442-676-3883,2026-06-01 15:15:03,1779,VOICE,,4G,0.1,2.96
R01-0001681,1,North-Coast,+1-497-634-5713,+1-845-497-0603,2026-06-01 22:20:06,0,SMS,,4G,0.0,0.05
R01-0001682,1,North-Coast,+1-709-656-9796,+1-274-608-4784,2026-06-01 06:39:39,0,SMS,,3G,0.0,0.05
R01-0001683,1,North-Coast,+1-631-510-6179,+1-249-274-2985,2026-06-01 10:58:43,2753,VOICE,,4G,0.1,4.59
R01-0001684,1,North-Coast,+1-348-319-8212,+1-493-863-9229,2026-06-01 18:46:05,0,SMS,,5G,0.0,0.05
R01-0001685,1,North-Coast,+1-655-344-8370,+1-527-445-0965,2026-06-01 00:40:12,0,SMS,,4G,0.0,0.05
R01-0001686,1,North-Coast,+1-722-390-6290,+1-888-613-2018,2026-06-01 22:17:57,0,SMS,,4G,0.0,0.05
R01-0001687,1,North-Coast,+1-367-473-6246,+1-918-926-8782,2026-06-01 13:57:50,1768,VOICE,,4G,0.1,2.95
R01-0001688,1,North-Coast,+1-971-450-4056,+1-957-922-8854,2026-06-01 19:26:35,1887,VOICE,,3G,0.12,3.77
R01-0001689,1,North-Coast,+1-483-742-3370,+1-244-747-1961,2026-06-01 04:47:05,3048,VOICE,,3G,0.12,6.1
R01-0001690,1,North-Coast,+1-804-283-2731,+1-445-821-8509,2026-06-01 12:46:06,0,SMS,,5G,0.0,0.05
R01-0001691,1,North-Coast,+1-309-732-9024,+1-771-406-5795,2026-06-01 14:27:59,944,VOICE,,5G,0.08,1.26
R01-0001692,1,North-Coast,+1-879-580-9082,,2026-06-01 00:05:10,2523,DATA,308341820,4G,0.0,3.08
R01-0001693,1,North-Coast,+1-789-603-9505,+1-706-846-8205,2026-06-01 08:46:50,0,SMS,,5G,0.0,0.05
R01-0001694,1,North-Coast,+1-720-298-0498,+1-778-223-7176,2026-06-01 12:17:01,0,SMS,,3G,0.0,0.05
R01-0001695,1,North-Coast,+1-834-792-0900,+1-251-630-5246,2026-06-01 12:31:37,1133,VOICE,,4G,0.1,1.89
R01-0001696,1,North-Coast,+1-705-850-0926,+1-215-827-2037,2026-06-01 20:38:22,3542,VOICE,,4G,0.1,5.9
R01-0001697,1,North-Coast,+1-595-385-3588,+1-907-800-3674,2026-06-01 01:41:05,0,SMS,,4G,0.0,0.05
R01-0001698,1,North-Coast,+1-417-681-7867,,2026-06-01 16:45:09,2970,DATA,429966439,4G,0.0,4.3
R01-0001699,1,North-Coast,+1-371-651-0917,+1-203-598-9066,2026-06-01 21:29:19,0,SMS,,4G,0.0,0.05
R01-0001700,1,North-Coast,+1-963-971-9755,+1-725-430-8294,2026-06-01 04:06:00,0,SMS,,5G,0.0,0.05
R01-0001701,1,North-Coast,+1-211-211-1860,,2026-06-01 09:14:55,1225,DATA,16677092,3G,0.0,0.17
R01-0001702,1,North-Coast,+1-399-431-1769,+1-291-595-7908,2026-06-01 14:37:33,0,SMS,,5G,0.0,0.05
R01-0001703,1,North-Coast,+1-930-359-2164,+1-602-216-9880,2026-06-01 12:11:38,686,VOICE,,4G,0.1,1.14
R01-0001704,1,North-Coast,+1-427-941-1059,+1-807-771-2859,2026-06-01 14:00:10,0,SMS,,4G,0.0,0.05
R01-0001705,1,North-Coast,+1-836-981-9164,+1-976-428-1729,2026-06-01 22:13:09,924,VOICE,,4G,0.1,1.54
R01-0001706,1,North-Coast,+1-548-690-4467,+1-564-566-5956,2026-06-01 04:10:50,0,VOICE,,5G,0.08,0.0
R01-0001707,1,North-Coast,+1-480-897-1684,+1-400-706-2462,2026-06-01 02:50:06,2884,VOICE,,4G,0.1,4.81
R01-0001708,1,North-Coast,+1-582-413-6294,+1-802-220-3600,2026-06-01 04:41:44,0,SMS,,5G,0.0,0.05
R01-0001709,1,North-Coast,+1-626-738-1536,+1-614-272-2166,2026-06-01 21:38:52,0,SMS,,3G,0.0,0.05
R01-0001710,1,North-Coast,+1-417-983-1089,+1-370-213-8843,2026-06-01 12:33:16,964,VOICE,,4G,0.1,1.61
R01-0001711,1,North-Coast,+1-490-499-4450,+1-654-229-6956,2026-06-01 12:45:49,0,VOICE,,3G,0.12,0.0
R01-0001712,1,North-Coast,+1-575-230-9254,,2026-06-01 00:45:30,1439,DATA,265331310,3G,0.0,2.65
R01-0001713,1,North-Coast,+1-763-978-6899,,2026-06-01 18:55:39,207,DATA,319811392,4G,0.0,3.2
R01-0001714,1,North-Coast,+1-906-873-0414,,2026-06-01 03:19:49,31,DATA,190703559,4G,0.0,1.91
R01-0001715,1,North-Coast,+1-485-832-6453,+1-854-705-4823,2026-06-01 06:44:16,0,SMS,,4G,0.0,0.05
R01-0001716,1,North-Coast,+1-303-764-3194,+1-326-636-6894,2026-06-01 10:02:27,1011,VOICE,,4G,0.1,1.69
R01-0001717,1,North-Coast,+1-970-860-2721,+1-854-397-9960,2026-06-01 22:36:35,1780,VOICE,,4G,0.1,2.97
R01-0001718,1,North-Coast,+1-490-292-5194,+1-798-849-0040,2026-06-01 00:22:57,0,SMS,,5G,0.0,0.05
R01-0001719,1,North-Coast,+1-540-981-0836,+1-725-292-1209,2026-06-01 13:52:31,34,VOICE,,3G,0.12,0.07
R01-0001720,1,North-Coast,+1-335-825-1364,+1-862-600-3643,2026-06-01 16:29:35,0,SMS,,4G,0.0,0.05
R01-0001721,1,North-Coast,+1-844-436-2094,+1-211-408-6040,2026-06-01 15:53:01,2728,VOICE,,4G,0.1,4.55
R01-0001722,1,North-Coast,+1-406-300-3650,+1-930-584-2269,2026-06-01 03:58:20,61,VOICE,,4G,0.1,0.1
R01-0001723,1,North-Coast,+1-449-976-5145,+1-272-339-3585,2026-06-01 10:30:16,1916,VOICE,,5G,0.08,2.55
R01-0001724,1,North-Coast,+1-789-529-0506,,2026-06-01 09:48:13,6695,DATA,472056775,4G,0.0,4.72
R01-0001725,1,North-Coast,+1-545-677-1316,+1-749-579-1047,2026-06-01 09:44:44,2531,VOICE,,4G,0.1,4.22
R01-0001726,1,North-Coast,+1-483-320-5226,+1-201-674-1831,2026-06-01 07:23:57,0,SMS,,3G,0.0,0.05
R01-0001727,1,North-Coast,+1-334-695-6475,+1-799-474-8362,2026-06-01 02:26:24,3417,VOICE,,5G,0.08,4.56
R01-0001728,1,North-Coast,+1-601-994-5243,+1-716-227-2016,2026-06-01 14:57:50,0,SMS,,5G,0.0,0.05
R01-0001729,1,North-Coast,+1-528-234-3458,+1-255-915-1396,2026-06-01 12:48:57,1074,VOICE,,3G,0.12,2.15
R01-0001730,1,North-Coast,+1-541-317-3764,+1-339-446-3789,2026-06-01 02:53:11,0,SMS,,4G,0.0,0.05
R01-0001731,1,North-Coast,+1-288-431-9781,+1-204-569-0018,2026-06-01 19:26:31,0,SMS,,4G,0.0,0.05
R01-0001732,1,North-Coast,+1-495-935-9193,+1-677-567-1191,2026-06-01 22:33:58,0,SMS,,4G,0.0,0.05
R01-0001733,1,North-Coast,+1-810-816-3000,,2026-06-01 17:35:17,675,DATA,150775219,4G,0.0,1.51
R01-0001734,1,North-Coast,+1-785-486-9837,,2026-06-01 10:29:45,5286,DATA,352350438,4G,0.0,3.52
R01-0001735,1,North-Coast,+1-660-358-2508,+1-836-394-3412,2026-06-01 23:45:51,1307,VOICE,,3G,0.12,2.61
R01-0001736,1,North-Coast,+1-645-214-6540,+1-500-446-3475,2026-06-01 15:21:28,0,SMS,,4G,0.0,0.05
R01-0001737,1,North-Coast,+1-976-209-6174,+1-394-496-7536,2026-06-01 08:00:47,3364,VOICE,,4G,0.1,5.61
R01-0001738,1,North-Coast,+1-916-507-0982,+1-680-329-4345,2026-06-01 19:28:23,0,SMS,,5G,0.0,0.05
R01-0001739,1,North-Coast,+1-816-711-0680,+1-395-776-1430,2026-06-01 08:02:32,0,SMS,,4G,0.0,0.05
R01-0001740,1,North-Coast,+1-525-254-3464,+1-504-297-0399,2026-06-01 14:48:57,1891,VOICE,,4G,0.1,3.15
R01-0001741,1,North-Coast,+1-329-246-5655,+1-682-726-5214,2026-06-01 15:48:36,0,SMS,,3G,0.0,0.05
R01-0001742,1,North-Coast,+1-859-586-8881,+1-436-957-5924,2026-06-01 07:07:58,596,VOICE,,4G,0.1,0.99
R01-0001743,1,North-Coast,+1-924-752-1966,,2026-06-01 14:14:01,510,DATA,216917549,4G,0.0,2.17
R01-0001744,1,North-Coast,+1-818-894-6044,+1-539-479-4838,2026-06-01 20:48:33,0,VOICE,,5G,0.08,0.0
R01-0001745,1,North-Coast,+1-322-327-9965,+1-425-246-0121,2026-06-01 05:10:52,1450,VOICE,,4G,0.1,2.42
R01-0001746,1,North-Coast,+1-678-958-6470,+1-451-865-1185,2026-06-01 07:43:43,2003,VOICE,,4G,0.1,3.34
R01-0001747,1,North-Coast,+1-220-632-4289,+1-986-768-6212,2026-06-01 17:51:06,2161,VOICE,,5G,0.08,2.88
R01-0001748,1,North-Coast,+1-960-843-5880,+1-440-533-9990,2026-06-01 13:54:44,1967,VOICE,,5G,0.08,2.62
R01-0001749,1,North-Coast,+1-695-531-1053,+1-650-883-8166,2026-06-01 19:06:32,0,SMS,,5G,0.0,0.05
R01-0001750,1,North-Coast,+1-230-765-8163,+1-584-867-1019,2026-06-01 16:42:54,1071,VOICE,,5G,0.08,1.43
R01-0001751,1,North-Coast,+1-853-855-8803,,2026-06-01 06:06:59,264,DATA,131669549,4G,0.0,1.32
R01-0001752,1,North-Coast,+1-577-289-0368,+1-408-442-3666,2026-06-01 01:47:30,0,SMS,,4G,0.0,0.05
R01-0001753,1,North-Coast,+1-358-517-5248,+1-914-906-0722,2026-06-01 18:01:18,137,VOICE,,4G,0.1,0.23
R01-0001754,1,North-Coast,+1-368-702-7840,+1-233-730-0665,2026-06-01 03:42:00,1203,VOICE,,4G,0.1,2.01
R01-0001755,1,North-Coast,+1-215-585-7334,,2026-06-01 19:18:24,2094,DATA,412747884,4G,0.0,4.13
R01-0001756,1,North-Coast,+1-910-895-7476,+1-408-466-0359,2026-06-01 23:42:35,3272,VOICE,,4G,0.1,5.45
R01-0001757,1,North-Coast,+1-766-247-6646,+1-767-705-8646,2026-06-01 01:56:44,0,SMS,,5G,0.0,0.05
R01-0001758,1,North-Coast,+1-949-483-0166,+1-853-344-3755,2026-06-01 20:37:45,1263,VOICE,,4G,0.1,2.1
R01-0001759,1,North-Coast,+1-334-855-3255,+1-454-452-9670,2026-06-01 07:31:21,1813,VOICE,,4G,0.1,3.02
R01-0001760,1,North-Coast,+1-500-704-7258,+1-675-572-3592,2026-06-01 17:10:40,0,SMS,,5G,0.0,0.05
R01-0001761,1,North-Coast,+1-230-895-2505,+1-303-888-4722,2026-06-01 17:02:53,1401,VOICE,,4G,0.1,2.34
R01-0001762,1,North-Coast,+1-954-978-6440,+1-256-433-0694,2026-06-01 02:02:21,1607,VOICE,,4G,0.1,2.68
R01-0001763,1,North-Coast,+1-577-476-2333,+1-299-414-8531,2026-06-01 04:26:35,1603,VOICE,,4G,0.1,2.67
R01-0001764,1,North-Coast,+1-647-699-6939,+1-700-359-1304,2026-06-01 02:48:00,3513,VOICE,,4G,0.1,5.86
R01-0001765,1,North-Coast,+1-747-478-1441,+1-713-450-8676,2026-06-01 21:36:52,0,SMS,,5G,0.0,0.05
R01-0001766,1,North-Coast,+1-730-353-0240,+1-764-949-1783,2026-06-01 23:33:23,0,SMS,,5G,0.0,0.05
R01-0001767,1,North-Coast,+1-540-876-0342,,2026-06-01 18:24:02,6852,DATA,50156948,4G,0.0,0.5
R01-0001768,1,North-Coast,+1-376-331-7156,+1-395-747-6369,2026-06-01 00:29:21,0,SMS,,5G,0.0,0.05
R01-0001769,1,North-Coast,+1-497-253-1878,,2026-06-01 15:57:00,1513,DATA,386261157,4G,0.0,3.86
R01-0001770,1,North-Coast,+1-597-395-3895,+1-793-329-9439,2026-06-01 21:15:22,654,VOICE,,4G,0.1,1.09
R01-0001771,1,North-Coast,+1-450-275-7044,+1-825-566-7417,2026-06-01 10:44:39,0,SMS,,5G,0.0,0.05
R01-0001772,1,North-Coast,+1-820-235-1863,+1-582-351-8935,2026-06-01 02:10:06,1372,VOICE,,5G,0.08,1.83
R01-0001773,1,North-Coast,+1-442-647-1386,+1-272-222-8395,2026-06-01 13:34:10,0,SMS,,3G,0.0,0.05
R01-0001774,1,North-Coast,+1-287-840-4587,+1-638-482-0472,2026-06-01 09:47:42,0,SMS,,4G,0.0,0.05
R01-0001775,1,North-Coast,+1-591-682-8368,+1-930-872-1531,2026-06-01 08:50:51,1694,VOICE,,5G,0.08,2.26
R01-0001776,1,North-Coast,+1-405-391-3590,+1-947-825-7948,2026-06-01 07:47:21,547,VOICE,,5G,0.08,0.73
R01-0001777,1,North-Coast,+1-971-690-2941,,2026-06-01 15:26:56,6057,DATA,455128359,5G,0.0,4.55
R01-0001778,1,North-Coast,+1-321-959-0891,+1-792-859-7017,2026-06-01 04:06:02,0,SMS,,5G,0.0,0.05
R01-0001779,1,North-Coast,+1-742-648-5320,+1-289-958-5823,2026-06-01 12:31:05,2569,VOICE,,4G,0.1,4.28
R01-0001780,1,North-Coast,+1-350-681-4309,,2026-06-01 21:52:11,131,DATA,404866931,3G,0.0,4.05
R01-0001781,1,North-Coast,+1-868-430-9595,+1-375-426-1507,2026-06-01 10:36:28,2857,VOICE,,4G,0.1,4.76
R01-0001782,1,North-Coast,+1-311-549-7707,+1-247-359-6437,2026-06-01 21:46:08,1139,VOICE,,4G,0.1,1.9
R01-0001783,1,North-Coast,+1-598-239-4034,,2026-06-01 02:38:27,2063,DATA,213509240,5G,0.0,2.14
R01-0001784,1,North-Coast,+1-950-445-8286,,2026-06-01 18:20:07,858,DATA,193577839,5G,0.0,1.94
R01-0001785,1,North-Coast,+1-459-780-7559,+1-514-546-1320,2026-06-01 03:04:16,2011,VOICE,,3G,0.12,4.02
R01-0001786,1,North-Coast,+1-465-834-2533,,2026-06-01 22:27:19,4483,DATA,263712198,5G,0.0,2.64
R01-0001787,1,North-Coast,+1-535-654-5565,+1-937-855-8190,2026-06-01 04:19:13,0,VOICE,,5G,0.08,0.0
R01-0001788,1,North-Coast,+1-655-514-9569,+1-417-487-2335,2026-06-01 21:31:00,3222,VOICE,,4G,0.1,5.37
R01-0001789,1,North-Coast,+1-628-504-7443,+1-897-343-7689,2026-06-01 18:19:49,546,VOICE,,4G,0.1,0.91
R01-0001790,1,North-Coast,+1-773-942-6951,+1-577-446-8726,2026-06-01 21:25:49,0,SMS,,5G,0.0,0.05
R01-0001791,1,North-Coast,+1-395-419-2238,+1-316-288-6272,2026-06-01 13:05:48,563,VOICE,,5G,0.08,0.75
R01-0001792,1,North-Coast,+1-331-382-8447,+1-748-738-2684,2026-06-01 16:52:36,207,VOICE,,5G,0.08,0.28
R01-0001793,1,North-Coast,+1-233-988-7216,+1-373-750-7983,2026-06-01 10:12:40,3575,VOICE,,5G,0.08,4.77
R01-0001794,1,North-Coast,+1-572-419-0028,+1-982-759-3314,2026-06-01 20:04:08,2176,VOICE,,4G,0.1,3.63
R01-0001795,1,North-Coast,+1-418-265-7885,+1-727-246-4719,2026-06-01 03:21:53,3042,VOICE,,3G,0.12,6.08
R01-0001796,1,North-Coast,+1-326-468-9043,,2026-06-01 02:48:24,6168,DATA,389046200,4G,0.0,3.89
R01-0001797,1,North-Coast,+1-270-969-8562,+1-478-610-4336,2026-06-01 20:47:53,0,SMS,,3G,0.0,0.05
R01-0001798,1,North-Coast,+1-963-291-5063,+1-906-712-9877,2026-06-01 01:59:07,0,SMS,,4G,0.0,0.05
R01-0001799,1,North-Coast,+1-617-675-8582,+1-719-832-5829,2026-06-01 10:36:32,0,VOICE,,5G,0.08,0.0
R01-0001800,1,North-Coast,+1-885-735-8741,,2026-06-01 03:59:51,6200,DATA,313667165,4G,0.0,3.14
R01-0001801,1,North-Coast,+1-732-656-1292,+1-539-644-7221,2026-06-01 10:38:52,0,VOICE,,5G,0.08,0.0
R01-0001802,1,North-Coast,+1-416-393-9876,+1-402-694-8678,2026-06-01 09:23:57,2621,VOICE,,5G,0.08,3.49
R01-0001803,1,North-Coast,+1-713-470-4094,+1-853-566-8756,2026-06-01 13:19:07,67,VOICE,,4G,0.1,0.11
R01-0001804,1,North-Coast,+1-976-911-3563,+1-547-449-4935,2026-06-01 03:12:32,0,SMS,,5G,0.0,0.05
R01-0001805,1,North-Coast,+1-294-621-2858,+1-555-516-4698,2026-06-01 06:24:01,1863,VOICE,,3G,0.12,3.73
R01-0001806,1,North-Coast,+1-694-980-7258,+1-546-692-6395,2026-06-01 20:50:46,3367,VOICE,,5G,0.08,4.49
R01-0001807,1,North-Coast,+1-639-976-4763,+1-887-795-4601,2026-06-01 12:03:36,2669,VOICE,,3G,0.12,5.34
R01-0001808,1,North-Coast,+1-704-772-8020,+1-519-754-9027,2026-06-01 12:52:08,1307,VOICE,,3G,0.12,2.61
R01-0001809,1,North-Coast,+1-383-379-1908,+1-755-589-3410,2026-06-01 19:23:20,3385,VOICE,,3G,0.12,6.77
R01-0001810,1,North-Coast,+1-221-787-8644,+1-544-822-2788,2026-06-01 05:35:19,2480,VOICE,,5G,0.08,3.31
R01-0001811,1,North-Coast,+1-936-811-9205,,2026-06-01 22:19:18,5709,DATA,366485489,4G,0.0,3.66
R01-0001812,1,North-Coast,+1-267-697-5790,+1-751-496-7861,2026-06-01 18:49:19,576,VOICE,,4G,0.1,0.96
R01-0001813,1,North-Coast,+1-766-671-5993,+1-478-619-0995,2026-06-01 10:14:49,0,SMS,,4G,0.0,0.05
R01-0001814,1,North-Coast,+1-360-555-8407,+1-715-896-5236,2026-06-01 07:28:59,0,SMS,,5G,0.0,0.05
R01-0001815,1,North-Coast,+1-738-994-6190,,2026-06-01 00:15:30,3741,DATA,94095709,3G,0.0,0.94
R01-0001816,1,North-Coast,+1-393-412-1313,+1-576-683-3852,2026-06-01 14:23:03,125,VOICE,,5G,0.08,0.17
R01-0001817,1,North-Coast,+1-815-511-2491,+1-438-398-9448,2026-06-01 21:20:43,1970,VOICE,,5G,0.08,2.63
R01-0001818,1,North-Coast,+1-590-410-8105,+1-375-878-9952,2026-06-01 07:09:30,1910,VOICE,,5G,0.08,2.55
R01-0001819,1,North-Coast,+1-805-843-4595,+1-605-919-0321,2026-06-01 06:37:42,0,SMS,,5G,0.0,0.05
R01-0001820,1,North-Coast,+1-415-793-7336,+1-570-283-2734,2026-06-01 04:45:30,0,SMS,,5G,0.0,0.05
R01-0001821,1,North-Coast,+1-643-364-4370,+1-300-411-8377,2026-06-01 23:14:09,0,SMS,,4G,0.0,0.05
R01-0001822,1,North-Coast,+1-361-950-0189,+1-485-943-3560,2026-06-01 18:10:18,849,VOICE,,4G,0.1,1.42
R01-0001823,1,North-Coast,+1-707-804-0142,+1-670-438-2180,2026-06-01 03:39:07,0,SMS,,5G,0.0,0.05
R01-0001824,1,North-Coast,+1-515-752-2851,,2026-06-01 00:31:23,5187,DATA,27660619,4G,0.0,0.28
R01-0001825,1,North-Coast,+1-649-342-3832,+1-494-683-7023,2026-06-01 08:37:46,0,SMS,,4G,0.0,0.05
R01-0001826,1,North-Coast,+1-825-399-8761,,2026-06-01 23:43:30,4452,DATA,192578129,4G,0.0,1.93
R01-0001827,1,North-Coast,+1-770-832-5259,+1-696-773-7614,2026-06-01 08:18:10,2419,VOICE,,3G,0.12,4.84
R01-0001828,1,North-Coast,+1-701-290-5184,+1-393-907-6267,2026-06-01 06:15:38,2563,VOICE,,4G,0.1,4.27
R01-0001829,1,North-Coast,+1-983-301-4868,+1-492-952-9820,2026-06-01 06:00:01,0,SMS,,4G,0.0,0.05
R01-0001830,1,North-Coast,+1-310-848-5120,+1-578-672-2766,2026-06-01 07:47:45,2951,VOICE,,3G,0.12,5.9
R01-0001831,1,North-Coast,+1-469-394-7453,+1-502-663-2243,2026-06-01 06:50:01,2043,VOICE,,5G,0.08,2.72
R01-0001832,1,North-Coast,+1-663-311-3979,,2026-06-01 04:14:50,1152,DATA,71717021,4G,0.0,0.72
R01-0001833,1,North-Coast,+1-608-650-5083,+1-453-986-9285,2026-06-01 20:48:33,654,VOICE,,5G,0.08,0.87
R01-0001834,1,North-Coast,+1-672-864-0021,+1-481-374-9616,2026-06-01 18:16:28,2258,VOICE,,4G,0.1,3.76
R01-0001835,1,North-Coast,+1-491-535-8992,+1-447-238-5459,2026-06-01 23:43:47,2386,VOICE,,4G,0.1,3.98
R01-0001836,1,North-Coast,+1-286-847-4501,+1-742-260-2662,2026-06-01 21:16:15,1018,VOICE,,5G,0.08,1.36
R01-0001837,1,North-Coast,+1-502-539-2016,+1-319-616-7715,2026-06-01 02:32:11,3377,VOICE,,5G,0.08,4.5
R01-0001838,1,North-Coast,+1-835-834-3913,+1-948-807-7509,2026-06-01 12:56:37,201,VOICE,,4G,0.1,0.34
R01-0001839,1,North-Coast,+1-384-605-1580,+1-367-795-2525,2026-06-01 01:54:52,0,SMS,,5G,0.0,0.05
R01-0001840,1,North-Coast,+1-646-249-5489,+1-831-786-3341,2026-06-01 16:01:23,0,SMS,,5G,0.0,0.05
R01-0001841,1,North-Coast,+1-305-887-5003,+1-874-609-3628,2026-06-01 15:39:10,0,SMS,,4G,0.0,0.05
R01-0001842,1,North-Coast,+1-290-277-1770,+1-247-888-2852,2026-06-01 21:48:29,3440,VOICE,,5G,0.08,4.59
R01-0001843,1,North-Coast,+1-586-660-8432,+1-983-571-8793,2026-06-01 00:10:19,0,SMS,,5G,0.0,0.05
R01-0001844,1,North-Coast,+1-283-233-5036,+1-716-792-8526,2026-06-01 04:37:15,3370,VOICE,,4G,0.1,5.62
R01-0001845,1,North-Coast,+1-313-479-8476,+1-332-558-4248,2026-06-01 20:40:19,1716,VOICE,,3G,0.12,3.43
R01-0001846,1,North-Coast,+1-488-840-2448,+1-440-277-9868,2026-06-01 01:15:59,1063,VOICE,,3G,0.12,2.13
R01-0001847,1,North-Coast,+1-273-498-0673,,2026-06-01 21:40:09,3202,DATA,204093405,4G,0.0,2.04
R01-0001848,1,North-Coast,+1-227-572-6121,+1-588-876-0351,2026-06-01 21:23:30,0,VOICE,,4G,0.1,0.0
R01-0001849,1,North-Coast,+1-982-422-4256,+1-654-812-8774,2026-06-01 15:41:24,0,SMS,,4G,0.0,0.05
R01-0001850,1,North-Coast,+1-895-994-4569,+1-675-765-4304,2026-06-01 22:07:20,0,SMS,,4G,0.0,0.05
R01-0001851,1,North-Coast,+1-375-487-8069,,2026-06-01 13:06:26,3141,DATA,16564923,4G,0.0,0.17
R01-0001852,1,North-Coast,+1-843-253-8627,+1-967-882-8722,2026-06-01 20:17:49,0,SMS,,5G,0.0,0.05
R01-0001853,1,North-Coast,+1-436-982-2052,+1-273-514-2536,2026-06-01 20:53:42,2315,VOICE,,5G,0.08,3.09
R01-0001854,1,North-Coast,+1-961-370-2017,+1-671-832-4737,2026-06-01 10:05:29,1292,VOICE,,4G,0.1,2.15
R01-0001855,1,North-Coast,+1-809-645-8197,+1-866-624-8557,2026-06-01 10:17:17,0,SMS,,5G,0.0,0.05
R01-0001856,1,North-Coast,+1-491-240-6705,+1-811-690-2750,2026-06-01 16:59:13,0,SMS,,5G,0.0,0.05
R01-0001857,1,North-Coast,+1-867-851-3048,,2026-06-01 16:05:57,3597,DATA,499093825,4G,0.0,4.99
R01-0001858,1,North-Coast,+1-781-661-4184,,2026-06-01 05:32:16,3044,DATA,30395666,4G,0.0,0.3
R01-0001859,1,North-Coast,+1-290-332-2717,+1-221-251-8555,2026-06-01 07:41:02,911,VOICE,,4G,0.1,1.52
R01-0001860,1,North-Coast,+1-926-978-1390,+1-621-309-5066,2026-06-01 08:00:36,0,SMS,,3G,0.0,0.05
R01-0001861,1,North-Coast,+1-486-999-0160,+1-821-328-0006,2026-06-01 22:29:17,699,VOICE,,4G,0.1,1.17
R01-0001862,1,North-Coast,+1-829-390-9864,+1-972-397-2797,2026-06-01 01:32:22,2099,VOICE,,4G,0.1,3.5
R01-0001863,1,North-Coast,+1-419-855-8919,,2026-06-01 18:35:22,5171,DATA,173713468,5G,0.0,1.74
R01-0001864,1,North-Coast,+1-956-441-2057,,2026-06-01 01:55:27,6084,DATA,286235917,4G,0.0,2.86
R01-0001865,1,North-Coast,+1-776-603-5254,+1-574-782-1972,2026-06-01 02:21:29,1100,VOICE,,4G,0.1,1.83
R01-0001866,1,North-Coast,+1-871-470-7476,,2026-06-01 04:57:08,2978,DATA,115807895,4G,0.0,1.16
R01-0001867,1,North-Coast,+1-645-718-4590,,2026-06-01 09:32:01,4959,DATA,363912278,4G,0.0,3.64
R01-0001868,1,North-Coast,+1-395-254-6070,+1-879-947-7629,2026-06-01 23:12:02,1924,VOICE,,4G,0.1,3.21
R01-0001869,1,North-Coast,+1-782-625-7252,,2026-06-01 09:33:19,3778,DATA,286813637,5G,0.0,2.87
R01-0001870,1,North-Coast,+1-279-334-7271,+1-297-454-5624,2026-06-01 02:09:56,376,VOICE,,4G,0.1,0.63
R01-0001871,1,North-Coast,+1-226-917-4707,+1-825-398-6900,2026-06-01 00:00:38,0,SMS,,3G,0.0,0.05
R01-0001872,1,North-Coast,+1-536-456-3381,+1-904-202-0867,2026-06-01 06:36:59,2052,VOICE,,4G,0.1,3.42
R01-0001873,1,North-Coast,+1-565-482-4383,+1-391-610-9872,2026-06-01 19:00:23,0,SMS,,5G,0.0,0.05
R01-0001874,1,North-Coast,+1-331-649-4155,+1-408-636-0606,2026-06-01 05:10:51,125,VOICE,,4G,0.1,0.21
R01-0001875,1,North-Coast,+1-496-312-6922,+1-333-567-4716,2026-06-01 01:24:13,0,SMS,,4G,0.0,0.05
R01-0001876,1,North-Coast,+1-775-962-8442,+1-263-894-0735,2026-06-01 07:49:43,1656,VOICE,,4G,0.1,2.76
R01-0001877,1,North-Coast,+1-869-550-1541,+1-681-954-5372,2026-06-01 07:40:16,2156,VOICE,,4G,0.1,3.59
R01-0001878,1,North-Coast,+1-452-975-3464,+1-555-353-2554,2026-06-01 12:57:12,0,SMS,,5G,0.0,0.05
R01-0001879,1,North-Coast,+1-496-922-6943,+1-330-569-9232,2026-06-01 15:21:11,3253,VOICE,,4G,0.1,5.42
R01-0001880,1,North-Coast,+1-730-572-9962,+1-573-279-5842,2026-06-01 21:43:13,0,SMS,,4G,0.0,0.05
R01-0001881,1,North-Coast,+1-243-553-3371,+1-527-346-2955,2026-06-01 11:06:30,782,VOICE,,5G,0.08,1.04
R01-0001882,1,North-Coast,+1-433-692-1036,+1-927-464-3101,2026-06-01 04:37:35,3527,VOICE,,4G,0.1,5.88
R01-0001883,1,North-Coast,+1-397-678-3471,+1-372-664-8197,2026-06-01 18:46:02,784,VOICE,,4G,0.1,1.31
R01-0001884,1,North-Coast,+1-591-278-2939,+1-668-461-2827,2026-06-01 18:14:57,0,SMS,,5G,0.0,0.05
R01-0001885,1,North-Coast,+1-280-657-9382,+1-201-761-2139,2026-06-01 17:35:58,1274,VOICE,,3G,0.12,2.55
R01-0001886,1,North-Coast,+1-821-860-8433,+1-596-810-1140,2026-06-01 17:26:03,1515,VOICE,,4G,0.1,2.53
R01-0001887,1,North-Coast,+1-786-618-8545,+1-789-901-0561,2026-06-01 16:00:20,2030,VOICE,,3G,0.12,4.06
R01-0001888,1,North-Coast,+1-227-514-8059,+1-979-626-7137,2026-06-01 22:18:22,55,VOICE,,4G,0.1,0.09
R01-0001889,1,North-Coast,+1-702-502-1867,+1-713-868-5442,2026-06-01 02:38:11,0,SMS,,4G,0.0,0.05
R01-0001890,1,North-Coast,+1-741-446-9863,+1-396-430-3391,2026-06-01 11:50:25,3111,VOICE,,3G,0.12,6.22
R01-0001891,1,North-Coast,+1-848-670-2078,+1-695-360-1841,2026-06-01 11:20:43,3118,VOICE,,4G,0.1,5.2
R01-0001892,1,North-Coast,+1-672-263-1857,,2026-06-01 02:49:52,1028,DATA,14461256,3G,0.0,0.14
R01-0001893,1,North-Coast,+1-880-808-2251,+1-961-541-8135,2026-06-01 01:15:43,1522,VOICE,,5G,0.08,2.03
R01-0001894,1,North-Coast,+1-689-340-7335,+1-330-753-6492,2026-06-01 21:15:37,0,SMS,,3G,0.0,0.05
R01-0001895,1,North-Coast,+1-931-873-8046,+1-204-341-1073,2026-06-01 19:15:52,0,SMS,,3G,0.0,0.05
R01-0001896,1,North-Coast,+1-323-732-3166,,2026-06-01 11:26:16,4923,DATA,443958715,4G,0.0,4.44
R01-0001897,1,North-Coast,+1-890-974-9199,+1-861-541-3638,2026-06-01 01:01:28,3038,VOICE,,4G,0.1,5.06
R01-0001898,1,North-Coast,+1-864-397-3264,+1-857-563-0947,2026-06-01 21:36:27,198,VOICE,,5G,0.08,0.26
R01-0001899,1,North-Coast,+1-973-466-2772,+1-727-565-5379,2026-06-01 15:13:04,3420,VOICE,,4G,0.1,5.7
R01-0001900,1,North-Coast,+1-351-817-1949,+1-521-781-0154,2026-06-01 04:53:38,529,VOICE,,3G,0.12,1.06
R01-0001901,1,North-Coast,+1-568-727-0935,+1-295-939-7045,2026-06-01 16:26:41,457,VOICE,,5G,0.08,0.61
R01-0001902,1,North-Coast,+1-729-620-1654,+1-447-510-6413,2026-06-01 18:48:19,3256,VOICE,,5G,0.08,4.34
R01-0001903,1,North-Coast,+1-913-295-2026,+1-543-702-3975,2026-06-01 00:47:25,1007,VOICE,,4G,0.1,1.68
R01-0001904,1,North-Coast,+1-517-615-7719,+1-787-838-3239,2026-06-01 16:12:10,2543,VOICE,,3G,0.12,5.09
R01-0001905,1,North-Coast,+1-667-832-0176,+1-552-744-8407,2026-06-01 09:24:04,1887,VOICE,,4G,0.1,3.15
R01-0001906,1,North-Coast,+1-290-243-8837,+1-512-827-9077,2026-06-01 21:11:39,0,SMS,,5G,0.0,0.05
R01-0001907,1,North-Coast,+1-904-988-0238,+1-428-737-0871,2026-06-01 14:26:04,3170,VOICE,,5G,0.08,4.23
R01-0001908,1,North-Coast,+1-288-729-9837,,2026-06-01 08:24:27,3117,DATA,261138148,5G,0.0,2.61
R01-0001909,1,North-Coast,+1-880-478-8703,+1-910-443-8671,2026-06-01 15:56:28,0,SMS,,4G,0.0,0.05
R01-0001910,1,North-Coast,+1-639-277-6754,+1-811-693-2737,2026-06-01 08:48:06,0,SMS,,4G,0.0,0.05
R01-0001911,1,North-Coast,+1-636-953-1162,+1-577-451-7998,2026-06-01 22:13:11,1117,VOICE,,4G,0.1,1.86
R01-0001912,1,North-Coast,+1-537-988-8656,+1-627-747-0154,2026-06-01 05:33:29,2747,VOICE,,3G,0.12,5.49
R01-0001913,1,North-Coast,+1-844-846-4561,+1-692-299-5690,2026-06-01 16:51:41,2359,VOICE,,5G,0.08,3.15
R01-0001914,1,North-Coast,+1-617-633-7744,+1-616-207-0163,2026-06-01 12:06:43,2958,VOICE,,4G,0.1,4.93
R01-0001915,1,North-Coast,+1-203-300-7992,+1-426-213-1210,2026-06-01 19:49:15,1316,VOICE,,5G,0.08,1.75
R01-0001916,1,North-Coast,+1-343-835-2005,,2026-06-01 04:44:25,3405,DATA,392981742,4G,0.0,3.93
R01-0001917,1,North-Coast,+1-804-201-3667,+1-371-473-0479,2026-06-01 21:09:21,1651,VOICE,,5G,0.08,2.2
R01-0001918,1,North-Coast,+1-262-645-1007,+1-509-654-8115,2026-06-01 04:35:51,0,SMS,,3G,0.0,0.05
R01-0001919,1,North-Coast,+1-318-602-5833,+1-681-998-0009,2026-06-01 13:28:10,3139,VOICE,,5G,0.08,4.19
R01-0001920,1,North-Coast,+1-717-972-0131,+1-222-985-4559,2026-06-01 00:27:50,0,SMS,,4G,0.0,0.05
R01-0001921,1,North-Coast,+1-485-815-3894,+1-708-864-8220,2026-06-01 13:01:31,0,SMS,,4G,0.0,0.05
R01-0001922,1,North-Coast,+1-909-348-1394,+1-417-348-2373,2026-06-01 20:51:36,0,SMS,,5G,0.0,0.05
R01-0001923,1,North-Coast,+1-936-913-6816,,2026-06-01 00:45:22,6903,DATA,286598191,5G,0.0,2.87
R01-0001924,1,North-Coast,+1-485-283-7889,+1-354-702-9762,2026-06-01 01:06:46,0,SMS,,4G,0.0,0.05
R01-0001925,1,North-Coast,+1-485-211-8624,+1-752-281-6744,2026-06-01 01:32:04,0,SMS,,4G,0.0,0.05
R01-0001926,1,North-Coast,+1-720-492-5186,+1-897-352-8337,2026-06-01 19:29:59,2647,VOICE,,5G,0.08,3.53
R01-0001927,1,North-Coast,+1-802-302-4701,+1-578-897-2102,2026-06-01 00:46:00,0,SMS,,4G,0.0,0.05
R01-0001928,1,North-Coast,+1-971-242-1317,+1-405-870-3393,2026-06-01 07:08:56,3168,VOICE,,4G,0.1,5.28
R01-0001929,1,North-Coast,+1-913-564-7707,+1-658-884-6925,2026-06-01 12:24:36,0,SMS,,4G,0.0,0.05
R01-0001930,1,North-Coast,+1-672-230-5792,+1-542-671-1659,2026-06-01 06:12:49,0,SMS,,4G,0.0,0.05
R01-0001931,1,North-Coast,+1-902-275-6940,+1-443-782-1653,2026-06-01 15:20:18,2250,VOICE,,5G,0.08,3.0
R01-0001932,1,North-Coast,+1-965-636-5648,+1-622-793-3099,2026-06-01 00:28:31,1226,VOICE,,5G,0.08,1.63
R01-0001933,1,North-Coast,+1-911-288-6283,+1-406-275-7021,2026-06-01 10:42:07,1586,VOICE,,5G,0.08,2.11
R01-0001934,1,North-Coast,+1-837-309-1793,+1-923-926-3030,2026-06-01 16:09:58,0,SMS,,3G,0.0,0.05
R01-0001935,1,North-Coast,+1-874-236-9000,+1-725-229-8953,2026-06-01 12:52:32,0,SMS,,4G,0.0,0.05
R01-0001936,1,North-Coast,+1-795-467-8787,+1-431-222-8528,2026-06-01 12:15:53,2172,VOICE,,5G,0.08,2.9
R01-0001937,1,North-Coast,+1-802-241-4337,,2026-06-01 00:41:21,6262,DATA,367907661,4G,0.0,3.68
R01-0001938,1,North-Coast,+1-845-528-6648,,2026-06-01 17:41:50,863,DATA,154941696,4G,0.0,1.55
R01-0001939,1,North-Coast,+1-350-863-1013,+1-763-786-5881,2026-06-01 23:38:40,2155,VOICE,,3G,0.12,4.31
R01-0001940,1,North-Coast,+1-821-602-3465,+1-499-940-0706,2026-06-01 03:18:41,1197,VOICE,,4G,0.1,2.0
R01-0001941,1,North-Coast,+1-605-998-5813,,2026-06-01 04:41:27,6889,DATA,437999853,4G,0.0,4.38
R01-0001942,1,North-Coast,+1-908-407-4568,+1-381-702-0294,2026-06-01 21:40:16,0,SMS,,5G,0.0,0.05
R01-0001943,1,North-Coast,+1-229-739-9721,+1-256-864-4516,2026-06-01 12:55:36,2840,VOICE,,4G,0.1,4.73
R01-0001944,1,North-Coast,+1-206-512-4976,+1-439-332-1226,2026-06-01 10:55:15,0,SMS,,4G,0.0,0.05
R01-0001945,1,North-Coast,+1-778-760-3783,+1-621-426-8775,2026-06-01 02:12:10,0,SMS,,5G,0.0,0.05
R01-0001946,1,North-Coast,+1-740-776-7731,+1-402-429-0544,2026-06-01 01:39:06,76,VOICE,,4G,0.1,0.13
R01-0001947,1,North-Coast,+1-968-601-2093,+1-375-964-1377,2026-06-01 21:58:19,626,VOICE,,5G,0.08,0.83
R01-0001948,1,North-Coast,+1-225-597-7444,+1-562-332-2979,2026-06-01 02:30:08,0,VOICE,,3G,0.12,0.0
R01-0001949,1,North-Coast,+1-755-290-2039,+1-627-788-3672,2026-06-01 06:29:30,3463,VOICE,,4G,0.1,5.77
R01-0001950,1,North-Coast,+1-956-793-3110,+1-531-443-5226,2026-06-01 18:08:14,952,VOICE,,4G,0.1,1.59
R01-0001951,1,North-Coast,+1-449-856-4494,+1-886-353-7690,2026-06-01 09:05:16,0,SMS,,4G,0.0,0.05
R01-0001952,1,North-Coast,+1-543-401-5255,+1-570-797-3964,2026-06-01 01:50:55,1188,VOICE,,5G,0.08,1.58
R01-0001953,1,North-Coast,+1-454-423-5250,+1-688-215-8507,2026-06-01 16:45:57,1037,VOICE,,5G,0.08,1.38
R01-0001954,1,North-Coast,+1-476-741-0980,+1-856-570-4838,2026-06-01 22:30:55,1846,VOICE,,3G,0.12,3.69
R01-0001955,1,North-Coast,+1-731-472-7092,+1-674-335-3384,2026-06-01 06:39:56,0,SMS,,4G,0.0,0.05
R01-0001956,1,North-Coast,+1-667-921-5312,+1-284-784-8844,2026-06-01 06:57:51,478,VOICE,,5G,0.08,0.64
R01-0001957,1,North-Coast,+1-252-563-3249,+1-548-729-0694,2026-06-01 14:30:59,0,SMS,,5G,0.0,0.05
R01-0001958,1,North-Coast,+1-444-919-3309,,2026-06-01 03:05:22,2168,DATA,59094792,4G,0.0,0.59
R01-0001959,1,North-Coast,+1-434-682-3009,+1-556-942-4317,2026-06-01 07:03:15,0,SMS,,5G,0.0,0.05
R01-0001960,1,North-Coast,+1-417-620-3140,+1-416-324-8926,2026-06-01 15:45:49,0,SMS,,4G,0.0,0.05
R01-0001961,1,North-Coast,+1-529-536-5084,+1-568-905-8696,2026-06-01 08:59:55,2422,VOICE,,5G,0.08,3.23
R01-0001962,1,North-Coast,+1-669-419-9972,+1-953-761-3452,2026-06-01 15:15:17,0,SMS,,5G,0.0,0.05
R01-0001963,1,North-Coast,+1-970-736-5865,+1-864-206-7612,2026-06-01 07:45:38,1677,VOICE,,4G,0.1,2.79
R01-0001964,1,North-Coast,+1-835-220-7343,,2026-06-01 18:06:08,4932,DATA,138159197,4G,0.0,1.38
R01-0001965,1,North-Coast,+1-609-562-0811,+1-220-825-9537,2026-06-01 05:21:28,554,VOICE,,4G,0.1,0.92
R01-0001966,1,North-Coast,+1-983-955-7969,+1-598-601-9429,2026-06-01 20:29:22,0,SMS,,4G,0.0,0.05
R01-0001967,1,North-Coast,+1-762-976-0955,+1-447-488-1513,2026-06-01 19:55:38,0,SMS,,4G,0.0,0.05
R01-0001968,1,North-Coast,+1-731-516-1118,+1-658-602-6712,2026-06-01 19:52:07,3261,VOICE,,4G,0.1,5.44
R01-0001969,1,North-Coast,+1-553-611-3395,+1-384-244-5499,2026-06-01 17:08:55,381,VOICE,,4G,0.1,0.64
R01-0001970,1,North-Coast,+1-235-931-9993,+1-983-937-5599,2026-06-01 22:34:58,0,SMS,,4G,0.0,0.05
R01-0001971,1,North-Coast,+1-976-412-9760,,2026-06-01 22:55:35,122,DATA,294585778,5G,0.0,2.95
R01-0001972,1,North-Coast,+1-530-390-2985,,2026-06-01 11:18:04,2341,DATA,142111513,4G,0.0,1.42
R01-0001973,1,North-Coast,+1-338-950-8045,+1-553-448-8414,2026-06-01 07:44:33,0,SMS,,5G,0.0,0.05
R01-0001974,1,North-Coast,+1-321-280-0177,+1-225-734-4773,2026-06-01 00:20:11,3591,VOICE,,4G,0.1,5.99
R01-0001975,1,North-Coast,+1-839-652-0710,+1-884-817-5449,2026-06-01 15:20:19,0,SMS,,5G,0.0,0.05
R01-0001976,1,North-Coast,+1-530-743-9510,,2026-06-01 14:47:19,6142,DATA,232908400,5G,0.0,2.33
R01-0001977,1,North-Coast,+1-642-831-3692,+1-690-243-3973,2026-06-01 15:51:01,1355,VOICE,,4G,0.1,2.26
R01-0001978,1,North-Coast,+1-418-791-0580,+1-892-450-3909,2026-06-01 11:01:26,0,SMS,,4G,0.0,0.05
R01-0001979,1,North-Coast,+1-701-667-5918,+1-970-552-1932,2026-06-01 09:10:59,0,SMS,,4G,0.0,0.05
R01-0001980,1,North-Coast,+1-813-398-3613,+1-472-506-9615,2026-06-01 04:43:45,288,VOICE,,3G,0.12,0.58
R01-0001981,1,North-Coast,+1-559-577-6792,+1-483-457-5104,2026-06-01 14:01:02,1609,VOICE,,4G,0.1,2.68
R01-0001982,1,North-Coast,+1-746-401-3855,+1-425-306-5394,2026-06-01 06:25:33,1183,VOICE,,5G,0.08,1.58
R01-0001983,1,North-Coast,+1-813-579-1329,,2026-06-01 21:21:11,2293,DATA,155884117,5G,0.0,1.56
R01-0001984,1,North-Coast,+1-816-882-6146,+1-332-976-9262,2026-06-01 08:00:22,0,SMS,,4G,0.0,0.05
R01-0001985,1,North-Coast,+1-704-830-3248,+1-213-527-1430,2026-06-01 05:16:01,1122,VOICE,,5G,0.08,1.5
R01-0001986,1,North-Coast,+1-965-258-5816,+1-680-668-8906,2026-06-01 11:28:49,531,VOICE,,4G,0.1,0.89
R01-0001987,1,North-Coast,+1-773-412-6965,+1-394-931-8189,2026-06-01 09:52:52,197,VOICE,,5G,0.08,0.26
R01-0001988,1,North-Coast,+1-989-890-2236,+1-897-397-3687,2026-06-01 09:20:37,1329,VOICE,,4G,0.1,2.21
R01-0001989,1,North-Coast,+1-227-492-1725,,2026-06-01 16:56:15,5974,DATA,301355124,3G,0.0,3.01
R01-0001990,1,North-Coast,+1-378-910-6091,+1-657-658-1731,2026-06-01 09:14:50,2612,VOICE,,3G,0.12,5.22
R01-0001991,1,North-Coast,+1-775-448-5912,+1-379-294-1993,2026-06-01 20:57:54,847,VOICE,,4G,0.1,1.41
R01-0001992,1,North-Coast,+1-604-912-2340,+1-887-864-3565,2026-06-01 11:57:40,0,VOICE,,4G,0.1,0.0
R01-0001993,1,North-Coast,+1-568-924-8890,,2026-06-01 15:18:47,2798,DATA,237585039,4G,0.0,2.38
R01-0001994,1,North-Coast,+1-372-227-8448,+1-442-459-8643,2026-06-01 18:09:07,0,VOICE,,5G,0.08,0.0
R01-0001995,1,North-Coast,+1-913-287-9927,+1-918-397-3648,2026-06-01 19:36:16,3295,VOICE,,5G,0.08,4.39
R01-0001996,1,North-Coast,+1-730-949-3852,+1-577-897-0357,2026-06-01 11:29:54,1697,VOICE,,4G,0.1,2.83
R01-0001997,1,North-Coast,+1-223-543-2929,+1-679-775-8330,2026-06-01 01:35:15,0,SMS,,4G,0.0,0.05
R01-0001998,1,North-Coast,+1-473-366-3599,+1-681-896-2980,2026-06-01 18:34:54,1841,VOICE,,4G,0.1,3.07
R01-0001999,1,North-Coast,+1-893-791-8214,+1-943-568-1478,2026-06-01 08:53:29,69,VOICE,,3G,0.12,0.14
R01-0002000,1,North-Coast,+1-647-461-6464,+1-498-491-0149,2026-06-01 10:01:06,0,SMS,,5G,0.0,0.05
R01-0002001,1,North-Coast,+1-548-555-6749,,2026-06-01 12:21:36,1156,DATA,95132019,3G,0.0,0.95
R01-0002002,1,North-Coast,+1-751-881-8502,+1-786-891-1956,2026-06-01 09:33:28,3387,VOICE,,4G,0.1,5.65
R01-0002003,1,North-Coast,+1-667-596-6393,+1-421-843-0734,2026-06-01 11:43:16,0,SMS,,4G,0.0,0.05
R01-0002004,1,North-Coast,+1-256-765-0116,+1-710-947-0927,2026-06-01 11:09:25,0,SMS,,4G,0.0,0.05
R01-0002005,1,North-Coast,+1-585-357-0692,+1-499-897-5729,2026-06-01 19:42:39,1206,VOICE,,4G,0.1,2.01
R01-0002006,1,North-Coast,+1-837-759-0519,,2026-06-01 04:15:15,3133,DATA,388053450,5G,0.0,3.88
R01-0002007,1,North-Coast,+1-376-247-7940,+1-798-419-6650,2026-06-01 04:22:32,0,SMS,,5G,0.0,0.05
R01-0002008,1,North-Coast,+1-718-770-8683,,2026-06-01 08:41:19,6327,DATA,122142913,4G,0.0,1.22
R01-0002009,1,North-Coast,+1-649-687-7127,+1-644-962-9232,2026-06-01 16:31:10,0,SMS,,4G,0.0,0.05
R01-0002010,1,North-Coast,+1-219-778-6412,+1-391-817-5908,2026-06-01 23:15:02,0,SMS,,3G,0.0,0.05
R01-0002011,1,North-Coast,+1-945-213-7940,+1-920-265-4232,2026-06-01 11:03:03,634,VOICE,,4G,0.1,1.06
R01-0002012,1,North-Coast,+1-708-531-5894,+1-511-601-5814,2026-06-01 04:22:50,0,SMS,,5G,0.0,0.05
R01-0002013,1,North-Coast,+1-361-241-2928,+1-396-564-0765,2026-06-01 21:05:38,781,VOICE,,5G,0.08,1.04
R01-0002014,1,North-Coast,+1-924-875-8359,+1-241-893-0349,2026-06-01 06:27:57,56,VOICE,,3G,0.12,0.11
R01-0002015,1,North-Coast,+1-960-921-6625,+1-545-652-8884,2026-06-01 17:28:37,0,SMS,,4G,0.0,0.05
R01-0002016,1,North-Coast,+1-630-648-0338,+1-533-954-7700,2026-06-01 06:31:43,0,SMS,,4G,0.0,0.05
R01-0002017,1,North-Coast,+1-436-222-9935,+1-812-814-8242,2026-06-01 19:54:57,1256,VOICE,,4G,0.1,2.09
R01-0002018,1,North-Coast,+1-927-291-4651,+1-609-940-9384,2026-06-01 11:52:51,815,VOICE,,5G,0.08,1.09
R01-0002019,1,North-Coast,+1-608-302-8621,+1-959-242-8970,2026-06-01 16:20:13,713,VOICE,,4G,0.1,1.19
R01-0002020,1,North-Coast,+1-373-827-0668,+1-523-710-2402,2026-06-01 15:18:46,0,VOICE,,3G,0.12,0.0
R01-0002021,1,North-Coast,+1-677-411-0013,+1-737-839-2463,2026-06-01 19:22:49,569,VOICE,,4G,0.1,0.95
R01-0002022,1,North-Coast,+1-296-574-1872,+1-969-969-1135,2026-06-01 17:40:20,0,SMS,,5G,0.0,0.05
R01-0002023,1,North-Coast,+1-456-830-0651,+1-481-720-6543,2026-06-01 15:06:08,0,SMS,,3G,0.0,0.05
R01-0002024,1,North-Coast,+1-809-829-2833,+1-954-604-8911,2026-06-01 02:08:48,0,SMS,,4G,0.0,0.05
R01-0002025,1,North-Coast,+1-477-659-3806,+1-504-847-7392,2026-06-01 08:20:37,0,SMS,,4G,0.0,0.05
R01-0002026,1,North-Coast,+1-489-344-0292,+1-637-823-4402,2026-06-01 13:04:00,0,SMS,,5G,0.0,0.05
R01-0002027,1,North-Coast,+1-378-692-7930,+1-680-287-0702,2026-06-01 15:17:23,3512,VOICE,,4G,0.1,5.85
R01-0002028,1,North-Coast,+1-680-304-7959,+1-262-322-9930,2026-06-01 19:55:58,848,VOICE,,4G,0.1,1.41
R01-0002029,1,North-Coast,+1-721-773-3370,,2026-06-01 18:09:51,2456,DATA,150942298,4G,0.0,1.51
R01-0002030,1,North-Coast,+1-678-965-4289,+1-968-722-3907,2026-06-01 05:26:28,1564,VOICE,,4G,0.1,2.61
R01-0002031,1,North-Coast,+1-861-790-9288,+1-980-211-1166,2026-06-01 22:48:04,0,SMS,,4G,0.0,0.05
R01-0002032,1,North-Coast,+1-913-218-0545,+1-261-488-5614,2026-06-01 00:11:11,0,SMS,,5G,0.0,0.05
R01-0002033,1,North-Coast,+1-559-651-9309,+1-951-425-7153,2026-06-01 15:13:37,0,SMS,,4G,0.0,0.05
R01-0002034,1,North-Coast,+1-856-488-7699,+1-616-486-8377,2026-06-01 11:45:37,1742,VOICE,,4G,0.1,2.9
R01-0002035,1,North-Coast,+1-753-306-7071,+1-569-284-5284,2026-06-01 08:06:43,637,VOICE,,3G,0.12,1.27
R01-0002036,1,North-Coast,+1-395-679-3893,+1-536-498-8518,2026-06-01 16:00:35,0,SMS,,3G,0.0,0.05
R01-0002037,1,North-Coast,+1-390-370-5720,+1-876-605-6127,2026-06-01 05:08:31,2967,VOICE,,3G,0.12,5.93
R01-0002038,1,North-Coast,+1-817-712-9695,+1-352-600-5971,2026-06-01 21:42:39,0,SMS,,4G,0.0,0.05
R01-0002039,1,North-Coast,+1-426-642-0962,+1-546-875-4740,2026-06-01 07:13:58,37,VOICE,,5G,0.08,0.05
R01-0002040,1,North-Coast,+1-323-480-4869,+1-549-293-2631,2026-06-01 13:53:21,89,VOICE,,4G,0.1,0.15
R01-0002041,1,North-Coast,+1-485-955-4241,+1-277-958-0913,2026-06-01 15:24:55,0,SMS,,4G,0.0,0.05
R01-0002042,1,North-Coast,+1-416-676-0650,+1-418-949-4669,2026-06-01 19:32:35,516,VOICE,,4G,0.1,0.86
R01-0002043,1,North-Coast,+1-943-812-4249,+1-308-410-2519,2026-06-01 22:05:14,3232,VOICE,,4G,0.1,5.39
R01-0002044,1,North-Coast,+1-851-857-7842,+1-665-690-4756,2026-06-01 09:34:41,2526,VOICE,,3G,0.12,5.05
R01-0002045,1,North-Coast,+1-745-265-3873,+1-320-851-0179,2026-06-01 05:44:56,0,SMS,,5G,0.0,0.05
R01-0002046,1,North-Coast,+1-942-735-8098,+1-307-915-3805,2026-06-01 18:56:11,0,SMS,,3G,0.0,0.05
R01-0002047,1,North-Coast,+1-360-818-6947,+1-967-699-2992,2026-06-01 12:23:13,246,VOICE,,5G,0.08,0.33
R01-0002048,1,North-Coast,+1-488-751-1398,,2026-06-01 21:37:34,5670,DATA,186308380,3G,0.0,1.86
R01-0002049,1,North-Coast,+1-448-578-5502,,2026-06-01 05:32:51,7097,DATA,491203039,4G,0.0,4.91
R01-0002050,1,North-Coast,+1-272-378-3341,,2026-06-01 04:47:56,5861,DATA,274135344,3G,0.0,2.74
R01-0002051,1,North-Coast,+1-557-961-0415,+1-454-774-4204,2026-06-01 16:59:06,0,SMS,,4G,0.0,0.05
R01-0002052,1,North-Coast,+1-379-776-2795,+1-412-925-1123,2026-06-01 05:22:51,2851,VOICE,,4G,0.1,4.75
R01-0002053,1,North-Coast,+1-260-954-3826,+1-691-720-0003,2026-06-01 04:43:47,0,SMS,,4G,0.0,0.05
R01-0002054,1,North-Coast,+1-576-458-7309,+1-214-969-3784,2026-06-01 09:04:01,3381,VOICE,,4G,0.1,5.64
R01-0002055,1,North-Coast,+1-242-931-9851,,2026-06-01 01:12:28,7070,DATA,281653867,4G,0.0,2.82
R01-0002056,1,North-Coast,+1-647-248-3558,,2026-06-01 13:54:37,6961,DATA,433339594,4G,0.0,4.33
R01-0002057,1,North-Coast,+1-570-729-3118,+1-314-517-4182,2026-06-01 15:56:11,201,VOICE,,4G,0.1,0.34
R01-0002058,1,North-Coast,+1-350-918-5105,+1-315-884-0250,2026-06-01 23:02:30,0,SMS,,5G,0.0,0.05
R01-0002059,1,North-Coast,+1-747-786-8745,+1-284-560-6692,2026-06-01 04:40:36,1130,VOICE,,5G,0.08,1.51
R01-0002060,1,North-Coast,+1-274-298-2415,+1-575-798-4794,2026-06-01 07:40:19,2906,VOICE,,3G,0.12,5.81
R01-0002061,1,North-Coast,+1-902-437-0281,+1-428-896-0152,2026-06-01 22:03:23,0,SMS,,5G,0.0,0.05
R01-0002062,1,North-Coast,+1-661-217-4166,+1-971-709-4528,2026-06-01 14:09:13,0,SMS,,4G,0.0,0.05
R01-0002063,1,North-Coast,+1-454-880-7031,+1-382-646-9747,2026-06-01 04:48:26,558,VOICE,,3G,0.12,1.12
R01-0002064,1,North-Coast,+1-282-317-7759,+1-594-873-3759,2026-06-01 04:03:00,2095,VOICE,,5G,0.08,2.79
R01-0002065,1,North-Coast,+1-716-983-9871,+1-913-960-8280,2026-06-01 19:30:09,0,SMS,,5G,0.0,0.05
R01-0002066,1,North-Coast,+1-802-277-4663,+1-379-921-1352,2026-06-01 15:01:44,0,SMS,,4G,0.0,0.05
R01-0002067,1,North-Coast,+1-785-634-8045,+1-656-718-0648,2026-06-01 18:56:13,0,SMS,,4G,0.0,0.05
R01-0002068,1,North-Coast,+1-689-222-6638,+1-371-210-7631,2026-06-01 17:23:54,0,SMS,,4G,0.0,0.05
R01-0002069,1,North-Coast,+1-304-475-8718,,2026-06-01 14:59:42,5119,DATA,195504460,5G,0.0,1.96
R01-0002070,1,North-Coast,+1-577-778-6974,+1-718-598-4775,2026-06-01 13:12:31,0,SMS,,3G,0.0,0.05
R01-0002071,1,North-Coast,+1-368-329-5413,+1-502-379-7411,2026-06-01 00:15:07,0,SMS,,4G,0.0,0.05
R01-0002072,1,North-Coast,+1-252-752-0625,,2026-06-01 12:19:26,6470,DATA,309869158,5G,0.0,3.1
R01-0002073,1,North-Coast,+1-516-542-4198,+1-518-617-8101,2026-06-01 14:33:25,249,VOICE,,5G,0.08,0.33
R01-0002074,1,North-Coast,+1-876-720-9026,,2026-06-01 21:24:43,2681,DATA,124382163,4G,0.0,1.24
R01-0002075,1,North-Coast,+1-605-854-5836,+1-251-810-6798,2026-06-01 02:51:04,0,SMS,,4G,0.0,0.05
R01-0002076,1,North-Coast,+1-363-950-3928,+1-468-856-6894,2026-06-01 03:58:50,2661,VOICE,,4G,0.1,4.44
R01-0002077,1,North-Coast,+1-805-574-0914,+1-785-265-7076,2026-06-01 18:09:32,3485,VOICE,,4G,0.1,5.81
R01-0002078,1,North-Coast,+1-372-431-4389,,2026-06-01 23:35:01,2858,DATA,309537475,5G,0.0,3.1
R01-0002079,1,North-Coast,+1-460-706-9210,+1-890-816-2563,2026-06-01 14:14:35,1132,VOICE,,4G,0.1,1.89
R01-0002080,1,North-Coast,+1-821-642-3102,,2026-06-01 06:49:47,4042,DATA,362965657,4G,0.0,3.63
R01-0002081,1,North-Coast,+1-780-991-6293,+1-578-385-1254,2026-06-01 15:33:18,3293,VOICE,,4G,0.1,5.49
R01-0002082,1,North-Coast,+1-366-409-0242,,2026-06-01 04:19:03,3525,DATA,226018800,3G,0.0,2.26
R01-0002083,1,North-Coast,+1-831-298-7212,+1-633-301-6373,2026-06-01 11:14:52,765,VOICE,,4G,0.1,1.28
R01-0002084,1,North-Coast,+1-700-792-2451,+1-356-915-9684,2026-06-01 07:50:10,0,SMS,,4G,0.0,0.05
R01-0002085,1,North-Coast,+1-625-944-6183,+1-339-766-2483,2026-06-01 21:54:10,0,SMS,,5G,0.0,0.05
R01-0002086,1,North-Coast,+1-246-771-1954,,2026-06-01 01:40:20,7146,DATA,294724954,4G,0.0,2.95
R01-0002087,1,North-Coast,+1-241-607-9856,+1-876-395-1466,2026-06-01 15:36:26,2541,VOICE,,4G,0.1,4.24
R01-0002088,1,North-Coast,+1-700-346-7305,+1-973-795-8823,2026-06-01 04:13:49,0,SMS,,4G,0.0,0.05
R01-0002089,1,North-Coast,+1-444-238-8489,+1-885-348-5539,2026-06-01 06:01:17,2559,VOICE,,4G,0.1,4.26
R01-0002090,1,North-Coast,+1-753-910-8178,+1-865-570-0590,2026-06-01 10:16:56,1412,VOICE,,4G,0.1,2.35
R01-0002091,1,North-Coast,+1-241-297-9917,+1-379-379-0221,2026-06-01 18:32:20,0,SMS,,4G,0.0,0.05
R01-0002092,1,North-Coast,+1-359-253-9570,+1-319-619-9195,2026-06-01 13:58:03,0,SMS,,4G,0.0,0.05
R01-0002093,1,North-Coast,+1-357-243-7029,,2026-06-01 05:26:36,789,DATA,244956526,5G,0.0,2.45
R01-0002094,1,North-Coast,+1-486-841-5853,+1-917-438-9265,2026-06-01 16:43:55,0,SMS,,5G,0.0,0.05
R01-0002095,1,North-Coast,+1-979-589-4408,+1-652-543-8653,2026-06-01 04:47:23,3455,VOICE,,4G,0.1,5.76
R01-0002096,1,North-Coast,+1-550-850-6712,+1-965-924-1168,2026-06-01 20:45:50,0,SMS,,5G,0.0,0.05
R01-0002097,1,North-Coast,+1-218-750-5084,+1-933-648-6866,2026-06-01 05:06:16,1381,VOICE,,3G,0.12,2.76
R01-0002098,1,North-Coast,+1-479-706-7030,+1-883-518-3536,2026-06-01 23:20:11,57,VOICE,,5G,0.08,0.08
R01-0002099,1,North-Coast,+1-285-346-9997,+1-971-355-6760,2026-06-01 00:58:35,0,SMS,,5G,0.0,0.05
R01-0002100,1,North-Coast,+1-736-797-1279,+1-783-214-7676,2026-06-01 22:32:22,398,VOICE,,4G,0.1,0.66
R01-0002101,1,North-Coast,+1-714-732-5553,,2026-06-01 22:52:44,3924,DATA,157134927,4G,0.0,1.57
R01-0002102,1,North-Coast,+1-620-900-6708,+1-658-746-1516,2026-06-01 23:51:34,1486,VOICE,,4G,0.1,2.48
R01-0002103,1,North-Coast,+1-744-941-6894,+1-945-785-9243,2026-06-01 01:12:47,1213,VOICE,,4G,0.1,2.02
R01-0002104,1,North-Coast,+1-879-502-8488,+1-574-391-0442,2026-06-01 07:24:57,2795,VOICE,,4G,0.1,4.66
R01-0002105,1,North-Coast,+1-546-475-8598,+1-514-775-6431,2026-06-01 18:08:40,1590,VOICE,,4G,0.1,2.65
R01-0002106,1,North-Coast,+1-780-649-9684,+1-417-902-4257,2026-06-01 16:32:03,0,SMS,,4G,0.0,0.05
R01-0002107,1,North-Coast,+1-335-843-0460,+1-839-861-2510,2026-06-01 22:51:11,1784,VOICE,,4G,0.1,2.97
R01-0002108,1,North-Coast,+1-600-409-6045,+1-526-520-1387,2026-06-01 18:19:14,757,VOICE,,4G,0.1,1.26
R01-0002109,1,North-Coast,+1-487-261-0191,+1-408-605-6617,2026-06-01 08:18:13,2089,VOICE,,3G,0.12,4.18
R01-0002110,1,North-Coast,+1-783-401-6377,+1-970-743-0196,2026-06-01 20:11:23,0,SMS,,5G,0.0,0.05
R01-0002111,1,North-Coast,+1-903-620-9024,+1-408-330-9883,2026-06-01 16:14:19,1476,VOICE,,4G,0.1,2.46
R01-0002112,1,North-Coast,+1-598-799-8979,,2026-06-01 10:29:56,5969,DATA,217259749,3G,0.0,2.17
R01-0002113,1,North-Coast,+1-520-999-1799,+1-346-226-1271,2026-06-01 19:43:48,0,SMS,,4G,0.0,0.05
R01-0002114,1,North-Coast,+1-420-942-1201,+1-546-835-4184,2026-06-01 20:39:38,3056,VOICE,,4G,0.1,5.09
R01-0002115,1,North-Coast,+1-718-222-3283,+1-307-250-9803,2026-06-01 13:35:51,0,SMS,,3G,0.0,0.05
R01-0002116,1,North-Coast,+1-414-755-4343,+1-665-894-1981,2026-06-01 11:52:29,3432,VOICE,,4G,0.1,5.72
R01-0002117,1,North-Coast,+1-780-332-7141,,2026-06-01 11:58:36,4988,DATA,147562729,5G,0.0,1.48
R01-0002118,1,North-Coast,+1-540-393-0556,+1-203-946-7788,2026-06-01 18:43:04,2266,VOICE,,4G,0.1,3.78
R01-0002119,1,North-Coast,+1-531-748-6534,+1-250-922-1232,2026-06-01 05:29:36,0,SMS,,5G,0.0,0.05
R01-0002120,1,North-Coast,+1-390-495-9659,+1-771-628-8648,2026-06-01 16:28:39,126,VOICE,,5G,0.08,0.17
R01-0002121,1,North-Coast,+1-640-877-0616,+1-865-931-4402,2026-06-01 16:10:57,753,VOICE,,4G,0.1,1.26
R01-0002122,1,North-Coast,+1-403-852-8575,+1-549-541-9460,2026-06-01 00:44:37,1783,VOICE,,4G,0.1,2.97
R01-0002123,1,North-Coast,+1-786-773-6953,+1-460-611-7285,2026-06-01 20:38:29,1747,VOICE,,5G,0.08,2.33
R01-0002124,1,North-Coast,+1-774-392-2830,,2026-06-01 00:11:02,3331,DATA,274566416,4G,0.0,2.75
R01-0002125,1,North-Coast,+1-446-268-4064,+1-800-968-9523,2026-06-01 15:44:01,489,VOICE,,5G,0.08,0.65
R01-0002126,1,North-Coast,+1-795-788-4241,+1-201-645-3998,2026-06-01 16:18:13,3414,VOICE,,4G,0.1,5.69
R01-0002127,1,North-Coast,+1-695-220-6286,+1-661-868-6573,2026-06-01 18:50:35,0,SMS,,4G,0.0,0.05
R01-0002128,1,North-Coast,+1-770-950-7524,+1-337-883-6187,2026-06-01 05:01:30,0,SMS,,4G,0.0,0.05
R01-0002129,1,North-Coast,+1-299-400-7074,+1-683-775-1643,2026-06-01 01:28:50,0,SMS,,4G,0.0,0.05
R01-0002130,1,North-Coast,+1-902-741-7489,+1-364-995-6048,2026-06-01 13:48:10,0,SMS,,4G,0.0,0.05
R01-0002131,1,North-Coast,+1-377-772-8683,+1-339-740-9017,2026-06-01 22:57:52,1935,VOICE,,5G,0.08,2.58
R01-0002132,1,North-Coast,+1-575-885-3609,+1-274-682-5747,2026-06-01 22:28:17,0,VOICE,,4G,0.1,0.0
R01-0002133,1,North-Coast,+1-404-844-5876,+1-223-507-4634,2026-06-01 05:01:29,1132,VOICE,,5G,0.08,1.51
R01-0002134,1,North-Coast,+1-459-218-5352,,2026-06-01 17:57:47,343,DATA,179543801,4G,0.0,1.8
R01-0002135,1,North-Coast,+1-220-448-2509,+1-431-549-4609,2026-06-01 23:59:32,2711,VOICE,,4G,0.1,4.52
R01-0002136,1,North-Coast,+1-566-969-2362,+1-452-552-5565,2026-06-01 06:27:18,1755,VOICE,,5G,0.08,2.34
R01-0002137,1,North-Coast,+1-643-636-7323,+1-971-576-1597,2026-06-01 11:25:35,3075,VOICE,,5G,0.08,4.1
R01-0002138,1,North-Coast,+1-739-980-9533,+1-203-998-6084,2026-06-01 01:07:53,0,SMS,,5G,0.0,0.05
R01-0002139,1,North-Coast,+1-602-583-0682,+1-485-948-2229,2026-06-01 04:56:07,2569,VOICE,,4G,0.1,4.28
R01-0002140,1,North-Coast,+1-481-716-0559,+1-915-541-9381,2026-06-01 13:11:25,705,VOICE,,4G,0.1,1.18
R01-0002141,1,North-Coast,+1-319-697-2368,+1-452-849-3839,2026-06-01 13:19:08,1443,VOICE,,4G,0.1,2.41
R01-0002142,1,North-Coast,+1-736-796-2194,+1-677-218-4502,2026-06-01 00:57:26,2172,VOICE,,5G,0.08,2.9
R01-0002143,1,North-Coast,+1-468-214-6235,,2026-06-01 11:32:37,1237,DATA,144390984,4G,0.0,1.44
R01-0002144,1,North-Coast,+1-926-357-1972,+1-409-823-5637,2026-06-01 20:52:52,3348,VOICE,,3G,0.12,6.7
R01-0002145,1,North-Coast,+1-575-893-9003,+1-837-356-0577,2026-06-01 17:05:40,2821,VOICE,,4G,0.1,4.7
R01-0002146,1,North-Coast,+1-871-235-8875,,2026-06-01 08:29:42,352,DATA,343673696,4G,0.0,3.44
R01-0002147,1,North-Coast,+1-339-395-4853,,2026-06-01 09:27:57,4444,DATA,464020494,3G,0.0,4.64
R01-0002148,1,North-Coast,+1-229-530-1619,+1-923-324-5421,2026-06-01 10:18:50,3493,VOICE,,5G,0.08,4.66
R01-0002149,1,North-Coast,+1-839-319-6598,,2026-06-01 15:53:54,1462,DATA,339693112,5G,0.0,3.4
R01-0002150,1,North-Coast,+1-544-500-2737,+1-485-980-6826,2026-06-01 22:42:42,3432,VOICE,,3G,0.12,6.86
