cdr_id,region_id,region_name,caller_number,callee_number,call_start,duration_seconds,call_type,bytes_transferred,network_type,rate_per_minute,charge_amount
R03-0000001,3,Lakeside,+1-811-386-9680,+1-846-764-2591,2026-06-01 14:39:23,0,SMS,,5G,0.0,0.05
R03-0000002,3,Lakeside,+1-870-319-8633,+1-810-643-8943,2026-06-01 03:59:42,910,VOICE,,5G,0.08,1.21
R03-0000003,3,Lakeside,+1-599-472-3174,+1-907-566-3063,2026-06-01 15:52:22,3263,VOICE,,3G,0.12,6.53
R03-0000004,3,Lakeside,+1-397-318-5488,+1-592-596-4422,2026-06-01 09:21:21,504,VOICE,,3G,0.12,1.01
R03-0000005,3,Lakeside,+1-809-457-6424,+1-615-834-3538,2026-06-01 14:25:26,1983,VOICE,,4G,0.1,3.3
R03-0000006,3,Lakeside,+1-899-336-3668,+1-346-856-2246,2026-06-01 01:45:37,807,VOICE,,4G,0.1,1.34
R03-0000007,3,Lakeside,+1-514-695-8704,+1-524-728-3601,2026-06-01 15:05:45,2300,VOICE,,4G,0.1,3.83
R03-0000008,3,Lakeside,+1-365-333-0445,+1-453-501-8914,2026-06-01 17:59:33,2330,VOICE,,4G,0.1,3.88
R03-0000009,3,Lakeside,+1-809-378-7816,+1-946-906-9765,2026-06-01 07:46:31,0,SMS,,3G,0.0,0.05
R03-0000010,3,Lakeside,+1-704-468-7992,+1-857-390-6264,2026-06-01 11:42:38,0,SMS,,4G,0.0,0.05
R03-0000011,3,Lakeside,+1-225-565-0932,+1-215-823-3426,2026-06-01 05:34:33,0,SMS,,5G,0.0,0.05
R03-0000012,3,Lakeside,+1-693-227-2455,,2026-06-01 17:30:16,925,DATA,351271199,4G,0.0,3.51
R03-0000013,3,Lakeside,+1-509-216-4664,,2026-06-01 10:03:38,4434,DATA,449584624,3G,0.0,4.5
R03-0000014,3,Lakeside,+1-506-715-2350,+1-401-560-4542,2026-06-01 06:19:05,0,SMS,,4G,0.0,0.05
R03-0000015,3,Lakeside,+1-967-824-7772,+1-331-889-0165,2026-06-01 15:25:10,0,VOICE,,4G,0.1,0.0
R03-0000016,3,Lakeside,+1-320-354-9283,+1-518-899-4810,2026-06-01 08:18:12,3010,VOICE,,3G,0.12,6.02
R03-0000017,3,Lakeside,+1-510-593-3854,,2026-06-01 22:48:14,4782,DATA,188250166,4G,0.0,1.88
R03-0000018,3,Lakeside,+1-718-980-0304,,2026-06-01 11:06:52,756,DATA,229277647,5G,0.0,2.29
R03-0000019,3,Lakeside,+1-320-299-2649,+1-784-949-5349,2026-06-01 05:26:28,907,VOICE,,4G,0.1,1.51
R03-0000020,3,Lakeside,+1-783-367-6683,+1-810-246-1581,2026-06-01 13:21:59,3419,VOICE,,5G,0.08,4.56
R03-0000021,3,Lakeside,+1-201-805-1718,+1-819-217-9240,2026-06-01 19:20:54,2679,VOICE,,3G,0.12,5.36
R03-0000022,3,Lakeside,+1-770-527-3068,+1-862-332-6662,2026-06-01 08:36:47,650,VOICE,,5G,0.08,0.87
R03-0000023,3,Lakeside,+1-834-719-1879,+1-255-860-4135,2026-06-01 16:40:23,1406,VOICE,,3G,0.12,2.81
R03-0000024,3,Lakeside,+1-709-648-1722,+1-956-935-1508,2026-06-01 01:33:31,0,SMS,,5G,0.0,0.05
R03-0000025,3,Lakeside,+1-731-950-1271,,2026-06-01 22:19:27,3558,DATA,250834641,4G,0.0,2.51
R03-0000026,3,Lakeside,+1-726-505-5801,,2026-06-01 20:41:13,1068,DATA,165582468,3G,0.0,1.66
R03-0000027,3,Lakeside,+1-628-738-4303,+1-467-820-0300,2026-06-01 18:58:02,1365,VOICE,,5G,0.08,1.82
R03-0000028,3,Lakeside,+1-770-406-0597,+1-876-284-8401,2026-06-01 01:41:13,3067,VOICE,,4G,0.1,5.11
R03-0000029,3,Lakeside,+1-414-744-7297,+1-216-326-9947,2026-06-01 07:40:19,680,VOICE,,3G,0.12,1.36
R03-0000030,3,Lakeside,+1-453-526-0918,+1-513-243-6110,2026-06-01 08:13:37,0,SMS,,3G,0.0,0.05
R03-0000031,3,Lakeside,+1-800-618-1769,+1-944-778-4937,2026-06-01 09:12:34,2518,VOICE,,5G,0.08,3.36
R03-0000032,3,Lakeside,+1-610-899-8751,+1-432-579-6860,2026-06-01 19:57:22,1263,VOICE,,4G,0.1,2.1
R03-0000033,3,Lakeside,+1-989-282-2726,+1-931-660-5465,2026-06-01 02:44:41,3402,VOICE,,3G,0.12,6.8
R03-0000034,3,Lakeside,+1-787-432-4709,+1-782-802-2582,2026-06-01 17:47:36,1184,VOICE,,4G,0.1,1.97
R03-0000035,3,Lakeside,+1-725-942-7177,+1-616-408-0744,2026-06-01 18:50:19,766,VOICE,,4G,0.1,1.28
R03-0000036,3,Lakeside,+1-783-798-7685,+1-757-417-2073,2026-06-01 14:13:00,2355,VOICE,,4G,0.1,3.93
R03-0000037,3,Lakeside,+1-417-985-2867,+1-406-663-0137,2026-06-01 08:12:22,472,VOICE,,3G,0.12,0.94
R03-0000038,3,Lakeside,+1-919-840-4715,+1-791-418-4062,2026-06-01 15:06:19,538,VOICE,,4G,0.1,0.9
R03-0000039,3,Lakeside,+1-548-223-9919,+1-986-333-9347,2026-06-01 13:09:55,0,SMS,,3G,0.0,0.05
R03-0000040,3,Lakeside,+1-823-681-3311,+1-786-425-5875,2026-06-01 07:48:24,0,SMS,,3G,0.0,0.05
R03-0000041,3,Lakeside,+1-417-314-5874,,2026-06-01 23:31:29,3280,DATA,184962617,3G,0.0,1.85
R03-0000042,3,Lakeside,+1-365-794-5073,+1-322-938-0372,2026-06-01 12:45:31,1273,VOICE,,5G,0.08,1.7
R03-0000043,3,Lakeside,+1-547-915-6625,,2026-06-01 17:27:33,1675,DATA,198749884,4G,0.0,1.99
R03-0000044,3,Lakeside,+1-275-203-8783,,2026-06-01 21:32:24,6583,DATA,345371049,4G,0.0,3.45
R03-0000045,3,Lakeside,+1-414-937-6897,+1-575-933-9209,2026-06-01 09:26:26,3524,VOICE,,4G,0.1,5.87
R03-0000046,3,Lakeside,+1-529-812-4646,+1-655-598-3190,2026-06-01 13:58:26,0,VOICE,,4G,0.1,0.0
R03-0000047,3,Lakeside,+1-987-949-2323,+1-600-994-2107,2026-06-01 03:30:39,0,VOICE,,4G,0.1,0.0
R03-0000048,3,Lakeside,+1-497-941-9928,,2026-06-01 08:15:17,896,DATA,95475536,4G,0.0,0.95
R03-0000049,3,Lakeside,+1-788-776-8019,,2026-06-01 12:41:45,3509,DATA,266361331,3G,0.0,2.66
R03-0000050,3,Lakeside,+1-382-836-3019,+1-882-983-0146,2026-06-01 16:54:07,2046,VOICE,,4G,0.1,3.41
R03-0000051,3,Lakeside,+1-392-978-7948,+1-403-441-1203,2026-06-01 13:45:52,273,VOICE,,3G,0.12,0.55
R03-0000052,3,Lakeside,+1-958-413-5580,,2026-06-01 14:47:15,4956,DATA,261989972,4G,0.0,2.62
R03-0000053,3,Lakeside,+1-643-449-8887,,2026-06-01 08:32:05,4799,DATA,238922857,4G,0.0,2.39
R03-0000054,3,Lakeside,+1-588-609-7850,+1-525-319-1849,2026-06-01 10:14:35,3538,VOICE,,4G,0.1,5.9
R03-0000055,3,Lakeside,+1-651-440-9247,,2026-06-01 21:12:12,4878,DATA,347959718,4G,0.0,3.48
R03-0000056,3,Lakeside,+1-382-910-0095,,2026-06-01 15:05:37,283,DATA,136763972,3G,0.0,1.37
R03-0000057,3,Lakeside,+1-202-853-9561,+1-344-287-3964,2026-06-01 08:45:21,0,SMS,,5G,0.0,0.05
R03-0000058,3,Lakeside,+1-927-263-7910,+1-921-671-2929,2026-06-01 11:18:47,176,VOICE,,4G,0.1,0.29
R03-0000059,3,Lakeside,+1-304-557-7880,+1-553-688-6759,2026-06-01 15:43:57,2110,VOICE,,3G,0.12,4.22
R03-0000060,3,Lakeside,+1-899-686-7175,+1-812-950-9842,2026-06-01 03:05:45,0,SMS,,5G,0.0,0.05
R03-0000061,3,Lakeside,+1-639-424-9357,+1-548-755-9361,2026-06-01 22:40:25,0,SMS,,4G,0.0,0.05
R03-0000062,3,Lakeside,+1-576-606-2970,+1-299-823-1124,2026-06-01 07:29:50,329,VOICE,,5G,0.08,0.44
R03-0000063,3,Lakeside,+1-720-777-4482,+1-221-637-5476,2026-06-01 17:22:36,0,SMS,,3G,0.0,0.05
R03-0000064,3,Lakeside,+1-796-940-0383,,2026-06-01 01:34:02,5756,DATA,333212669,4G,0.0,3.33
R03-0000065,3,Lakeside,+1-694-568-7318,,2026-06-01 15:16:20,5802,DATA,101005473,4G,0.0,1.01
R03-0000066,3,Lakeside,+1-853-961-9594,,2026-06-01 11:15:30,4474,DATA,442079461,5G,0.0,4.42
R03-0000067,3,Lakeside,+1-319-252-4608,+1-750-925-3071,2026-06-01 01:28:34,0,SMS,,4G,0.0,0.05
R03-0000068,3,Lakeside,+1-319-894-5642,+1-570-795-4797,2026-06-01 06:36:49,1439,VOICE,,3G,0.12,2.88
R03-0000069,3,Lakeside,+1-422-852-0997,+1-628-640-5958,2026-06-01 21:42:31,2255,VOICE,,5G,0.08,3.01
R03-0000070,3,Lakeside,+1-643-784-8224,+1-349-660-7872,2026-06-01 00:21:30,618,VOICE,,5G,0.08,0.82
R03-0000071,3,Lakeside,+1-695-540-4359,+1-375-865-4411,2026-06-01 02:00:58,0,SMS,,3G,0.0,0.05
R03-0000072,3,Lakeside,+1-715-410-4795,+1-710-216-9715,2026-06-01 16:25:28,0,SMS,,4G,0.0,0.05
R03-0000073,3,Lakeside,+1-563-612-8001,,2026-06-01 13:48:31,2448,DATA,413471521,4G,0.0,4.13
R03-0000074,3,Lakeside,+1-284-806-5112,+1-526-940-4832,2026-06-01 15:47:19,2149,VOICE,,4G,0.1,3.58
R03-0000075,3,Lakeside,+1-397-641-9667,,2026-06-01 15:30:36,2450,DATA,376078094,5G,0.0,3.76
R03-0000076,3,Lakeside,+1-384-209-5526,+1-400-287-0103,2026-06-01 10:35:31,1062,VOICE,,5G,0.08,1.42
R03-0000077,3,Lakeside,+1-312-592-4788,+1-569-832-1340,2026-06-01 23:48:15,2464,VOICE,,4G,0.1,4.11
R03-0000078,3,Lakeside,+1-609-285-9831,+1-899-652-1722,2026-06-01 15:19:47,1175,VOICE,,5G,0.08,1.57
R03-0000079,3,Lakeside,+1-898-200-8630,+1-883-927-1086,2026-06-01 18:01:15,0,SMS,,4G,0.0,0.05
R03-0000080,3,Lakeside,+1-852-732-7611,,2026-06-01 04:09:45,5704,DATA,363494623,5G,0.0,3.63
R03-0000081,3,Lakeside,+1-266-824-0363,+1-278-732-0556,2026-06-01 17:11:32,113,VOICE,,4G,0.1,0.19
R03-0000082,3,Lakeside,+1-373-757-9632,+1-633-321-1753,2026-06-01 15:23:00,3480,VOICE,,5G,0.08,4.64
R03-0000083,3,Lakeside,+1-224-772-0162,+1-549-281-2018,2026-06-01 08:57:36,0,SMS,,5G,0.0,0.05
R03-0000084,3,Lakeside,+1-233-854-1500,+1-343-644-6335,2026-06-01 02:22:06,932,VOICE,,4G,0.1,1.55
R03-0000085,3,Lakeside,+1-668-915-4835,+1-742-967-9060,2026-06-01 00:32:31,0,SMS,,4G,0.0,0.05
R03-0000086,3,Lakeside,+1-542-893-4597,,2026-06-01 08:38:31,3585,DATA,333914451,4G,0.0,3.34
R03-0000087,3,Lakeside,+1-629-974-3093,+1-672-400-0160,2026-06-01 09:41:51,144,VOICE,,4G,0.1,0.24
R03-0000088,3,Lakeside,+1-800-971-7272,+1-308-782-5627,2026-06-01 08:35:36,0,SMS,,4G,0.0,0.05
R03-0000089,3,Lakeside,+1-389-360-4130,,2026-06-01 18:06:10,3357,DATA,336980963,5G,0.0,3.37
R03-0000090,3,Lakeside,+1-960-957-6938,,2026-06-01 16:37:18,3831,DATA,252326721,5G,0.0,2.52
R03-0000091,3,Lakeside,+1-584-242-3942,+1-824-254-8130,2026-06-01 00:58:22,3368,VOICE,,4G,0.1,5.61
R03-0000092,3,Lakeside,+1-211-709-5911,+1-309-625-3468,2026-06-01 18:56:46,0,SMS,,4G,0.0,0.05
R03-0000093,3,Lakeside,+1-686-653-8028,+1-646-795-8710,2026-06-01 21:08:28,1193,VOICE,,5G,0.08,1.59
R03-0000094,3,Lakeside,+1-201-288-2266,,2026-06-01 18:52:01,2102,DATA,118656142,3G,0.0,1.19
R03-0000095,3,Lakeside,+1-388-342-0293,,2026-06-01 20:56:52,6691,DATA,461377435,4G,0.0,4.61
R03-0000096,3,Lakeside,+1-289-369-6253,+1-655-339-1709,2026-06-01 06:28:38,3049,VOICE,,4G,0.1,5.08
R03-0000097,3,Lakeside,+1-683-385-1065,,2026-06-01 05:51:28,3352,DATA,347855144,3G,0.0,3.48
R03-0000098,3,Lakeside,+1-345-708-4237,+1-721-681-6717,2026-06-01 06:41:41,1269,VOICE,,5G,0.08,1.69
R03-0000099,3,Lakeside,+1-383-365-2144,,2026-06-01 22:27:28,2356,DATA,113958482,5G,0.0,1.14
R03-0000100,3,Lakeside,+1-943-890-5302,+1-657-647-1187,2026-06-01 07:44:06,597,VOICE,,4G,0.1,0.99
R03-0000101,3,Lakeside,+1-409-399-9291,+1-627-477-5285,2026-06-01 08:31:55,3095,VOICE,,4G,0.1,5.16
R03-0000102,3,Lakeside,+1-395-679-1852,+1-767-266-3036,2026-06-01 09:28:41,0,SMS,,4G,0.0,0.05
R03-0000103,3,Lakeside,+1-803-800-1584,+1-946-563-3138,2026-06-01 06:24:39,0,SMS,,4G,0.0,0.05
R03-0000104,3,Lakeside,+1-914-735-7763,,2026-06-01 15:38:02,3934,DATA,381305014,5G,0.0,3.81
R03-0000105,3,Lakeside,+1-313-947-7708,,2026-06-01 15:18:53,196,DATA,479308062,4G,0.0,4.79
R03-0000106,3,Lakeside,+1-669-628-0497,+1-539-423-0897,2026-06-01 09:56:24,80,VOICE,,5G,0.08,0.11
R03-0000107,3,Lakeside,+1-735-381-2433,,2026-06-01 22:24:22,1967,DATA,404045605,5G,0.0,4.04
R03-0000108,3,Lakeside,+1-319-226-6693,+1-625-619-9022,2026-06-01 11:50:07,0,SMS,,4G,0.0,0.05
R03-0000109,3,Lakeside,+1-648-769-2105,,2026-06-01 05:46:08,4092,DATA,438870246,5G,0.0,4.39
R03-0000110,3,Lakeside,+1-982-872-2201,+1-206-566-4964,2026-06-01 15:06:37,956,VOICE,,5G,0.08,1.27
R03-0000111,3,Lakeside,+1-802-696-8298,+1-906-713-3923,2026-06-01 20:16:15,1865,VOICE,,3G,0.12,3.73
R03-0000112,3,Lakeside,+1-777-820-4732,+1-200-967-1664,2026-06-01 11:10:22,1825,VOICE,,4G,0.1,3.04
R03-0000113,3,Lakeside,+1-920-718-0479,+1-552-777-9344,2026-06-01 16:03:15,1350,VOICE,,5G,0.08,1.8
R03-0000114,3,Lakeside,+1-329-754-0479,+1-806-648-6789,2026-06-01 09:39:52,0,SMS,,5G,0.0,0.05
R03-0000115,3,Lakeside,+1-614-967-3675,,2026-06-01 18:53:38,1115,DATA,172276767,4G,0.0,1.72
R03-0000116,3,Lakeside,+1-563-257-1301,+1-241-687-5947,2026-06-01 23:48:49,0,SMS,,4G,0.0,0.05
R03-0000117,3,Lakeside,+1-680-987-5147,+1-687-224-5779,2026-06-01 14:35:12,0,SMS,,4G,0.0,0.05
R03-0000118,3,Lakeside,+1-514-283-6864,+1-446-678-7231,2026-06-01 04:02:28,2316,VOICE,,3G,0.12,4.63
R03-0000119,3,Lakeside,+1-926-827-5269,,2026-06-01 09:51:40,4352,DATA,93915428,5G,0.0,0.94
R03-0000120,3,Lakeside,+1-621-645-2902,+1-957-495-6349,2026-06-01 20:47:46,236,VOICE,,4G,0.1,0.39
R03-0000121,3,Lakeside,+1-520-732-8312,,2026-06-01 14:49:23,4971,DATA,361393679,4G,0.0,3.61
R03-0000122,3,Lakeside,+1-407-663-1364,,2026-06-01 13:12:02,393,DATA,92402899,3G,0.0,0.92
R03-0000123,3,Lakeside,+1-302-549-3346,+1-406-224-8421,2026-06-01 02:55:43,1077,VOICE,,4G,0.1,1.79
R03-0000124,3,Lakeside,+1-368-561-3027,+1-425-440-1571,2026-06-01 23:13:32,622,VOICE,,5G,0.08,0.83
R03-0000125,3,Lakeside,+1-270-540-2247,+1-319-541-7849,2026-06-01 05:41:09,0,SMS,,5G,0.0,0.05
R03-0000126,3,Lakeside,+1-724-899-5056,+1-791-858-5160,2026-06-01 01:39:39,1263,VOICE,,4G,0.1,2.1
R03-0000127,3,Lakeside,+1-247-694-3720,+1-609-753-2993,2026-06-01 03:03:43,783,VOICE,,4G,0.1,1.31
R03-0000128,3,Lakeside,+1-800-239-7336,+1-909-605-7803,2026-06-01 09:14:59,0,SMS,,4G,0.0,0.05
R03-0000129,3,Lakeside,+1-645-815-9704,+1-481-424-6011,2026-06-01 05:39:39,3054,VOICE,,4G,0.1,5.09
R03-0000130,3,Lakeside,+1-846-827-7369,+1-891-548-8259,2026-06-01 06:58:47,0,SMS,,5G,0.0,0.05
R03-0000131,3,Lakeside,+1-278-818-6920,+1-413-772-5705,2026-06-01 09:23:01,0,SMS,,5G,0.0,0.05
R03-0000132,3,Lakeside,+1-610-334-4103,,2026-06-01 02:05:12,3410,DATA,139449498,4G,0.0,1.39
R03-0000133,3,Lakeside,+1-937-233-9819,+1-525-325-4540,2026-06-01 13:49:15,2265,VOICE,,4G,0.1,3.78
R03-0000134,3,Lakeside,+1-703-365-0705,+1-548-602-6112,2026-06-01 23:16:13,2704,VOICE,,4G,0.1,4.51
R03-0000135,3,Lakeside,+1-930-845-7765,+1-603-594-0281,2026-06-01 03:08:20,0,SMS,,5G,0.0,0.05
R03-0000136,3,Lakeside,+1-760-609-9113,+1-764-726-7566,2026-06-01 04:40:42,0,SMS,,5G,0.0,0.05
R03-0000137,3,Lakeside,+1-711-512-6246,+1-458-266-7014,2026-06-01 00:39:51,0,SMS,,4G,0.0,0.05
R03-0000138,3,Lakeside,+1-338-909-6111,+1-513-213-3789,2026-06-01 13:08:09,1290,VOICE,,4G,0.1,2.15
R03-0000139,3,Lakeside,+1-944-268-5665,+1-239-305-1621,2026-06-01 21:17:24,0,SMS,,4G,0.0,0.05
R03-0000140,3,Lakeside,+1-638-555-9547,+1-839-463-8615,2026-06-01 18:33:31,3300,VOICE,,4G,0.1,5.5
R03-0000141,3,Lakeside,+1-757-854-3125,+1-334-432-8261,2026-06-01 17:52:42,0,SMS,,4G,0.0,0.05
R03-0000142,3,Lakeside,+1-814-747-4670,,2026-06-01 20:06:45,5670,DATA,36923868,3G,0.0,0.37
R03-0000143,3,Lakeside,+1-214-943-9955,,2026-06-01 19:47:16,3450,DATA,436992307,4G,0.0,4.37
R03-0000144,3,Lakeside,+1-644-844-6146,+1-479-696-2547,2026-06-01 11:32:59,0,SMS,,5G,0.0,0.05
R03-0000145,3,Lakeside,+1-671-302-5317,+1-663-442-0586,2026-06-01 09:54:47,0,SMS,,4G,0.0,0.05
R03-0000146,3,Lakeside,+1-448-323-6431,,2026-06-01 15:36:51,3757,DATA,302671997,3G,0.0,3.03
R03-0000147,3,Lakeside,+1-941-325-8638,+1-477-993-4834,2026-06-01 17:21:09,2708,VOICE,,3G,0.12,5.42
R03-0000148,3,Lakeside,+1-577-677-4874,+1-821-680-6988,2026-06-01 16:41:01,739,VOICE,,4G,0.1,1.23
R03-0000149,3,Lakeside,+1-321-984-1284,+1-367-659-0113,2026-06-01 20:29:49,754,VOICE,,5G,0.08,1.01
R03-0000150,3,Lakeside,+1-309-413-9934,,2026-06-01 18:45:39,4616,DATA,385970011,3G,0.0,3.86
R03-0000151,3,Lakeside,+1-557-407-7384,+1-336-784-3526,2026-06-01 05:14:01,2042,VOICE,,3G,0.12,4.08
R03-0000152,3,Lakeside,+1-288-400-6402,,2026-06-01 22:40:42,5227,DATA,426378738,5G,0.0,4.26
R03-0000153,3,Lakeside,+1-274-337-3581,+1-423-291-1354,2026-06-01 09:57:04,1607,VOICE,,4G,0.1,2.68
R03-0000154,3,Lakeside,+1-759-724-1412,+1-345-787-3112,2026-06-01 03:59:34,1819,VOICE,,5G,0.08,2.43
R03-0000155,3,Lakeside,+1-611-518-2247,+1-260-629-7415,2026-06-01 11:14:18,1162,VOICE,,5G,0.08,1.55
R03-0000156,3,Lakeside,+1-454-474-6594,+1-522-657-3719,2026-06-01 05:03:40,0,SMS,,4G,0.0,0.05
R03-0000157,3,Lakeside,+1-528-458-8428,+1-737-324-7217,2026-06-01 15:06:19,2920,VOICE,,4G,0.1,4.87
R03-0000158,3,Lakeside,+1-984-595-5884,+1-307-592-0072,2026-06-01 06:45:47,1417,VOICE,,5G,0.08,1.89
R03-0000159,3,Lakeside,+1-813-381-1797,+1-316-479-4392,2026-06-01 15:29:54,707,VOICE,,5G,0.08,0.94
R03-0000160,3,Lakeside,+1-665-393-9588,+1-613-441-9229,2026-06-01 19:57:07,3528,VOICE,,4G,0.1,5.88
R03-0000161,3,Lakeside,+1-492-361-5052,+1-438-323-1406,2026-06-01 01:29:59,3216,VOICE,,3G,0.12,6.43
R03-0000162,3,Lakeside,+1-213-538-9052,+1-927-477-0717,2026-06-01 06:41:36,2946,VOICE,,3G,0.12,5.89
R03-0000163,3,Lakeside,+1-938-333-7470,+1-955-415-3429,2026-06-01 22:05:50,0,SMS,,5G,0.0,0.05
R03-0000164,3,Lakeside,+1-978-611-3070,+1-867-769-8196,2026-06-01 13:10:52,804,VOICE,,5G,0.08,1.07
R03-0000165,3,Lakeside,+1-617-418-6499,+1-619-388-9044,2026-06-01 12:07:48,0,SMS,,3G,0.0,0.05
R03-0000166,3,Lakeside,+1-334-496-6591,+1-741-466-1138,2026-06-01 14:33:12,292,VOICE,,4G,0.1,0.49
R03-0000167,3,Lakeside,+1-656-653-7546,+1-958-921-4419,2026-06-01 18:17:48,0,SMS,,4G,0.0,0.05
R03-0000168,3,Lakeside,+1-399-817-0595,+1-531-403-7795,2026-06-01 00:31:08,0,SMS,,5G,0.0,0.05
R03-0000169,3,Lakeside,+1-523-769-9676,+1-253-358-7213,2026-06-01 22:40:37,2862,VOICE,,4G,0.1,4.77
R03-0000170,3,Lakeside,+1-400-733-8148,+1-403-842-7999,2026-06-01 23:07:35,30,VOICE,,5G,0.08,0.04
R03-0000171,3,Lakeside,+1-650-452-3763,+1-621-542-6758,2026-06-01 22:30:38,0,SMS,,4G,0.0,0.05
R03-0000172,3,Lakeside,+1-355-410-6493,+1-371-513-7323,2026-06-01 19:59:54,1099,VOICE,,4G,0.1,1.83
R03-0000173,3,Lakeside,+1-639-827-7590,+1-889-569-7561,2026-06-01 10:59:53,0,SMS,,5G,0.0,0.05
R03-0000174,3,Lakeside,+1-509-678-7978,+1-478-762-1338,2026-06-01 13:58:46,0,SMS,,5G,0.0,0.05
R03-0000175,3,Lakeside,+1-934-422-5580,+1-594-253-9595,2026-06-01 06:49:14,1563,VOICE,,5G,0.08,2.08
R03-0000176,3,Lakeside,+1-438-383-8323,+1-374-547-4359,2026-06-01 17:50:51,0,SMS,,5G,0.0,0.05
R03-0000177,3,Lakeside,+1-966-429-2938,+1-885-869-6026,2026-06-01 10:55:04,0,SMS,,4G,0.0,0.05
R03-0000178,3,Lakeside,+1-848-217-3864,,2026-06-01 20:44:00,5421,DATA,214170603,3G,0.0,2.14
R03-0000179,3,Lakeside,+1-528-748-8628,+1-336-349-9015,2026-06-01 14:00:39,2437,VOICE,,4G,0.1,4.06
R03-0000180,3,Lakeside,+1-400-505-8850,,2026-06-01 03:31:18,2991,DATA,469602058,4G,0.0,4.7
R03-0000181,3,Lakeside,+1-796-519-8038,+1-983-685-9196,2026-06-01 09:18:52,2424,VOICE,,5G,0.08,3.23
R03-0000182,3,Lakeside,+1-577-866-3451,+1-919-373-0563,2026-06-01 23:57:11,0,SMS,,5G,0.0,0.05
R03-0000183,3,Lakeside,+1-574-733-7212,,2026-06-01 22:32:08,6902,DATA,320416157,4G,0.0,3.2
R03-0000184,3,Lakeside,+1-806-806-4969,+1-675-484-7520,2026-06-01 20:43:32,3052,VOICE,,3G,0.12,6.1
R03-0000185,3,Lakeside,+1-590-915-9364,+1-244-920-1082,2026-06-01 14:58:38,570,VOICE,,4G,0.1,0.95
R03-0000186,3,Lakeside,+1-594-480-5212,+1-321-558-3440,2026-06-01 04:07:54,1278,VOICE,,4G,0.1,2.13
R03-0000187,3,Lakeside,+1-405-684-8736,,2026-06-01 12:53:45,650,DATA,239632716,4G,0.0,2.4
R03-0000188,3,Lakeside,+1-612-340-4631,+1-379-784-6215,2026-06-01 19:24:05,0,SMS,,3G,0.0,0.05
R03-0000189,3,Lakeside,+1-381-520-0700,+1-918-408-5613,2026-06-01 21:38:51,0,SMS,,4G,0.0,0.05
R03-0000190,3,Lakeside,+1-518-609-6370,+1-489-316-9449,2026-06-01 22:30:20,0,SMS,,4G,0.0,0.05
R03-0000191,3,Lakeside,+1-523-756-9866,+1-970-925-3022,2026-06-01 13:52:48,1390,VOICE,,4G,0.1,2.32
R03-0000192,3,Lakeside,+1-311-402-4926,+1-606-315-2737,2026-06-01 23:12:31,2112,VOICE,,4G,0.1,3.52
R03-0000193,3,Lakeside,+1-361-313-4831,+1-622-677-3193,2026-06-01 22:56:25,0,SMS,,5G,0.0,0.05
R03-0000194,3,Lakeside,+1-641-918-0000,+1-359-884-0722,2026-06-01 18:42:50,1135,VOICE,,3G,0.12,2.27
R03-0000195,3,Lakeside,+1-531-247-5690,+1-717-962-2104,2026-06-01 10:38:40,74,VOICE,,4G,0.1,0.12
R03-0000196,3,Lakeside,+1-371-351-0471,,2026-06-01 13:59:11,531,DATA,417201373,5G,0.0,4.17
R03-0000197,3,Lakeside,+1-293-382-6249,+1-588-781-0388,2026-06-01 23:08:47,0,SMS,,4G,0.0,0.05
R03-0000198,3,Lakeside,+1-612-375-3810,,2026-06-01 09:07:29,2404,DATA,121816390,5G,0.0,1.22
R03-0000199,3,Lakeside,+1-339-834-7330,+1-203-930-6010,2026-06-01 12:31:24,1093,VOICE,,4G,0.1,1.82
R03-0000200,3,Lakeside,+1-647-276-0222,+1-483-934-9104,2026-06-01 16:13:41,0,SMS,,4G,0.0,0.05
R03-0000201,3,Lakeside,+1-476-550-8012,+1-419-657-9077,2026-06-01 05:29:22,2715,VOICE,,3G,0.12,5.43
R03-0000202,3,Lakeside,+1-952-280-7700,+1-321-480-1696,2026-06-01 03:48:24,0,SMS,,4G,0.0,0.05
R03-0000203,3,Lakeside,+1-614-312-7078,+1-251-324-1176,2026-06-01 11:28:07,3214,VOICE,,5G,0.08,4.29
R03-0000204,3,Lakeside,+1-943-662-2322,+1-468-408-7920,2026-06-01 17:08:48,0,SMS,,4G,0.0,0.05
R03-0000205,3,Lakeside,+1-414-250-5794,+1-428-230-3221,2026-06-01 19:45:48,0,VOICE,,5G,0.08,0.0
R03-0000206,3,Lakeside,+1-841-966-0538,+1-381-317-2702,2026-06-01 20:57:48,0,SMS,,3G,0.0,0.05
R03-0000207,3,Lakeside,+1-632-391-7800,,2026-06-01 01:16:43,4908,DATA,327159579,5G,0.0,3.27
R03-0000208,3,Lakeside,+1-643-385-2251,+1-845-777-3539,2026-06-01 22:07:20,1679,VOICE,,5G,0.08,2.24
R03-0000209,3,Lakeside,+1-681-315-3242,+1-511-278-3374,2026-06-01 15:12:52,0,SMS,,3G,0.0,0.05
R03-0000210,3,Lakeside,+1-499-522-3164,+1-559-493-2928,2026-06-01 19:09:47,1020,VOICE,,5G,0.08,1.36
R03-0000211,3,Lakeside,+1-828-562-1578,+1-626-401-8071,2026-06-01 02:09:35,2879,VOICE,,5G,0.08,3.84
R03-0000212,3,Lakeside,+1-254-323-1625,+1-273-805-4455,2026-06-01 23:35:19,1928,VOICE,,4G,0.1,3.21
R03-0000213,3,Lakeside,+1-676-246-0995,+1-369-586-9772,2026-06-01 03:33:56,1526,VOICE,,5G,0.08,2.03
R03-0000214,3,Lakeside,+1-318-537-4588,+1-647-976-9617,2026-06-01 14:04:59,3340,VOICE,,4G,0.1,5.57
R03-0000215,3,Lakeside,+1-355-883-3076,+1-414-820-1845,2026-06-01 06:06:58,3302,VOICE,,5G,0.08,4.4
R03-0000216,3,Lakeside,+1-247-894-0617,,2026-06-01 21:20:53,80,DATA,379059225,5G,0.0,3.79
R03-0000217,3,Lakeside,+1-597-253-0151,,2026-06-01 14:34:21,3205,DATA,439485376,5G,0.0,4.39
R03-0000218,3,Lakeside,+1-328-986-5738,,2026-06-01 13:11:31,2651,DATA,60785489,4G,0.0,0.61
R03-0000219,3,Lakeside,+1-617-483-5532,+1-588-345-5731,2026-06-01 18:50:20,3025,VOICE,,5G,0.08,4.03
R03-0000220,3,Lakeside,+1-374-333-0435,+1-796-576-3722,2026-06-01 15:33:47,0,SMS,,3G,0.0,0.05
R03-0000221,3,Lakeside,+1-976-625-8592,+1-518-219-8910,2026-06-01 10:22:48,1876,VOICE,,4G,0.1,3.13
R03-0000222,3,Lakeside,+1-432-578-8219,,2026-06-01 12:33:16,5409,DATA,139033443,4G,0.0,1.39
R03-0000223,3,Lakeside,+1-868-998-3712,,2026-06-01 05:41:48,4512,DATA,69028230,5G,0.0,0.69
R03-0000224,3,Lakeside,+1-745-625-4920,,2026-06-01 04:43:17,2458,DATA,193370113,4G,0.0,1.93
R03-0000225,3,Lakeside,+1-705-334-2631,+1-736-624-6428,2026-06-01 03:25:01,0,SMS,,5G,0.0,0.05
R03-0000226,3,Lakeside,+1-718-393-2857,+1-284-949-1885,2026-06-01 21:30:41,0,SMS,,5G,0.0,0.05
R03-0000227,3,Lakeside,+1-890-366-3446,+1-788-883-1660,2026-06-01 19:25:10,0,SMS,,3G,0.0,0.05
R03-0000228,3,Lakeside,+1-912-752-8187,+1-745-332-0313,2026-06-01 02:06:59,3417,VOICE,,4G,0.1,5.7
R03-0000229,3,Lakeside,+1-636-449-8513,+1-606-539-9886,2026-06-01 05:04:47,793,VOICE,,4G,0.1,1.32
R03-0000230,3,Lakeside,+1-720-200-4991,+1-291-295-6736,2026-06-01 12:52:20,1538,VOICE,,5G,0.08,2.05
R03-0000231,3,Lakeside,+1-437-292-9085,+1-555-559-4199,2026-06-01 08:12:34,2407,VOICE,,4G,0.1,4.01
R03-0000232,3,Lakeside,+1-927-484-6740,+1-568-866-7417,2026-06-01 00:25:17,707,VOICE,,5G,0.08,0.94
R03-0000233,3,Lakeside,+1-739-386-0038,+1-383-448-7567,2026-06-01 22:38:08,3063,VOICE,,4G,0.1,5.11
R03-0000234,3,Lakeside,+1-834-365-2449,,2026-06-01 18:04:03,310,DATA,318233739,4G,0.0,3.18
R03-0000235,3,Lakeside,+1-683-691-5427,+1-863-850-4924,2026-06-01 14:53:21,2406,VOICE,,4G,0.1,4.01
R03-0000236,3,Lakeside,+1-226-976-8008,+1-520-497-5158,2026-06-01 14:12:31,0,SMS,,4G,0.0,0.05
R03-0000237,3,Lakeside,+1-677-294-1100,+1-417-909-3113,2026-06-01 19:17:35,865,VOICE,,5G,0.08,1.15
R03-0000238,3,Lakeside,+1-986-246-7720,,2026-06-01 03:47:58,53,DATA,305367053,5G,0.0,3.05
R03-0000239,3,Lakeside,+1-589-512-2989,+1-394-245-0892,2026-06-01 15:23:50,1386,VOICE,,4G,0.1,2.31
R03-0000240,3,Lakeside,+1-802-479-6561,,2026-06-01 09:36:40,5049,DATA,106096147,4G,0.0,1.06
R03-0000241,3,Lakeside,+1-855-786-2621,+1-392-903-9640,2026-06-01 13:11:21,2279,VOICE,,4G,0.1,3.8
R03-0000242,3,Lakeside,+1-446-592-2682,+1-816-900-1738,2026-06-01 12:01:01,0,SMS,,4G,0.0,0.05
R03-0000243,3,Lakeside,+1-495-353-5350,+1-573-406-4573,2026-06-01 18:51:34,298,VOICE,,5G,0.08,0.4
R03-0000244,3,Lakeside,+1-542-753-7263,+1-810-830-9854,2026-06-01 19:13:15,1699,VOICE,,4G,0.1,2.83
R03-0000245,3,Lakeside,+1-237-642-9520,+1-302-200-9631,2026-06-01 14:56:30,0,SMS,,3G,0.0,0.05
R03-0000246,3,Lakeside,+1-301-952-0713,+1-624-954-1978,2026-06-01 08:53:42,2838,VOICE,,4G,0.1,4.73
R03-0000247,3,Lakeside,+1-407-294-8153,+1-953-411-1665,2026-06-01 22:49:39,2031,VOICE,,4G,0.1,3.39
R03-0000248,3,Lakeside,+1-681-442-0553,+1-527-708-4959,2026-06-01 00:06:32,0,SMS,,5G,0.0,0.05
R03-0000249,3,Lakeside,+1-395-993-7032,+1-472-632-9831,2026-06-01 09:42:08,360,VOICE,,5G,0.08,0.48
R03-0000250,3,Lakeside,+1-360-605-0754,+1-937-539-1764,2026-06-01 02:12:45,2940,VOICE,,4G,0.1,4.9
R03-0000251,3,Lakeside,+1-439-573-8838,+1-964-962-4643,2026-06-01 03:07:48,889,VOICE,,4G,0.1,1.48
R03-0000252,3,Lakeside,+1-928-534-2833,+1-569-512-3614,2026-06-01 09:08:39,1817,VOICE,,4G,0.1,3.03
R03-0000253,3,Lakeside,+1-274-582-1305,+1-865-929-2789,2026-06-01 09:56:46,2569,VOICE,,4G,0.1,4.28
R03-0000254,3,Lakeside,+1-452-873-7804,+1-768-950-6935,2026-06-01 05:19:40,0,VOICE,,3G,0.12,0.0
R03-0000255,3,Lakeside,+1-227-270-7316,+1-919-864-9601,2026-06-01 05:33:34,456,VOICE,,5G,0.08,0.61
R03-0000256,3,Lakeside,+1-730-996-2461,+1-485-461-2333,2026-06-01 03:44:26,538,VOICE,,5G,0.08,0.72
R03-0000257,3,Lakeside,+1-661-273-0521,+1-250-956-8874,2026-06-01 10:35:05,0,SMS,,4G,0.0,0.05
R03-0000258,3,Lakeside,+1-302-863-4663,+1-448-866-5527,2026-06-01 10:54:01,0,SMS,,4G,0.0,0.05
R03-0000259,3,Lakeside,+1-327-261-9595,+1-332-533-9442,2026-06-01 14:41:37,135,VOICE,,5G,0.08,0.18
R03-0000260,3,Lakeside,+1-398-645-5427,+1-946-892-1146,2026-06-01 00:18:21,1674,VOICE,,3G,0.12,3.35
R03-0000261,3,Lakeside,+1-940-220-2103,+1-214-484-9464,2026-06-01 20:53:26,1509,VOICE,,3G,0.12,3.02
R03-0000262,3,Lakeside,+1-696-713-1383,,2026-06-01 08:58:20,4448,DATA,311539858,4G,0.0,3.12
R03-0000263,3,Lakeside,+1-921-517-7619,+1-615-963-3824,2026-06-01 18:15:18,3235,VOICE,,5G,0.08,4.31
R03-0000264,3,Lakeside,+1-477-716-5664,+1-878-702-6774,2026-06-01 14:31:00,2999,VOICE,,5G,0.08,4.0
R03-0000265,3,Lakeside,+1-486-335-9887,+1-645-578-1717,2026-06-01 16:48:50,333,VOICE,,4G,0.1,0.56
R03-0000266,3,Lakeside,+1-917-786-7596,+1-263-608-3411,2026-06-01 11:57:53,1526,VOICE,,4G,0.1,2.54
R03-0000267,3,Lakeside,+1-232-758-7634,,2026-06-01 04:25:40,617,DATA,74832820,4G,0.0,0.75
R03-0000268,3,Lakeside,+1-807-487-2080,+1-593-510-3764,2026-06-01 09:51:53,0,SMS,,5G,0.0,0.05
R03-0000269,3,Lakeside,+1-670-794-3652,+1-979-252-6593,2026-06-01 09:08:05,778,VOICE,,5G,0.08,1.04
R03-0000270,3,Lakeside,+1-691-371-7055,,2026-06-01 23:55:17,3597,DATA,342839874,5G,0.0,3.43
R03-0000271,3,Lakeside,+1-684-340-9038,+1-616-682-8246,2026-06-01 11:57:25,1464,VOICE,,4G,0.1,2.44
R03-0000272,3,Lakeside,+1-801-527-1668,,2026-06-01 10:38:20,5442,DATA,90220902,4G,0.0,0.9
R03-0000273,3,Lakeside,+1-449-526-8045,+1-433-604-2875,2026-06-01 07:07:56,2994,VOICE,,4G,0.1,4.99
R03-0000274,3,Lakeside,+1-889-542-6709,+1-686-464-5334,2026-06-01 20:37:19,0,SMS,,5G,0.0,0.05
R03-0000275,3,Lakeside,+1-739-518-8767,+1-281-560-9429,2026-06-01 18:43:16,0,SMS,,3G,0.0,0.05
R03-0000276,3,Lakeside,+1-544-817-2380,+1-575-438-0347,2026-06-01 01:55:22,0,SMS,,4G,0.0,0.05
R03-0000277,3,Lakeside,+1-297-685-7893,,2026-06-01 18:21:14,3468,DATA,29612130,5G,0.0,0.3
R03-0000278,3,Lakeside,+1-915-224-9140,+1-281-645-5449,2026-06-01 18:04:11,0,SMS,,5G,0.0,0.05
R03-0000279,3,Lakeside,+1-767-699-4834,+1-432-408-7943,2026-06-01 10:40:25,2465,VOICE,,5G,0.08,3.29
R03-0000280,3,Lakeside,+1-835-390-6920,,2026-06-01 14:17:05,3186,DATA,140053174,5G,0.0,1.4
R03-0000281,3,Lakeside,+1-702-253-6454,+1-371-870-3190,2026-06-01 02:15:18,3281,VOICE,,4G,0.1,5.47
R03-0000282,3,Lakeside,+1-905-651-8775,+1-744-829-8402,2026-06-01 12:10:33,0,SMS,,4G,0.0,0.05
R03-0000283,3,Lakeside,+1-607-595-3590,,2026-06-01 10:22:57,5305,DATA,446790724,4G,0.0,4.47
R03-0000284,3,Lakeside,+1-582-864-4768,+1-814-421-2948,2026-06-01 09:51:18,3015,VOICE,,4G,0.1,5.03
R03-0000285,3,Lakeside,+1-885-240-3213,+1-573-620-5668,2026-06-01 02:18:14,0,VOICE,,4G,0.1,0.0
R03-0000286,3,Lakeside,+1-352-970-1787,+1-852-419-9318,2026-06-01 07:22:42,2736,VOICE,,5G,0.08,3.65
R03-0000287,3,Lakeside,+1-357-506-7237,+1-324-781-7772,2026-06-01 19:26:40,0,SMS,,4G,0.0,0.05
R03-0000288,3,Lakeside,+1-296-909-8790,+1-761-461-2404,2026-06-01 01:08:51,1885,VOICE,,4G,0.1,3.14
R03-0000289,3,Lakeside,+1-953-451-1207,+1-227-891-6979,2026-06-01 11:18:10,0,VOICE,,4G,0.1,0.0
R03-0000290,3,Lakeside,+1-564-306-4637,+1-325-746-0907,2026-06-01 12:08:28,0,SMS,,5G,0.0,0.05
R03-0000291,3,Lakeside,+1-762-200-9326,,2026-06-01 21:47:32,4277,DATA,228649360,3G,0.0,2.29
R03-0000292,3,Lakeside,+1-839-603-0875,+1-683-213-2461,2026-06-01 23:18:43,0,SMS,,3G,0.0,0.05
R03-0000293,3,Lakeside,+1-985-515-6950,,2026-06-01 07:25:02,1357,DATA,7553550,3G,0.0,0.08
R03-0000294,3,Lakeside,+1-855-378-6387,+1-298-694-3954,2026-06-01 14:08:00,0,SMS,,5G,0.0,0.05
R03-0000295,3,Lakeside,+1-862-903-2906,+1-421-536-7296,2026-06-01 08:14:34,1582,VOICE,,4G,0.1,2.64
R03-0000296,3,Lakeside,+1-508-887-8684,+1-665-515-2832,2026-06-01 00:19:05,3060,VOICE,,4G,0.1,5.1
R03-0000297,3,Lakeside,+1-582-786-5896,+1-835-743-3215,2026-06-01 19:25:14,0,SMS,,4G,0.0,0.05
R03-0000298,3,Lakeside,+1-600-664-3780,+1-425-768-0570,2026-06-01 08:27:55,1986,VOICE,,4G,0.1,3.31
R03-0000299,3,Lakeside,+1-577-449-9584,,2026-06-01 01:24:46,2429,DATA,482749493,4G,0.0,4.83
R03-0000300,3,Lakeside,+1-777-323-8479,+1-716-460-9386,2026-06-01 08:03:13,2750,VOICE,,4G,0.1,4.58
R03-0000301,3,Lakeside,+1-555-878-6219,+1-333-733-4068,2026-06-01 03:20:46,0,SMS,,4G,0.0,0.05
R03-0000302,3,Lakeside,+1-834-408-0670,+1-682-577-2137,2026-06-01 10:42:44,0,SMS,,4G,0.0,0.05
R03-0000303,3,Lakeside,+1-777-643-3468,+1-201-340-6734,2026-06-01 21:17:58,0,SMS,,5G,0.0,0.05
R03-0000304,3,Lakeside,+1-559-867-6931,+1-840-458-6170,2026-06-01 02:02:35,0,SMS,,5G,0.0,0.05
R03-0000305,3,Lakeside,+1-401-968-4889,+1-387-289-2641,2026-06-01 15:19:28,1860,VOICE,,4G,0.1,3.1
R03-0000306,3,Lakeside,+1-568-556-5104,+1-711-809-0123,2026-06-01 14:05:27,3546,VOICE,,5G,0.08,4.73
R03-0000307,3,Lakeside,+1-482-574-8043,+1-789-389-0427,2026-06-01 22:14:23,2978,VOICE,,4G,0.1,4.96
R03-0000308,3,Lakeside,+1-334-879-0566,,2026-06-01 07:13:55,6355,DATA,63167759,4G,0.0,0.63
R03-0000309,3,Lakeside,+1-799-462-9702,+1-453-320-2031,2026-06-01 15:15:44,2432,VOICE,,3G,0.12,4.86
R03-0000310,3,Lakeside,+1-681-334-0603,+1-864-518-7291,2026-06-01 11:00:41,38,VOICE,,4G,0.1,0.06
R03-0000311,3,Lakeside,+1-503-376-3433,+1-365-510-6837,2026-06-01 02:25:15,0,SMS,,4G,0.0,0.05
R03-0000312,3,Lakeside,+1-846-216-2259,+1-262-613-0478,2026-06-01 20:59:10,1011,VOICE,,5G,0.08,1.35
R03-0000313,3,Lakeside,+1-719-381-3526,+1-804-594-1613,2026-06-01 07:50:23,0,SMS,,3G,0.0,0.05
R03-0000314,3,Lakeside,+1-968-244-7873,,2026-06-01 08:24:00,765,DATA,243999078,4G,0.0,2.44
R03-0000315,3,Lakeside,+1-624-946-0533,+1-496-441-8630,2026-06-01 19:26:14,0,SMS,,3G,0.0,0.05
R03-0000316,3,Lakeside,+1-722-503-6338,+1-717-255-0997,2026-06-01 17:44:57,1851,VOICE,,3G,0.12,3.7
R03-0000317,3,Lakeside,+1-377-545-2954,+1-885-822-1019,2026-06-01 21:54:28,0,SMS,,4G,0.0,0.05
R03-0000318,3,Lakeside,+1-985-524-5330,+1-896-310-4874,2026-06-01 14:28:57,0,SMS,,5G,0.0,0.05
R03-0000319,3,Lakeside,+1-783-983-6801,+1-873-982-3375,2026-06-01 19:27:30,625,VOICE,,3G,0.12,1.25
R03-0000320,3,Lakeside,+1-272-898-0975,+1-392-675-3423,2026-06-01 22:21:01,1590,VOICE,,5G,0.08,2.12
R03-0000321,3,Lakeside,+1-833-628-1265,,2026-06-01 14:44:54,920,DATA,104260049,4G,0.0,1.04
R03-0000322,3,Lakeside,+1-887-410-3168,+1-455-881-9568,2026-06-01 15:33:28,0,SMS,,5G,0.0,0.05
R03-0000323,3,Lakeside,+1-837-953-1443,,2026-06-01 07:31:06,5230,DATA,73183326,4G,0.0,0.73
R03-0000324,3,Lakeside,+1-604-249-7151,+1-508-981-3128,2026-06-01 22:26:58,1828,VOICE,,5G,0.08,2.44
R03-0000325,3,Lakeside,+1-276-953-8372,+1-988-253-8522,2026-06-01 18:39:20,0,SMS,,3G,0.0,0.05
R03-0000326,3,Lakeside,+1-702-371-9352,+1-654-506-8083,2026-06-01 23:40:30,0,SMS,,5G,0.0,0.05
R03-0000327,3,Lakeside,+1-457-447-6491,+1-568-699-1547,2026-06-01 04:26:37,2772,VOICE,,4G,0.1,4.62
R03-0000328,3,Lakeside,+1-585-485-0957,+1-325-333-0666,2026-06-01 05:08:27,2064,VOICE,,4G,0.1,3.44
R03-0000329,3,Lakeside,+1-375-833-8219,+1-312-513-5617,2026-06-01 23:15:37,0,SMS,,3G,0.0,0.05
R03-0000330,3,Lakeside,+1-899-339-9818,,2026-06-01 15:03:47,5877,DATA,74189649,4G,0.0,0.74
R03-0000331,3,Lakeside,+1-896-948-3473,,2026-06-01 15:46:07,3664,DATA,307443334,4G,0.0,3.07
R03-0000332,3,Lakeside,+1-608-765-3522,+1-404-552-5105,2026-06-01 10:02:35,467,VOICE,,4G,0.1,0.78
R03-0000333,3,Lakeside,+1-807-502-3594,+1-469-707-6135,2026-06-01 01:15:37,1980,VOICE,,4G,0.1,3.3
R03-0000334,3,Lakeside,+1-941-679-8354,,2026-06-01 06:36:13,7034,DATA,482998941,4G,0.0,4.83
R03-0000335,3,Lakeside,+1-890-551-3640,+1-621-914-6582,2026-06-01 05:04:18,0,SMS,,3G,0.0,0.05
R03-0000336,3,Lakeside,+1-358-450-5074,+1-522-597-7635,2026-06-01 11:46:16,0,SMS,,5G,0.0,0.05
R03-0000337,3,Lakeside,+1-706-399-4414,+1-643-713-4393,2026-06-01 22:44:03,3033,VOICE,,4G,0.1,5.05
R03-0000338,3,Lakeside,+1-534-496-8163,,2026-06-01 12:45:23,3729,DATA,313006445,5G,0.0,3.13
R03-0000339,3,Lakeside,+1-796-233-2445,+1-589-224-5721,2026-06-01 05:15:59,1376,VOICE,,4G,0.1,2.29
R03-0000340,3,Lakeside,+1-262-635-4385,+1-851-422-7149,2026-06-01 20:57:01,2500,VOICE,,5G,0.08,3.33
R03-0000341,3,Lakeside,+1-697-372-8020,,2026-06-01 22:38:54,536,DATA,491866832,5G,0.0,4.92
R03-0000342,3,Lakeside,+1-864-581-2070,,2026-06-01 22:42:57,1642,DATA,84296005,5G,0.0,0.84
R03-0000343,3,Lakeside,+1-932-866-2298,+1-718-936-5783,2026-06-01 20:17:26,880,VOICE,,4G,0.1,1.47
R03-0000344,3,Lakeside,+1-580-541-4245,+1-953-206-7919,2026-06-01 02:04:32,2030,VOICE,,4G,0.1,3.38
R03-0000345,3,Lakeside,+1-264-610-2510,+1-954-427-9149,2026-06-01 09:18:56,1416,VOICE,,5G,0.08,1.89
R03-0000346,3,Lakeside,+1-949-996-7685,+1-352-703-1369,2026-06-01 19:51:31,2837,VOICE,,3G,0.12,5.67
R03-0000347,3,Lakeside,+1-453-408-4706,+1-704-604-4718,2026-06-01 05:24:21,3002,VOICE,,4G,0.1,5.0
R03-0000348,3,Lakeside,+1-556-557-0916,,2026-06-01 07:33:57,1761,DATA,496911235,4G,0.0,4.97
R03-0000349,3,Lakeside,+1-791-870-2093,+1-296-918-8566,2026-06-01 16:41:23,0,SMS,,3G,0.0,0.05
R03-0000350,3,Lakeside,+1-266-227-5731,+1-516-589-7828,2026-06-01 09:34:49,0,SMS,,5G,0.0,0.05
R03-0000351,3,Lakeside,+1-550-325-0731,+1-921-477-6355,2026-06-01 19:51:48,0,VOICE,,4G,0.1,0.0
R03-0000352,3,Lakeside,+1-901-590-5210,+1-437-966-2395,2026-06-01 01:40:24,953,VOICE,,4G,0.1,1.59
R03-0000353,3,Lakeside,+1-814-516-5128,+1-818-355-5003,2026-06-01 16:11:01,0,SMS,,5G,0.0,0.05
R03-0000354,3,Lakeside,+1-456-724-4034,+1-988-783-6997,2026-06-01 09:24:50,740,VOICE,,3G,0.12,1.48
R03-0000355,3,Lakeside,+1-599-552-3025,+1-617-488-8052,2026-06-01 13:30:54,0,SMS,,3G,0.0,0.05
R03-0000356,3,Lakeside,+1-793-431-9977,+1-527-385-7860,2026-06-01 04:42:44,57,VOICE,,5G,0.08,0.08
R03-0000357,3,Lakeside,+1-285-928-8750,+1-304-763-4990,2026-06-01 16:39:54,2081,VOICE,,4G,0.1,3.47
R03-0000358,3,Lakeside,+1-547-580-3430,+1-230-928-6430,2026-06-01 01:27:32,0,SMS,,4G,0.0,0.05
R03-0000359,3,Lakeside,+1-620-404-5604,+1-445-806-4060,2026-06-01 23:11:01,1474,VOICE,,5G,0.08,1.97
R03-0000360,3,Lakeside,+1-765-907-5447,+1-869-215-2111,2026-06-01 09:43:54,2340,VOICE,,4G,0.1,3.9
R03-0000361,3,Lakeside,+1-614-935-3947,+1-933-360-1720,2026-06-01 01:11:18,3399,VOICE,,4G,0.1,5.67
R03-0000362,3,Lakeside,+1-859-208-5686,,2026-06-01 06:41:59,951,DATA,499689493,4G,0.0,5.0
R03-0000363,3,Lakeside,+1-780-766-2028,,2026-06-01 15:06:20,2412,DATA,439921660,5G,0.0,4.4
R03-0000364,3,Lakeside,+1-954-889-2074,+1-758-686-5550,2026-06-01 21:28:39,0,SMS,,4G,0.0,0.05
R03-0000365,3,Lakeside,+1-235-832-5786,+1-261-328-7231,2026-06-01 16:38:11,290,VOICE,,4G,0.1,0.48
R03-0000366,3,Lakeside,+1-801-250-2483,+1-230-301-5910,2026-06-01 23:52:34,1258,VOICE,,4G,0.1,2.1
R03-0000367,3,Lakeside,+1-415-252-1477,+1-542-451-6611,2026-06-01 07:59:20,1673,VOICE,,3G,0.12,3.35
R03-0000368,3,Lakeside,+1-235-799-9568,+1-812-645-6663,2026-06-01 14:19:38,0,SMS,,4G,0.0,0.05
R03-0000369,3,Lakeside,+1-210-471-7454,+1-585-410-3315,2026-06-01 09:46:03,3309,VOICE,,4G,0.1,5.52
R03-0000370,3,Lakeside,+1-944-539-3926,+1-302-911-2061,2026-06-01 14:05:10,1132,VOICE,,5G,0.08,1.51
R03-0000371,3,Lakeside,+1-808-910-8535,,2026-06-01 19:15:58,2206,DATA,86098805,4G,0.0,0.86
R03-0000372,3,Lakeside,+1-899-245-5005,+1-252-924-1307,2026-06-01 19:00:13,83,VOICE,,5G,0.08,0.11
R03-0000373,3,Lakeside,+1-582-679-9013,+1-698-603-1245,2026-06-01 00:56:23,0,VOICE,,4G,0.1,0.0
R03-0000374,3,Lakeside,+1-942-988-9111,,2026-06-01 22:05:38,4549,DATA,264362989,4G,0.0,2.64
R03-0000375,3,Lakeside,+1-299-690-8176,,2026-06-01 18:18:28,3384,DATA,319940763,5G,0.0,3.2
R03-0000376,3,Lakeside,+1-869-989-6854,+1-333-443-1452,2026-06-01 11:01:56,1554,VOICE,,5G,0.08,2.07
R03-0000377,3,Lakeside,+1-348-878-2822,,2026-06-01 16:35:13,2365,DATA,448702589,3G,0.0,4.49
R03-0000378,3,Lakeside,+1-582-486-3506,+1-470-922-4337,2026-06-01 01:08:07,827,VOICE,,3G,0.12,1.65
R03-0000379,3,Lakeside,+1-738-538-6447,,2026-06-01 21:41:59,3158,DATA,5586678,4G,0.0,0.06
R03-0000380,3,Lakeside,+1-407-343-4055,+1-344-586-2614,2026-06-01 22:58:52,2241,VOICE,,3G,0.12,4.48
R03-0000381,3,Lakeside,+1-504-690-8160,+1-825-946-1759,2026-06-01 14:36:27,0,SMS,,4G,0.0,0.05
R03-0000382,3,Lakeside,+1-411-692-9423,,2026-06-01 19:43:23,3491,DATA,489045937,4G,0.0,4.89
R03-0000383,3,Lakeside,+1-286-631-3085,+1-861-810-7735,2026-06-01 21:22:45,0,SMS,,4G,0.0,0.05
R03-0000384,3,Lakeside,+1-962-276-4823,+1-927-704-2742,2026-06-01 18:05:17,0,SMS,,4G,0.0,0.05
R03-0000385,3,Lakeside,+1-332-291-8726,+1-368-671-3449,2026-06-01 04:10:17,1660,VOICE,,5G,0.08,2.21
R03-0000386,3,Lakeside,+1-544-702-9730,+1-630-711-0745,2026-06-01 04:05:01,0,SMS,,4G,0.0,0.05
R03-0000387,3,Lakeside,+1-504-437-5722,+1-233-959-3717,2026-06-01 16:16:45,379,VOICE,,4G,0.1,0.63
R03-0000388,3,Lakeside,+1-742-790-7002,+1-528-803-7877,2026-06-01 12:28:32,2184,VOICE,,3G,0.12,4.37
R03-0000389,3,Lakeside,+1-832-551-4970,+1-664-349-7601,2026-06-01 19:03:44,1902,VOICE,,5G,0.08,2.54
R03-0000390,3,Lakeside,+1-913-447-7008,+1-523-481-2077,2026-06-01 10:21:49,3526,VOICE,,5G,0.08,4.7
R03-0000391,3,Lakeside,+1-352-925-1093,+1-348-640-8219,2026-06-01 16:40:49,0,SMS,,3G,0.0,0.05
R03-0000392,3,Lakeside,+1-650-389-8231,,2026-06-01 22:41:33,6675,DATA,375607548,4G,0.0,3.76
R03-0000393,3,Lakeside,+1-774-915-7058,+1-930-417-7127,2026-06-01 08:55:15,3513,VOICE,,5G,0.08,4.68
R03-0000394,3,Lakeside,+1-521-587-8160,,2026-06-01 06:03:08,2323,DATA,497014712,4G,0.0,4.97
R03-0000395,3,Lakeside,+1-696-999-6271,+1-489-272-3827,2026-06-01 01:22:41,3114,VOICE,,5G,0.08,4.15
R03-0000396,3,Lakeside,+1-891-352-2603,+1-853-369-1553,2026-06-01 06:14:03,636,VOICE,,5G,0.08,0.85
R03-0000397,3,Lakeside,+1-644-428-9698,+1-230-535-6782,2026-06-01 12:33:53,2887,VOICE,,4G,0.1,4.81
R03-0000398,3,Lakeside,+1-519-661-7409,+1-201-350-1575,2026-06-01 14:39:03,0,SMS,,4G,0.0,0.05
R03-0000399,3,Lakeside,+1-938-584-5657,+1-459-758-8730,2026-06-01 14:20:24,1564,VOICE,,5G,0.08,2.09
R03-0000400,3,Lakeside,+1-396-631-9584,+1-248-769-5731,2026-06-01 02:47:18,1319,VOICE,,3G,0.12,2.64
R03-0000401,3,Lakeside,+1-624-808-6688,,2026-06-01 02:46:04,3611,DATA,284922315,4G,0.0,2.85
R03-0000402,3,Lakeside,+1-242-467-9471,,2026-06-01 23:00:55,673,DATA,83572584,5G,0.0,0.84
R03-0000403,3,Lakeside,+1-326-395-4825,+1-551-547-5074,2026-06-01 04:51:06,0,SMS,,4G,0.0,0.05
R03-0000404,3,Lakeside,+1-626-877-1615,+1-810-939-2702,2026-06-01 12:47:44,0,SMS,,4G,0.0,0.05
R03-0000405,3,Lakeside,+1-288-463-0216,+1-854-705-8960,2026-06-01 21:25:34,1694,VOICE,,4G,0.1,2.82
R03-0000406,3,Lakeside,+1-678-375-4412,+1-741-770-9094,2026-06-01 10:06:18,1227,VOICE,,3G,0.12,2.45
R03-0000407,3,Lakeside,+1-607-530-1650,,2026-06-01 03:10:15,6570,DATA,412398361,4G,0.0,4.12
R03-0000408,3,Lakeside,+1-625-397-0653,,2026-06-01 05:50:46,1452,DATA,432786378,5G,0.0,4.33
R03-0000409,3,Lakeside,+1-628-276-0385,+1-757-537-2592,2026-06-01 20:45:57,0,SMS,,4G,0.0,0.05
R03-0000410,3,Lakeside,+1-584-538-3838,+1-887-924-4645,2026-06-01 15:03:50,2244,VOICE,,5G,0.08,2.99
R03-0000411,3,Lakeside,+1-692-759-5282,+1-419-389-3170,2026-06-01 13:42:23,1751,VOICE,,4G,0.1,2.92
R03-0000412,3,Lakeside,+1-236-221-5216,+1-676-918-3241,2026-06-01 07:30:30,1456,VOICE,,4G,0.1,2.43
R03-0000413,3,Lakeside,+1-541-451-8247,+1-293-447-7800,2026-06-01 17:58:26,1072,VOICE,,5G,0.08,1.43
R03-0000414,3,Lakeside,+1-920-759-7496,+1-946-955-3519,2026-06-01 03:48:20,3493,VOICE,,4G,0.1,5.82
R03-0000415,3,Lakeside,+1-236-494-1369,+1-366-712-3519,2026-06-01 01:25:26,0,VOICE,,4G,0.1,0.0
R03-0000416,3,Lakeside,+1-593-225-3644,+1-350-947-4834,2026-06-01 19:51:44,2145,VOICE,,4G,0.1,3.58
R03-0000417,3,Lakeside,+1-904-651-6763,+1-847-787-4360,2026-06-01 19:00:13,3039,VOICE,,4G,0.1,5.07
R03-0000418,3,Lakeside,+1-986-530-1939,+1-474-756-9388,2026-06-01 11:29:20,0,SMS,,4G,0.0,0.05
R03-0000419,3,Lakeside,+1-671-735-3747,+1-904-938-7831,2026-06-01 03:03:41,0,SMS,,4G,0.0,0.05
R03-0000420,3,Lakeside,+1-836-986-7281,+1-285-765-5921,2026-06-01 15:10:51,0,SMS,,4G,0.0,0.05
R03-0000421,3,Lakeside,+1-911-843-1231,+1-508-383-5730,2026-06-01 12:52:02,3176,VOICE,,4G,0.1,5.29
R03-0000422,3,Lakeside,+1-955-946-4617,+1-718-572-2746,2026-06-01 05:34:30,3012,VOICE,,4G,0.1,5.02
R03-0000423,3,Lakeside,+1-596-774-2084,+1-786-365-3879,2026-06-01 22:43:30,0,SMS,,4G,0.0,0.05
R03-0000424,3,Lakeside,+1-490-477-2464,,2026-06-01 19:07:43,4143,DATA,77520277,4G,0.0,0.78
R03-0000425,3,Lakeside,+1-392-874-3891,,2026-06-01 02:05:12,113,DATA,277689045,5G,0.0,2.78
R03-0000426,3,Lakeside,+1-559-623-2671,+1-627-703-3644,2026-06-01 05:13:58,845,VOICE,,5G,0.08,1.13
R03-0000427,3,Lakeside,+1-534-674-6890,+1-485-480-6407,2026-06-01 06:33:13,65,VOICE,,4G,0.1,0.11
R03-0000428,3,Lakeside,+1-686-515-9864,+1-608-836-3861,2026-06-01 04:50:18,605,VOICE,,4G,0.1,1.01
R03-0000429,3,Lakeside,+1-914-745-1134,+1-308-900-7785,2026-06-01 21:10:16,2083,VOICE,,4G,0.1,3.47
R03-0000430,3,Lakeside,+1-686-377-1843,+1-313-909-0462,2026-06-01 15:22:06,0,SMS,,4G,0.0,0.05
R03-0000431,3,Lakeside,+1-718-400-2704,,2026-06-01 15:55:39,1293,DATA,293357904,5G,0.0,2.93
R03-0000432,3,Lakeside,+1-833-248-4597,+1-293-483-2304,2026-06-01 00:07:42,2451,VOICE,,4G,0.1,4.08
R03-0000433,3,Lakeside,+1-683-983-6564,+1-362-287-7316,2026-06-01 10:46:09,0,SMS,,4G,0.0,0.05
R03-0000434,3,Lakeside,+1-244-328-0365,+1-395-489-4548,2026-06-01 20:03:47,2098,VOICE,,3G,0.12,4.2
R03-0000435,3,Lakeside,+1-789-724-2679,+1-887-530-6770,2026-06-01 16:32:23,0,SMS,,4G,0.0,0.05
R03-0000436,3,Lakeside,+1-505-469-7984,+1-768-267-7163,2026-06-01 06:05:01,0,SMS,,5G,0.0,0.05
R03-0000437,3,Lakeside,+1-537-851-3578,+1-904-520-9567,2026-06-01 02:44:00,0,SMS,,5G,0.0,0.05
R03-0000438,3,Lakeside,+1-686-686-2972,+1-892-213-3950,2026-06-01 14:59:53,2642,VOICE,,5G,0.08,3.52
R03-0000439,3,Lakeside,+1-402-628-0254,+1-539-479-8225,2026-06-01 08:13:27,0,SMS,,3G,0.0,0.05
R03-0000440,3,Lakeside,+1-477-868-8926,+1-471-679-9648,2026-06-01 07:12:16,0,SMS,,4G,0.0,0.05
R03-0000441,3,Lakeside,+1-483-231-5018,+1-829-701-3226,2026-06-01 11:00:38,0,SMS,,5G,0.0,0.05
R03-0000442,3,Lakeside,+1-644-360-2529,+1-447-739-3173,2026-06-01 02:02:07,0,SMS,,4G,0.0,0.05
R03-0000443,3,Lakeside,+1-954-892-4677,,2026-06-01 15:20:58,6491,DATA,210905414,4G,0.0,2.11
R03-0000444,3,Lakeside,+1-707-567-3047,+1-842-562-6836,2026-06-01 03:44:34,0,SMS,,4G,0.0,0.05
R03-0000445,3,Lakeside,+1-572-548-5436,+1-960-532-6682,2026-06-01 17:16:29,1127,VOICE,,4G,0.1,1.88
R03-0000446,3,Lakeside,+1-976-476-9719,+1-920-332-6811,2026-06-01 15:40:35,3032,VOICE,,4G,0.1,5.05
R03-0000447,3,Lakeside,+1-257-479-7679,+1-710-806-8341,2026-06-01 15:15:29,0,SMS,,3G,0.0,0.05
R03-0000448,3,Lakeside,+1-858-415-4269,+1-609-678-1798,2026-06-01 01:29:38,271,VOICE,,3G,0.12,0.54
R03-0000449,3,Lakeside,+1-763-433-7008,+1-567-300-5522,2026-06-01 14:16:32,1892,VOICE,,4G,0.1,3.15
R03-0000450,3,Lakeside,+1-306-509-4297,,2026-06-01 00:14:34,4146,DATA,20794411,4G,0.0,0.21
R03-0000451,3,Lakeside,+1-773-479-3210,+1-864-272-2894,2026-06-01 22:25:43,3446,VOICE,,4G,0.1,5.74
R03-0000452,3,Lakeside,+1-395-415-2351,+1-247-297-2569,2026-06-01 03:29:09,2921,VOICE,,4G,0.1,4.87
R03-0000453,3,Lakeside,+1-563-432-8943,+1-227-312-9372,2026-06-01 22:58:47,482,VOICE,,5G,0.08,0.64
R03-0000454,3,Lakeside,+1-437-582-3194,+1-322-505-1023,2026-06-01 16:04:25,1987,VOICE,,4G,0.1,3.31
R03-0000455,3,Lakeside,+1-748-550-6826,+1-498-935-0593,2026-06-01 06:03:15,0,SMS,,4G,0.0,0.05
R03-0000456,3,Lakeside,+1-437-551-4136,+1-211-622-9766,2026-06-01 23:57:11,305,VOICE,,5G,0.08,0.41
R03-0000457,3,Lakeside,+1-821-486-6660,,2026-06-01 22:48:46,5308,DATA,21136533,5G,0.0,0.21
R03-0000458,3,Lakeside,+1-913-939-1437,+1-432-385-2211,2026-06-01 16:52:35,3474,VOICE,,4G,0.1,5.79
R03-0000459,3,Lakeside,+1-211-347-2347,+1-533-233-9646,2026-06-01 05:29:43,0,SMS,,4G,0.0,0.05
R03-0000460,3,Lakeside,+1-321-281-5997,+1-672-443-7422,2026-06-01 01:20:20,1421,VOICE,,4G,0.1,2.37
R03-0000461,3,Lakeside,+1-374-988-7059,+1-522-374-4109,2026-06-01 09:02:18,0,SMS,,3G,0.0,0.05
R03-0000462,3,Lakeside,+1-468-622-3530,+1-523-541-9085,2026-06-01 01:50:39,0,SMS,,4G,0.0,0.05
R03-0000463,3,Lakeside,+1-438-294-0476,+1-501-592-1492,2026-06-01 03:25:24,2842,VOICE,,4G,0.1,4.74
R03-0000464,3,Lakeside,+1-921-260-4784,+1-784-388-5538,2026-06-01 19:47:17,19,VOICE,,5G,0.08,0.03
R03-0000465,3,Lakeside,+1-781-806-7176,+1-444-917-5115,2026-06-01 18:28:17,0,VOICE,,5G,0.08,0.0
R03-0000466,3,Lakeside,+1-927-828-5714,+1-618-219-4976,2026-06-01 12:10:52,1963,VOICE,,5G,0.08,2.62
R03-0000467,3,Lakeside,+1-319-583-3957,+1-826-630-5400,2026-06-01 20:04:04,2290,VOICE,,4G,0.1,3.82
R03-0000468,3,Lakeside,+1-881-674-8560,,2026-06-01 16:28:43,2757,DATA,103131182,4G,0.0,1.03
R03-0000469,3,Lakeside,+1-932-836-8196,,2026-06-01 16:11:40,2470,DATA,378722086,5G,0.0,3.79
R03-0000470,3,Lakeside,+1-677-795-8230,+1-711-837-0768,2026-06-01 14:50:55,0,SMS,,4G,0.0,0.05
R03-0000471,3,Lakeside,+1-322-755-5369,+1-438-286-4611,2026-06-01 12:17:13,0,SMS,,3G,0.0,0.05
R03-0000472,3,Lakeside,+1-398-417-4660,+1-413-782-5998,2026-06-01 08:47:10,0,SMS,,4G,0.0,0.05
R03-0000473,3,Lakeside,+1-979-789-4097,+1-220-669-1346,2026-06-01 23:32:06,3467,VOICE,,4G,0.1,5.78
R03-0000474,3,Lakeside,+1-757-238-1368,+1-201-279-5584,2026-06-01 10:41:50,0,SMS,,4G,0.0,0.05
R03-0000475,3,Lakeside,+1-206-565-6078,+1-641-950-1113,2026-06-01 07:56:08,2918,VOICE,,4G,0.1,4.86
R03-0000476,3,Lakeside,+1-762-273-4573,+1-731-466-5535,2026-06-01 13:42:06,0,SMS,,4G,0.0,0.05
R03-0000477,3,Lakeside,+1-899-597-9479,+1-419-777-9722,2026-06-01 02:07:22,54,VOICE,,4G,0.1,0.09
R03-0000478,3,Lakeside,+1-611-632-8697,+1-527-707-5990,2026-06-01 21:14:44,1629,VOICE,,3G,0.12,3.26
R03-0000479,3,Lakeside,+1-490-855-7785,+1-543-491-5267,2026-06-01 01:05:59,0,SMS,,4G,0.0,0.05
R03-0000480,3,Lakeside,+1-322-910-3181,+1-331-609-8628,2026-06-01 08:22:25,1020,VOICE,,4G,0.1,1.7
R03-0000481,3,Lakeside,+1-538-316-1495,+1-842-324-5083,2026-06-01 21:17:14,2537,VOICE,,4G,0.1,4.23
R03-0000482,3,Lakeside,+1-507-777-3918,+1-440-839-3085,2026-06-01 05:03:28,0,SMS,,3G,0.0,0.05
R03-0000483,3,Lakeside,+1-277-351-5530,+1-473-327-3262,2026-06-01 12:57:21,1349,VOICE,,5G,0.08,1.8
R03-0000484,3,Lakeside,+1-915-470-8297,+1-779-935-8624,2026-06-01 11:08:37,1940,VOICE,,5G,0.08,2.59
R03-0000485,3,Lakeside,+1-342-255-6943,+1-517-780-9433,2026-06-01 19:45:56,0,SMS,,5G,0.0,0.05
R03-0000486,3,Lakeside,+1-230-468-2605,+1-482-289-6649,2026-06-01 19:25:52,599,VOICE,,5G,0.08,0.8
R03-0000487,3,Lakeside,+1-934-945-8376,+1-836-994-6653,2026-06-01 02:43:23,369,VOICE,,5G,0.08,0.49
R03-0000488,3,Lakeside,+1-292-791-1721,+1-534-303-1328,2026-06-01 05:17:59,0,SMS,,5G,0.0,0.05
R03-0000489,3,Lakeside,+1-330-359-4973,+1-351-694-1625,2026-06-01 15:53:45,3512,VOICE,,3G,0.12,7.02
R03-0000490,3,Lakeside,+1-810-456-6491,+1-816-224-3943,2026-06-01 15:48:35,775,VOICE,,4G,0.1,1.29
R03-0000491,3,Lakeside,+1-286-984-6087,,2026-06-01 14:57:18,2870,DATA,410148156,3G,0.0,4.1
R03-0000492,3,Lakeside,+1-977-500-5540,+1-974-801-7983,2026-06-01 11:52:16,0,SMS,,4G,0.0,0.05
R03-0000493,3,Lakeside,+1-416-635-5337,+1-877-645-0196,2026-06-01 08:44:59,22,VOICE,,4G,0.1,0.04
R03-0000494,3,Lakeside,+1-523-351-8085,+1-631-374-6310,2026-06-01 19:32:09,3548,VOICE,,4G,0.1,5.91
R03-0000495,3,Lakeside,+1-300-286-6379,,2026-06-01 12:57:24,335,DATA,111811957,3G,0.0,1.12
R03-0000496,3,Lakeside,+1-632-950-2927,,2026-06-01 06:06:15,3564,DATA,274813013,3G,0.0,2.75
R03-0000497,3,Lakeside,+1-850-421-3381,+1-700-336-2739,2026-06-01 21:15:28,674,VOICE,,5G,0.08,0.9
R03-0000498,3,Lakeside,+1-901-448-5950,+1-314-562-6171,2026-06-01 00:55:18,1148,VOICE,,5G,0.08,1.53
R03-0000499,3,Lakeside,+1-978-754-5796,+1-437-216-7879,2026-06-01 14:35:38,0,SMS,,5G,0.0,0.05
R03-0000500,3,Lakeside,+1-975-269-7187,+1-325-536-4961,2026-06-01 01:32:38,2629,VOICE,,3G,0.12,5.26
R03-0000501,3,Lakeside,+1-347-992-6949,+1-677-794-7161,2026-06-01 04:57:39,0,VOICE,,4G,0.1,0.0
R03-0000502,3,Lakeside,+1-886-722-5937,+1-350-977-9599,2026-06-01 02:12:58,675,VOICE,,5G,0.08,0.9
R03-0000503,3,Lakeside,+1-261-944-0949,+1-563-619-2211,2026-06-01 10:58:10,2520,VOICE,,3G,0.12,5.04
R03-0000504,3,Lakeside,+1-467-936-6646,+1-915-220-6356,2026-06-01 13:03:25,1521,VOICE,,4G,0.1,2.54
R03-0000505,3,Lakeside,+1-581-533-5577,,2026-06-01 10:55:30,6094,DATA,154108085,5G,0.0,1.54
R03-0000506,3,Lakeside,+1-884-598-3473,+1-641-936-5761,2026-06-01 21:26:45,1478,VOICE,,3G,0.12,2.96
R03-0000507,3,Lakeside,+1-468-302-1137,+1-886-694-5555,2026-06-01 01:20:23,1745,VOICE,,4G,0.1,2.91
R03-0000508,3,Lakeside,+1-907-482-9034,+1-370-779-1057,2026-06-01 20:27:07,0,SMS,,4G,0.0,0.05
R03-0000509,3,Lakeside,+1-545-774-8639,+1-214-499-2598,2026-06-01 00:39:53,0,SMS,,4G,0.0,0.05
R03-0000510,3,Lakeside,+1-575-653-3338,,2026-06-01 20:48:28,1116,DATA,24508608,3G,0.0,0.25
R03-0000511,3,Lakeside,+1-474-599-9712,+1-832-584-6032,2026-06-01 16:23:06,2423,VOICE,,4G,0.1,4.04
R03-0000512,3,Lakeside,+1-619-825-2730,+1-650-410-4904,2026-06-01 15:32:58,0,SMS,,4G,0.0,0.05
R03-0000513,3,Lakeside,+1-498-654-0598,+1-756-424-0278,2026-06-01 06:19:38,0,SMS,,5G,0.0,0.05
R03-0000514,3,Lakeside,+1-552-326-3671,+1-316-723-7875,2026-06-01 20:52:00,269,VOICE,,5G,0.08,0.36
R03-0000515,3,Lakeside,+1-794-435-7573,,2026-06-01 04:48:28,2259,DATA,364271543,4G,0.0,3.64
R03-0000516,3,Lakeside,+1-728-521-2768,+1-667-735-3153,2026-06-01 00:51:00,0,SMS,,4G,0.0,0.05
R03-0000517,3,Lakeside,+1-407-333-6096,+1-780-580-1705,2026-06-01 05:56:13,1969,VOICE,,5G,0.08,2.63
R03-0000518,3,Lakeside,+1-334-720-2811,,2026-06-01 00:19:35,5876,DATA,187227425,3G,0.0,1.87
R03-0000519,3,Lakeside,+1-504-685-0780,+1-948-617-5619,2026-06-01 23:38:57,0,SMS,,5G,0.0,0.05
R03-0000520,3,Lakeside,+1-783-612-2973,,2026-06-01 06:40:08,3780,DATA,404169241,5G,0.0,4.04
R03-0000521,3,Lakeside,+1-835-571-1087,+1-989-663-3698,2026-06-01 07:38:26,0,SMS,,4G,0.0,0.05
R03-0000522,3,Lakeside,+1-716-388-3527,+1-972-290-8739,2026-06-01 05:04:22,0,SMS,,4G,0.0,0.05
R03-0000523,3,Lakeside,+1-625-586-0963,,2026-06-01 12:58:22,1115,DATA,295850658,4G,0.0,2.96
R03-0000524,3,Lakeside,+1-671-314-8951,,2026-06-01 05:04:00,6762,DATA,221451998,4G,0.0,2.21
R03-0000525,3,Lakeside,+1-865-894-9018,,2026-06-01 16:05:38,2426,DATA,96388858,3G,0.0,0.96
R03-0000526,3,Lakeside,+1-673-510-3484,+1-430-202-9193,2026-06-01 12:55:49,2470,VOICE,,4G,0.1,4.12
R03-0000527,3,Lakeside,+1-364-310-8355,+1-596-918-0381,2026-06-01 03:09:59,1529,VOICE,,5G,0.08,2.04
R03-0000528,3,Lakeside,+1-418-971-6759,,2026-06-01 22:55:20,2799,DATA,69403438,5G,0.0,0.69
R03-0000529,3,Lakeside,+1-978-390-0233,,2026-06-01 08:38:42,5901,DATA,380442865,4G,0.0,3.8
R03-0000530,3,Lakeside,+1-831-381-0996,+1-732-429-6488,2026-06-01 02:29:29,1237,VOICE,,4G,0.1,2.06
R03-0000531,3,Lakeside,+1-607-378-8711,+1-240-951-4733,2026-06-01 01:02:42,2964,VOICE,,3G,0.12,5.93
R03-0000532,3,Lakeside,+1-560-200-2370,+1-245-213-2565,2026-06-01 09:57:30,0,SMS,,3G,0.0,0.05
R03-0000533,3,Lakeside,+1-293-659-7083,+1-588-694-9547,2026-06-01 19:09:37,2040,VOICE,,4G,0.1,3.4
R03-0000534,3,Lakeside,+1-941-200-5686,+1-533-590-1598,2026-06-01 08:05:22,2685,VOICE,,5G,0.08,3.58
R03-0000535,3,Lakeside,+1-255-356-1198,+1-261-562-3552,2026-06-01 04:16:19,0,SMS,,5G,0.0,0.05
R03-0000536,3,Lakeside,+1-378-341-3861,+1-870-651-1617,2026-06-01 10:02:59,0,SMS,,4G,0.0,0.05
R03-0000537,3,Lakeside,+1-758-921-0309,+1-849-548-8074,2026-06-01 00:54:15,2260,VOICE,,4G,0.1,3.77
R03-0000538,3,Lakeside,+1-400-964-5879,,2026-06-01 08:53:26,2619,DATA,74735679,3G,0.0,0.75
R03-0000539,3,Lakeside,+1-576-969-3868,+1-493-734-9837,2026-06-01 19:19:09,2592,VOICE,,5G,0.08,3.46
R03-0000540,3,Lakeside,+1-692-237-7851,,2026-06-01 10:56:01,2228,DATA,186038344,5G,0.0,1.86
R03-0000541,3,Lakeside,+1-796-509-5034,+1-266-641-5023,2026-06-01 06:13:57,997,VOICE,,4G,0.1,1.66
R03-0000542,3,Lakeside,+1-257-746-2486,+1-200-480-8250,2026-06-01 10:57:37,273,VOICE,,4G,0.1,0.46
R03-0000543,3,Lakeside,+1-263-585-1686,+1-459-804-4976,2026-06-01 12:02:00,0,SMS,,3G,0.0,0.05
R03-0000544,3,Lakeside,+1-825-780-1980,+1-695-863-1224,2026-06-01 00:06:46,2171,VOICE,,4G,0.1,3.62
R03-0000545,3,Lakeside,+1-659-888-1168,+1-443-287-8773,2026-06-01 00:32:54,2249,VOICE,,4G,0.1,3.75
R03-0000546,3,Lakeside,+1-641-603-4983,+1-608-287-3856,2026-06-01 18:41:27,758,VOICE,,4G,0.1,1.26
R03-0000547,3,Lakeside,+1-769-272-8075,+1-771-416-9791,2026-06-01 20:36:19,0,SMS,,4G,0.0,0.05
R03-0000548,3,Lakeside,+1-629-781-3603,+1-715-705-2682,2026-06-01 16:24:41,150,VOICE,,4G,0.1,0.25
R03-0000549,3,Lakeside,+1-408-837-8484,+1-266-953-7469,2026-06-01 19:05:29,0,SMS,,5G,0.0,0.05
R03-0000550,3,Lakeside,+1-564-711-5647,+1-508-598-5748,2026-06-01 14:38:28,2202,VOICE,,5G,0.08,2.94
R03-0000551,3,Lakeside,+1-982-701-4438,+1-921-343-9068,2026-06-01 10:11:57,0,SMS,,4G,0.0,0.05
R03-0000552,3,Lakeside,+1-745-631-7223,+1-234-361-4261,2026-06-01 00:17:19,1667,VOICE,,4G,0.1,2.78
R03-0000553,3,Lakeside,+1-508-259-0780,+1-736-589-3153,2026-06-01 07:41:35,499,VOICE,,3G,0.12,1.0
R03-0000554,3,Lakeside,+1-702-285-7607,,2026-06-01 20:29:31,615,DATA,370266785,5G,0.0,3.7
R03-0000555,3,Lakeside,+1-899-649-3376,+1-352-709-5872,2026-06-01 03:53:14,0,SMS,,5G,0.0,0.05
R03-0000556,3,Lakeside,+1-555-718-2940,+1-956-556-7803,2026-06-01 01:47:31,3579,VOICE,,4G,0.1,5.96
R03-0000557,3,Lakeside,+1-283-241-3406,+1-297-576-7244,2026-06-01 23:47:09,2356,VOICE,,4G,0.1,3.93
R03-0000558,3,Lakeside,+1-929-605-0803,+1-430-427-0096,2026-06-01 19:27:24,0,SMS,,5G,0.0,0.05
R03-0000559,3,Lakeside,+1-900-595-3088,+1-591-769-6709,2026-06-01 13:41:58,0,SMS,,4G,0.0,0.05
R03-0000560,3,Lakeside,+1-612-588-5760,,2026-06-01 00:38:55,2391,DATA,57599219,5G,0.0,0.58
R03-0000561,3,Lakeside,+1-321-695-1224,+1-612-248-7103,2026-06-01 09:06:33,0,SMS,,4G,0.0,0.05
R03-0000562,3,Lakeside,+1-938-684-4337,+1-790-250-8695,2026-06-01 02:24:44,0,SMS,,5G,0.0,0.05
R03-0000563,3,Lakeside,+1-894-396-8431,+1-781-851-4726,2026-06-01 15:56:59,0,SMS,,4G,0.0,0.05
R03-0000564,3,Lakeside,+1-847-823-6470,+1-916-432-7784,2026-06-01 22:54:13,0,SMS,,4G,0.0,0.05
R03-0000565,3,Lakeside,+1-544-433-3878,+1-875-934-7999,2026-06-01 05:42:00,0,SMS,,4G,0.0,0.05
R03-0000566,3,Lakeside,+1-834-248-1881,+1-355-717-3852,2026-06-01 11:47:12,0,VOICE,,3G,0.12,0.0
R03-0000567,3,Lakeside,+1-830-414-5483,+1-407-850-6125,2026-06-01 15:39:55,527,VOICE,,4G,0.1,0.88
R03-0000568,3,Lakeside,+1-810-992-6338,+1-743-344-5939,2026-06-01 14:51:10,0,SMS,,5G,0.0,0.05
R03-0000569,3,Lakeside,+1-296-470-6970,+1-336-469-6213,2026-06-01 18:15:20,1963,VOICE,,5G,0.08,2.62
R03-0000570,3,Lakeside,+1-323-697-7567,+1-548-827-2856,2026-06-01 22:14:03,2834,VOICE,,5G,0.08,3.78
R03-0000571,3,Lakeside,+1-287-426-7531,+1-914-777-0733,2026-06-01 03:47:22,0,SMS,,3G,0.0,0.05
R03-0000572,3,Lakeside,+1-542-267-1177,+1-685-823-5176,2026-06-01 17:38:59,1581,VOICE,,4G,0.1,2.64
R03-0000573,3,Lakeside,+1-207-722-2758,+1-455-631-5885,2026-06-01 11:20:34,0,SMS,,3G,0.0,0.05
R03-0000574,3,Lakeside,+1-556-329-1361,+1-644-362-6264,2026-06-01 18:56:02,2174,VOICE,,4G,0.1,3.62
R03-0000575,3,Lakeside,+1-554-561-9758,+1-511-290-2922,2026-06-01 19:32:25,3365,VOICE,,4G,0.1,5.61
R03-0000576,3,Lakeside,+1-980-751-3670,+1-545-815-9584,2026-06-01 18:25:34,2820,VOICE,,4G,0.1,4.7
R03-0000577,3,Lakeside,+1-732-496-0361,+1-567-533-3224,2026-06-01 21:28:50,2134,VOICE,,4G,0.1,3.56
R03-0000578,3,Lakeside,+1-295-930-7725,+1-283-359-1344,2026-06-01 13:47:04,2880,VOICE,,5G,0.08,3.84
R03-0000579,3,Lakeside,+1-734-290-4248,+1-957-339-8346,2026-06-01 20:40:18,0,SMS,,4G,0.0,0.05
R03-0000580,3,Lakeside,+1-825-515-4439,+1-904-267-5842,2026-06-01 10:31:23,0,SMS,,5G,0.0,0.05
R03-0000581,3,Lakeside,+1-865-766-1558,,2026-06-01 20:28:40,3492,DATA,324630970,4G,0.0,3.25
R03-0000582,3,Lakeside,+1-947-778-4353,+1-758-738-0145,2026-06-01 03:34:48,0,SMS,,5G,0.0,0.05
R03-0000583,3,Lakeside,+1-468-354-3720,+1-944-677-5850,2026-06-01 20:39:44,480,VOICE,,5G,0.08,0.64
R03-0000584,3,Lakeside,+1-359-711-8737,+1-258-455-1999,2026-06-01 21:40:31,1053,VOICE,,5G,0.08,1.4
R03-0000585,3,Lakeside,+1-208-318-5596,,2026-06-01 16:03:18,1989,DATA,424669191,4G,0.0,4.25
R03-0000586,3,Lakeside,+1-699-456-7875,+1-877-334-5544,2026-06-01 15:22:29,0,SMS,,4G,0.0,0.05
R03-0000587,3,Lakeside,+1-509-813-5950,+1-564-268-6402,2026-06-01 14:18:30,3582,VOICE,,4G,0.1,5.97
R03-0000588,3,Lakeside,+1-728-522-6424,+1-859-485-5768,2026-06-01 00:14:33,605,VOICE,,5G,0.08,0.81
R03-0000589,3,Lakeside,+1-463-287-6398,+1-700-723-3951,2026-06-01 01:11:54,1945,VOICE,,5G,0.08,2.59
R03-0000590,3,Lakeside,+1-363-787-1092,+1-851-984-0899,2026-06-01 09:01:24,0,SMS,,5G,0.0,0.05
R03-0000591,3,Lakeside,+1-843-741-4475,+1-557-474-6468,2026-06-01 10:52:45,2797,VOICE,,3G,0.12,5.59
R03-0000592,3,Lakeside,+1-757-974-9531,+1-935-312-9700,2026-06-01 05:07:57,0,SMS,,4G,0.0,0.05
R03-0000593,3,Lakeside,+1-382-344-2713,+1-366-387-3992,2026-06-01 17:12:48,2053,VOICE,,4G,0.1,3.42
R03-0000594,3,Lakeside,+1-244-543-6931,+1-317-826-9856,2026-06-01 11:36:23,2414,VOICE,,4G,0.1,4.02
R03-0000595,3,Lakeside,+1-261-773-5720,+1-300-205-5961,2026-06-01 16:13:00,0,SMS,,4G,0.0,0.05
R03-0000596,3,Lakeside,+1-892-867-0715,+1-458-595-0885,2026-06-01 16:52:33,0,VOICE,,5G,0.08,0.0
R03-0000597,3,Lakeside,+1-864-904-5305,+1-463-615-1309,2026-06-01 20:23:11,275,VOICE,,5G,0.08,0.37
R03-0000598,3,Lakeside,+1-395-351-9157,+1-339-592-8642,2026-06-01 14:08:14,0,SMS,,5G,0.0,0.05
R03-0000599,3,Lakeside,+1-657-218-6972,+1-445-587-9937,2026-06-01 08:05:31,0,SMS,,3G,0.0,0.05
R03-0000600,3,Lakeside,+1-400-748-7709,+1-269-491-0733,2026-06-01 01:47:10,0,SMS,,5G,0.0,0.05
R03-0000601,3,Lakeside,+1-418-341-5068,+1-226-293-5621,2026-06-01 18:23:40,0,SMS,,4G,0.0,0.05
R03-0000602,3,Lakeside,+1-708-374-2477,+1-556-725-6535,2026-06-01 14:37:56,2244,VOICE,,5G,0.08,2.99
R03-0000603,3,Lakeside,+1-334-372-0018,+1-403-845-2112,2026-06-01 19:14:09,3192,VOICE,,4G,0.1,5.32
R03-0000604,3,Lakeside,+1-456-553-6946,+1-765-430-9699,2026-06-01 01:15:30,3478,VOICE,,3G,0.12,6.96
R03-0000605,3,Lakeside,+1-878-757-1483,+1-239-233-8502,2026-06-01 08:04:55,0,SMS,,4G,0.0,0.05
R03-0000606,3,Lakeside,+1-470-581-0260,+1-340-810-5527,2026-06-01 16:51:14,846,VOICE,,4G,0.1,1.41
R03-0000607,3,Lakeside,+1-239-537-8728,+1-907-599-0214,2026-06-01 21:11:56,1226,VOICE,,5G,0.08,1.63
R03-0000608,3,Lakeside,+1-649-955-9255,+1-338-229-5224,2026-06-01 04:58:42,0,SMS,,4G,0.0,0.05
R03-0000609,3,Lakeside,+1-357-593-5674,+1-714-475-5552,2026-06-01 23:37:24,220,VOICE,,5G,0.08,0.29
R03-0000610,3,Lakeside,+1-752-348-7846,,2026-06-01 01:46:23,1888,DATA,368196117,3G,0.0,3.68
R03-0000611,3,Lakeside,+1-281-290-7105,+1-781-915-7091,2026-06-01 18:27:58,2180,VOICE,,4G,0.1,3.63
R03-0000612,3,Lakeside,+1-878-374-4407,+1-307-740-7113,2026-06-01 07:30:42,1373,VOICE,,3G,0.12,2.75
R03-0000613,3,Lakeside,+1-459-410-6869,+1-961-436-0638,2026-06-01 00:48:55,1130,VOICE,,4G,0.1,1.88
R03-0000614,3,Lakeside,+1-587-647-1969,,2026-06-01 08:23:55,787,DATA,473481837,3G,0.0,4.73
R03-0000615,3,Lakeside,+1-802-232-9816,,2026-06-01 09:15:38,6251,DATA,258836908,4G,0.0,2.59
R03-0000616,3,Lakeside,+1-203-267-1447,+1-281-706-1113,2026-06-01 11:29:06,2606,VOICE,,4G,0.1,4.34
R03-0000617,3,Lakeside,+1-834-625-0527,+1-302-873-5750,2026-06-01 06:10:38,0,SMS,,4G,0.0,0.05
R03-0000618,3,Lakeside,+1-795-264-7836,,2026-06-01 01:02:56,1493,DATA,366099366,5G,0.0,3.66
R03-0000619,3,Lakeside,+1-287-228-2933,+1-988-790-4531,2026-06-01 05:30:56,738,VOICE,,4G,0.1,1.23
R03-0000620,3,Lakeside,+1-351-980-9598,+1-389-732-1818,2026-06-01 20:57:06,0,VOICE,,5G,0.08,0.0
R03-0000621,3,Lakeside,+1-756-631-5359,,2026-06-01 22:06:23,6780,DATA,293528314,5G,0.0,2.94
R03-0000622,3,Lakeside,+1-295-687-4703,+1-823-259-3379,2026-06-01 02:52:58,0,SMS,,4G,0.0,0.05
R03-0000623,3,Lakeside,+1-709-378-0879,+1-549-561-2051,2026-06-01 18:18:37,0,SMS,,4G,0.0,0.05
R03-0000624,3,Lakeside,+1-815-490-6775,+1-238-708-2157,2026-06-01 21:05:17,1375,VOICE,,4G,0.1,2.29
R03-0000625,3,Lakeside,+1-241-827-9148,+1-529-764-3597,2026-06-01 16:34:02,167,VOICE,,4G,0.1,0.28
R03-0000626,3,Lakeside,+1-989-752-8883,+1-772-971-4402,2026-06-01 10:27:07,979,VOICE,,4G,0.1,1.63
R03-0000627,3,Lakeside,+1-958-985-8552,,2026-06-01 15:31:45,3019,DATA,16202298,4G,0.0,0.16
R03-0000628,3,Lakeside,+1-637-891-1328,+1-503-412-8189,2026-06-01 01:08:00,946,VOICE,,4G,0.1,1.58
R03-0000629,3,Lakeside,+1-462-416-0299,+1-685-207-2734,2026-06-01 20:57:57,691,VOICE,,3G,0.12,1.38
R03-0000630,3,Lakeside,+1-906-707-1325,+1-253-413-2792,2026-06-01 15:27:42,3346,VOICE,,4G,0.1,5.58
R03-0000631,3,Lakeside,+1-626-866-4269,+1-689-956-2800,2026-06-01 03:38:19,752,VOICE,,3G,0.12,1.5
R03-0000632,3,Lakeside,+1-253-201-2451,+1-283-287-4206,2026-06-01 16:57:12,981,VOICE,,5G,0.08,1.31
R03-0000633,3,Lakeside,+1-643-864-4477,+1-754-699-1301,2026-06-01 12:42:07,0,SMS,,4G,0.0,0.05
R03-0000634,3,Lakeside,+1-343-626-5609,,2026-06-01 13:01:41,663,DATA,375824663,3G,0.0,3.76
R03-0000635,3,Lakeside,+1-264-861-8552,+1-358-388-9904,2026-06-01 05:54:51,2091,VOICE,,4G,0.1,3.49
R03-0000636,3,Lakeside,+1-652-715-9462,+1-300-584-9515,2026-06-01 02:25:57,144,VOICE,,5G,0.08,0.19
R03-0000637,3,Lakeside,+1-488-671-1922,+1-423-553-8393,2026-06-01 12:46:35,0,SMS,,5G,0.0,0.05
R03-0000638,3,Lakeside,+1-247-295-4967,+1-265-239-4291,2026-06-01 14:59:10,1993,VOICE,,4G,0.1,3.32
R03-0000639,3,Lakeside,+1-641-748-4895,+1-620-316-9465,2026-06-01 18:42:45,2264,VOICE,,5G,0.08,3.02
R03-0000640,3,Lakeside,+1-378-983-7730,+1-330-340-2942,2026-06-01 15:55:53,0,SMS,,4G,0.0,0.05
R03-0000641,3,Lakeside,+1-705-309-3329,+1-377-290-8169,2026-06-01 14:50:25,454,VOICE,,4G,0.1,0.76
R03-0000642,3,Lakeside,+1-843-496-7194,+1-470-323-6680,2026-06-01 08:13:14,1385,VOICE,,5G,0.08,1.85
R03-0000643,3,Lakeside,+1-883-261-5949,+1-551-307-4920,2026-06-01 08:48:56,1836,VOICE,,4G,0.1,3.06
R03-0000644,3,Lakeside,+1-477-563-8219,+1-389-605-6184,2026-06-01 10:25:36,0,SMS,,5G,0.0,0.05
R03-0000645,3,Lakeside,+1-305-953-3993,,2026-06-01 07:10:24,1642,DATA,145270258,5G,0.0,1.45
R03-0000646,3,Lakeside,+1-852-907-3627,+1-805-223-1267,2026-06-01 07:01:17,325,VOICE,,3G,0.12,0.65
R03-0000647,3,Lakeside,+1-438-448-8078,+1-371-253-0649,2026-06-01 08:17:58,0,SMS,,4G,0.0,0.05
R03-0000648,3,Lakeside,+1-755-576-2545,,2026-06-01 10:58:24,7179,DATA,159547549,4G,0.0,1.6
R03-0000649,3,Lakeside,+1-890-976-3951,+1-573-231-9583,2026-06-01 11:19:17,1744,VOICE,,4G,0.1,2.91
R03-0000650,3,Lakeside,+1-461-772-1562,+1-953-326-0968,2026-06-01 07:48:13,0,SMS,,4G,0.0,0.05
R03-0000651,3,Lakeside,+1-666-656-4750,+1-457-451-6055,2026-06-01 13:02:24,1668,VOICE,,4G,0.1,2.78
R03-0000652,3,Lakeside,+1-912-665-7338,+1-863-455-6472,2026-06-01 16:41:27,0,SMS,,4G,0.0,0.05
R03-0000653,3,Lakeside,+1-375-440-4458,+1-625-727-1050,2026-06-01 03:29:56,0,SMS,,3G,0.0,0.05
R03-0000654,3,Lakeside,+1-339-736-6385,,2026-06-01 16:03:21,5289,DATA,214466234,4G,0.0,2.14
R03-0000655,3,Lakeside,+1-363-657-9385,+1-828-441-0760,2026-06-01 19:37:56,3186,VOICE,,4G,0.1,5.31
R03-0000656,3,Lakeside,+1-730-637-5926,+1-978-809-8219,2026-06-01 15:56:13,2145,VOICE,,5G,0.08,2.86
R03-0000657,3,Lakeside,+1-339-901-2236,,2026-06-01 00:29:36,1356,DATA,348181648,5G,0.0,3.48
R03-0000658,3,Lakeside,+1-932-855-6910,,2026-06-01 12:38:39,3306,DATA,431784401,4G,0.0,4.32
R03-0000659,3,Lakeside,+1-861-742-8426,+1-619-607-5894,2026-06-01 08:04:06,2272,VOICE,,4G,0.1,3.79
R03-0000660,3,Lakeside,+1-484-530-3675,+1-718-953-5854,2026-06-01 03:45:38,3075,VOICE,,5G,0.08,4.1
R03-0000661,3,Lakeside,+1-980-723-2721,+1-326-534-6759,2026-06-01 23:53:45,0,VOICE,,4G,0.1,0.0
R03-0000662,3,Lakeside,+1-706-658-7437,,2026-06-01 11:29:05,6531,DATA,56002706,3G,0.0,0.56
R03-0000663,3,Lakeside,+1-434-486-5555,+1-755-229-5174,2026-06-01 22:35:18,2589,VOICE,,3G,0.12,5.18
R03-0000664,3,Lakeside,+1-332-983-7918,+1-341-776-0746,2026-06-01 09:52:56,0,VOICE,,4G,0.1,0.0
R03-0000665,3,Lakeside,+1-355-912-2597,,2026-06-01 15:16:39,4202,DATA,204503657,4G,0.0,2.05
R03-0000666,3,Lakeside,+1-618-539-2890,,2026-06-01 00:34:01,2667,DATA,437158710,4G,0.0,4.37
R03-0000667,3,Lakeside,+1-363-909-0454,,2026-06-01 12:11:16,4205,DATA,51135505,3G,0.0,0.51
R03-0000668,3,Lakeside,+1-513-505-9579,+1-701-890-5081,2026-06-01 20:27:27,1627,VOICE,,3G,0.12,3.25
R03-0000669,3,Lakeside,+1-897-409-5433,+1-935-965-0383,2026-06-01 07:21:41,3410,VOICE,,5G,0.08,4.55
R03-0000670,3,Lakeside,+1-394-203-8159,+1-422-697-4235,2026-06-01 15:15:46,0,SMS,,3G,0.0,0.05
R03-0000671,3,Lakeside,+1-684-960-5911,+1-947-685-6499,2026-06-01 17:22:57,0,SMS,,5G,0.0,0.05
R03-0000672,3,Lakeside,+1-641-527-6014,+1-614-861-0917,2026-06-01 20:40:36,0,SMS,,4G,0.0,0.05
R03-0000673,3,Lakeside,+1-924-647-8525,+1-624-416-9518,2026-06-01 22:47:34,0,SMS,,4G,0.0,0.05
R03-0000674,3,Lakeside,+1-644-789-3726,+1-912-651-7664,2026-06-01 21:35:45,0,SMS,,5G,0.0,0.05
R03-0000675,3,Lakeside,+1-281-678-5044,+1-243-529-2951,2026-06-01 07:44:47,0,SMS,,3G,0.0,0.05
R03-0000676,3,Lakeside,+1-251-643-9158,+1-581-287-5240,2026-06-01 02:42:10,0,SMS,,5G,0.0,0.05
R03-0000677,3,Lakeside,+1-485-445-2250,,2026-06-01 15:29:58,4871,DATA,393637727,4G,0.0,3.94
R03-0000678,3,Lakeside,+1-246-215-3490,+1-948-775-6641,2026-06-01 03:31:30,810,VOICE,,4G,0.1,1.35
R03-0000679,3,Lakeside,+1-294-760-6532,+1-320-910-0914,2026-06-01 02:04:08,3435,VOICE,,5G,0.08,4.58
R03-0000680,3,Lakeside,+1-875-357-8705,+1-705-251-2660,2026-06-01 15:19:28,232,VOICE,,5G,0.08,0.31
R03-0000681,3,Lakeside,+1-264-323-6911,,2026-06-01 13:02:43,3999,DATA,86611118,4G,0.0,0.87
R03-0000682,3,Lakeside,+1-517-672-8791,+1-654-260-2230,2026-06-01 10:14:35,1097,VOICE,,5G,0.08,1.46
R03-0000683,3,Lakeside,+1-893-485-5386,,2026-06-01 11:18:12,3887,DATA,333966886,5G,0.0,3.34
R03-0000684,3,Lakeside,+1-632-465-5215,+1-552-998-2355,2026-06-01 13:57:29,2681,VOICE,,4G,0.1,4.47
R03-0000685,3,Lakeside,+1-387-981-2352,+1-722-464-4655,2026-06-01 22:32:28,2329,VOICE,,4G,0.1,3.88
R03-0000686,3,Lakeside,+1-989-447-4770,+1-411-363-0519,2026-06-01 11:51:56,0,SMS,,4G,0.0,0.05
R03-0000687,3,Lakeside,+1-667-845-5869,+1-839-933-2722,2026-06-01 10:45:40,0,SMS,,4G,0.0,0.05
R03-0000688,3,Lakeside,+1-427-882-9439,+1-548-515-6718,2026-06-01 01:49:02,0,SMS,,4G,0.0,0.05
R03-0000689,3,Lakeside,+1-521-356-8290,+1-463-817-9838,2026-06-01 12:39:21,0,SMS,,3G,0.0,0.05
R03-0000690,3,Lakeside,+1-457-815-2176,+1-827-744-0068,2026-06-01 00:44:16,385,VOICE,,4G,0.1,0.64
R03-0000691,3,Lakeside,+1-535-343-7896,,2026-06-01 11:45:36,7068,DATA,92254843,4G,0.0,0.92
R03-0000692,3,Lakeside,+1-982-215-9845,+1-962-973-4272,2026-06-01 13:50:40,1256,VOICE,,3G,0.12,2.51
R03-0000693,3,Lakeside,+1-573-203-7782,+1-959-477-3245,2026-06-01 13:44:07,0,SMS,,3G,0.0,0.05
R03-0000694,3,Lakeside,+1-498-909-8725,+1-201-855-9182,2026-06-01 17:47:41,0,SMS,,4G,0.0,0.05
R03-0000695,3,Lakeside,+1-580-477-7693,,2026-06-01 03:26:38,2150,DATA,86699841,4G,0.0,0.87
R03-0000696,3,Lakeside,+1-567-899-5388,+1-270-721-8262,2026-06-01 03:47:37,3385,VOICE,,3G,0.12,6.77
R03-0000697,3,Lakeside,+1-881-258-0672,+1-839-360-7492,2026-06-01 19:03:42,0,SMS,,4G,0.0,0.05
R03-0000698,3,Lakeside,+1-679-700-8119,+1-970-645-4719,2026-06-01 15:28:41,1660,VOICE,,4G,0.1,2.77
R03-0000699,3,Lakeside,+1-507-229-0577,+1-583-947-3586,2026-06-01 04:36:02,1756,VOICE,,4G,0.1,2.93
R03-0000700,3,Lakeside,+1-341-424-8468,+1-875-622-2610,2026-06-01 18:18:26,2799,VOICE,,5G,0.08,3.73
R03-0000701,3,Lakeside,+1-555-951-8435,+1-770-217-2947,2026-06-01 19:30:32,1833,VOICE,,3G,0.12,3.67
R03-0000702,3,Lakeside,+1-551-645-2989,+1-781-334-9310,2026-06-01 10:34:16,1349,VOICE,,4G,0.1,2.25
R03-0000703,3,Lakeside,+1-786-739-1808,+1-685-312-0803,2026-06-01 18:54:41,0,SMS,,4G,0.0,0.05
R03-0000704,3,Lakeside,+1-448-699-1191,+1-333-538-6945,2026-06-01 21:27:18,2644,VOICE,,5G,0.08,3.53
R03-0000705,3,Lakeside,+1-728-615-2532,+1-544-967-1682,2026-06-01 06:54:12,156,VOICE,,5G,0.08,0.21
R03-0000706,3,Lakeside,+1-393-696-4005,+1-501-781-4784,2026-06-01 00:10:39,0,SMS,,5G,0.0,0.05
R03-0000707,3,Lakeside,+1-922-938-5753,+1-680-884-0535,2026-06-01 17:49:22,2662,VOICE,,5G,0.08,3.55
R03-0000708,3,Lakeside,+1-334-361-6177,+1-804-905-1312,2026-06-01 16:17:37,809,VOICE,,4G,0.1,1.35
R03-0000709,3,Lakeside,+1-939-698-0413,+1-876-210-4830,2026-06-01 15:47:30,1403,VOICE,,4G,0.1,2.34
R03-0000710,3,Lakeside,+1-603-477-1258,+1-348-956-5117,2026-06-01 04:30:13,0,SMS,,4G,0.0,0.05
R03-0000711,3,Lakeside,+1-310-294-3611,+1-932-901-2118,2026-06-01 20:33:59,1710,VOICE,,4G,0.1,2.85
R03-0000712,3,Lakeside,+1-578-570-6735,+1-515-302-2454,2026-06-01 08:05:30,0,SMS,,3G,0.0,0.05
R03-0000713,3,Lakeside,+1-901-833-5801,+1-440-311-3287,2026-06-01 12:41:28,0,SMS,,4G,0.0,0.05
R03-0000714,3,Lakeside,+1-322-544-5913,+1-696-939-9852,2026-06-01 00:07:34,0,SMS,,5G,0.0,0.05
R03-0000715,3,Lakeside,+1-354-956-9751,+1-337-948-2927,2026-06-01 09:02:37,2724,VOICE,,5G,0.08,3.63
R03-0000716,3,Lakeside,+1-519-203-4080,+1-925-983-6726,2026-06-01 10:11:28,184,VOICE,,4G,0.1,0.31
R03-0000717,3,Lakeside,+1-664-262-8633,,2026-06-01 00:48:49,2030,DATA,445819957,3G,0.0,4.46
R03-0000718,3,Lakeside,+1-986-694-9442,+1-684-653-0921,2026-06-01 17:39:05,0,SMS,,5G,0.0,0.05
R03-0000719,3,Lakeside,+1-330-282-8021,+1-929-710-8186,2026-06-01 23:56:06,2224,VOICE,,5G,0.08,2.97
R03-0000720,3,Lakeside,+1-258-492-7488,+1-542-985-1171,2026-06-01 19:06:21,2158,VOICE,,4G,0.1,3.6
R03-0000721,3,Lakeside,+1-715-784-2390,+1-798-720-0456,2026-06-01 04:02:53,624,VOICE,,4G,0.1,1.04
R03-0000722,3,Lakeside,+1-639-593-7182,+1-966-589-6869,2026-06-01 13:23:54,0,SMS,,4G,0.0,0.05
R03-0000723,3,Lakeside,+1-247-883-8288,,2026-06-01 22:02:25,3848,DATA,30040202,4G,0.0,0.3
R03-0000724,3,Lakeside,+1-974-384-1051,+1-891-688-6774,2026-06-01 22:23:37,209,VOICE,,4G,0.1,0.35
R03-0000725,3,Lakeside,+1-860-919-3626,+1-270-573-3664,2026-06-01 21:50:33,1089,VOICE,,5G,0.08,1.45
R03-0000726,3,Lakeside,+1-777-435-2100,+1-967-747-5742,2026-06-01 04:21:32,1507,VOICE,,4G,0.1,2.51
R03-0000727,3,Lakeside,+1-464-922-1221,+1-419-420-6537,2026-06-01 05:54:42,0,SMS,,4G,0.0,0.05
R03-0000728,3,Lakeside,+1-838-447-8146,+1-657-477-8423,2026-06-01 21:42:36,1469,VOICE,,4G,0.1,2.45
R03-0000729,3,Lakeside,+1-810-868-7098,+1-744-332-2031,2026-06-01 11:01:26,0,SMS,,3G,0.0,0.05
R03-0000730,3,Lakeside,+1-906-936-1272,+1-981-306-0556,2026-06-01 09:27:12,0,SMS,,4G,0.0,0.05
R03-0000731,3,Lakeside,+1-800-262-9108,+1-266-363-3202,2026-06-01 13:13:11,0,SMS,,4G,0.0,0.05
R03-0000732,3,Lakeside,+1-910-602-6170,+1-682-391-4487,2026-06-01 06:39:24,0,SMS,,4G,0.0,0.05
R03-0000733,3,Lakeside,+1-643-245-1093,+1-285-226-0136,2026-06-01 02:51:28,1021,VOICE,,5G,0.08,1.36
R03-0000734,3,Lakeside,+1-213-982-4839,,2026-06-01 12:28:50,2536,DATA,242366014,4G,0.0,2.42
R03-0000735,3,Lakeside,+1-831-742-2886,+1-251-322-2962,2026-06-01 11:58:24,1593,VOICE,,5G,0.08,2.12
R03-0000736,3,Lakeside,+1-965-369-9766,+1-566-532-3496,2026-06-01 21:08:55,302,VOICE,,4G,0.1,0.5
R03-0000737,3,Lakeside,+1-335-614-2976,,2026-06-01 05:53:23,819,DATA,335376936,4G,0.0,3.35
R03-0000738,3,Lakeside,+1-385-442-9746,+1-383-506-6893,2026-06-01 05:38:21,0,SMS,,5G,0.0,0.05
R03-0000739,3,Lakeside,+1-764-562-5846,+1-779-839-6004,2026-06-01 10:16:31,0,SMS,,4G,0.0,0.05
R03-0000740,3,Lakeside,+1-527-525-7001,+1-534-352-2403,2026-06-01 01:25:27,0,SMS,,4G,0.0,0.05
R03-0000741,3,Lakeside,+1-360-663-7997,+1-580-363-7827,2026-06-01 05:15:43,0,SMS,,4G,0.0,0.05
R03-0000742,3,Lakeside,+1-643-347-4738,+1-282-959-4031,2026-06-01 23:19:35,1741,VOICE,,3G,0.12,3.48
R03-0000743,3,Lakeside,+1-562-426-1191,+1-214-282-1630,2026-06-01 16:16:34,0,SMS,,5G,0.0,0.05
R03-0000744,3,Lakeside,+1-534-310-1774,,2026-06-01 04:16:41,1452,DATA,136177233,4G,0.0,1.36
R03-0000745,3,Lakeside,+1-721-326-3432,,2026-06-01 03:08:37,3839,DATA,174887564,3G,0.0,1.75
R03-0000746,3,Lakeside,+1-939-950-0440,+1-964-812-2759,2026-06-01 16:35:54,697,VOICE,,4G,0.1,1.16
R03-0000747,3,Lakeside,+1-947-777-2980,+1-671-352-9406,2026-06-01 04:39:35,2970,VOICE,,5G,0.08,3.96
R03-0000748,3,Lakeside,+1-521-894-5491,+1-579-974-8613,2026-06-01 04:44:08,0,SMS,,4G,0.0,0.05
R03-0000749,3,Lakeside,+1-865-587-8229,+1-919-851-3050,2026-06-01 09:46:05,0,SMS,,4G,0.0,0.05
R03-0000750,3,Lakeside,+1-391-668-0382,+1-387-837-3203,2026-06-01 08:53:35,0,SMS,,4G,0.0,0.05
R03-0000751,3,Lakeside,+1-345-536-2624,,2026-06-01 21:08:22,6656,DATA,110725695,4G,0.0,1.11
R03-0000752,3,Lakeside,+1-552-542-2093,,2026-06-01 06:55:50,2583,DATA,18074195,5G,0.0,0.18
R03-0000753,3,Lakeside,+1-549-392-6937,+1-244-957-8036,2026-06-01 03:13:10,0,SMS,,4G,0.0,0.05
R03-0000754,3,Lakeside,+1-835-372-0331,+1-419-602-7037,2026-06-01 09:05:02,0,SMS,,4G,0.0,0.05
R03-0000755,3,Lakeside,+1-493-452-7788,,2026-06-01 06:23:35,6518,DATA,330132806,5G,0.0,3.3
R03-0000756,3,Lakeside,+1-428-656-0886,+1-360-282-8855,2026-06-01 20:58:51,868,VOICE,,4G,0.1,1.45
R03-0000757,3,Lakeside,+1-508-871-2747,+1-549-947-9455,2026-06-01 17:27:59,2684,VOICE,,5G,0.08,3.58
R03-0000758,3,Lakeside,+1-561-983-0877,,2026-06-01 09:42:29,3142,DATA,71364476,4G,0.0,0.71
R03-0000759,3,Lakeside,+1-601-863-3565,+1-239-782-3844,2026-06-01 14:19:24,40,VOICE,,5G,0.08,0.05
R03-0000760,3,Lakeside,+1-361-625-3465,+1-987-777-6736,2026-06-01 05:24:59,0,SMS,,4G,0.0,0.05
R03-0000761,3,Lakeside,+1-393-503-2789,,2026-06-01 17:30:13,4079,DATA,371274985,4G,0.0,3.71
R03-0000762,3,Lakeside,+1-226-537-8749,+1-277-792-3016,2026-06-01 19:29:09,791,VOICE,,4G,0.1,1.32
R03-0000763,3,Lakeside,+1-344-905-9239,+1-971-638-3079,2026-06-01 13:03:18,0,VOICE,,5G,0.08,0.0
R03-0000764,3,Lakeside,+1-590-474-6686,+1-423-229-4209,2026-06-01 17:23:06,790,VOICE,,4G,0.1,1.32
R03-0000765,3,Lakeside,+1-745-270-9610,+1-829-528-1253,2026-06-01 01:29:50,365,VOICE,,4G,0.1,0.61
R03-0000766,3,Lakeside,+1-786-878-0325,+1-204-351-7514,2026-06-01 19:09:29,2746,VOICE,,4G,0.1,4.58
R03-0000767,3,Lakeside,+1-693-856-9718,+1-411-425-1782,2026-06-01 12:53:06,2640,VOICE,,4G,0.1,4.4
R03-0000768,3,Lakeside,+1-312-919-2307,+1-817-571-3659,2026-06-01 08:18:46,1648,VOICE,,3G,0.12,3.3
R03-0000769,3,Lakeside,+1-603-376-6495,,2026-06-01 18:24:57,1118,DATA,231364652,5G,0.0,2.31
R03-0000770,3,Lakeside,+1-468-709-2270,+1-365-700-2153,2026-06-01 03:40:47,0,SMS,,4G,0.0,0.05
R03-0000771,3,Lakeside,+1-326-213-9812,+1-337-999-0841,2026-06-01 05:59:11,2181,VOICE,,5G,0.08,2.91
R03-0000772,3,Lakeside,+1-421-517-1697,,2026-06-01 16:33:05,4808,DATA,389376937,3G,0.0,3.89
R03-0000773,3,Lakeside,+1-654-824-2690,+1-461-766-3796,2026-06-01 07:40:00,3243,VOICE,,5G,0.08,4.32
R03-0000774,3,Lakeside,+1-944-674-2134,+1-944-648-1566,2026-06-01 01:21:02,3073,VOICE,,4G,0.1,5.12
R03-0000775,3,Lakeside,+1-466-965-9069,+1-268-895-7712,2026-06-01 07:28:44,0,SMS,,5G,0.0,0.05
R03-0000776,3,Lakeside,+1-452-222-4095,+1-520-830-0046,2026-06-01 08:54:04,0,SMS,,4G,0.0,0.05
R03-0000777,3,Lakeside,+1-665-667-7247,+1-256-414-1048,2026-06-01 12:00:59,0,VOICE,,5G,0.08,0.0
R03-0000778,3,Lakeside,+1-224-352-0953,+1-556-910-4742,2026-06-01 21:36:17,329,VOICE,,5G,0.08,0.44
R03-0000779,3,Lakeside,+1-785-548-6198,+1-641-607-4448,2026-06-01 12:25:53,2860,VOICE,,4G,0.1,4.77
R03-0000780,3,Lakeside,+1-201-865-2766,+1-971-283-0619,2026-06-01 02:15:29,0,SMS,,4G,0.0,0.05
R03-0000781,3,Lakeside,+1-620-550-5103,+1-624-947-1690,2026-06-01 09:40:19,0,SMS,,4G,0.0,0.05
R03-0000782,3,Lakeside,+1-879-887-4397,+1-707-489-7359,2026-06-01 14:09:06,0,VOICE,,3G,0.12,0.0
R03-0000783,3,Lakeside,+1-916-294-9848,+1-519-670-0646,2026-06-01 23:31:59,2695,VOICE,,5G,0.08,3.59
R03-0000784,3,Lakeside,+1-555-956-2781,+1-436-763-7135,2026-06-01 10:49:01,0,SMS,,3G,0.0,0.05
R03-0000785,3,Lakeside,+1-404-221-9991,+1-244-856-0082,2026-06-01 19:33:57,0,SMS,,5G,0.0,0.05
R03-0000786,3,Lakeside,+1-249-440-6025,+1-525-643-6627,2026-06-01 22:44:30,2088,VOICE,,4G,0.1,3.48
R03-0000787,3,Lakeside,+1-919-494-8283,,2026-06-01 17:52:22,3662,DATA,442088299,4G,0.0,4.42
R03-0000788,3,Lakeside,+1-213-585-3685,,2026-06-01 17:26:05,6333,DATA,466306307,3G,0.0,4.66
R03-0000789,3,Lakeside,+1-604-494-2239,+1-581-712-8335,2026-06-01 09:43:42,0,SMS,,5G,0.0,0.05
R03-0000790,3,Lakeside,+1-878-671-1883,+1-318-717-0839,2026-06-01 11:19:43,503,VOICE,,5G,0.08,0.67
R03-0000791,3,Lakeside,+1-809-946-6796,+1-942-506-2934,2026-06-01 10:01:41,599,VOICE,,5G,0.08,0.8
R03-0000792,3,Lakeside,+1-705-359-7300,+1-214-812-2509,2026-06-01 15:52:44,0,SMS,,3G,0.0,0.05
R03-0000793,3,Lakeside,+1-745-905-2234,+1-381-457-8322,2026-06-01 04:13:59,1574,VOICE,,4G,0.1,2.62
R03-0000794,3,Lakeside,+1-216-204-1636,,2026-06-01 04:03:38,3605,DATA,72292354,4G,0.0,0.72
R03-0000795,3,Lakeside,+1-598-837-6459,+1-774-339-6034,2026-06-01 17:50:13,0,SMS,,5G,0.0,0.05
R03-0000796,3,Lakeside,+1-638-346-8050,+1-562-676-5183,2026-06-01 21:36:20,2366,VOICE,,5G,0.08,3.15
R03-0000797,3,Lakeside,+1-557-971-8461,+1-976-359-2890,2026-06-01 10:49:41,1928,VOICE,,3G,0.12,3.86
R03-0000798,3,Lakeside,+1-312-241-3848,+1-847-800-4501,2026-06-01 20:15:31,0,SMS,,5G,0.0,0.05
R03-0000799,3,Lakeside,+1-822-876-4863,+1-317-385-6115,2026-06-01 08:59:49,0,SMS,,4G,0.0,0.05
R03-0000800,3,Lakeside,+1-520-354-9512,+1-550-892-4218,2026-06-01 04:14:45,3439,VOICE,,4G,0.1,5.73
R03-0000801,3,Lakeside,+1-665-436-8490,+1-861-571-6876,2026-06-01 21:27:01,635,VOICE,,4G,0.1,1.06
R03-0000802,3,Lakeside,+1-516-882-3304,+1-565-210-0888,2026-06-01 21:08:40,0,SMS,,5G,0.0,0.05
R03-0000803,3,Lakeside,+1-721-635-2421,+1-859-616-7826,2026-06-01 11:16:17,3515,VOICE,,4G,0.1,5.86
R03-0000804,3,Lakeside,+1-821-241-0513,+1-380-658-6488,2026-06-01 17:26:35,0,SMS,,4G,0.0,0.05
R03-0000805,3,Lakeside,+1-796-366-9066,,2026-06-01 01:41:30,5900,DATA,297510442,4G,0.0,2.98
R03-0000806,3,Lakeside,+1-277-962-7652,,2026-06-01 06:36:02,3516,DATA,230076257,4G,0.0,2.3
R03-0000807,3,Lakeside,+1-460-781-6488,+1-348-997-3184,2026-06-01 22:00:04,0,SMS,,3G,0.0,0.05
R03-0000808,3,Lakeside,+1-419-208-2327,+1-910-262-4476,2026-06-01 05:52:08,207,VOICE,,4G,0.1,0.35
R03-0000809,3,Lakeside,+1-660-854-7275,+1-335-400-9024,2026-06-01 09:32:31,2034,VOICE,,3G,0.12,4.07
R03-0000810,3,Lakeside,+1-249-581-8419,+1-480-934-4848,2026-06-01 04:32:23,1301,VOICE,,4G,0.1,2.17
R03-0000811,3,Lakeside,+1-530-427-3002,,2026-06-01 11:59:07,4347,DATA,27224916,5G,0.0,0.27
R03-0000812,3,Lakeside,+1-315-240-2683,,2026-06-01 00:32:27,3519,DATA,258945133,5G,0.0,2.59
R03-0000813,3,Lakeside,+1-575-457-1799,,2026-06-01 16:59:21,1885,DATA,465676770,4G,0.0,4.66
R03-0000814,3,Lakeside,+1-229-887-0535,+1-394-331-2861,2026-06-01 11:09:18,809,VOICE,,4G,0.1,1.35
R03-0000815,3,Lakeside,+1-453-806-1201,+1-331-332-5253,2026-06-01 20:41:26,0,SMS,,4G,0.0,0.05
R03-0000816,3,Lakeside,+1-318-593-9819,+1-849-404-2847,2026-06-01 11:50:24,0,SMS,,5G,0.0,0.05
R03-0000817,3,Lakeside,+1-294-670-0387,,2026-06-01 20:38:28,4560,DATA,236410828,3G,0.0,2.36
R03-0000818,3,Lakeside,+1-231-913-9405,,2026-06-01 11:16:40,4998,DATA,196125792,3G,0.0,1.96
R03-0000819,3,Lakeside,+1-816-525-6374,+1-626-986-6760,2026-06-01 12:06:50,2203,VOICE,,4G,0.1,3.67
R03-0000820,3,Lakeside,+1-460-708-8768,+1-775-211-0326,2026-06-01 06:58:17,0,SMS,,4G,0.0,0.05
R03-0000821,3,Lakeside,+1-827-297-2357,+1-809-370-7739,2026-06-01 01:37:48,0,SMS,,4G,0.0,0.05
R03-0000822,3,Lakeside,+1-244-812-0340,+1-542-638-4299,2026-06-01 00:33:09,0,SMS,,4G,0.0,0.05
R03-0000823,3,Lakeside,+1-495-536-8488,,2026-06-01 11:34:48,2656,DATA,237037148,3G,0.0,2.37
R03-0000824,3,Lakeside,+1-274-978-5675,,2026-06-01 05:58:39,1725,DATA,108950086,5G,0.0,1.09
R03-0000825,3,Lakeside,+1-596-356-6396,+1-823-357-4103,2026-06-01 00:57:35,1975,VOICE,,4G,0.1,3.29
R03-0000826,3,Lakeside,+1-707-536-8872,+1-776-697-0868,2026-06-01 07:23:27,2564,VOICE,,4G,0.1,4.27
R03-0000827,3,Lakeside,+1-771-874-8783,+1-733-427-5505,2026-06-01 01:45:49,2955,VOICE,,5G,0.08,3.94
R03-0000828,3,Lakeside,+1-361-918-7937,+1-594-483-2935,2026-06-01 07:29:51,51,VOICE,,4G,0.1,0.09
R03-0000829,3,Lakeside,+1-492-398-1343,+1-555-610-6321,2026-06-01 11:39:35,0,SMS,,3G,0.0,0.05
R03-0000830,3,Lakeside,+1-251-583-1296,,2026-06-01 06:37:09,3199,DATA,494143416,4G,0.0,4.94
R03-0000831,3,Lakeside,+1-518-343-4056,+1-869-837-8883,2026-06-01 03:54:39,1974,VOICE,,5G,0.08,2.63
R03-0000832,3,Lakeside,+1-970-256-6771,+1-291-418-0615,2026-06-01 10:12:32,0,SMS,,4G,0.0,0.05
R03-0000833,3,Lakeside,+1-340-785-3214,+1-660-307-5102,2026-06-01 06:54:19,0,SMS,,4G,0.0,0.05
R03-0000834,3,Lakeside,+1-365-818-5127,+1-453-263-6124,2026-06-01 14:30:27,2952,VOICE,,5G,0.08,3.94
R03-0000835,3,Lakeside,+1-341-284-0124,+1-460-817-0657,2026-06-01 19:45:00,0,SMS,,4G,0.0,0.05
R03-0000836,3,Lakeside,+1-712-456-5906,+1-245-719-2334,2026-06-01 13:57:58,3514,VOICE,,3G,0.12,7.03
R03-0000837,3,Lakeside,+1-840-356-7515,+1-759-686-2728,2026-06-01 14:26:13,221,VOICE,,5G,0.08,0.29
R03-0000838,3,Lakeside,+1-372-425-0168,+1-291-927-7527,2026-06-01 23:09:23,1179,VOICE,,4G,0.1,1.96
R03-0000839,3,Lakeside,+1-568-677-8950,+1-620-284-7503,2026-06-01 20:48:05,71,VOICE,,5G,0.08,0.09
R03-0000840,3,Lakeside,+1-338-325-5428,+1-218-725-5040,2026-06-01 12:30:16,1654,VOICE,,4G,0.1,2.76
R03-0000841,3,Lakeside,+1-884-912-8677,+1-790-208-4519,2026-06-01 05:03:32,835,VOICE,,4G,0.1,1.39
R03-0000842,3,Lakeside,+1-392-856-8258,+1-232-553-7157,2026-06-01 04:13:09,302,VOICE,,3G,0.12,0.6
R03-0000843,3,Lakeside,+1-809-771-8144,+1-869-921-0212,2026-06-01 03:57:07,0,SMS,,5G,0.0,0.05
R03-0000844,3,Lakeside,+1-963-293-1685,+1-318-697-7980,2026-06-01 06:08:26,0,VOICE,,4G,0.1,0.0
R03-0000845,3,Lakeside,+1-496-788-2794,+1-253-286-7809,2026-06-01 04:03:21,2847,VOICE,,4G,0.1,4.75
R03-0000846,3,Lakeside,+1-213-257-3992,+1-762-927-9392,2026-06-01 12:31:47,0,SMS,,4G,0.0,0.05
R03-0000847,3,Lakeside,+1-407-537-4100,+1-784-872-5108,2026-06-01 11:06:16,0,SMS,,4G,0.0,0.05
R03-0000848,3,Lakeside,+1-469-978-8080,+1-978-880-1211,2026-06-01 20:50:55,2042,VOICE,,5G,0.08,2.72
R03-0000849,3,Lakeside,+1-656-790-3567,+1-511-376-4016,2026-06-01 20:52:33,2966,VOICE,,4G,0.1,4.94
R03-0000850,3,Lakeside,+1-521-665-6646,+1-882-775-6403,2026-06-01 07:25:13,753,VOICE,,4G,0.1,1.26
R03-0000851,3,Lakeside,+1-793-870-7860,,2026-06-01 07:24:07,2327,DATA,13811133,4G,0.0,0.14
R03-0000852,3,Lakeside,+1-627-469-4491,+1-444-914-9734,2026-06-01 21:11:14,1984,VOICE,,3G,0.12,3.97
R03-0000853,3,Lakeside,+1-977-829-4136,,2026-06-01 06:22:10,593,DATA,191230939,4G,0.0,1.91
R03-0000854,3,Lakeside,+1-439-338-4918,+1-459-460-6823,2026-06-01 09:14:20,597,VOICE,,4G,0.1,0.99
R03-0000855,3,Lakeside,+1-464-725-4438,+1-704-315-7597,2026-06-01 08:30:25,1093,VOICE,,4G,0.1,1.82
R03-0000856,3,Lakeside,+1-268-538-5479,+1-518-376-8281,2026-06-01 08:50:31,3419,VOICE,,3G,0.12,6.84
R03-0000857,3,Lakeside,+1-939-886-4798,+1-350-855-8106,2026-06-01 16:04:03,1651,VOICE,,5G,0.08,2.2
R03-0000858,3,Lakeside,+1-463-914-6051,+1-366-364-7095,2026-06-01 04:41:57,3067,VOICE,,5G,0.08,4.09
R03-0000859,3,Lakeside,+1-410-662-6670,,2026-06-01 14:27:47,1132,DATA,283343540,4G,0.0,2.83
R03-0000860,3,Lakeside,+1-490-667-4545,+1-557-809-8056,2026-06-01 20:13:52,0,SMS,,5G,0.0,0.05
R03-0000861,3,Lakeside,+1-688-309-2128,+1-493-219-9728,2026-06-01 07:50:09,1232,VOICE,,4G,0.1,2.05
R03-0000862,3,Lakeside,+1-848-790-9786,+1-718-574-8174,2026-06-01 15:31:37,0,SMS,,4G,0.0,0.05
R03-0000863,3,Lakeside,+1-360-242-3072,+1-923-843-3062,2026-06-01 01:42:51,2827,VOICE,,4G,0.1,4.71
R03-0000864,3,Lakeside,+1-932-893-4614,+1-266-686-8644,2026-06-01 07:06:05,0,SMS,,4G,0.0,0.05
R03-0000865,3,Lakeside,+1-375-313-1447,,2026-06-01 04:53:47,4740,DATA,122087795,5G,0.0,1.22
R03-0000866,3,Lakeside,+1-854-686-4729,+1-437-442-1795,2026-06-01 06:45:55,2020,VOICE,,4G,0.1,3.37
R03-0000867,3,Lakeside,+1-656-519-7861,+1-214-464-6580,2026-06-01 18:18:12,627,VOICE,,3G,0.12,1.25
R03-0000868,3,Lakeside,+1-219-634-6658,+1-967-370-2496,2026-06-01 18:46:43,452,VOICE,,5G,0.08,0.6
R03-0000869,3,Lakeside,+1-887-848-7927,+1-265-445-3347,2026-06-01 02:52:46,0,SMS,,4G,0.0,0.05
R03-0000870,3,Lakeside,+1-449-806-8183,+1-988-719-9526,2026-06-01 17:34:47,110,VOICE,,3G,0.12,0.22
R03-0000871,3,Lakeside,+1-612-717-5340,+1-652-596-4488,2026-06-01 19:31:12,1604,VOICE,,4G,0.1,2.67
R03-0000872,3,Lakeside,+1-731-296-3097,,2026-06-01 01:01:04,5008,DATA,156228577,3G,0.0,1.56
R03-0000873,3,Lakeside,+1-617-958-5089,+1-219-750-1226,2026-06-01 15:42:45,3375,VOICE,,4G,0.1,5.62
R03-0000874,3,Lakeside,+1-921-470-6639,+1-882-735-8010,2026-06-01 09:13:57,0,SMS,,5G,0.0,0.05
R03-0000875,3,Lakeside,+1-915-404-5390,,2026-06-01 13:00:11,1966,DATA,16667445,4G,0.0,0.17
R03-0000876,3,Lakeside,+1-859-458-0337,+1-889-264-4144,2026-06-01 19:59:12,0,SMS,,4G,0.0,0.05
R03-0000877,3,Lakeside,+1-330-264-1979,+1-686-592-2272,2026-06-01 09:53:59,2113,VOICE,,4G,0.1,3.52
R03-0000878,3,Lakeside,+1-743-962-4712,+1-717-427-8939,2026-06-01 03:07:17,1299,VOICE,,4G,0.1,2.17
R03-0000879,3,Lakeside,+1-575-203-6022,,2026-06-01 22:36:45,4677,DATA,412469964,5G,0.0,4.12
R03-0000880,3,Lakeside,+1-246-711-2568,+1-278-896-9599,2026-06-01 02:28:40,1569,VOICE,,4G,0.1,2.62
R03-0000881,3,Lakeside,+1-789-793-6968,+1-734-805-9027,2026-06-01 02:47:54,0,SMS,,5G,0.0,0.05
R03-0000882,3,Lakeside,+1-357-868-5453,+1-528-656-4477,2026-06-01 12:44:52,0,SMS,,4G,0.0,0.05
R03-0000883,3,Lakeside,+1-865-965-4018,+1-936-828-1376,2026-06-01 04:10:51,0,SMS,,4G,0.0,0.05
R03-0000884,3,Lakeside,+1-792-578-3227,+1-947-780-7865,2026-06-01 15:57:55,0,SMS,,3G,0.0,0.05
R03-0000885,3,Lakeside,+1-720-899-1485,+1-940-498-8833,2026-06-01 17:32:22,0,SMS,,4G,0.0,0.05
R03-0000886,3,Lakeside,+1-871-854-3935,,2026-06-01 01:59:25,394,DATA,387899233,4G,0.0,3.88
R03-0000887,3,Lakeside,+1-328-643-6846,+1-814-301-4722,2026-06-01 14:31:21,0,SMS,,4G,0.0,0.05
R03-0000888,3,Lakeside,+1-586-364-2640,+1-776-229-0344,2026-06-01 20:21:09,3492,VOICE,,4G,0.1,5.82
R03-0000889,3,Lakeside,+1-884-355-3698,+1-905-229-3860,2026-06-01 19:07:35,1908,VOICE,,4G,0.1,3.18
R03-0000890,3,Lakeside,+1-465-359-5061,+1-222-323-4649,2026-06-01 02:26:15,2184,VOICE,,5G,0.08,2.91
R03-0000891,3,Lakeside,+1-931-387-9706,+1-700-850-3604,2026-06-01 06:17:35,2172,VOICE,,5G,0.08,2.9
R03-0000892,3,Lakeside,+1-963-956-8251,+1-463-270-3570,2026-06-01 23:41:15,3149,VOICE,,4G,0.1,5.25
R03-0000893,3,Lakeside,+1-517-527-7986,+1-346-784-5394,2026-06-01 15:23:16,0,SMS,,5G,0.0,0.05
R03-0000894,3,Lakeside,+1-321-878-6599,+1-485-793-2658,2026-06-01 05:38:04,0,SMS,,3G,0.0,0.05
R03-0000895,3,Lakeside,+1-496-354-0188,+1-307-825-3976,2026-06-01 00:50:03,0,SMS,,3G,0.0,0.05
R03-0000896,3,Lakeside,+1-791-351-6519,+1-393-767-0576,2026-06-01 13:17:14,0,SMS,,4G,0.0,0.05
R03-0000897,3,Lakeside,+1-534-923-8867,,2026-06-01 07:36:35,1188,DATA,248325221,5G,0.0,2.48
R03-0000898,3,Lakeside,+1-292-532-0701,+1-595-398-9034,2026-06-01 00:20:49,616,VOICE,,4G,0.1,1.03
R03-0000899,3,Lakeside,+1-975-980-8448,+1-929-876-1728,2026-06-01 22:46:04,0,SMS,,3G,0.0,0.05
R03-0000900,3,Lakeside,+1-529-648-8437,+1-880-292-7192,2026-06-01 16:30:48,2484,VOICE,,5G,0.08,3.31
R03-0000901,3,Lakeside,+1-818-963-4448,+1-389-444-7359,2026-06-01 04:35:42,0,SMS,,5G,0.0,0.05
R03-0000902,3,Lakeside,+1-381-397-1594,,2026-06-01 23:05:43,3866,DATA,449112342,4G,0.0,4.49
R03-0000903,3,Lakeside,+1-307-688-5966,+1-551-396-7433,2026-06-01 13:32:11,0,SMS,,4G,0.0,0.05
R03-0000904,3,Lakeside,+1-291-988-0898,,2026-06-01 04:43:33,1994,DATA,322907539,5G,0.0,3.23
R03-0000905,3,Lakeside,+1-903-996-7873,+1-756-678-2077,2026-06-01 20:15:27,913,VOICE,,4G,0.1,1.52
R03-0000906,3,Lakeside,+1-213-767-7380,+1-360-854-1956,2026-06-01 01:27:10,801,VOICE,,5G,0.08,1.07
R03-0000907,3,Lakeside,+1-495-287-6685,+1-439-910-5443,2026-06-01 15:22:20,0,SMS,,4G,0.0,0.05
R03-0000908,3,Lakeside,+1-640-768-8624,,2026-06-01 08:21:31,6788,DATA,93090066,5G,0.0,0.93
R03-0000909,3,Lakeside,+1-950-498-5225,,2026-06-01 19:56:11,1373,DATA,377603659,3G,0.0,3.78
R03-0000910,3,Lakeside,+1-214-679-3797,,2026-06-01 18:44:58,374,DATA,479355372,4G,0.0,4.79
R03-0000911,3,Lakeside,+1-624-328-9730,+1-604-960-1931,2026-06-01 21:43:24,3110,VOICE,,3G,0.12,6.22
R03-0000912,3,Lakeside,+1-727-585-5919,+1-208-400-1047,2026-06-01 04:47:04,2412,VOICE,,4G,0.1,4.02
R03-0000913,3,Lakeside,+1-434-856-5594,+1-701-430-0880,2026-06-01 00:02:05,669,VOICE,,4G,0.1,1.11
R03-0000914,3,Lakeside,+1-475-212-0553,+1-639-537-6424,2026-06-01 00:11:49,0,SMS,,5G,0.0,0.05
R03-0000915,3,Lakeside,+1-335-627-0433,+1-240-649-1682,2026-06-01 08:54:24,0,SMS,,4G,0.0,0.05
R03-0000916,3,Lakeside,+1-528-879-1631,+1-940-506-9481,2026-06-01 09:57:37,0,SMS,,4G,0.0,0.05
R03-0000917,3,Lakeside,+1-922-776-3212,,2026-06-01 06:25:40,732,DATA,181448203,4G,0.0,1.81
R03-0000918,3,Lakeside,+1-437-294-7657,,2026-06-01 09:24:26,5742,DATA,26552031,3G,0.0,0.27
R03-0000919,3,Lakeside,+1-884-790-2682,+1-927-358-2552,2026-06-01 17:15:32,0,SMS,,4G,0.0,0.05
R03-0000920,3,Lakeside,+1-752-937-9757,,2026-06-01 12:13:01,843,DATA,107555130,4G,0.0,1.08
R03-0000921,3,Lakeside,+1-592-646-6012,,2026-06-01 21:40:09,5856,DATA,155931035,5G,0.0,1.56
R03-0000922,3,Lakeside,+1-373-391-8028,,2026-06-01 22:22:08,5267,DATA,459689195,4G,0.0,4.6
R03-0000923,3,Lakeside,+1-566-259-2583,+1-309-273-4698,2026-06-01 11:12:54,238,VOICE,,5G,0.08,0.32
R03-0000924,3,Lakeside,+1-651-826-8780,+1-557-731-4433,2026-06-01 05:34:29,2956,VOICE,,4G,0.1,4.93
R03-0000925,3,Lakeside,+1-318-323-1033,+1-833-383-5355,2026-06-01 12:21:42,1154,VOICE,,4G,0.1,1.92
R03-0000926,3,Lakeside,+1-861-564-2649,,2026-06-01 09:50:14,5696,DATA,387524805,5G,0.0,3.88
R03-0000927,3,Lakeside,+1-538-479-4234,+1-374-861-6585,2026-06-01 23:35:41,3464,VOICE,,3G,0.12,6.93
R03-0000928,3,Lakeside,+1-435-818-6831,+1-773-590-4060,2026-06-01 03:00:04,0,SMS,,4G,0.0,0.05
R03-0000929,3,Lakeside,+1-704-776-6486,+1-834-866-4704,2026-06-01 13:04:08,0,SMS,,4G,0.0,0.05
R03-0000930,3,Lakeside,+1-452-670-2508,+1-282-210-1993,2026-06-01 17:55:04,0,SMS,,4G,0.0,0.05
R03-0000931,3,Lakeside,+1-617-264-0782,+1-880-457-6467,2026-06-01 23:57:59,0,SMS,,3G,0.0,0.05
R03-0000932,3,Lakeside,+1-725-886-1547,+1-931-728-6373,2026-06-01 06:38:05,0,SMS,,3G,0.0,0.05
R03-0000933,3,Lakeside,+1-812-492-0115,,2026-06-01 16:35:43,5307,DATA,101415229,3G,0.0,1.01
R03-0000934,3,Lakeside,+1-706-999-6890,+1-694-811-0694,2026-06-01 20:27:40,2300,VOICE,,5G,0.08,3.07
R03-0000935,3,Lakeside,+1-413-292-3633,+1-786-812-0356,2026-06-01 14:18:56,2025,VOICE,,5G,0.08,2.7
R03-0000936,3,Lakeside,+1-485-686-5723,,2026-06-01 02:35:52,1838,DATA,170418179,4G,0.0,1.7
R03-0000937,3,Lakeside,+1-890-912-7461,+1-492-311-4148,2026-06-01 08:50:19,1093,VOICE,,5G,0.08,1.46
R03-0000938,3,Lakeside,+1-678-959-4856,+1-921-505-5404,2026-06-01 06:58:45,1294,VOICE,,4G,0.1,2.16
R03-0000939,3,Lakeside,+1-343-678-3630,+1-206-281-9488,2026-06-01 10:51:01,1454,VOICE,,5G,0.08,1.94
R03-0000940,3,Lakeside,+1-254-660-0711,+1-224-312-1969,2026-06-01 21:23:32,878,VOICE,,5G,0.08,1.17
R03-0000941,3,Lakeside,+1-394-234-6924,+1-809-499-4308,2026-06-01 00:26:02,1246,VOICE,,4G,0.1,2.08
R03-0000942,3,Lakeside,+1-696-946-1421,,2026-06-01 21:31:44,6674,DATA,462663880,4G,0.0,4.63
R03-0000943,3,Lakeside,+1-828-588-3267,+1-567-550-9208,2026-06-01 03:37:38,407,VOICE,,5G,0.08,0.54
R03-0000944,3,Lakeside,+1-481-442-8727,,2026-06-01 22:02:10,1660,DATA,81576839,4G,0.0,0.82
R03-0000945,3,Lakeside,+1-484-773-6680,+1-794-445-9529,2026-06-01 01:27:19,2612,VOICE,,5G,0.08,3.48
R03-0000946,3,Lakeside,+1-488-390-0780,+1-764-421-8263,2026-06-01 01:42:42,0,SMS,,4G,0.0,0.05
R03-0000947,3,Lakeside,+1-486-782-5315,+1-307-803-2381,2026-06-01 13:06:08,0,SMS,,4G,0.0,0.05
R03-0000948,3,Lakeside,+1-783-307-2497,+1-797-925-0399,2026-06-01 22:42:29,2730,VOICE,,4G,0.1,4.55
R03-0000949,3,Lakeside,+1-499-323-1190,,2026-06-01 12:27:44,970,DATA,200658936,5G,0.0,2.01
R03-0000950,3,Lakeside,+1-839-410-7161,+1-328-739-0155,2026-06-01 18:38:19,1969,VOICE,,4G,0.1,3.28
R03-0000951,3,Lakeside,+1-489-546-6101,,2026-06-01 11:27:12,4468,DATA,7862924,5G,0.0,0.08
R03-0000952,3,Lakeside,+1-564-834-4026,+1-792-519-2554,2026-06-01 21:13:08,0,SMS,,5G,0.0,0.05
R03-0000953,3,Lakeside,+1-312-245-2349,+1-487-571-9854,2026-06-01 09:12:02,0,SMS,,4G,0.0,0.05
R03-0000954,3,Lakeside,+1-688-916-7296,+1-586-574-0242,2026-06-01 23:09:23,611,VOICE,,4G,0.1,1.02
R03-0000955,3,Lakeside,+1-346-394-8693,+1-546-470-0673,2026-06-01 16:22:15,0,SMS,,4G,0.0,0.05
R03-0000956,3,Lakeside,+1-699-318-5928,+1-215-263-5148,2026-06-01 06:11:24,562,VOICE,,4G,0.1,0.94
R03-0000957,3,Lakeside,+1-408-511-4028,+1-219-508-8488,2026-06-01 03:12:14,0,SMS,,5G,0.0,0.05
R03-0000958,3,Lakeside,+1-954-307-7510,,2026-06-01 10:22:38,2205,DATA,237556198,4G,0.0,2.38
R03-0000959,3,Lakeside,+1-487-410-5277,+1-909-511-7147,2026-06-01 00:11:20,0,VOICE,,4G,0.1,0.0
R03-0000960,3,Lakeside,+1-539-720-2460,+1-748-990-7318,2026-06-01 08:33:06,0,VOICE,,4G,0.1,0.0
R03-0000961,3,Lakeside,+1-464-641-7155,+1-231-737-7989,2026-06-01 04:02:33,2934,VOICE,,5G,0.08,3.91
R03-0000962,3,Lakeside,+1-716-288-8420,+1-623-641-8547,2026-06-01 19:53:32,0,SMS,,3G,0.0,0.05
R03-0000963,3,Lakeside,+1-530-384-5889,,2026-06-01 12:31:42,910,DATA,377943431,5G,0.0,3.78
R03-0000964,3,Lakeside,+1-896-838-5552,,2026-06-01 07:22:25,1892,DATA,324051385,3G,0.0,3.24
R03-0000965,3,Lakeside,+1-866-788-6281,+1-423-268-0105,2026-06-01 17:08:39,1426,VOICE,,5G,0.08,1.9
R03-0000966,3,Lakeside,+1-503-693-1556,+1-324-698-2254,2026-06-01 02:06:52,0,SMS,,5G,0.0,0.05
R03-0000967,3,Lakeside,+1-459-641-8568,+1-750-692-9373,2026-06-01 17:01:41,0,SMS,,4G,0.0,0.05
R03-0000968,3,Lakeside,+1-294-447-3514,,2026-06-01 07:57:52,5228,DATA,315250999,4G,0.0,3.15
R03-0000969,3,Lakeside,+1-580-792-1591,+1-271-342-5276,2026-06-01 02:23:38,1133,VOICE,,5G,0.08,1.51
R03-0000970,3,Lakeside,+1-593-366-4191,,2026-06-01 01:32:31,5201,DATA,205396357,5G,0.0,2.05
R03-0000971,3,Lakeside,+1-398-284-3082,+1-931-978-1300,2026-06-01 00:36:25,3298,VOICE,,4G,0.1,5.5
R03-0000972,3,Lakeside,+1-698-520-4340,+1-501-591-6181,2026-06-01 12:32:55,0,SMS,,3G,0.0,0.05
R03-0000973,3,Lakeside,+1-598-867-2768,+1-487-867-2379,2026-06-01 20:05:55,0,SMS,,4G,0.0,0.05
R03-0000974,3,Lakeside,+1-396-787-2687,+1-859-229-8293,2026-06-01 08:40:27,682,VOICE,,5G,0.08,0.91
R03-0000975,3,Lakeside,+1-496-802-3957,+1-796-510-0340,2026-06-01 10:10:41,0,SMS,,3G,0.0,0.05
R03-0000976,3,Lakeside,+1-585-679-9984,+1-842-968-1639,2026-06-01 15:18:23,0,SMS,,4G,0.0,0.05
R03-0000977,3,Lakeside,+1-821-620-1067,+1-323-991-8768,2026-06-01 10:00:06,282,VOICE,,4G,0.1,0.47
R03-0000978,3,Lakeside,+1-447-293-7967,+1-351-624-5729,2026-06-01 07:01:29,0,SMS,,3G,0.0,0.05
R03-0000979,3,Lakeside,+1-453-757-1100,+1-551-412-9484,2026-06-01 10:03:46,2371,VOICE,,5G,0.08,3.16
R03-0000980,3,Lakeside,+1-779-513-4730,+1-847-672-2805,2026-06-01 08:23:30,0,SMS,,4G,0.0,0.05
R03-0000981,3,Lakeside,+1-653-276-8446,+1-521-584-2740,2026-06-01 11:45:13,3354,VOICE,,4G,0.1,5.59
R03-0000982,3,Lakeside,+1-450-541-8404,,2026-06-01 13:48:59,3179,DATA,109652185,4G,0.0,1.1
R03-0000983,3,Lakeside,+1-500-476-6588,+1-257-954-0302,2026-06-01 12:03:55,431,VOICE,,4G,0.1,0.72
R03-0000984,3,Lakeside,+1-422-560-7539,,2026-06-01 09:18:46,6476,DATA,416761740,4G,0.0,4.17
R03-0000985,3,Lakeside,+1-734-772-0458,,2026-06-01 19:16:50,3994,DATA,15394780,5G,0.0,0.15
R03-0000986,3,Lakeside,+1-831-969-7205,+1-774-427-8776,2026-06-01 04:02:28,3599,VOICE,,4G,0.1,6.0
R03-0000987,3,Lakeside,+1-237-729-3451,+1-642-783-8004,2026-06-01 05:06:51,0,SMS,,5G,0.0,0.05
R03-0000988,3,Lakeside,+1-802-772-0051,+1-551-240-4732,2026-06-01 11:08:38,1124,VOICE,,4G,0.1,1.87
R03-0000989,3,Lakeside,+1-883-954-9263,+1-464-698-1134,2026-06-01 01:15:31,557,VOICE,,5G,0.08,0.74
R03-0000990,3,Lakeside,+1-464-346-7641,+1-714-232-3166,2026-06-01 16:27:04,2429,VOICE,,3G,0.12,4.86
R03-0000991,3,Lakeside,+1-292-772-7266,+1-943-494-4496,2026-06-01 00:39:32,625,VOICE,,4G,0.1,1.04
R03-0000992,3,Lakeside,+1-978-958-3127,+1-684-516-9396,2026-06-01 10:25:14,0,SMS,,5G,0.0,0.05
R03-0000993,3,Lakeside,+1-663-675-3585,+1-885-901-0560,2026-06-01 05:51:24,3095,VOICE,,3G,0.12,6.19
R03-0000994,3,Lakeside,+1-690-590-2596,+1-686-737-2098,2026-06-01 11:31:37,82,VOICE,,4G,0.1,0.14
R03-0000995,3,Lakeside,+1-351-598-2294,+1-273-283-2550,2026-06-01 10:34:00,440,VOICE,,4G,0.1,0.73
R03-0000996,3,Lakeside,+1-848-381-5194,+1-377-969-3971,2026-06-01 05:48:53,1380,VOICE,,5G,0.08,1.84
R03-0000997,3,Lakeside,+1-636-710-1022,,2026-06-01 12:40:26,3583,DATA,430694988,3G,0.0,4.31
R03-0000998,3,Lakeside,+1-378-221-1990,+1-948-202-9136,2026-06-01 18:42:32,0,SMS,,4G,0.0,0.05
R03-0000999,3,Lakeside,+1-556-288-4011,+1-741-792-4911,2026-06-01 11:44:27,3488,VOICE,,5G,0.08,4.65
R03-0001000,3,Lakeside,+1-432-366-4530,+1-573-694-7086,2026-06-01 23:54:43,0,SMS,,5G,0.0,0.05
R03-0001001,3,Lakeside,+1-970-876-4801,+1-246-230-4198,2026-06-01 01:24:44,489,VOICE,,3G,0.12,0.98
R03-0001002,3,Lakeside,+1-716-248-1772,,2026-06-01 02:27:14,2217,DATA,3858195,4G,0.0,0.04
R03-0001003,3,Lakeside,+1-354-384-4924,,2026-06-01 20:50:06,5042,DATA,293396025,3G,0.0,2.93
R03-0001004,3,Lakeside,+1-979-279-1300,+1-301-492-2268,2026-06-01 14:48:07,1667,VOICE,,4G,0.1,2.78
R03-0001005,3,Lakeside,+1-616-382-4914,+1-839-328-5007,2026-06-01 08:55:05,2082,VOICE,,4G,0.1,3.47
R03-0001006,3,Lakeside,+1-711-544-9924,+1-915-205-9210,2026-06-01 17:28:09,0,SMS,,4G,0.0,0.05
R03-0001007,3,Lakeside,+1-444-749-8187,,2026-06-01 07:59:46,4089,DATA,312542073,4G,0.0,3.13
R03-0001008,3,Lakeside,+1-659-476-6107,,2026-06-01 06:58:02,4378,DATA,242840285,4G,0.0,2.43
R03-0001009,3,Lakeside,+1-585-662-8139,+1-739-883-4299,2026-06-01 16:46:11,2860,VOICE,,5G,0.08,3.81
R03-0001010,3,Lakeside,+1-767-356-1581,+1-746-758-5169,2026-06-01 17:25:36,0,SMS,,4G,0.0,0.05
R03-0001011,3,Lakeside,+1-716-386-8046,+1-983-596-0268,2026-06-01 13:22:04,0,SMS,,4G,0.0,0.05
R03-0001012,3,Lakeside,+1-703-715-0983,+1-467-800-6826,2026-06-01 23:05:04,2234,VOICE,,4G,0.1,3.72
R03-0001013,3,Lakeside,+1-691-397-0724,+1-960-904-0588,2026-06-01 19:13:19,0,SMS,,4G,0.0,0.05
R03-0001014,3,Lakeside,+1-528-531-9828,+1-863-303-6565,2026-06-01 22:46:52,3346,VOICE,,5G,0.08,4.46
R03-0001015,3,Lakeside,+1-951-713-1193,,2026-06-01 14:20:00,4005,DATA,496295345,5G,0.0,4.96
R03-0001016,3,Lakeside,+1-783-501-6614,,2026-06-01 20:16:03,6829,DATA,51861313,5G,0.0,0.52
R03-0001017,3,Lakeside,+1-814-445-5788,+1-618-588-5602,2026-06-01 17:31:00,788,VOICE,,5G,0.08,1.05
R03-0001018,3,Lakeside,+1-817-992-8578,,2026-06-01 16:12:57,4254,DATA,87353188,4G,0.0,0.87
R03-0001019,3,Lakeside,+1-844-507-6574,+1-227-829-5957,2026-06-01 03:22:57,0,SMS,,4G,0.0,0.05
R03-0001020,3,Lakeside,+1-265-974-5770,+1-309-388-2557,2026-06-01 08:42:30,3095,VOICE,,4G,0.1,5.16
R03-0001021,3,Lakeside,+1-611-309-9649,+1-313-438-5650,2026-06-01 05:53:51,0,SMS,,5G,0.0,0.05
R03-0001022,3,Lakeside,+1-902-600-3377,+1-885-973-2372,2026-06-01 18:14:58,2378,VOICE,,3G,0.12,4.76
R03-0001023,3,Lakeside,+1-529-778-4529,+1-980-312-3313,2026-06-01 06:17:05,3407,VOICE,,4G,0.1,5.68
R03-0001024,3,Lakeside,+1-951-979-5399,+1-387-301-2453,2026-06-01 16:01:51,0,SMS,,4G,0.0,0.05
R03-0001025,3,Lakeside,+1-349-536-1095,+1-833-698-8099,2026-06-01 04:01:55,1446,VOICE,,3G,0.12,2.89
R03-0001026,3,Lakeside,+1-873-790-5847,+1-793-804-5918,2026-06-01 21:20:14,1781,VOICE,,4G,0.1,2.97
R03-0001027,3,Lakeside,+1-278-368-2809,+1-920-805-4092,2026-06-01 04:04:48,0,SMS,,4G,0.0,0.05
R03-0001028,3,Lakeside,+1-946-558-4413,+1-689-594-4231,2026-06-01 19:38:11,0,SMS,,4G,0.0,0.05
R03-0001029,3,Lakeside,+1-544-638-4143,+1-289-314-3953,2026-06-01 13:23:31,2331,VOICE,,4G,0.1,3.89
R03-0001030,3,Lakeside,+1-651-343-5747,+1-442-330-4665,2026-06-01 19:31:04,3429,VOICE,,4G,0.1,5.71
R03-0001031,3,Lakeside,+1-757-799-9747,+1-333-435-0376,2026-06-01 00:45:15,1445,VOICE,,5G,0.08,1.93
R03-0001032,3,Lakeside,+1-762-770-7851,+1-674-322-5323,2026-06-01 06:36:11,0,SMS,,5G,0.0,0.05
R03-0001033,3,Lakeside,+1-206-491-8083,,2026-06-01 16:56:05,4382,DATA,230783377,5G,0.0,2.31
R03-0001034,3,Lakeside,+1-781-775-0624,,2026-06-01 21:56:18,6539,DATA,139926899,4G,0.0,1.4
R03-0001035,3,Lakeside,+1-796-206-5792,+1-498-678-2160,2026-06-01 02:49:39,0,VOICE,,4G,0.1,0.0
R03-0001036,3,Lakeside,+1-735-559-0063,+1-760-364-3611,2026-06-01 01:23:09,0,SMS,,5G,0.0,0.05
R03-0001037,3,Lakeside,+1-922-726-9602,+1-407-765-4538,2026-06-01 13:29:28,229,VOICE,,4G,0.1,0.38
R03-0001038,3,Lakeside,+1-623-884-1293,,2026-06-01 02:40:05,853,DATA,452525625,4G,0.0,4.53
R03-0001039,3,Lakeside,+1-407-721-3918,+1-684-492-2472,2026-06-01 15:26:12,0,SMS,,4G,0.0,0.05
R03-0001040,3,Lakeside,+1-967-369-8908,+1-324-819-1297,2026-06-01 13:48:07,97,VOICE,,5G,0.08,0.13
R03-0001041,3,Lakeside,+1-822-314-4405,+1-877-822-4452,2026-06-01 22:10:36,1458,VOICE,,5G,0.08,1.94
R03-0001042,3,Lakeside,+1-929-961-5222,+1-754-301-8363,2026-06-01 07:37:50,439,VOICE,,5G,0.08,0.59
R03-0001043,3,Lakeside,+1-692-532-8780,+1-457-861-8730,2026-06-01 03:19:14,2030,VOICE,,3G,0.12,4.06
R03-0001044,3,Lakeside,+1-515-741-4409,+1-958-676-8561,2026-06-01 22:58:01,306,VOICE,,4G,0.1,0.51
R03-0001045,3,Lakeside,+1-962-895-0748,+1-227-626-5093,2026-06-01 11:37:45,1216,VOICE,,5G,0.08,1.62
R03-0001046,3,Lakeside,+1-797-843-1747,+1-800-988-9132,2026-06-01 09:29:00,0,SMS,,3G,0.0,0.05
R03-0001047,3,Lakeside,+1-763-603-0940,+1-890-536-0937,2026-06-01 02:25:36,2991,VOICE,,5G,0.08,3.99
R03-0001048,3,Lakeside,+1-486-727-7135,+1-389-838-4521,2026-06-01 05:34:18,2488,VOICE,,5G,0.08,3.32
R03-0001049,3,Lakeside,+1-765-863-4445,+1-539-431-1353,2026-06-01 01:30:57,2981,VOICE,,5G,0.08,3.97
R03-0001050,3,Lakeside,+1-270-636-3883,+1-718-513-2773,2026-06-01 12:20:00,0,SMS,,4G,0.0,0.05
R03-0001051,3,Lakeside,+1-333-355-6501,+1-674-268-2725,2026-06-01 08:09:32,0,SMS,,5G,0.0,0.05
R03-0001052,3,Lakeside,+1-258-890-3206,+1-641-655-5950,2026-06-01 18:52:29,2265,VOICE,,5G,0.08,3.02
R03-0001053,3,Lakeside,+1-888-316-0162,+1-924-395-8787,2026-06-01 06:47:16,0,SMS,,5G,0.0,0.05
R03-0001054,3,Lakeside,+1-314-636-6449,+1-822-878-1277,2026-06-01 14:44:50,2341,VOICE,,4G,0.1,3.9
R03-0001055,3,Lakeside,+1-460-509-3994,,2026-06-01 16:37:34,2348,DATA,212880861,5G,0.0,2.13
R03-0001056,3,Lakeside,+1-437-648-8813,+1-335-631-4787,2026-06-01 09:57:13,0,SMS,,5G,0.0,0.05
R03-0001057,3,Lakeside,+1-679-735-5653,,2026-06-01 01:54:47,5286,DATA,179155319,4G,0.0,1.79
R03-0001058,3,Lakeside,+1-717-768-4089,+1-396-220-0409,2026-06-01 09:59:35,0,SMS,,3G,0.0,0.05
R03-0001059,3,Lakeside,+1-654-548-5145,+1-504-892-5507,2026-06-01 21:59:49,0,SMS,,5G,0.0,0.05
R03-0001060,3,Lakeside,+1-470-477-4881,,2026-06-01 15:28:18,3041,DATA,412971917,5G,0.0,4.13
R03-0001061,3,Lakeside,+1-295-656-2859,+1-531-415-0555,2026-06-01 16:12:22,2636,VOICE,,3G,0.12,5.27
R03-0001062,3,Lakeside,+1-747-784-3739,+1-894-575-9463,2026-06-01 22:27:26,1800,VOICE,,5G,0.08,2.4
R03-0001063,3,Lakeside,+1-401-436-9136,+1-989-795-5067,2026-06-01 14:22:27,840,VOICE,,5G,0.08,1.12
R03-0001064,3,Lakeside,+1-493-204-8105,+1-600-778-7349,2026-06-01 12:49:44,0,SMS,,4G,0.0,0.05
R03-0001065,3,Lakeside,+1-926-356-2087,+1-767-896-9789,2026-06-01 13:23:16,67,VOICE,,5G,0.08,0.09
R03-0001066,3,Lakeside,+1-925-874-3425,,2026-06-01 15:28:02,472,DATA,71936412,4G,0.0,0.72
R03-0001067,3,Lakeside,+1-559-264-1636,,2026-06-01 11:33:40,1688,DATA,86015017,4G,0.0,0.86
R03-0001068,3,Lakeside,+1-456-914-0024,+1-971-967-9728,2026-06-01 19:30:11,757,VOICE,,4G,0.1,1.26
R03-0001069,3,Lakeside,+1-837-860-3924,+1-247-315-8390,2026-06-01 14:57:40,1029,VOICE,,3G,0.12,2.06
R03-0001070,3,Lakeside,+1-976-856-9178,+1-421-302-0135,2026-06-01 11:21:09,684,VOICE,,3G,0.12,1.37
R03-0001071,3,Lakeside,+1-836-375-2209,+1-919-243-6182,2026-06-01 21:39:09,0,SMS,,4G,0.0,0.05
R03-0001072,3,Lakeside,+1-839-754-4971,,2026-06-01 15:54:37,2565,DATA,377115894,4G,0.0,3.77
R03-0001073,3,Lakeside,+1-344-996-6926,,2026-06-01 08:19:29,780,DATA,241333730,4G,0.0,2.41
R03-0001074,3,Lakeside,+1-331-540-5646,+1-442-276-7563,2026-06-01 06:26:55,0,SMS,,5G,0.0,0.05
R03-0001075,3,Lakeside,+1-237-218-8415,+1-782-531-3838,2026-06-01 06:46:52,3461,VOICE,,4G,0.1,5.77
R03-0001076,3,Lakeside,+1-501-924-3442,,2026-06-01 08:50:10,2129,DATA,453334431,3G,0.0,4.53
R03-0001077,3,Lakeside,+1-795-496-6825,+1-972-539-4217,2026-06-01 12:06:04,349,VOICE,,4G,0.1,0.58
R03-0001078,3,Lakeside,+1-276-967-1255,,2026-06-01 03:06:53,1906,DATA,485894867,5G,0.0,4.86
R03-0001079,3,Lakeside,+1-916-993-9024,,2026-06-01 23:11:12,2757,DATA,154079600,5G,0.0,1.54
R03-0001080,3,Lakeside,+1-777-439-2920,+1-615-904-4235,2026-06-01 04:11:19,3501,VOICE,,4G,0.1,5.84
R03-0001081,3,Lakeside,+1-363-772-6852,+1-366-828-6123,2026-06-01 13:46:08,1042,VOICE,,4G,0.1,1.74
R03-0001082,3,Lakeside,+1-722-386-6930,,2026-06-01 13:00:45,4099,DATA,190938648,3G,0.0,1.91
R03-0001083,3,Lakeside,+1-860-737-5190,+1-514-233-3740,2026-06-01 11:06:29,0,SMS,,3G,0.0,0.05
R03-0001084,3,Lakeside,+1-297-622-8043,+1-500-544-0662,2026-06-01 11:14:45,2546,VOICE,,4G,0.1,4.24
R03-0001085,3,Lakeside,+1-330-843-2695,+1-752-313-1445,2026-06-01 12:38:24,840,VOICE,,5G,0.08,1.12
R03-0001086,3,Lakeside,+1-705-420-7774,+1-659-465-4190,2026-06-01 04:17:18,2960,VOICE,,5G,0.08,3.95
R03-0001087,3,Lakeside,+1-715-901-0017,+1-950-502-0996,2026-06-01 17:28:33,0,SMS,,4G,0.0,0.05
R03-0001088,3,Lakeside,+1-326-805-1435,+1-609-570-3616,2026-06-01 23:12:10,0,SMS,,5G,0.0,0.05
R03-0001089,3,Lakeside,+1-817-289-8848,+1-878-288-6480,2026-06-01 13:11:52,2088,VOICE,,5G,0.08,2.78
R03-0001090,3,Lakeside,+1-839-282-1097,,2026-06-01 17:51:44,4957,DATA,41238684,4G,0.0,0.41
R03-0001091,3,Lakeside,+1-699-713-2110,+1-249-901-5637,2026-06-01 08:11:34,0,SMS,,4G,0.0,0.05
R03-0001092,3,Lakeside,+1-681-686-1453,,2026-06-01 11:07:09,6584,DATA,417006284,5G,0.0,4.17
R03-0001093,3,Lakeside,+1-867-382-8199,,2026-06-01 04:59:21,3731,DATA,275584628,3G,0.0,2.76
R03-0001094,3,Lakeside,+1-727-524-6947,+1-721-571-3832,2026-06-01 02:03:04,3458,VOICE,,4G,0.1,5.76
R03-0001095,3,Lakeside,+1-770-338-0001,+1-340-545-7247,2026-06-01 12:45:37,2572,VOICE,,4G,0.1,4.29
R03-0001096,3,Lakeside,+1-612-782-5161,+1-403-288-3440,2026-06-01 19:33:15,0,SMS,,4G,0.0,0.05
R03-0001097,3,Lakeside,+1-421-499-4895,,2026-06-01 04:27:28,2188,DATA,124643236,4G,0.0,1.25
R03-0001098,3,Lakeside,+1-571-782-1069,+1-264-202-7764,2026-06-01 18:09:28,1007,VOICE,,3G,0.12,2.01
R03-0001099,3,Lakeside,+1-907-320-1401,+1-689-565-6127,2026-06-01 14:10:15,724,VOICE,,3G,0.12,1.45
R03-0001100,3,Lakeside,+1-291-862-2926,+1-470-276-7757,2026-06-01 21:32:43,0,SMS,,5G,0.0,0.05
R03-0001101,3,Lakeside,+1-501-279-3239,,2026-06-01 09:30:24,4330,DATA,103508353,5G,0.0,1.04
R03-0001102,3,Lakeside,+1-440-499-7601,,2026-06-01 01:19:55,300,DATA,250776853,4G,0.0,2.51
R03-0001103,3,Lakeside,+1-640-648-0347,+1-454-545-7472,2026-06-01 03:30:27,0,SMS,,5G,0.0,0.05
R03-0001104,3,Lakeside,+1-372-660-8728,+1-973-813-7556,2026-06-01 09:01:56,589,VOICE,,5G,0.08,0.79
R03-0001105,3,Lakeside,+1-756-446-8540,+1-657-277-2042,2026-06-01 09:45:36,3536,VOICE,,4G,0.1,5.89
R03-0001106,3,Lakeside,+1-344-424-8860,+1-506-637-7136,2026-06-01 20:46:55,895,VOICE,,5G,0.08,1.19
R03-0001107,3,Lakeside,+1-751-380-5567,+1-423-627-0928,2026-06-01 01:11:05,1892,VOICE,,5G,0.08,2.52
R03-0001108,3,Lakeside,+1-397-678-2877,+1-968-260-4785,2026-06-01 09:18:32,0,SMS,,4G,0.0,0.05
R03-0001109,3,Lakeside,+1-679-704-4058,+1-257-983-0432,2026-06-01 23:18:48,224,VOICE,,4G,0.1,0.37
R03-0001110,3,Lakeside,+1-252-613-8240,+1-418-524-2375,2026-06-01 15:14:40,0,SMS,,4G,0.0,0.05
R03-0001111,3,Lakeside,+1-349-876-0994,,2026-06-01 00:10:41,2706,DATA,54470306,4G,0.0,0.54
R03-0001112,3,Lakeside,+1-243-340-3645,+1-738-779-5145,2026-06-01 00:27:25,0,SMS,,5G,0.0,0.05
R03-0001113,3,Lakeside,+1-979-903-6476,+1-299-723-6525,2026-06-01 17:52:07,0,SMS,,4G,0.0,0.05
R03-0001114,3,Lakeside,+1-893-479-0403,,2026-06-01 19:28:24,1213,DATA,496904061,5G,0.0,4.97
R03-0001115,3,Lakeside,+1-538-733-2115,+1-290-311-3857,2026-06-01 18:51:36,2444,VOICE,,3G,0.12,4.89
R03-0001116,3,Lakeside,+1-790-990-7070,+1-768-882-1805,2026-06-01 08:32:57,2434,VOICE,,4G,0.1,4.06
R03-0001117,3,Lakeside,+1-343-977-5824,+1-799-385-8710,2026-06-01 09:26:34,3074,VOICE,,4G,0.1,5.12
R03-0001118,3,Lakeside,+1-823-502-1798,+1-508-922-5849,2026-06-01 15:04:32,0,SMS,,4G,0.0,0.05
R03-0001119,3,Lakeside,+1-616-771-7841,+1-462-930-3823,2026-06-01 09:33:54,0,SMS,,3G,0.0,0.05
R03-0001120,3,Lakeside,+1-971-886-6872,+1-397-599-5224,2026-06-01 10:55:36,977,VOICE,,5G,0.08,1.3
R03-0001121,3,Lakeside,+1-786-212-4910,+1-593-496-1922,2026-06-01 16:14:54,2403,VOICE,,4G,0.1,4.0
R03-0001122,3,Lakeside,+1-494-651-0034,+1-922-598-9264,2026-06-01 09:03:00,3232,VOICE,,5G,0.08,4.31
R03-0001123,3,Lakeside,+1-797-539-4047,+1-574-713-2874,2026-06-01 17:47:03,3389,VOICE,,3G,0.12,6.78
R03-0001124,3,Lakeside,+1-217-582-1258,+1-381-936-7839,2026-06-01 23:52:29,2358,VOICE,,5G,0.08,3.14
R03-0001125,3,Lakeside,+1-442-650-6018,+1-727-670-2068,2026-06-01 10:46:00,0,VOICE,,3G,0.12,0.0
R03-0001126,3,Lakeside,+1-687-442-8325,+1-495-400-6591,2026-06-01 17:31:30,0,SMS,,4G,0.0,0.05
R03-0001127,3,Lakeside,+1-506-878-2571,+1-339-402-5488,2026-06-01 10:09:00,1740,VOICE,,5G,0.08,2.32
R03-0001128,3,Lakeside,+1-679-397-3899,+1-690-661-9658,2026-06-01 14:07:46,0,SMS,,4G,0.0,0.05
R03-0001129,3,Lakeside,+1-630-693-4205,+1-624-567-5940,2026-06-01 09:13:30,0,SMS,,4G,0.0,0.05
R03-0001130,3,Lakeside,+1-726-500-2656,+1-873-298-4439,2026-06-01 06:00:21,3225,VOICE,,4G,0.1,5.38
R03-0001131,3,Lakeside,+1-644-849-8690,+1-851-995-3437,2026-06-01 16:13:56,1386,VOICE,,4G,0.1,2.31
R03-0001132,3,Lakeside,+1-352-941-0879,+1-603-384-7462,2026-06-01 20:01:52,2478,VOICE,,5G,0.08,3.3
R03-0001133,3,Lakeside,+1-451-947-7448,+1-621-521-1615,2026-06-01 15:05:37,1783,VOICE,,3G,0.12,3.57
R03-0001134,3,Lakeside,+1-443-841-0713,+1-934-913-0100,2026-06-01 03:00:48,0,SMS,,4G,0.0,0.05
R03-0001135,3,Lakeside,+1-617-373-4894,+1-667-705-3789,2026-06-01 05:41:34,1419,VOICE,,4G,0.1,2.36
R03-0001136,3,Lakeside,+1-372-211-7912,+1-946-446-8740,2026-06-01 02:10:27,0,SMS,,4G,0.0,0.05
R03-0001137,3,Lakeside,+1-752-721-2678,+1-311-725-8351,2026-06-01 18:34:08,0,VOICE,,5G,0.08,0.0
R03-0001138,3,Lakeside,+1-499-337-2319,,2026-06-01 17:32:24,3018,DATA,312477728,4G,0.0,3.12
R03-0001139,3,Lakeside,+1-735-965-8306,+1-934-423-8480,2026-06-01 10:54:25,1695,VOICE,,4G,0.1,2.83
R03-0001140,3,Lakeside,+1-884-731-4384,+1-354-733-9923,2026-06-01 23:34:14,2838,VOICE,,4G,0.1,4.73
R03-0001141,3,Lakeside,+1-779-414-0418,,2026-06-01 10:51:50,1068,DATA,128611103,4G,0.0,1.29
R03-0001142,3,Lakeside,+1-354-374-5982,+1-907-490-3034,2026-06-01 12:51:39,0,SMS,,4G,0.0,0.05
R03-0001143,3,Lakeside,+1-513-330-1253,+1-449-744-0964,2026-06-01 20:37:40,2174,VOICE,,4G,0.1,3.62
R03-0001144,3,Lakeside,+1-585-454-0075,,2026-06-01 18:12:09,857,DATA,57444896,4G,0.0,0.57
R03-0001145,3,Lakeside,+1-586-643-1734,+1-788-617-2342,2026-06-01 14:44:46,0,SMS,,4G,0.0,0.05
R03-0001146,3,Lakeside,+1-638-956-8077,+1-873-795-6220,2026-06-01 23:09:18,0,SMS,,3G,0.0,0.05
R03-0001147,3,Lakeside,+1-906-528-6775,+1-559-998-9071,2026-06-01 12:39:25,0,SMS,,4G,0.0,0.05
R03-0001148,3,Lakeside,+1-827-260-1713,+1-479-873-2022,2026-06-01 17:34:20,357,VOICE,,4G,0.1,0.6
R03-0001149,3,Lakeside,+1-518-582-0081,+1-232-654-7212,2026-06-01 19:04:11,0,SMS,,4G,0.0,0.05
R03-0001150,3,Lakeside,+1-818-673-9583,+1-572-776-7483,2026-06-01 07:10:58,1650,VOICE,,4G,0.1,2.75
R03-0001151,3,Lakeside,+1-672-956-4693,,2026-06-01 17:32:57,6088,DATA,457815296,3G,0.0,4.58
R03-0001152,3,Lakeside,+1-434-276-0409,+1-374-288-1247,2026-06-01 00:14:58,1364,VOICE,,5G,0.08,1.82
R03-0001153,3,Lakeside,+1-388-999-2814,+1-908-830-9725,2026-06-01 23:30:11,948,VOICE,,5G,0.08,1.26
R03-0001154,3,Lakeside,+1-588-338-4964,,2026-06-01 20:51:46,6878,DATA,400448586,4G,0.0,4.0
R03-0001155,3,Lakeside,+1-235-242-7887,,2026-06-01 23:23:44,6032,DATA,108746682,3G,0.0,1.09
R03-0001156,3,Lakeside,+1-826-446-6591,+1-213-342-0537,2026-06-01 12:38:26,1818,VOICE,,4G,0.1,3.03
R03-0001157,3,Lakeside,+1-381-618-6195,+1-447-385-4948,2026-06-01 00:57:35,0,SMS,,3G,0.0,0.05
R03-0001158,3,Lakeside,+1-649-366-4143,+1-485-869-3444,2026-06-01 21:42:02,2201,VOICE,,4G,0.1,3.67
R03-0001159,3,Lakeside,+1-969-374-7084,+1-822-292-7894,2026-06-01 05:39:45,0,SMS,,5G,0.0,0.05
R03-0001160,3,Lakeside,+1-302-527-1013,+1-363-950-1864,2026-06-01 16:25:57,0,SMS,,5G,0.0,0.05
R03-0001161,3,Lakeside,+1-792-766-3279,+1-403-812-0290,2026-06-01 07:06:35,871,VOICE,,4G,0.1,1.45
R03-0001162,3,Lakeside,+1-270-945-4470,+1-915-582-0822,2026-06-01 09:48:07,3053,VOICE,,4G,0.1,5.09
R03-0001163,3,Lakeside,+1-724-500-2036,,2026-06-01 06:26:36,6242,DATA,26164837,5G,0.0,0.26
R03-0001164,3,Lakeside,+1-225-924-8741,+1-475-802-6084,2026-06-01 21:39:52,0,SMS,,5G,0.0,0.05
R03-0001165,3,Lakeside,+1-819-557-0970,+1-256-859-5023,2026-06-01 23:09:26,1202,VOICE,,4G,0.1,2.0
R03-0001166,3,Lakeside,+1-850-391-8254,+1-346-636-1728,2026-06-01 23:46:54,242,VOICE,,4G,0.1,0.4
R03-0001167,3,Lakeside,+1-640-590-2850,+1-744-623-1955,2026-06-01 03:31:29,0,SMS,,4G,0.0,0.05
R03-0001168,3,Lakeside,+1-557-543-4528,+1-432-700-0024,2026-06-01 15:03:39,2271,VOICE,,4G,0.1,3.79
R03-0001169,3,Lakeside,+1-822-873-3353,,2026-06-01 01:45:37,2353,DATA,303666307,5G,0.0,3.04
R03-0001170,3,Lakeside,+1-584-865-9626,+1-722-534-3955,2026-06-01 10:05:07,1731,VOICE,,4G,0.1,2.89
R03-0001171,3,Lakeside,+1-591-256-8991,,2026-06-01 04:29:50,758,DATA,33097651,4G,0.0,0.33
R03-0001172,3,Lakeside,+1-568-277-7841,+1-301-795-8615,2026-06-01 09:39:09,0,SMS,,5G,0.0,0.05
R03-0001173,3,Lakeside,+1-550-279-6320,+1-804-876-0031,2026-06-01 15:35:56,861,VOICE,,4G,0.1,1.44
R03-0001174,3,Lakeside,+1-451-719-4943,+1-798-254-6944,2026-06-01 23:42:54,0,SMS,,4G,0.0,0.05
R03-0001175,3,Lakeside,+1-882-997-8819,+1-569-795-7908,2026-06-01 18:20:45,1571,VOICE,,5G,0.08,2.09
R03-0001176,3,Lakeside,+1-343-352-1566,+1-406-671-7309,2026-06-01 05:58:47,0,SMS,,4G,0.0,0.05
R03-0001177,3,Lakeside,+1-400-494-6060,+1-483-714-2501,2026-06-01 18:24:04,3542,VOICE,,4G,0.1,5.9
R03-0001178,3,Lakeside,+1-826-290-6886,+1-618-305-4748,2026-06-01 15:16:36,392,VOICE,,5G,0.08,0.52
R03-0001179,3,Lakeside,+1-871-780-1511,,2026-06-01 05:49:02,3586,DATA,234217208,4G,0.0,2.34
R03-0001180,3,Lakeside,+1-598-710-5676,+1-210-655-3500,2026-06-01 09:45:41,2513,VOICE,,4G,0.1,4.19
R03-0001181,3,Lakeside,+1-261-583-9731,+1-236-286-8034,2026-06-01 13:07:04,1617,VOICE,,4G,0.1,2.7
R03-0001182,3,Lakeside,+1-237-609-0974,+1-476-801-3634,2026-06-01 12:41:57,0,SMS,,4G,0.0,0.05
R03-0001183,3,Lakeside,+1-591-850-8434,,2026-06-01 05:10:14,4300,DATA,441624055,3G,0.0,4.42
R03-0001184,3,Lakeside,+1-222-436-8391,+1-374-710-6707,2026-06-01 08:17:58,0,SMS,,4G,0.0,0.05
R03-0001185,3,Lakeside,+1-979-492-2329,+1-767-313-7647,2026-06-01 17:03:52,0,SMS,,5G,0.0,0.05
R03-0001186,3,Lakeside,+1-677-708-3720,+1-626-436-4847,2026-06-01 14:47:22,0,SMS,,5G,0.0,0.05
R03-0001187,3,Lakeside,+1-925-257-4729,+1-505-323-4280,2026-06-01 02:34:45,515,VOICE,,5G,0.08,0.69
R03-0001188,3,Lakeside,+1-382-502-9705,+1-445-929-9356,2026-06-01 11:49:17,0,SMS,,5G,0.0,0.05
R03-0001189,3,Lakeside,+1-480-773-3467,,2026-06-01 11:00:23,766,DATA,244647036,4G,0.0,2.45
R03-0001190,3,Lakeside,+1-822-772-6349,+1-258-435-5229,2026-06-01 12:13:10,445,VOICE,,5G,0.08,0.59
R03-0001191,3,Lakeside,+1-571-910-6490,+1-347-776-1907,2026-06-01 23:10:05,1089,VOICE,,4G,0.1,1.81
R03-0001192,3,Lakeside,+1-317-523-3617,+1-224-757-8304,2026-06-01 11:02:14,0,SMS,,4G,0.0,0.05
R03-0001193,3,Lakeside,+1-760-942-1667,+1-434-888-4485,2026-06-01 02:32:52,1367,VOICE,,4G,0.1,2.28
R03-0001194,3,Lakeside,+1-630-988-9677,+1-602-781-0449,2026-06-01 16:00:36,1997,VOICE,,5G,0.08,2.66
R03-0001195,3,Lakeside,+1-546-341-5862,+1-314-235-7851,2026-06-01 17:28:25,1058,VOICE,,4G,0.1,1.76
R03-0001196,3,Lakeside,+1-881-509-7633,+1-741-281-9067,2026-06-01 21:17:49,0,VOICE,,5G,0.08,0.0
R03-0001197,3,Lakeside,+1-726-897-4084,+1-948-734-9861,2026-06-01 06:48:10,0,SMS,,4G,0.0,0.05
R03-0001198,3,Lakeside,+1-845-706-3566,+1-651-236-5614,2026-06-01 01:16:45,0,SMS,,4G,0.0,0.05
R03-0001199,3,Lakeside,+1-978-837-4374,+1-835-655-5291,2026-06-01 16:34:03,2627,VOICE,,4G,0.1,4.38
R03-0001200,3,Lakeside,+1-633-238-2800,+1-708-322-0986,2026-06-01 13:15:05,0,SMS,,5G,0.0,0.05
R03-0001201,3,Lakeside,+1-920-600-7417,+1-822-215-2542,2026-06-01 18:31:26,2879,VOICE,,5G,0.08,3.84
R03-0001202,3,Lakeside,+1-637-725-1398,+1-504-385-6617,2026-06-01 05:28:24,0,SMS,,5G,0.0,0.05
R03-0001203,3,Lakeside,+1-457-201-9840,+1-251-268-8806,2026-06-01 01:21:17,0,SMS,,4G,0.0,0.05
R03-0001204,3,Lakeside,+1-321-338-3582,,2026-06-01 18:42:29,4071,DATA,83973430,5G,0.0,0.84
R03-0001205,3,Lakeside,+1-510-469-4422,+1-563-588-5376,2026-06-01 10:20:48,0,SMS,,4G,0.0,0.05
R03-0001206,3,Lakeside,+1-313-447-5919,+1-225-611-8883,2026-06-01 05:36:52,3023,VOICE,,4G,0.1,5.04
R03-0001207,3,Lakeside,+1-787-954-0244,+1-463-822-5703,2026-06-01 01:53:27,0,SMS,,4G,0.0,0.05
R03-0001208,3,Lakeside,+1-782-436-4754,+1-523-564-3251,2026-06-01 15:54:06,1424,VOICE,,5G,0.08,1.9
R03-0001209,3,Lakeside,+1-361-971-3142,+1-924-278-2838,2026-06-01 15:39:23,3476,VOICE,,4G,0.1,5.79
R03-0001210,3,Lakeside,+1-822-716-4018,+1-613-266-9578,2026-06-01 03:58:52,559,VOICE,,4G,0.1,0.93
R03-0001211,3,Lakeside,+1-597-909-3322,+1-466-532-4771,2026-06-01 15:43:52,886,VOICE,,4G,0.1,1.48
R03-0001212,3,Lakeside,+1-765-343-1732,+1-544-917-8870,2026-06-01 16:32:14,651,VOICE,,5G,0.08,0.87
R03-0001213,3,Lakeside,+1-527-884-9067,+1-640-845-6768,2026-06-01 09:39:46,3457,VOICE,,3G,0.12,6.91
R03-0001214,3,Lakeside,+1-230-950-0406,+1-462-441-8378,2026-06-01 16:52:43,247,VOICE,,4G,0.1,0.41
R03-0001215,3,Lakeside,+1-968-218-8465,,2026-06-01 06:24:58,789,DATA,357143434,4G,0.0,3.57
R03-0001216,3,Lakeside,+1-856-908-9868,+1-754-229-2017,2026-06-01 11:21:00,0,SMS,,4G,0.0,0.05
R03-0001217,3,Lakeside,+1-814-932-4491,,2026-06-01 02:24:45,2689,DATA,316308782,4G,0.0,3.16
R03-0001218,3,Lakeside,+1-307-774-9409,+1-871-556-3973,2026-06-01 12:11:17,768,VOICE,,4G,0.1,1.28
R03-0001219,3,Lakeside,+1-413-294-4763,+1-660-947-6269,2026-06-01 12:11:47,2080,VOICE,,4G,0.1,3.47
R03-0001220,3,Lakeside,+1-810-976-6365,+1-349-352-9768,2026-06-01 04:39:02,3529,VOICE,,4G,0.1,5.88
R03-0001221,3,Lakeside,+1-322-402-7173,,2026-06-01 06:48:00,92,DATA,36539275,4G,0.0,0.37
R03-0001222,3,Lakeside,+1-564-735-9902,+1-215-863-2663,2026-06-01 22:09:56,0,SMS,,4G,0.0,0.05
R03-0001223,3,Lakeside,+1-854-483-2386,,2026-06-01 17:11:14,2972,DATA,81092801,4G,0.0,0.81
R03-0001224,3,Lakeside,+1-595-822-7260,+1-973-542-1095,2026-06-01 00:39:38,0,SMS,,5G,0.0,0.05
R03-0001225,3,Lakeside,+1-822-988-8735,+1-895-842-4726,2026-06-01 19:47:04,0,SMS,,5G,0.0,0.05
R03-0001226,3,Lakeside,+1-502-959-0147,+1-403-673-1287,2026-06-01 04:15:27,0,SMS,,3G,0.0,0.05
R03-0001227,3,Lakeside,+1-702-959-8075,,2026-06-01 21:22:39,3826,DATA,44829495,4G,0.0,0.45
R03-0001228,3,Lakeside,+1-351-382-7729,,2026-06-01 08:26:28,3632,DATA,375690134,4G,0.0,3.76
R03-0001229,3,Lakeside,+1-590-755-4844,+1-875-450-3162,2026-06-01 10:14:51,981,VOICE,,5G,0.08,1.31
R03-0001230,3,Lakeside,+1-459-204-7017,+1-704-732-8529,2026-06-01 18:23:11,1190,VOICE,,5G,0.08,1.59
R03-0001231,3,Lakeside,+1-376-650-0493,+1-666-701-2704,2026-06-01 09:06:23,0,SMS,,4G,0.0,0.05
R03-0001232,3,Lakeside,+1-404-474-7083,+1-846-996-6004,2026-06-01 21:45:05,897,VOICE,,5G,0.08,1.2
R03-0001233,3,Lakeside,+1-562-541-4205,+1-347-488-9648,2026-06-01 04:35:16,0,SMS,,5G,0.0,0.05
R03-0001234,3,Lakeside,+1-787-845-3596,+1-932-895-2421,2026-06-01 09:56:44,3273,VOICE,,5G,0.08,4.36
R03-0001235,3,Lakeside,+1-596-967-1010,+1-553-329-4314,2026-06-01 18:38:40,0,SMS,,5G,0.0,0.05
R03-0001236,3,Lakeside,+1-251-739-8508,,2026-06-01 15:56:14,686,DATA,262868140,4G,0.0,2.63
R03-0001237,3,Lakeside,+1-596-819-5948,+1-760-220-8002,2026-06-01 05:21:18,785,VOICE,,5G,0.08,1.05
R03-0001238,3,Lakeside,+1-960-716-0599,+1-682-440-0727,2026-06-01 01:51:30,1245,VOICE,,4G,0.1,2.08
R03-0001239,3,Lakeside,+1-509-296-6125,+1-452-793-3253,2026-06-01 14:18:18,2067,VOICE,,5G,0.08,2.76
R03-0001240,3,Lakeside,+1-875-377-8927,+1-928-729-0994,2026-06-01 14:17:48,1369,VOICE,,5G,0.08,1.83
R03-0001241,3,Lakeside,+1-366-538-6936,+1-437-477-5240,2026-06-01 01:21:14,0,SMS,,4G,0.0,0.05
R03-0001242,3,Lakeside,+1-630-521-3238,+1-909-372-3289,2026-06-01 07:48:36,3240,VOICE,,4G,0.1,5.4
R03-0001243,3,Lakeside,+1-794-393-8700,+1-276-686-9905,2026-06-01 04:48:48,1348,VOICE,,3G,0.12,2.7
R03-0001244,3,Lakeside,+1-969-899-9466,+1-825-382-8400,2026-06-01 19:58:55,0,SMS,,5G,0.0,0.05
R03-0001245,3,Lakeside,+1-612-261-4796,+1-458-668-4055,2026-06-01 04:00:35,0,SMS,,4G,0.0,0.05
R03-0001246,3,Lakeside,+1-726-697-7814,+1-799-559-5595,2026-06-01 04:09:55,0,SMS,,5G,0.0,0.05
R03-0001247,3,Lakeside,+1-978-524-6176,,2026-06-01 07:14:10,5870,DATA,167788421,4G,0.0,1.68
R03-0001248,3,Lakeside,+1-483-758-3534,,2026-06-01 18:15:45,1104,DATA,17400865,4G,0.0,0.17
R03-0001249,3,Lakeside,+1-298-660-4079,+1-329-687-6552,2026-06-01 18:17:13,220,VOICE,,4G,0.1,0.37
R03-0001250,3,Lakeside,+1-359-892-3554,+1-239-382-9296,2026-06-01 06:09:05,0,VOICE,,5G,0.08,0.0
R03-0001251,3,Lakeside,+1-764-203-4440,+1-527-868-4808,2026-06-01 19:48:44,0,SMS,,3G,0.0,0.05
R03-0001252,3,Lakeside,+1-346-378-3385,,2026-06-01 09:55:47,5040,DATA,330499346,4G,0.0,3.3
R03-0001253,3,Lakeside,+1-944-906-4610,+1-207-271-2506,2026-06-01 01:36:06,0,SMS,,5G,0.0,0.05
R03-0001254,3,Lakeside,+1-701-353-5739,+1-835-831-9526,2026-06-01 01:21:04,0,SMS,,4G,0.0,0.05
R03-0001255,3,Lakeside,+1-227-223-9354,,2026-06-01 12:18:51,6479,DATA,385843541,4G,0.0,3.86
R03-0001256,3,Lakeside,+1-261-245-4194,+1-302-453-7937,2026-06-01 19:36:29,0,SMS,,5G,0.0,0.05
R03-0001257,3,Lakeside,+1-768-387-2106,+1-617-757-8867,2026-06-01 12:08:05,495,VOICE,,5G,0.08,0.66
R03-0001258,3,Lakeside,+1-228-321-9589,+1-337-424-5864,2026-06-01 05:55:02,0,SMS,,3G,0.0,0.05
R03-0001259,3,Lakeside,+1-876-597-8962,+1-789-625-0021,2026-06-01 07:09:45,450,VOICE,,3G,0.12,0.9
R03-0001260,3,Lakeside,+1-490-444-5289,+1-231-949-6159,2026-06-01 17:22:34,0,SMS,,4G,0.0,0.05
R03-0001261,3,Lakeside,+1-494-673-0113,+1-797-365-9179,2026-06-01 12:44:41,2550,VOICE,,4G,0.1,4.25
R03-0001262,3,Lakeside,+1-740-287-2620,+1-677-458-7191,2026-06-01 22:16:49,2835,VOICE,,4G,0.1,4.73
R03-0001263,3,Lakeside,+1-382-719-5517,+1-865-648-9487,2026-06-01 22:57:58,980,VOICE,,4G,0.1,1.63
R03-0001264,3,Lakeside,+1-352-710-5739,+1-803-732-0238,2026-06-01 18:01:50,2974,VOICE,,5G,0.08,3.97
R03-0001265,3,Lakeside,+1-923-674-0394,+1-811-429-2622,2026-06-01 07:35:11,0,SMS,,3G,0.0,0.05
R03-0001266,3,Lakeside,+1-561-641-4672,+1-333-620-7929,2026-06-01 03:49:07,0,VOICE,,4G,0.1,0.0
R03-0001267,3,Lakeside,+1-656-272-7155,+1-796-279-4747,2026-06-01 05:50:07,1325,VOICE,,4G,0.1,2.21
R03-0001268,3,Lakeside,+1-513-376-9179,,2026-06-01 01:43:42,3125,DATA,96214414,4G,0.0,0.96
R03-0001269,3,Lakeside,+1-446-685-6198,+1-830-686-2188,2026-06-01 19:32:35,0,SMS,,4G,0.0,0.05
R03-0001270,3,Lakeside,+1-631-379-5143,+1-865-744-6639,2026-06-01 08:57:27,618,VOICE,,4G,0.1,1.03
R03-0001271,3,Lakeside,+1-224-571-8281,,2026-06-01 10:37:54,5104,DATA,312323780,4G,0.0,3.12
R03-0001272,3,Lakeside,+1-736-666-6268,+1-563-884-3536,2026-06-01 15:20:25,1266,VOICE,,4G,0.1,2.11
R03-0001273,3,Lakeside,+1-925-975-5648,+1-235-483-0917,2026-06-01 22:29:05,2920,VOICE,,4G,0.1,4.87
R03-0001274,3,Lakeside,+1-802-949-0831,+1-552-265-3881,2026-06-01 14:28:24,0,SMS,,4G,0.0,0.05
R03-0001275,3,Lakeside,+1-881-428-9979,+1-585-827-8102,2026-06-01 23:02:17,3094,VOICE,,5G,0.08,4.13
R03-0001276,3,Lakeside,+1-904-230-7869,+1-747-700-5840,2026-06-01 18:11:24,2452,VOICE,,5G,0.08,3.27
R03-0001277,3,Lakeside,+1-341-821-4450,+1-964-306-5763,2026-06-01 12:45:59,0,SMS,,4G,0.0,0.05
R03-0001278,3,Lakeside,+1-780-296-3639,+1-397-512-1278,2026-06-01 18:08:44,3503,VOICE,,4G,0.1,5.84
R03-0001279,3,Lakeside,+1-207-486-1368,+1-703-886-4321,2026-06-01 09:10:14,0,SMS,,5G,0.0,0.05
R03-0001280,3,Lakeside,+1-582-407-6919,+1-747-446-5633,2026-06-01 17:16:54,0,SMS,,5G,0.0,0.05
R03-0001281,3,Lakeside,+1-586-569-9993,+1-319-562-8016,2026-06-01 17:42:20,504,VOICE,,4G,0.1,0.84
R03-0001282,3,Lakeside,+1-456-519-9139,+1-878-666-7356,2026-06-01 18:22:14,2640,VOICE,,4G,0.1,4.4
R03-0001283,3,Lakeside,+1-457-247-4422,+1-449-763-1119,2026-06-01 02:37:23,2392,VOICE,,5G,0.08,3.19
R03-0001284,3,Lakeside,+1-539-523-4814,,2026-06-01 05:43:28,1959,DATA,154593536,4G,0.0,1.55
R03-0001285,3,Lakeside,+1-842-445-5035,+1-211-215-0330,2026-06-01 17:22:15,286,VOICE,,4G,0.1,0.48
R03-0001286,3,Lakeside,+1-423-686-7785,+1-714-927-3022,2026-06-01 22:06:15,2104,VOICE,,4G,0.1,3.51
R03-0001287,3,Lakeside,+1-297-792-0227,+1-943-924-1789,2026-06-01 09:00:54,569,VOICE,,5G,0.08,0.76
R03-0001288,3,Lakeside,+1-517-453-9474,+1-871-659-3656,2026-06-01 22:21:11,2135,VOICE,,4G,0.1,3.56
R03-0001289,3,Lakeside,+1-797-436-6789,+1-222-691-5901,2026-06-01 02:08:15,0,SMS,,5G,0.0,0.05
R03-0001290,3,Lakeside,+1-850-696-6909,,2026-06-01 18:54:41,5806,DATA,131931276,4G,0.0,1.32
R03-0001291,3,Lakeside,+1-525-402-0580,+1-675-343-3882,2026-06-01 01:13:31,0,SMS,,4G,0.0,0.05
R03-0001292,3,Lakeside,+1-951-793-6416,,2026-06-01 10:45:35,2024,DATA,448144555,5G,0.0,4.48
R03-0001293,3,Lakeside,+1-422-485-7137,+1-214-211-5011,2026-06-01 15:42:49,3001,VOICE,,4G,0.1,5.0
R03-0001294,3,Lakeside,+1-576-542-7131,+1-945-397-2057,2026-06-01 17:48:48,349,VOICE,,5G,0.08,0.47
R03-0001295,3,Lakeside,+1-980-349-5323,+1-458-282-1076,2026-06-01 01:38:49,0,SMS,,5G,0.0,0.05
R03-0001296,3,Lakeside,+1-589-745-3770,+1-915-835-0950,2026-06-01 16:58:00,965,VOICE,,5G,0.08,1.29
R03-0001297,3,Lakeside,+1-619-772-7319,,2026-06-01 06:03:19,6738,DATA,235404901,4G,0.0,2.35
R03-0001298,3,Lakeside,+1-515-688-1460,+1-857-242-8434,2026-06-01 17:19:39,0,SMS,,4G,0.0,0.05
R03-0001299,3,Lakeside,+1-683-239-2069,+1-536-462-5190,2026-06-01 19:33:46,653,VOICE,,5G,0.08,0.87
R03-0001300,3,Lakeside,+1-483-833-7786,+1-530-831-0835,2026-06-01 12:08:49,0,SMS,,4G,0.0,0.05
R03-0001301,3,Lakeside,+1-874-695-3622,,2026-06-01 17:54:02,5632,DATA,326601642,4G,0.0,3.27
R03-0001302,3,Lakeside,+1-786-951-4770,+1-793-341-5289,2026-06-01 08:59:04,3419,VOICE,,4G,0.1,5.7
R03-0001303,3,Lakeside,+1-710-867-1384,+1-823-961-3819,2026-06-01 11:41:41,0,SMS,,4G,0.0,0.05
R03-0001304,3,Lakeside,+1-369-570-6127,,2026-06-01 05:06:35,169,DATA,14625956,4G,0.0,0.15
R03-0001305,3,Lakeside,+1-319-890-6190,+1-716-375-1512,2026-06-01 20:07:00,0,SMS,,4G,0.0,0.05
R03-0001306,3,Lakeside,+1-434-643-0444,+1-725-433-1919,2026-06-01 22:39:40,0,SMS,,3G,0.0,0.05
R03-0001307,3,Lakeside,+1-450-926-0240,+1-685-879-6041,2026-06-01 08:41:59,0,SMS,,5G,0.0,0.05
R03-0001308,3,Lakeside,+1-256-697-0280,+1-779-470-9113,2026-06-01 16:06:31,1851,VOICE,,4G,0.1,3.09
R03-0001309,3,Lakeside,+1-541-604-7685,+1-723-388-2799,2026-06-01 13:52:41,0,SMS,,5G,0.0,0.05
R03-0001310,3,Lakeside,+1-855-452-8206,+1-669-414-5520,2026-06-01 11:16:09,3229,VOICE,,4G,0.1,5.38
R03-0001311,3,Lakeside,+1-715-730-7538,+1-389-627-1328,2026-06-01 07:19:20,2828,VOICE,,5G,0.08,3.77
R03-0001312,3,Lakeside,+1-503-260-6331,+1-904-985-7822,2026-06-01 08:46:27,0,SMS,,5G,0.0,0.05
R03-0001313,3,Lakeside,+1-857-639-7535,+1-315-945-1052,2026-06-01 14:01:33,0,SMS,,3G,0.0,0.05
R03-0001314,3,Lakeside,+1-919-910-4340,,2026-06-01 02:57:48,5429,DATA,246721041,4G,0.0,2.47
R03-0001315,3,Lakeside,+1-587-999-6138,+1-390-353-4847,2026-06-01 18:42:54,0,SMS,,4G,0.0,0.05
R03-0001316,3,Lakeside,+1-755-786-3330,+1-490-786-0502,2026-06-01 03:31:47,2994,VOICE,,4G,0.1,4.99
R03-0001317,3,Lakeside,+1-473-633-1618,+1-356-945-8693,2026-06-01 02:26:01,3221,VOICE,,5G,0.08,4.29
R03-0001318,3,Lakeside,+1-270-216-0772,+1-806-616-3701,2026-06-01 13:44:43,2458,VOICE,,5G,0.08,3.28
R03-0001319,3,Lakeside,+1-602-677-2876,+1-943-397-5993,2026-06-01 20:28:04,2611,VOICE,,4G,0.1,4.35
R03-0001320,3,Lakeside,+1-218-916-3692,+1-259-939-5896,2026-06-01 07:04:34,3469,VOICE,,3G,0.12,6.94
R03-0001321,3,Lakeside,+1-349-606-2516,+1-284-970-5160,2026-06-01 23:42:22,0,SMS,,4G,0.0,0.05
R03-0001322,3,Lakeside,+1-250-535-7459,+1-388-399-4691,2026-06-01 09:56:58,0,SMS,,5G,0.0,0.05
R03-0001323,3,Lakeside,+1-721-475-9043,+1-574-261-5298,2026-06-01 10:21:36,1778,VOICE,,5G,0.08,2.37
R03-0001324,3,Lakeside,+1-789-556-4785,+1-615-606-7857,2026-06-01 13:36:58,1850,VOICE,,5G,0.08,2.47
R03-0001325,3,Lakeside,+1-456-796-9211,+1-281-951-9667,2026-06-01 01:18:15,2418,VOICE,,4G,0.1,4.03
R03-0001326,3,Lakeside,+1-452-767-6565,+1-833-616-5043,2026-06-01 19:52:24,0,SMS,,4G,0.0,0.05
R03-0001327,3,Lakeside,+1-460-905-2708,+1-584-758-6940,2026-06-01 08:45:34,21,VOICE,,4G,0.1,0.03
R03-0001328,3,Lakeside,+1-416-625-4680,+1-985-602-3960,2026-06-01 01:02:12,2892,VOICE,,4G,0.1,4.82
R03-0001329,3,Lakeside,+1-402-411-4090,+1-268-573-1469,2026-06-01 16:36:50,434,VOICE,,5G,0.08,0.58
R03-0001330,3,Lakeside,+1-488-984-2325,+1-677-568-9385,2026-06-01 15:57:51,0,SMS,,4G,0.0,0.05
R03-0001331,3,Lakeside,+1-439-418-7386,+1-614-697-2786,2026-06-01 03:25:55,0,SMS,,4G,0.0,0.05
R03-0001332,3,Lakeside,+1-905-308-7212,,2026-06-01 08:17:08,4708,DATA,222658350,4G,0.0,2.23
R03-0001333,3,Lakeside,+1-212-707-2935,+1-918-923-8512,2026-06-01 06:25:40,1736,VOICE,,4G,0.1,2.89
R03-0001334,3,Lakeside,+1-491-222-2614,+1-602-268-3577,2026-06-01 16:20:46,2308,VOICE,,4G,0.1,3.85
R03-0001335,3,Lakeside,+1-740-477-2213,,2026-06-01 07:04:06,3194,DATA,253493237,4G,0.0,2.53
R03-0001336,3,Lakeside,+1-333-348-6748,+1-638-281-5696,2026-06-01 02:42:15,3017,VOICE,,4G,0.1,5.03
R03-0001337,3,Lakeside,+1-638-236-3286,+1-300-721-2951,2026-06-01 19:41:15,3029,VOICE,,5G,0.08,4.04
R03-0001338,3,Lakeside,+1-211-343-0206,+1-217-927-3293,2026-06-01 10:16:58,0,SMS,,4G,0.0,0.05
R03-0001339,3,Lakeside,+1-786-793-8543,+1-532-905-6568,2026-06-01 06:11:37,1566,VOICE,,5G,0.08,2.09
R03-0001340,3,Lakeside,+1-327-543-7454,+1-704-247-3574,2026-06-01 21:17:16,0,SMS,,4G,0.0,0.05
R03-0001341,3,Lakeside,+1-807-664-0829,,2026-06-01 03:20:43,5044,DATA,395697497,5G,0.0,3.96
R03-0001342,3,Lakeside,+1-201-492-2707,,2026-06-01 19:50:06,5868,DATA,125007800,4G,0.0,1.25
R03-0001343,3,Lakeside,+1-936-778-3396,+1-582-334-7634,2026-06-01 12:08:30,0,SMS,,4G,0.0,0.05
R03-0001344,3,Lakeside,+1-688-598-9181,,2026-06-01 07:22:09,1869,DATA,354871954,4G,0.0,3.55
R03-0001345,3,Lakeside,+1-851-963-3875,+1-280-754-6759,2026-06-01 02:53:13,1084,VOICE,,4G,0.1,1.81
R03-0001346,3,Lakeside,+1-661-752-6226,+1-931-522-7509,2026-06-01 11:59:08,0,SMS,,4G,0.0,0.05
R03-0001347,3,Lakeside,+1-429-720-3916,+1-397-670-3083,2026-06-01 07:53:04,1175,VOICE,,4G,0.1,1.96
R03-0001348,3,Lakeside,+1-836-352-5124,+1-613-315-8459,2026-06-01 09:54:33,2256,VOICE,,4G,0.1,3.76
R03-0001349,3,Lakeside,+1-339-867-0369,+1-517-988-4277,2026-06-01 18:33:51,2890,VOICE,,4G,0.1,4.82
R03-0001350,3,Lakeside,+1-334-728-1436,+1-519-314-7207,2026-06-01 17:12:50,3079,VOICE,,4G,0.1,5.13
R03-0001351,3,Lakeside,+1-483-867-9360,+1-256-216-8915,2026-06-01 22:17:09,733,VOICE,,3G,0.12,1.47
R03-0001352,3,Lakeside,+1-835-420-8887,+1-265-826-6486,2026-06-01 14:11:21,0,SMS,,4G,0.0,0.05
R03-0001353,3,Lakeside,+1-919-971-0292,,2026-06-01 16:00:43,389,DATA,368445435,4G,0.0,3.68
R03-0001354,3,Lakeside,+1-577-261-2303,+1-646-500-4766,2026-06-01 13:44:56,0,SMS,,4G,0.0,0.05
R03-0001355,3,Lakeside,+1-930-697-2598,+1-812-551-1877,2026-06-01 14:56:26,1351,VOICE,,4G,0.1,2.25
R03-0001356,3,Lakeside,+1-525-481-8138,+1-262-915-5479,2026-06-01 02:38:39,0,SMS,,5G,0.0,0.05
R03-0001357,3,Lakeside,+1-286-852-9035,+1-919-345-5618,2026-06-01 08:52:39,684,VOICE,,4G,0.1,1.14
R03-0001358,3,Lakeside,+1-464-654-3116,,2026-06-01 06:07:19,2234,DATA,373370792,5G,0.0,3.73
R03-0001359,3,Lakeside,+1-970-897-1464,,2026-06-01 20:43:36,3795,DATA,486304628,5G,0.0,4.86
R03-0001360,3,Lakeside,+1-299-540-2124,+1-703-240-9079,2026-06-01 20:34:19,2839,VOICE,,3G,0.12,5.68
R03-0001361,3,Lakeside,+1-870-581-1474,+1-533-222-4930,2026-06-01 10:50:27,0,VOICE,,4G,0.1,0.0
R03-0001362,3,Lakeside,+1-327-453-7609,,2026-06-01 06:52:00,1773,DATA,45660397,4G,0.0,0.46
R03-0001363,3,Lakeside,+1-498-640-4758,,2026-06-01 21:37:41,241,DATA,343491364,4G,0.0,3.43
R03-0001364,3,Lakeside,+1-367-486-2166,+1-711-269-8000,2026-06-01 06:59:15,2504,VOICE,,4G,0.1,4.17
R03-0001365,3,Lakeside,+1-947-958-3367,+1-509-850-1671,2026-06-01 05:52:23,366,VOICE,,5G,0.08,0.49
R03-0001366,3,Lakeside,+1-833-886-5161,+1-526-401-1943,2026-06-01 21:05:46,1625,VOICE,,4G,0.1,2.71
R03-0001367,3,Lakeside,+1-763-757-3598,,2026-06-01 17:31:20,3003,DATA,96070034,4G,0.0,0.96
R03-0001368,3,Lakeside,+1-338-617-1142,+1-333-858-2721,2026-06-01 16:55:12,0,VOICE,,4G,0.1,0.0
R03-0001369,3,Lakeside,+1-283-544-7720,+1-758-282-2608,2026-06-01 21:33:34,0,SMS,,4G,0.0,0.05
R03-0001370,3,Lakeside,+1-369-387-9276,+1-347-216-8078,2026-06-01 12:58:41,0,SMS,,4G,0.0,0.05
R03-0001371,3,Lakeside,+1-473-373-2087,,2026-06-01 06:55:35,3973,DATA,459418878,4G,0.0,4.59
R03-0001372,3,Lakeside,+1-445-634-8611,+1-490-854-6836,2026-06-01 20:29:11,0,SMS,,4G,0.0,0.05
R03-0001373,3,Lakeside,+1-404-703-1010,+1-665-925-2563,2026-06-01 02:16:10,2415,VOICE,,5G,0.08,3.22
R03-0001374,3,Lakeside,+1-441-930-3349,+1-626-504-5583,2026-06-01 19:18:37,0,VOICE,,3G,0.12,0.0
R03-0001375,3,Lakeside,+1-291-366-9047,+1-326-968-1535,2026-06-01 05:57:15,0,SMS,,5G,0.0,0.05
R03-0001376,3,Lakeside,+1-300-789-1439,+1-885-721-4372,2026-06-01 06:16:22,0,SMS,,3G,0.0,0.05
R03-0001377,3,Lakeside,+1-636-855-1320,+1-755-589-3630,2026-06-01 03:17:23,0,SMS,,3G,0.0,0.05
R03-0001378,3,Lakeside,+1-257-904-2575,,2026-06-01 17:14:48,5976,DATA,334659192,5G,0.0,3.35
R03-0001379,3,Lakeside,+1-205-324-0914,+1-974-305-3527,2026-06-01 14:40:02,303,VOICE,,4G,0.1,0.51
R03-0001380,3,Lakeside,+1-584-577-4488,,2026-06-01 18:50:43,3721,DATA,51787193,4G,0.0,0.52
R03-0001381,3,Lakeside,+1-543-568-6490,+1-713-458-0012,2026-06-01 18:06:14,0,SMS,,3G,0.0,0.05
R03-0001382,3,Lakeside,+1-268-323-0663,+1-580-306-4712,2026-06-01 07:07:25,138,VOICE,,4G,0.1,0.23
R03-0001383,3,Lakeside,+1-554-923-1792,,2026-06-01 11:54:13,4429,DATA,202304572,4G,0.0,2.02
R03-0001384,3,Lakeside,+1-547-689-4537,+1-470-595-5830,2026-06-01 05:51:40,1397,VOICE,,4G,0.1,2.33
R03-0001385,3,Lakeside,+1-303-925-5988,,2026-06-01 22:26:14,4148,DATA,341491474,5G,0.0,3.41
R03-0001386,3,Lakeside,+1-689-407-8250,+1-266-825-2163,2026-06-01 06:05:19,2138,VOICE,,5G,0.08,2.85
R03-0001387,3,Lakeside,+1-499-280-2100,+1-716-551-7023,2026-06-01 18:44:40,0,SMS,,5G,0.0,0.05
R03-0001388,3,Lakeside,+1-347-352-0872,+1-724-996-9985,2026-06-01 17:48:39,0,SMS,,4G,0.0,0.05
R03-0001389,3,Lakeside,+1-409-817-6346,+1-781-590-7969,2026-06-01 04:11:51,3553,VOICE,,4G,0.1,5.92
R03-0001390,3,Lakeside,+1-755-994-3254,+1-490-514-7623,2026-06-01 19:26:53,0,SMS,,4G,0.0,0.05
R03-0001391,3,Lakeside,+1-902-355-7820,,2026-06-01 20:28:46,7060,DATA,46976078,4G,0.0,0.47
R03-0001392,3,Lakeside,+1-878-678-2241,+1-353-632-1305,2026-06-01 09:06:19,0,SMS,,4G,0.0,0.05
R03-0001393,3,Lakeside,+1-684-704-6211,,2026-06-01 07:44:41,4790,DATA,231201037,3G,0.0,2.31
R03-0001394,3,Lakeside,+1-455-275-8999,+1-729-348-1077,2026-06-01 20:01:52,2251,VOICE,,3G,0.12,4.5
R03-0001395,3,Lakeside,+1-456-760-5975,,2026-06-01 21:14:16,1897,DATA,159544049,4G,0.0,1.6
R03-0001396,3,Lakeside,+1-766-346-2316,+1-242-826-4596,2026-06-01 23:40:40,0,VOICE,,4G,0.1,0.0
R03-0001397,3,Lakeside,+1-513-829-9820,,2026-06-01 05:39:19,5445,DATA,373681153,4G,0.0,3.74
R03-0001398,3,Lakeside,+1-606-950-2034,+1-859-252-7520,2026-06-01 22:17:24,3451,VOICE,,4G,0.1,5.75
R03-0001399,3,Lakeside,+1-792-434-2710,+1-694-464-5592,2026-06-01 13:12:27,2832,VOICE,,4G,0.1,4.72
R03-0001400,3,Lakeside,+1-886-345-4867,+1-605-950-2998,2026-06-01 09:27:07,104,VOICE,,4G,0.1,0.17
R03-0001401,3,Lakeside,+1-674-467-5354,,2026-06-01 16:59:54,3763,DATA,447254622,5G,0.0,4.47
R03-0001402,3,Lakeside,+1-512-282-0713,+1-761-229-3715,2026-06-01 04:32:07,0,SMS,,3G,0.0,0.05
R03-0001403,3,Lakeside,+1-579-752-5558,+1-921-895-9276,2026-06-01 01:58:53,0,SMS,,5G,0.0,0.05
R03-0001404,3,Lakeside,+1-235-447-6948,+1-931-846-0566,2026-06-01 22:23:42,0,SMS,,5G,0.0,0.05
R03-0001405,3,Lakeside,+1-306-242-5675,+1-377-915-7439,2026-06-01 21:20:26,1075,VOICE,,5G,0.08,1.43
R03-0001406,3,Lakeside,+1-219-854-8109,+1-773-973-3801,2026-06-01 00:25:58,1897,VOICE,,4G,0.1,3.16
R03-0001407,3,Lakeside,+1-542-443-3697,,2026-06-01 00:56:52,5705,DATA,266959057,4G,0.0,2.67
R03-0001408,3,Lakeside,+1-955-424-3703,+1-576-416-9239,2026-06-01 11:07:09,3102,VOICE,,4G,0.1,5.17
R03-0001409,3,Lakeside,+1-828-627-9318,+1-337-621-1640,2026-06-01 20:23:51,1386,VOICE,,4G,0.1,2.31
R03-0001410,3,Lakeside,+1-258-354-4332,,2026-06-01 00:54:23,5496,DATA,368880279,4G,0.0,3.69
R03-0001411,3,Lakeside,+1-958-915-6936,,2026-06-01 19:29:16,1656,DATA,203506947,4G,0.0,2.04
R03-0001412,3,Lakeside,+1-556-449-1286,+1-878-217-2010,2026-06-01 21:04:41,2800,VOICE,,5G,0.08,3.73
R03-0001413,3,Lakeside,+1-680-448-6605,+1-352-270-1600,2026-06-01 17:53:24,724,VOICE,,4G,0.1,1.21
R03-0001414,3,Lakeside,+1-399-546-5474,+1-544-601-8996,2026-06-01 17:10:50,2385,VOICE,,5G,0.08,3.18
R03-0001415,3,Lakeside,+1-444-557-4753,+1-334-661-4373,2026-06-01 12:06:32,3063,VOICE,,3G,0.12,6.13
R03-0001416,3,Lakeside,+1-710-910-7928,+1-415-721-7683,2026-06-01 23:27:32,971,VOICE,,4G,0.1,1.62
R03-0001417,3,Lakeside,+1-803-323-5762,+1-559-271-7029,2026-06-01 12:57:35,236,VOICE,,4G,0.1,0.39
R03-0001418,3,Lakeside,+1-595-433-9455,+1-616-887-2652,2026-06-01 00:04:57,1783,VOICE,,5G,0.08,2.38
R03-0001419,3,Lakeside,+1-669-595-5962,+1-924-303-1360,2026-06-01 13:50:57,0,SMS,,3G,0.0,0.05
R03-0001420,3,Lakeside,+1-233-534-4982,+1-610-568-1564,2026-06-01 00:31:08,2377,VOICE,,4G,0.1,3.96
R03-0001421,3,Lakeside,+1-825-806-0311,,2026-06-01 01:52:02,1868,DATA,143377446,5G,0.0,1.43
R03-0001422,3,Lakeside,+1-504-708-4996,+1-299-331-6837,2026-06-01 22:10:51,3094,VOICE,,4G,0.1,5.16
R03-0001423,3,Lakeside,+1-823-921-0702,,2026-06-01 02:20:22,4160,DATA,179594225,4G,0.0,1.8
R03-0001424,3,Lakeside,+1-219-987-4420,+1-834-682-8320,2026-06-01 16:59:25,3392,VOICE,,4G,0.1,5.65
R03-0001425,3,Lakeside,+1-722-451-6599,+1-554-958-6262,2026-06-01 07:37:11,0,SMS,,5G,0.0,0.05
R03-0001426,3,Lakeside,+1-287-771-7713,+1-514-330-8065,2026-06-01 23:32:44,198,VOICE,,5G,0.08,0.26
R03-0001427,3,Lakeside,+1-882-841-1779,+1-416-470-1587,2026-06-01 04:28:51,393,VOICE,,5G,0.08,0.52
R03-0001428,3,Lakeside,+1-370-393-5543,+1-971-547-0426,2026-06-01 15:35:24,2667,VOICE,,4G,0.1,4.45
R03-0001429,3,Lakeside,+1-456-813-6562,+1-725-550-0903,2026-06-01 20:48:53,0,SMS,,4G,0.0,0.05
R03-0001430,3,Lakeside,+1-937-910-0216,,2026-06-01 19:14:30,6054,DATA,367300217,4G,0.0,3.67
R03-0001431,3,Lakeside,+1-315-439-4130,,2026-06-01 15:41:22,175,DATA,73542295,4G,0.0,0.74
R03-0001432,3,Lakeside,+1-591-707-3653,,2026-06-01 13:38:08,6296,DATA,273333805,5G,0.0,2.73
R03-0001433,3,Lakeside,+1-736-524-5436,+1-512-202-5481,2026-06-01 09:09:07,0,SMS,,4G,0.0,0.05
R03-0001434,3,Lakeside,+1-646-260-1048,+1-554-468-3310,2026-06-01 06:17:00,2281,VOICE,,5G,0.08,3.04
R03-0001435,3,Lakeside,+1-864-835-9802,+1-310-633-0442,2026-06-01 11:39:13,0,SMS,,5G,0.0,0.05
R03-0001436,3,Lakeside,+1-815-937-8317,+1-258-837-2804,2026-06-01 19:54:26,3415,VOICE,,3G,0.12,6.83
R03-0001437,3,Lakeside,+1-746-226-3971,+1-289-636-2476,2026-06-01 08:24:05,0,SMS,,4G,0.0,0.05
R03-0001438,3,Lakeside,+1-773-314-9398,+1-262-234-1672,2026-06-01 05:50:48,0,SMS,,3G,0.0,0.05
R03-0001439,3,Lakeside,+1-874-372-1785,+1-483-414-1432,2026-06-01 06:48:09,0,SMS,,5G,0.0,0.05
R03-0001440,3,Lakeside,+1-443-952-5548,+1-880-996-9331,2026-06-01 04:18:12,1472,VOICE,,5G,0.08,1.96
R03-0001441,3,Lakeside,+1-335-907-5406,+1-366-831-0725,2026-06-01 06:04:50,222,VOICE,,5G,0.08,0.3
R03-0001442,3,Lakeside,+1-204-909-3927,+1-531-710-9478,2026-06-01 05:02:03,3190,VOICE,,5G,0.08,4.25
R03-0001443,3,Lakeside,+1-608-821-0557,,2026-06-01 11:09:12,7162,DATA,217199157,4G,0.0,2.17
R03-0001444,3,Lakeside,+1-879-484-3765,+1-987-917-1193,2026-06-01 02:38:31,0,SMS,,4G,0.0,0.05
R03-0001445,3,Lakeside,+1-211-629-9356,+1-293-213-3995,2026-06-01 17:28:17,1519,VOICE,,5G,0.08,2.03
R03-0001446,3,Lakeside,+1-394-541-5605,,2026-06-01 12:07:01,5879,DATA,183091055,5G,0.0,1.83
R03-0001447,3,Lakeside,+1-984-715-0715,+1-832-670-2298,2026-06-01 06:52:32,0,SMS,,5G,0.0,0.05
R03-0001448,3,Lakeside,+1-350-373-3466,+1-834-570-8237,2026-06-01 13:56:18,1941,VOICE,,5G,0.08,2.59
R03-0001449,3,Lakeside,+1-967-295-1455,+1-341-636-7514,2026-06-01 02:16:04,60,VOICE,,3G,0.12,0.12
R03-0001450,3,Lakeside,+1-685-366-9802,+1-952-432-0721,2026-06-01 08:30:35,3052,VOICE,,4G,0.1,5.09
R03-0001451,3,Lakeside,+1-970-340-2252,+1-494-516-1474,2026-06-01 14:23:13,0,SMS,,3G,0.0,0.05
R03-0001452,3,Lakeside,+1-792-667-9035,,2026-06-01 14:52:35,6850,DATA,398246870,4G,0.0,3.98
R03-0001453,3,Lakeside,+1-537-297-7587,+1-946-733-5972,2026-06-01 04:41:41,0,SMS,,5G,0.0,0.05
R03-0001454,3,Lakeside,+1-629-742-3783,,2026-06-01 14:09:28,3451,DATA,288144622,5G,0.0,2.88
R03-0001455,3,Lakeside,+1-699-858-4659,+1-766-522-2759,2026-06-01 03:41:11,0,SMS,,4G,0.0,0.05
R03-0001456,3,Lakeside,+1-541-337-4633,+1-545-331-6547,2026-06-01 00:40:57,385,VOICE,,4G,0.1,0.64
R03-0001457,3,Lakeside,+1-587-701-0062,+1-291-937-6015,2026-06-01 12:40:42,2827,VOICE,,5G,0.08,3.77
R03-0001458,3,Lakeside,+1-779-809-0047,+1-816-219-8283,2026-06-01 16:35:54,1343,VOICE,,3G,0.12,2.69
R03-0001459,3,Lakeside,+1-370-751-0568,+1-353-573-0514,2026-06-01 22:12:05,0,SMS,,4G,0.0,0.05
R03-0001460,3,Lakeside,+1-487-677-1970,,2026-06-01 07:36:52,7117,DATA,297667891,4G,0.0,2.98
R03-0001461,3,Lakeside,+1-674-906-3834,+1-256-830-3110,2026-06-01 20:16:46,408,VOICE,,4G,0.1,0.68
R03-0001462,3,Lakeside,+1-665-378-5933,+1-291-434-6233,2026-06-01 04:23:34,1154,VOICE,,4G,0.1,1.92
R03-0001463,3,Lakeside,+1-301-212-4097,+1-966-787-9757,2026-06-01 10:05:37,3451,VOICE,,4G,0.1,5.75
R03-0001464,3,Lakeside,+1-490-655-5345,+1-855-919-2962,2026-06-01 19:51:44,1819,VOICE,,4G,0.1,3.03
R03-0001465,3,Lakeside,+1-878-673-6638,+1-206-270-7856,2026-06-01 03:19:23,1875,VOICE,,4G,0.1,3.12
R03-0001466,3,Lakeside,+1-555-458-1250,+1-822-874-8279,2026-06-01 02:59:03,2246,VOICE,,3G,0.12,4.49
R03-0001467,3,Lakeside,+1-311-315-0315,+1-377-709-1052,2026-06-01 18:42:22,0,SMS,,4G,0.0,0.05
R03-0001468,3,Lakeside,+1-720-753-3627,+1-694-541-1130,2026-06-01 06:32:15,2248,VOICE,,4G,0.1,3.75
R03-0001469,3,Lakeside,+1-660-349-1716,,2026-06-01 18:14:05,3522,DATA,111555243,4G,0.0,1.12
R03-0001470,3,Lakeside,+1-667-931-9151,+1-322-809-5867,2026-06-01 11:39:15,1917,VOICE,,5G,0.08,2.56
R03-0001471,3,Lakeside,+1-841-882-6630,,2026-06-01 05:17:11,3010,DATA,324453051,4G,0.0,3.24
R03-0001472,3,Lakeside,+1-433-801-4048,+1-776-366-3276,2026-06-01 02:04:55,470,VOICE,,3G,0.12,0.94
R03-0001473,3,Lakeside,+1-324-322-8426,+1-985-956-4651,2026-06-01 14:47:28,0,VOICE,,5G,0.08,0.0
R03-0001474,3,Lakeside,+1-570-864-4964,+1-224-999-4422,2026-06-01 14:59:45,1920,VOICE,,4G,0.1,3.2
R03-0001475,3,Lakeside,+1-299-294-1323,,2026-06-01 17:03:01,2852,DATA,65424377,5G,0.0,0.65
R03-0001476,3,Lakeside,+1-448-960-6491,+1-890-394-7492,2026-06-01 01:42:19,73,VOICE,,5G,0.08,0.1
R03-0001477,3,Lakeside,+1-677-213-2485,+1-878-425-8477,2026-06-01 20:47:14,0,SMS,,4G,0.0,0.05
R03-0001478,3,Lakeside,+1-778-636-6380,+1-951-518-1151,2026-06-01 11:34:24,3540,VOICE,,4G,0.1,5.9
R03-0001479,3,Lakeside,+1-567-451-7148,+1-433-623-6612,2026-06-01 17:40:20,1522,VOICE,,5G,0.08,2.03
R03-0001480,3,Lakeside,+1-209-648-9725,,2026-06-01 05:36:19,5930,DATA,248394795,4G,0.0,2.48
R03-0001481,3,Lakeside,+1-592-985-8641,+1-629-491-9513,2026-06-01 01:42:29,0,SMS,,5G,0.0,0.05
R03-0001482,3,Lakeside,+1-753-603-6618,+1-220-521-9051,2026-06-01 15:38:09,1384,VOICE,,4G,0.1,2.31
R03-0001483,3,Lakeside,+1-523-525-1717,+1-347-691-9380,2026-06-01 19:44:04,0,SMS,,5G,0.0,0.05
R03-0001484,3,Lakeside,+1-862-926-6968,,2026-06-01 12:25:58,2410,DATA,277608245,4G,0.0,2.78
R03-0001485,3,Lakeside,+1-901-387-1003,,2026-06-01 08:00:09,6208,DATA,122253210,3G,0.0,1.22
R03-0001486,3,Lakeside,+1-453-804-6393,+1-504-732-1047,2026-06-01 18:12:50,3355,VOICE,,5G,0.08,4.47
R03-0001487,3,Lakeside,+1-433-702-9073,,2026-06-01 20:12:00,2385,DATA,352951612,5G,0.0,3.53
R03-0001488,3,Lakeside,+1-872-892-4120,+1-217-593-1171,2026-06-01 13:59:57,0,SMS,,5G,0.0,0.05
R03-0001489,3,Lakeside,+1-814-348-3689,,2026-06-01 10:08:31,4065,DATA,426756442,4G,0.0,4.27
R03-0001490,3,Lakeside,+1-370-493-5689,+1-455-469-8136,2026-06-01 23:49:29,1904,VOICE,,4G,0.1,3.17
R03-0001491,3,Lakeside,+1-815-901-3166,,2026-06-01 05:30:08,6546,DATA,305500304,3G,0.0,3.06
R03-0001492,3,Lakeside,+1-507-670-8562,,2026-06-01 07:05:43,1741,DATA,468559073,5G,0.0,4.69
R03-0001493,3,Lakeside,+1-850-629-1174,+1-224-426-2065,2026-06-01 00:56:28,2827,VOICE,,4G,0.1,4.71
R03-0001494,3,Lakeside,+1-712-623-5378,+1-210-823-8999,2026-06-01 17:43:38,0,SMS,,4G,0.0,0.05
R03-0001495,3,Lakeside,+1-401-617-4892,+1-859-616-4644,2026-06-01 17:44:22,0,SMS,,4G,0.0,0.05
R03-0001496,3,Lakeside,+1-357-629-3867,+1-305-569-2717,2026-06-01 08:37:38,1822,VOICE,,4G,0.1,3.04
R03-0001497,3,Lakeside,+1-490-252-2765,+1-574-923-8060,2026-06-01 21:20:07,1556,VOICE,,4G,0.1,2.59
R03-0001498,3,Lakeside,+1-417-704-9603,+1-591-458-9109,2026-06-01 11:30:40,1621,VOICE,,3G,0.12,3.24
R03-0001499,3,Lakeside,+1-787-994-8975,,2026-06-01 03:40:40,6589,DATA,51802687,4G,0.0,0.52
R03-0001500,3,Lakeside,+1-807-928-8735,+1-475-608-6835,2026-06-01 01:44:12,1311,VOICE,,5G,0.08,1.75
R03-0001501,3,Lakeside,+1-745-561-6637,,2026-06-01 22:05:00,1833,DATA,251925949,5G,0.0,2.52
R03-0001502,3,Lakeside,+1-468-581-8286,,2026-06-01 20:00:21,5254,DATA,138160182,4G,0.0,1.38
R03-0001503,3,Lakeside,+1-857-982-9476,+1-567-813-1428,2026-06-01 06:13:44,1243,VOICE,,3G,0.12,2.49
R03-0001504,3,Lakeside,+1-837-717-1697,+1-755-276-1127,2026-06-01 16:21:26,2365,VOICE,,4G,0.1,3.94
R03-0001505,3,Lakeside,+1-369-272-4800,,2026-06-01 09:32:24,5514,DATA,499253442,4G,0.0,4.99
R03-0001506,3,Lakeside,+1-250-355-4205,+1-316-396-9587,2026-06-01 06:19:48,0,VOICE,,5G,0.08,0.0
R03-0001507,3,Lakeside,+1-961-668-6723,+1-364-930-6336,2026-06-01 06:23:38,0,SMS,,4G,0.0,0.05
R03-0001508,3,Lakeside,+1-747-276-7419,+1-426-830-5937,2026-06-01 23:04:35,0,SMS,,4G,0.0,0.05
R03-0001509,3,Lakeside,+1-639-500-1288,+1-430-229-7359,2026-06-01 10:57:27,3104,VOICE,,5G,0.08,4.14
R03-0001510,3,Lakeside,+1-438-577-0314,+1-247-408-6723,2026-06-01 23:10:48,0,SMS,,4G,0.0,0.05
R03-0001511,3,Lakeside,+1-482-989-6904,+1-480-411-6113,2026-06-01 23:25:10,68,VOICE,,4G,0.1,0.11
R03-0001512,3,Lakeside,+1-358-869-6778,+1-517-929-1469,2026-06-01 08:34:07,0,SMS,,4G,0.0,0.05
R03-0001513,3,Lakeside,+1-207-280-7110,,2026-06-01 02:30:12,6513,DATA,300766453,3G,0.0,3.01
R03-0001514,3,Lakeside,+1-516-944-8393,+1-761-583-3438,2026-06-01 19:44:48,3437,VOICE,,5G,0.08,4.58
R03-0001515,3,Lakeside,+1-829-269-6101,,2026-06-01 01:50:40,1937,DATA,153687814,5G,0.0,1.54
R03-0001516,3,Lakeside,+1-803-830-5295,+1-257-978-7052,2026-06-01 06:10:19,225,VOICE,,4G,0.1,0.38
R03-0001517,3,Lakeside,+1-970-483-4471,+1-546-730-7648,2026-06-01 09:01:39,0,VOICE,,5G,0.08,0.0
R03-0001518,3,Lakeside,+1-447-872-0962,,2026-06-01 05:26:17,2974,DATA,742762,5G,0.0,0.01
R03-0001519,3,Lakeside,+1-289-944-2709,+1-945-501-6255,2026-06-01 08:09:40,452,VOICE,,4G,0.1,0.75
R03-0001520,3,Lakeside,+1-740-682-6627,+1-943-940-6904,2026-06-01 08:12:20,0,SMS,,4G,0.0,0.05
R03-0001521,3,Lakeside,+1-673-767-3424,+1-233-251-8028,2026-06-01 14:36:38,0,SMS,,3G,0.0,0.05
R03-0001522,3,Lakeside,+1-361-262-0689,+1-316-999-3817,2026-06-01 05:36:05,0,VOICE,,4G,0.1,0.0
R03-0001523,3,Lakeside,+1-945-370-3719,,2026-06-01 10:01:23,2172,DATA,46798326,4G,0.0,0.47
R03-0001524,3,Lakeside,+1-779-708-9615,,2026-06-01 17:00:38,6260,DATA,322864423,4G,0.0,3.23
R03-0001525,3,Lakeside,+1-329-678-5000,+1-880-729-1351,2026-06-01 19:02:17,2020,VOICE,,4G,0.1,3.37
R03-0001526,3,Lakeside,+1-517-956-9528,+1-261-617-7777,2026-06-01 00:43:18,3398,VOICE,,4G,0.1,5.66
R03-0001527,3,Lakeside,+1-738-773-8131,+1-779-206-8571,2026-06-01 21:56:08,1171,VOICE,,3G,0.12,2.34
R03-0001528,3,Lakeside,+1-497-742-4567,+1-508-572-4024,2026-06-01 16:30:36,2734,VOICE,,4G,0.1,4.56
R03-0001529,3,Lakeside,+1-792-988-1550,,2026-06-01 12:08:37,1744,DATA,404082120,4G,0.0,4.04
R03-0001530,3,Lakeside,+1-550-573-0056,+1-819-756-4515,2026-06-01 12:15:57,3345,VOICE,,3G,0.12,6.69
R03-0001531,3,Lakeside,+1-989-694-6736,+1-597-391-5553,2026-06-01 09:56:25,850,VOICE,,4G,0.1,1.42
R03-0001532,3,Lakeside,+1-977-452-0114,,2026-06-01 07:58:52,6140,DATA,341734701,5G,0.0,3.42
R03-0001533,3,Lakeside,+1-821-567-3623,+1-706-558-6943,2026-06-01 11:03:24,724,VOICE,,5G,0.08,0.97
R03-0001534,3,Lakeside,+1-230-305-8519,+1-522-512-5629,2026-06-01 21:40:12,0,SMS,,5G,0.0,0.05
R03-0001535,3,Lakeside,+1-836-940-4641,,2026-06-01 17:24:50,2432,DATA,107486481,4G,0.0,1.07
R03-0001536,3,Lakeside,+1-382-692-4906,+1-873-783-8747,2026-06-01 07:00:08,0,SMS,,4G,0.0,0.05
R03-0001537,3,Lakeside,+1-940-774-3860,+1-227-802-1556,2026-06-01 16:33:07,0,SMS,,5G,0.0,0.05
R03-0001538,3,Lakeside,+1-374-481-0697,+1-528-258-0037,2026-06-01 21:44:17,0,SMS,,4G,0.0,0.05
R03-0001539,3,Lakeside,+1-716-672-3684,+1-668-609-8707,2026-06-01 21:26:47,1314,VOICE,,4G,0.1,2.19
R03-0001540,3,Lakeside,+1-219-633-2687,+1-908-665-0093,2026-06-01 22:15:37,0,SMS,,4G,0.0,0.05
R03-0001541,3,Lakeside,+1-622-991-2369,+1-685-751-0956,2026-06-01 20:30:12,0,SMS,,4G,0.0,0.05
R03-0001542,3,Lakeside,+1-938-321-5513,+1-512-659-0269,2026-06-01 11:40:01,0,SMS,,4G,0.0,0.05
R03-0001543,3,Lakeside,+1-569-554-7025,+1-917-250-6905,2026-06-01 10:00:57,2427,VOICE,,4G,0.1,4.05
R03-0001544,3,Lakeside,+1-851-517-0896,,2026-06-01 04:39:59,5920,DATA,219689916,3G,0.0,2.2
R03-0001545,3,Lakeside,+1-569-336-2318,+1-669-692-1858,2026-06-01 21:51:23,0,SMS,,4G,0.0,0.05
R03-0001546,3,Lakeside,+1-483-449-4703,+1-353-392-9551,2026-06-01 07:46:53,0,SMS,,4G,0.0,0.05
R03-0001547,3,Lakeside,+1-777-538-0307,+1-458-306-6402,2026-06-01 05:11:49,0,SMS,,5G,0.0,0.05
R03-0001548,3,Lakeside,+1-935-341-9203,+1-572-312-1614,2026-06-01 17:03:00,1505,VOICE,,4G,0.1,2.51
R03-0001549,3,Lakeside,+1-901-774-3450,+1-926-957-1980,2026-06-01 23:43:59,185,VOICE,,5G,0.08,0.25
R03-0001550,3,Lakeside,+1-707-907-6917,+1-229-792-2934,2026-06-01 16:28:26,0,SMS,,4G,0.0,0.05
R03-0001551,3,Lakeside,+1-577-262-2930,+1-538-716-8715,2026-06-01 07:41:36,0,SMS,,5G,0.0,0.05
R03-0001552,3,Lakeside,+1-725-900-4451,,2026-06-01 08:20:22,5740,DATA,431371006,5G,0.0,4.31
R03-0001553,3,Lakeside,+1-538-973-8284,+1-449-499-2934,2026-06-01 06:39:47,0,SMS,,4G,0.0,0.05
R03-0001554,3,Lakeside,+1-939-610-3592,+1-693-789-9007,2026-06-01 17:23:43,761,VOICE,,4G,0.1,1.27
R03-0001555,3,Lakeside,+1-489-444-1633,+1-234-395-0296,2026-06-01 08:23:13,2572,VOICE,,4G,0.1,4.29
R03-0001556,3,Lakeside,+1-738-790-5340,+1-454-506-6510,2026-06-01 21:14:10,0,SMS,,4G,0.0,0.05
R03-0001557,3,Lakeside,+1-377-662-8386,+1-328-837-2219,2026-06-01 11:06:23,1449,VOICE,,4G,0.1,2.42
R03-0001558,3,Lakeside,+1-246-261-3093,+1-830-683-1534,2026-06-01 06:29:22,0,SMS,,4G,0.0,0.05
R03-0001559,3,Lakeside,+1-538-218-2011,,2026-06-01 06:31:25,4648,DATA,484841359,4G,0.0,4.85
R03-0001560,3,Lakeside,+1-333-656-1735,+1-386-586-3068,2026-06-01 16:41:37,475,VOICE,,3G,0.12,0.95
R03-0001561,3,Lakeside,+1-427-464-6426,+1-757-381-8889,2026-06-01 09:09:47,999,VOICE,,4G,0.1,1.67
R03-0001562,3,Lakeside,+1-946-902-6946,+1-876-548-6854,2026-06-01 08:42:47,2129,VOICE,,4G,0.1,3.55
R03-0001563,3,Lakeside,+1-376-619-0039,+1-322-894-4608,2026-06-01 07:58:47,1928,VOICE,,4G,0.1,3.21
R03-0001564,3,Lakeside,+1-740-709-0852,+1-636-809-3652,2026-06-01 23:38:08,1166,VOICE,,4G,0.1,1.94
R03-0001565,3,Lakeside,+1-254-880-6239,,2026-06-01 02:41:17,525,DATA,74146142,5G,0.0,0.74
R03-0001566,3,Lakeside,+1-874-217-1877,+1-267-569-9923,2026-06-01 18:55:47,0,SMS,,4G,0.0,0.05
R03-0001567,3,Lakeside,+1-495-344-5850,+1-686-393-5312,2026-06-01 20:36:57,3344,VOICE,,4G,0.1,5.57
R03-0001568,3,Lakeside,+1-624-592-7636,+1-626-615-9156,2026-06-01 03:30:53,2864,VOICE,,3G,0.12,5.73
R03-0001569,3,Lakeside,+1-702-967-4960,+1-266-404-1008,2026-06-01 06:51:18,0,SMS,,3G,0.0,0.05
R03-0001570,3,Lakeside,+1-550-211-5891,+1-293-544-3245,2026-06-01 21:04:53,778,VOICE,,5G,0.08,1.04
R03-0001571,3,Lakeside,+1-682-352-1434,+1-961-302-3501,2026-06-01 22:23:01,0,SMS,,4G,0.0,0.05
R03-0001572,3,Lakeside,+1-246-364-2873,,2026-06-01 20:23:59,6685,DATA,173180975,3G,0.0,1.73
R03-0001573,3,Lakeside,+1-954-627-0449,,2026-06-01 21:34:26,6036,DATA,353088228,5G,0.0,3.53
R03-0001574,3,Lakeside,+1-405-323-6904,+1-486-374-9993,2026-06-01 05:20:16,0,SMS,,5G,0.0,0.05
R03-0001575,3,Lakeside,+1-258-926-2474,+1-650-680-8664,2026-06-01 16:14:07,0,SMS,,4G,0.0,0.05
R03-0001576,3,Lakeside,+1-576-525-8105,+1-235-264-1600,2026-06-01 21:54:02,1820,VOICE,,5G,0.08,2.43
R03-0001577,3,Lakeside,+1-223-869-1168,+1-297-940-3661,2026-06-01 00:35:02,0,SMS,,4G,0.0,0.05
R03-0001578,3,Lakeside,+1-481-840-3103,+1-788-750-6243,2026-06-01 18:06:33,0,VOICE,,4G,0.1,0.0
R03-0001579,3,Lakeside,+1-363-342-7636,,2026-06-01 04:15:37,6943,DATA,390041619,4G,0.0,3.9
R03-0001580,3,Lakeside,+1-818-346-3141,+1-671-508-9388,2026-06-01 18:13:55,2597,VOICE,,3G,0.12,5.19
R03-0001581,3,Lakeside,+1-847-837-4116,+1-520-643-4774,2026-06-01 06:20:01,0,SMS,,4G,0.0,0.05
R03-0001582,3,Lakeside,+1-828-567-1485,+1-814-452-5227,2026-06-01 10:24:41,1044,VOICE,,4G,0.1,1.74
R03-0001583,3,Lakeside,+1-744-772-8463,+1-259-884-6846,2026-06-01 07:17:29,0,SMS,,4G,0.0,0.05
R03-0001584,3,Lakeside,+1-291-633-5491,+1-660-728-4933,2026-06-01 08:02:55,830,VOICE,,5G,0.08,1.11
R03-0001585,3,Lakeside,+1-223-715-7272,+1-630-968-3556,2026-06-01 04:21:03,370,VOICE,,4G,0.1,0.62
R03-0001586,3,Lakeside,+1-306-700-0261,+1-491-401-8278,2026-06-01 07:10:42,58,VOICE,,4G,0.1,0.1
R03-0001587,3,Lakeside,+1-337-874-1193,,2026-06-01 21:55:21,3575,DATA,181611766,4G,0.0,1.82
R03-0001588,3,Lakeside,+1-489-725-9927,+1-591-624-3959,2026-06-01 04:18:25,3559,VOICE,,3G,0.12,7.12
R03-0001589,3,Lakeside,+1-514-667-5302,+1-974-313-4619,2026-06-01 05:24:17,542,VOICE,,5G,0.08,0.72
R03-0001590,3,Lakeside,+1-429-756-9669,+1-573-346-1814,2026-06-01 13:11:46,3030,VOICE,,4G,0.1,5.05
R03-0001591,3,Lakeside,+1-288-310-7525,+1-360-925-7766,2026-06-01 20:18:45,3393,VOICE,,3G,0.12,6.79
R03-0001592,3,Lakeside,+1-693-506-6232,+1-829-688-1280,2026-06-01 22:39:26,2183,VOICE,,5G,0.08,2.91
R03-0001593,3,Lakeside,+1-314-291-9937,+1-240-971-5441,2026-06-01 23:40:52,3063,VOICE,,4G,0.1,5.11
R03-0001594,3,Lakeside,+1-352-554-1476,+1-240-769-6109,2026-06-01 00:16:55,3334,VOICE,,4G,0.1,5.56
R03-0001595,3,Lakeside,+1-806-314-1377,,2026-06-01 05:14:57,4489,DATA,428247538,3G,0.0,4.28
R03-0001596,3,Lakeside,+1-581-213-1920,+1-477-586-5056,2026-06-01 12:56:09,1585,VOICE,,5G,0.08,2.11
R03-0001597,3,Lakeside,+1-498-395-1868,+1-233-796-6960,2026-06-01 06:04:54,2489,VOICE,,4G,0.1,4.15
R03-0001598,3,Lakeside,+1-488-412-6787,+1-302-814-6149,2026-06-01 07:05:49,2655,VOICE,,4G,0.1,4.42
R03-0001599,3,Lakeside,+1-257-436-6880,+1-847-766-4104,2026-06-01 14:05:50,169,VOICE,,4G,0.1,0.28
R03-0001600,3,Lakeside,+1-584-311-0397,,2026-06-01 17:31:26,5099,DATA,35000976,5G,0.0,0.35
R03-0001601,3,Lakeside,+1-498-793-7973,,2026-06-01 14:27:10,2463,DATA,223591637,5G,0.0,2.24
R03-0001602,3,Lakeside,+1-342-850-4723,,2026-06-01 21:32:27,5158,DATA,134347971,4G,0.0,1.34
R03-0001603,3,Lakeside,+1-353-449-3883,,2026-06-01 16:55:09,7121,DATA,295785673,4G,0.0,2.96
R03-0001604,3,Lakeside,+1-705-704-8432,,2026-06-01 13:19:00,6999,DATA,91926871,4G,0.0,0.92
R03-0001605,3,Lakeside,+1-708-284-2749,+1-286-961-3741,2026-06-01 05:19:27,56,VOICE,,5G,0.08,0.07
R03-0001606,3,Lakeside,+1-930-942-5504,+1-767-950-0541,2026-06-01 12:49:39,0,SMS,,4G,0.0,0.05
R03-0001607,3,Lakeside,+1-247-534-2380,+1-832-203-9764,2026-06-01 04:54:44,1101,VOICE,,4G,0.1,1.84
R03-0001608,3,Lakeside,+1-469-441-1793,,2026-06-01 16:14:13,2547,DATA,262053609,5G,0.0,2.62
R03-0001609,3,Lakeside,+1-398-727-8150,+1-954-699-9818,2026-06-01 21:46:58,1546,VOICE,,4G,0.1,2.58
R03-0001610,3,Lakeside,+1-825-247-8368,,2026-06-01 22:05:14,2776,DATA,96747247,4G,0.0,0.97
R03-0001611,3,Lakeside,+1-953-582-2152,+1-818-679-8025,2026-06-01 17:52:47,3400,VOICE,,4G,0.1,5.67
R03-0001612,3,Lakeside,+1-635-722-3420,+1-730-373-2294,2026-06-01 20:18:14,2884,VOICE,,5G,0.08,3.85
R03-0001613,3,Lakeside,+1-540-469-2827,+1-814-644-4143,2026-06-01 05:03:45,60,VOICE,,4G,0.1,0.1
R03-0001614,3,Lakeside,+1-582-720-4228,+1-785-902-6732,2026-06-01 19:07:08,0,SMS,,4G,0.0,0.05
R03-0001615,3,Lakeside,+1-337-956-6251,+1-253-857-8157,2026-06-01 18:37:34,0,SMS,,4G,0.0,0.05
R03-0001616,3,Lakeside,+1-304-963-3394,,2026-06-01 03:26:55,3505,DATA,60777126,3G,0.0,0.61
R03-0001617,3,Lakeside,+1-397-418-7437,+1-688-977-4142,2026-06-01 17:08:57,3215,VOICE,,4G,0.1,5.36
R03-0001618,3,Lakeside,+1-873-578-4174,+1-381-231-3491,2026-06-01 21:24:56,0,SMS,,5G,0.0,0.05
R03-0001619,3,Lakeside,+1-322-262-6957,+1-471-504-5610,2026-06-01 22:36:19,2826,VOICE,,4G,0.1,4.71
R03-0001620,3,Lakeside,+1-718-900-8271,,2026-06-01 18:04:03,4863,DATA,118193616,4G,0.0,1.18
R03-0001621,3,Lakeside,+1-887-767-0510,,2026-06-01 23:31:04,1448,DATA,95262132,5G,0.0,0.95
R03-0001622,3,Lakeside,+1-478-580-7628,+1-459-961-5936,2026-06-01 22:20:21,0,SMS,,5G,0.0,0.05
R03-0001623,3,Lakeside,+1-690-894-6948,,2026-06-01 17:57:13,2560,DATA,105873429,4G,0.0,1.06
R03-0001624,3,Lakeside,+1-957-206-0788,,2026-06-01 16:32:16,2125,DATA,356925086,4G,0.0,3.57
R03-0001625,3,Lakeside,+1-582-487-1109,+1-397-736-8462,2026-06-01 19:15:25,0,SMS,,4G,0.0,0.05
R03-0001626,3,Lakeside,+1-813-306-6270,+1-437-221-1367,2026-06-01 14:37:56,0,SMS,,5G,0.0,0.05
R03-0001627,3,Lakeside,+1-592-952-3229,+1-781-546-8405,2026-06-01 10:46:13,1731,VOICE,,3G,0.12,3.46
R03-0001628,3,Lakeside,+1-889-863-6439,+1-774-788-2702,2026-06-01 21:44:56,2475,VOICE,,5G,0.08,3.3
R03-0001629,3,Lakeside,+1-353-729-4045,+1-801-589-1702,2026-06-01 01:57:07,0,SMS,,5G,0.0,0.05
R03-0001630,3,Lakeside,+1-638-247-3011,+1-712-755-9253,2026-06-01 04:44:28,3381,VOICE,,5G,0.08,4.51
R03-0001631,3,Lakeside,+1-502-961-3304,+1-287-952-5825,2026-06-01 07:09:04,0,SMS,,5G,0.0,0.05
R03-0001632,3,Lakeside,+1-744-402-9159,,2026-06-01 10:51:08,5961,DATA,157114683,4G,0.0,1.57
R03-0001633,3,Lakeside,+1-527-203-7359,+1-966-638-7163,2026-06-01 21:24:51,798,VOICE,,4G,0.1,1.33
R03-0001634,3,Lakeside,+1-285-949-3184,+1-774-224-2426,2026-06-01 10:12:26,0,SMS,,4G,0.0,0.05
R03-0001635,3,Lakeside,+1-567-703-5709,+1-480-423-7021,2026-06-01 20:44:56,0,SMS,,5G,0.0,0.05
R03-0001636,3,Lakeside,+1-239-379-1166,+1-401-537-4903,2026-06-01 18:22:09,0,SMS,,5G,0.0,0.05
R03-0001637,3,Lakeside,+1-799-800-6651,+1-752-538-3979,2026-06-01 07:18:33,0,VOICE,,3G,0.12,0.0
R03-0001638,3,Lakeside,+1-831-787-9441,+1-890-843-0867,2026-06-01 14:17:20,1609,VOICE,,4G,0.1,2.68
R03-0001639,3,Lakeside,+1-967-693-0916,+1-491-279-6212,2026-06-01 10:41:10,2011,VOICE,,4G,0.1,3.35
R03-0001640,3,Lakeside,+1-687-393-5763,+1-781-555-6210,2026-06-01 16:09:11,0,SMS,,5G,0.0,0.05
R03-0001641,3,Lakeside,+1-374-286-7751,+1-298-746-4407,2026-06-01 02:36:50,3468,VOICE,,4G,0.1,5.78
R03-0001642,3,Lakeside,+1-774-678-7444,,2026-06-01 06:57:42,4510,DATA,310003251,3G,0.0,3.1
R03-0001643,3,Lakeside,+1-229-374-9721,+1-988-327-5426,2026-06-01 16:59:04,1340,VOICE,,5G,0.08,1.79
R03-0001644,3,Lakeside,+1-512-407-0188,+1-660-961-1307,2026-06-01 23:39:11,2828,VOICE,,5G,0.08,3.77
R03-0001645,3,Lakeside,+1-666-589-1148,,2026-06-01 13:04:30,156,DATA,349085443,5G,0.0,3.49
R03-0001646,3,Lakeside,+1-806-884-5967,+1-908-250-9774,2026-06-01 13:09:57,2549,VOICE,,5G,0.08,3.4
R03-0001647,3,Lakeside,+1-678-316-0131,+1-637-605-1936,2026-06-01 16:26:47,0,SMS,,3G,0.0,0.05
R03-0001648,3,Lakeside,+1-460-751-5799,+1-718-499-6845,2026-06-01 09:18:41,0,SMS,,4G,0.0,0.05
R03-0001649,3,Lakeside,+1-313-287-3248,,2026-06-01 05:58:49,6640,DATA,456136242,5G,0.0,4.56
R03-0001650,3,Lakeside,+1-459-557-7779,,2026-06-01 16:09:53,1937,DATA,243587816,5G,0.0,2.44
R03-0001651,3,Lakeside,+1-586-438-1192,,2026-06-01 21:41:22,1692,DATA,215513572,5G,0.0,2.16
R03-0001652,3,Lakeside,+1-806-567-5093,+1-536-883-1665,2026-06-01 22:32:21,0,SMS,,5G,0.0,0.05
R03-0001653,3,Lakeside,+1-857-381-8242,+1-665-269-9626,2026-06-01 07:10:24,0,SMS,,3G,0.0,0.05
R03-0001654,3,Lakeside,+1-255-764-9756,+1-503-735-4503,2026-06-01 16:54:44,0,SMS,,4G,0.0,0.05
R03-0001655,3,Lakeside,+1-557-887-9452,+1-281-786-5675,2026-06-01 16:16:02,0,SMS,,4G,0.0,0.05
R03-0001656,3,Lakeside,+1-348-324-1582,+1-349-656-4767,2026-06-01 04:34:34,608,VOICE,,4G,0.1,1.01
R03-0001657,3,Lakeside,+1-715-372-5726,,2026-06-01 15:00:42,741,DATA,345353358,4G,0.0,3.45
R03-0001658,3,Lakeside,+1-372-886-2536,+1-873-803-6228,2026-06-01 17:52:11,454,VOICE,,4G,0.1,0.76
R03-0001659,3,Lakeside,+1-251-290-9639,+1-208-573-8854,2026-06-01 08:24:36,0,SMS,,4G,0.0,0.05
R03-0001660,3,Lakeside,+1-881-449-2114,+1-309-896-4898,2026-06-01 10:35:09,0,SMS,,5G,0.0,0.05
R03-0001661,3,Lakeside,+1-253-950-7828,+1-864-955-1271,2026-06-01 19:14:57,0,SMS,,4G,0.0,0.05
R03-0001662,3,Lakeside,+1-921-617-7064,+1-226-646-8399,2026-06-01 07:14:45,826,VOICE,,4G,0.1,1.38
R03-0001663,3,Lakeside,+1-664-614-4742,+1-843-891-6949,2026-06-01 10:11:55,1176,VOICE,,5G,0.08,1.57
R03-0001664,3,Lakeside,+1-948-594-5052,+1-488-728-8472,2026-06-01 15:55:37,2318,VOICE,,5G,0.08,3.09
R03-0001665,3,Lakeside,+1-782-600-4348,+1-340-257-5395,2026-06-01 07:33:16,118,VOICE,,5G,0.08,0.16
R03-0001666,3,Lakeside,+1-503-642-1550,+1-888-807-4317,2026-06-01 09:09:28,0,SMS,,5G,0.0,0.05
R03-0001667,3,Lakeside,+1-507-271-3670,+1-771-442-2689,2026-06-01 22:35:53,0,SMS,,4G,0.0,0.05
R03-0001668,3,Lakeside,+1-863-966-5829,+1-915-270-8102,2026-06-01 08:46:00,994,VOICE,,4G,0.1,1.66
R03-0001669,3,Lakeside,+1-968-682-1385,+1-869-741-1264,2026-06-01 21:25:48,2997,VOICE,,5G,0.08,4.0
R03-0001670,3,Lakeside,+1-981-589-6539,+1-631-218-9128,2026-06-01 05:41:40,0,SMS,,4G,0.0,0.05
R03-0001671,3,Lakeside,+1-361-367-5261,+1-659-455-8942,2026-06-01 23:16:38,1739,VOICE,,4G,0.1,2.9
R03-0001672,3,Lakeside,+1-243-798-5316,+1-870-734-3323,2026-06-01 06:23:18,0,SMS,,4G,0.0,0.05
R03-0001673,3,Lakeside,+1-422-821-8245,+1-384-604-7188,2026-06-01 16:59:46,1268,VOICE,,4G,0.1,2.11
R03-0001674,3,Lakeside,+1-692-823-0412,+1-722-587-6586,2026-06-01 20:32:12,0,SMS,,3G,0.0,0.05
R03-0001675,3,Lakeside,+1-553-295-5242,+1-551-617-1223,2026-06-01 15:50:04,1886,VOICE,,4G,0.1,3.14
R03-0001676,3,Lakeside,+1-798-839-7378,+1-427-725-7413,2026-06-01 10:26:39,0,SMS,,5G,0.0,0.05
R03-0001677,3,Lakeside,+1-938-201-5074,+1-886-443-7968,2026-06-01 09:02:42,1735,VOICE,,4G,0.1,2.89
R03-0001678,3,Lakeside,+1-699-747-7697,+1-964-694-3604,2026-06-01 08:03:18,2097,VOICE,,5G,0.08,2.8
R03-0001679,3,Lakeside,+1-284-987-2048,,2026-06-01 12:32:01,4861,DATA,230841044,3G,0.0,2.31
R03-0001680,3,Lakeside,+1-658-376-8777,,2026-06-01 23:19:57,2316,DATA,293535307,4G,0.0,2.94
R03-0001681,3,Lakeside,+1-222-555-6991,+1-700-747-6980,2026-06-01 22:50:01,265,VOICE,,5G,0.08,0.35
R03-0001682,3,Lakeside,+1-923-212-0356,+1-668-591-6341,2026-06-01 07:06:43,2830,VOICE,,4G,0.1,4.72
R03-0001683,3,Lakeside,+1-411-756-0380,+1-895-860-7496,2026-06-01 15:19:23,2995,VOICE,,4G,0.1,4.99
R03-0001684,3,Lakeside,+1-685-913-8313,+1-846-514-7755,2026-06-01 07:39:38,328,VOICE,,4G,0.1,0.55
R03-0001685,3,Lakeside,+1-800-721-9034,+1-232-488-5779,2026-06-01 00:01:03,0,SMS,,4G,0.0,0.05
R03-0001686,3,Lakeside,+1-952-216-9355,+1-988-824-1823,2026-06-01 19:28:27,2743,VOICE,,3G,0.12,5.49
R03-0001687,3,Lakeside,+1-381-728-4686,,2026-06-01 13:22:45,244,DATA,196801496,4G,0.0,1.97
R03-0001688,3,Lakeside,+1-459-486-7751,+1-548-399-5019,2026-06-01 16:16:51,142,VOICE,,5G,0.08,0.19
R03-0001689,3,Lakeside,+1-470-671-7400,+1-745-200-7813,2026-06-01 09:31:21,1970,VOICE,,4G,0.1,3.28
R03-0001690,3,Lakeside,+1-769-202-1368,+1-539-445-0086,2026-06-01 18:11:44,0,SMS,,4G,0.0,0.05
R03-0001691,3,Lakeside,+1-960-803-3616,+1-776-369-1079,2026-06-01 12:43:49,2592,VOICE,,4G,0.1,4.32
R03-0001692,3,Lakeside,+1-925-384-8776,+1-734-573-0297,2026-06-01 13:15:53,0,SMS,,5G,0.0,0.05
R03-0001693,3,Lakeside,+1-217-269-4115,+1-597-918-0888,2026-06-01 04:46:58,0,SMS,,5G,0.0,0.05
R03-0001694,3,Lakeside,+1-416-461-2668,+1-747-782-9816,2026-06-01 22:44:42,239,VOICE,,4G,0.1,0.4
R03-0001695,3,Lakeside,+1-261-405-1053,+1-611-891-1354,2026-06-01 20:46:35,0,SMS,,4G,0.0,0.05
R03-0001696,3,Lakeside,+1-244-865-0822,+1-703-947-1272,2026-06-01 00:37:42,2391,VOICE,,4G,0.1,3.99
R03-0001697,3,Lakeside,+1-243-649-6500,+1-331-986-2991,2026-06-01 02:15:14,1872,VOICE,,4G,0.1,3.12
R03-0001698,3,Lakeside,+1-340-412-8234,+1-442-317-6609,2026-06-01 21:43:54,1288,VOICE,,5G,0.08,1.72
R03-0001699,3,Lakeside,+1-752-231-4986,+1-832-792-7225,2026-06-01 22:36:16,1244,VOICE,,4G,0.1,2.07
R03-0001700,3,Lakeside,+1-308-335-2418,+1-981-207-8352,2026-06-01 20:26:18,0,SMS,,4G,0.0,0.05
R03-0001701,3,Lakeside,+1-257-786-1271,+1-205-614-1862,2026-06-01 07:49:31,0,SMS,,4G,0.0,0.05
R03-0001702,3,Lakeside,+1-868-438-3329,,2026-06-01 11:22:48,4504,DATA,170307523,5G,0.0,1.7
R03-0001703,3,Lakeside,+1-822-725-0243,+1-356-999-6518,2026-06-01 10:26:49,0,SMS,,5G,0.0,0.05
R03-0001704,3,Lakeside,+1-853-625-3298,,2026-06-01 00:58:17,5091,DATA,244087900,4G,0.0,2.44
R03-0001705,3,Lakeside,+1-249-443-5840,+1-440-207-7950,2026-06-01 15:45:32,0,SMS,,4G,0.0,0.05
R03-0001706,3,Lakeside,+1-534-346-3757,+1-458-468-7695,2026-06-01 23:19:59,2584,VOICE,,3G,0.12,5.17
R03-0001707,3,Lakeside,+1-273-631-0985,+1-492-797-0372,2026-06-01 10:34:03,0,SMS,,4G,0.0,0.05
R03-0001708,3,Lakeside,+1-202-296-9516,+1-494-598-4797,2026-06-01 16:35:40,902,VOICE,,4G,0.1,1.5
R03-0001709,3,Lakeside,+1-559-685-7191,+1-874-358-6215,2026-06-01 19:06:33,0,SMS,,5G,0.0,0.05
R03-0001710,3,Lakeside,+1-823-383-3671,+1-305-780-4734,2026-06-01 11:31:13,0,SMS,,5G,0.0,0.05
R03-0001711,3,Lakeside,+1-429-310-0710,,2026-06-01 00:03:04,5473,DATA,484193517,3G,0.0,4.84
R03-0001712,3,Lakeside,+1-402-762-3684,+1-703-415-6446,2026-06-01 23:23:42,990,VOICE,,5G,0.08,1.32
R03-0001713,3,Lakeside,+1-253-915-5110,+1-885-471-0460,2026-06-01 19:27:02,3562,VOICE,,5G,0.08,4.75
R03-0001714,3,Lakeside,+1-230-767-4597,+1-749-372-1498,2026-06-01 21:10:57,3408,VOICE,,4G,0.1,5.68
R03-0001715,3,Lakeside,+1-647-943-3915,+1-466-237-4958,2026-06-01 13:08:47,0,SMS,,4G,0.0,0.05
R03-0001716,3,Lakeside,+1-918-640-8405,,2026-06-01 05:08:54,3063,DATA,474308290,5G,0.0,4.74
R03-0001717,3,Lakeside,+1-899-941-6278,+1-261-360-9184,2026-06-01 15:01:27,156,VOICE,,5G,0.08,0.21
R03-0001718,3,Lakeside,+1-549-783-2199,+1-210-901-3264,2026-06-01 12:16:22,0,SMS,,4G,0.0,0.05
R03-0001719,3,Lakeside,+1-877-984-0670,,2026-06-01 04:28:46,662,DATA,255435142,4G,0.0,2.55
R03-0001720,3,Lakeside,+1-341-995-0726,,2026-06-01 12:04:28,2651,DATA,311754979,5G,0.0,3.12
R03-0001721,3,Lakeside,+1-984-873-5341,+1-944-720-0821,2026-06-01 16:56:43,0,SMS,,5G,0.0,0.05
R03-0001722,3,Lakeside,+1-518-636-1143,,2026-06-01 23:59:50,7023,DATA,365449305,5G,0.0,3.65
R03-0001723,3,Lakeside,+1-811-620-6076,+1-965-439-8680,2026-06-01 03:37:30,0,SMS,,4G,0.0,0.05
R03-0001724,3,Lakeside,+1-628-224-5609,+1-787-929-6215,2026-06-01 04:36:18,0,SMS,,5G,0.0,0.05
R03-0001725,3,Lakeside,+1-619-844-9438,+1-878-828-7382,2026-06-01 00:41:37,2181,VOICE,,5G,0.08,2.91
R03-0001726,3,Lakeside,+1-829-853-8747,+1-892-626-6000,2026-06-01 14:08:49,3212,VOICE,,3G,0.12,6.42
R03-0001727,3,Lakeside,+1-388-356-6764,,2026-06-01 22:14:59,1558,DATA,391511081,5G,0.0,3.92
R03-0001728,3,Lakeside,+1-640-920-9275,+1-988-884-8270,2026-06-01 02:22:33,0,SMS,,4G,0.0,0.05
R03-0001729,3,Lakeside,+1-843-709-6032,+1-661-256-7307,2026-06-01 12:48:46,0,SMS,,4G,0.0,0.05
R03-0001730,3,Lakeside,+1-340-641-2301,+1-510-295-7182,2026-06-01 08:17:16,3042,VOICE,,4G,0.1,5.07
R03-0001731,3,Lakeside,+1-816-870-0329,+1-909-911-9433,2026-06-01 08:33:45,1569,VOICE,,4G,0.1,2.62
R03-0001732,3,Lakeside,+1-934-987-5893,+1-793-557-3295,2026-06-01 22:47:28,0,SMS,,5G,0.0,0.05
R03-0001733,3,Lakeside,+1-293-273-8005,+1-668-938-7930,2026-06-01 08:21:00,3563,VOICE,,4G,0.1,5.94
R03-0001734,3,Lakeside,+1-806-901-6113,+1-677-888-5007,2026-06-01 18:23:13,2169,VOICE,,4G,0.1,3.62
R03-0001735,3,Lakeside,+1-696-347-8712,,2026-06-01 04:06:44,1494,DATA,133296522,4G,0.0,1.33
R03-0001736,3,Lakeside,+1-694-294-7638,+1-498-974-4905,2026-06-01 07:42:53,0,SMS,,5G,0.0,0.05
R03-0001737,3,Lakeside,+1-812-397-5208,+1-615-222-4436,2026-06-01 16:55:22,3450,VOICE,,4G,0.1,5.75
R03-0001738,3,Lakeside,+1-489-456-1177,+1-823-555-4037,2026-06-01 16:26:13,386,VOICE,,4G,0.1,0.64
R03-0001739,3,Lakeside,+1-974-792-2763,+1-478-442-6295,2026-06-01 13:31:58,1359,VOICE,,5G,0.08,1.81
R03-0001740,3,Lakeside,+1-208-624-3888,+1-233-771-0117,2026-06-01 23:36:06,1613,VOICE,,4G,0.1,2.69
R03-0001741,3,Lakeside,+1-552-245-4340,+1-412-964-1863,2026-06-01 17:35:39,3515,VOICE,,5G,0.08,4.69
R03-0001742,3,Lakeside,+1-514-552-2470,+1-852-339-2391,2026-06-01 23:24:44,45,VOICE,,5G,0.08,0.06
R03-0001743,3,Lakeside,+1-527-534-3211,+1-767-438-2982,2026-06-01 17:47:38,0,SMS,,4G,0.0,0.05
R03-0001744,3,Lakeside,+1-551-672-8083,+1-507-787-6913,2026-06-01 12:44:00,0,SMS,,4G,0.0,0.05
R03-0001745,3,Lakeside,+1-209-352-0372,+1-507-826-6584,2026-06-01 08:27:43,344,VOICE,,3G,0.12,0.69
R03-0001746,3,Lakeside,+1-255-570-3494,+1-474-718-6291,2026-06-01 21:44:49,964,VOICE,,4G,0.1,1.61
R03-0001747,3,Lakeside,+1-454-233-1403,,2026-06-01 19:29:42,6449,DATA,276457652,4G,0.0,2.76
R03-0001748,3,Lakeside,+1-317-623-3895,,2026-06-01 14:50:56,1732,DATA,329644287,4G,0.0,3.3
R03-0001749,3,Lakeside,+1-319-525-0870,+1-577-453-1113,2026-06-01 13:48:56,1731,VOICE,,5G,0.08,2.31
R03-0001750,3,Lakeside,+1-833-306-0566,+1-920-501-7353,2026-06-01 12:13:10,0,SMS,,5G,0.0,0.05
R03-0001751,3,Lakeside,+1-471-711-3379,,2026-06-01 15:05:43,90,DATA,139491578,5G,0.0,1.39
R03-0001752,3,Lakeside,+1-440-515-8048,+1-850-289-3829,2026-06-01 11:06:50,0,SMS,,5G,0.0,0.05
R03-0001753,3,Lakeside,+1-811-384-4709,+1-877-859-7564,2026-06-01 02:09:19,2846,VOICE,,4G,0.1,4.74
R03-0001754,3,Lakeside,+1-686-522-7290,+1-618-792-5982,2026-06-01 02:42:25,0,SMS,,3G,0.0,0.05
R03-0001755,3,Lakeside,+1-731-989-0122,+1-620-732-4687,2026-06-01 11:38:52,2186,VOICE,,4G,0.1,3.64
R03-0001756,3,Lakeside,+1-911-705-5946,+1-986-368-3067,2026-06-01 18:38:15,670,VOICE,,4G,0.1,1.12
R03-0001757,3,Lakeside,+1-669-435-9185,+1-308-993-9377,2026-06-01 08:53:01,361,VOICE,,5G,0.08,0.48
R03-0001758,3,Lakeside,+1-681-410-9616,+1-526-664-8033,2026-06-01 04:33:45,980,VOICE,,5G,0.08,1.31
R03-0001759,3,Lakeside,+1-608-223-0086,+1-413-288-3122,2026-06-01 09:02:25,911,VOICE,,3G,0.12,1.82
R03-0001760,3,Lakeside,+1-207-372-3921,+1-835-945-2960,2026-06-01 13:15:35,0,SMS,,5G,0.0,0.05
R03-0001761,3,Lakeside,+1-474-980-7235,+1-226-831-6817,2026-06-01 21:49:46,0,SMS,,4G,0.0,0.05
R03-0001762,3,Lakeside,+1-510-913-8071,,2026-06-01 21:58:45,1004,DATA,448560248,4G,0.0,4.49
R03-0001763,3,Lakeside,+1-506-612-8521,+1-754-565-5273,2026-06-01 21:04:23,2782,VOICE,,4G,0.1,4.64
R03-0001764,3,Lakeside,+1-949-770-9697,+1-290-972-6015,2026-06-01 02:32:38,2038,VOICE,,5G,0.08,2.72
R03-0001765,3,Lakeside,+1-578-340-0959,+1-952-380-6404,2026-06-01 10:14:11,0,SMS,,4G,0.0,0.05
R03-0001766,3,Lakeside,+1-890-549-0387,+1-660-839-9742,2026-06-01 06:55:30,693,VOICE,,4G,0.1,1.16
R03-0001767,3,Lakeside,+1-752-865-6251,+1-841-768-2017,2026-06-01 03:37:30,1336,VOICE,,4G,0.1,2.23
R03-0001768,3,Lakeside,+1-617-392-9230,+1-789-232-3588,2026-06-01 07:05:14,1507,VOICE,,4G,0.1,2.51
R03-0001769,3,Lakeside,+1-226-444-7975,+1-697-883-2734,2026-06-01 23:56:13,0,SMS,,4G,0.0,0.05
R03-0001770,3,Lakeside,+1-498-436-3720,+1-816-452-5392,2026-06-01 17:49:05,0,SMS,,4G,0.0,0.05
R03-0001771,3,Lakeside,+1-268-560-4538,+1-410-870-8917,2026-06-01 20:59:28,0,SMS,,4G,0.0,0.05
R03-0001772,3,Lakeside,+1-378-279-6635,+1-546-636-0692,2026-06-01 16:11:59,2032,VOICE,,3G,0.12,4.06
R03-0001773,3,Lakeside,+1-619-899-7364,+1-671-841-7884,2026-06-01 08:41:18,537,VOICE,,4G,0.1,0.9
R03-0001774,3,Lakeside,+1-892-311-0133,+1-247-854-0662,2026-06-01 06:07:36,2913,VOICE,,5G,0.08,3.88
R03-0001775,3,Lakeside,+1-477-789-2905,+1-485-415-1755,2026-06-01 04:48:48,110,VOICE,,4G,0.1,0.18
R03-0001776,3,Lakeside,+1-770-639-5383,+1-549-987-0503,2026-06-01 19:07:09,978,VOICE,,4G,0.1,1.63
R03-0001777,3,Lakeside,+1-786-986-3199,+1-685-523-9496,2026-06-01 13:55:07,0,SMS,,4G,0.0,0.05
R03-0001778,3,Lakeside,+1-848-711-5126,+1-989-476-5311,2026-06-01 20:04:36,0,SMS,,3G,0.0,0.05
R03-0001779,3,Lakeside,+1-802-946-3499,+1-467-315-5458,2026-06-01 06:06:19,2798,VOICE,,4G,0.1,4.66
R03-0001780,3,Lakeside,+1-605-679-0335,+1-681-527-9693,2026-06-01 15:41:21,2505,VOICE,,4G,0.1,4.17
R03-0001781,3,Lakeside,+1-988-618-4793,+1-202-437-9114,2026-06-01 09:32:55,2277,VOICE,,4G,0.1,3.8
R03-0001782,3,Lakeside,+1-392-584-0027,+1-679-363-6855,2026-06-01 08:32:49,776,VOICE,,4G,0.1,1.29
R03-0001783,3,Lakeside,+1-677-558-4200,+1-380-837-8709,2026-06-01 07:55:34,154,VOICE,,3G,0.12,0.31
R03-0001784,3,Lakeside,+1-458-235-3915,+1-825-719-6943,2026-06-01 09:57:22,0,SMS,,5G,0.0,0.05
R03-0001785,3,Lakeside,+1-474-626-0884,+1-682-377-9414,2026-06-01 15:36:18,1088,VOICE,,3G,0.12,2.18
R03-0001786,3,Lakeside,+1-222-206-5427,+1-386-566-7764,2026-06-01 09:30:34,0,SMS,,5G,0.0,0.05
R03-0001787,3,Lakeside,+1-616-432-8074,+1-653-969-9161,2026-06-01 21:51:32,3180,VOICE,,4G,0.1,5.3
R03-0001788,3,Lakeside,+1-264-693-2508,+1-656-466-0398,2026-06-01 05:58:28,0,SMS,,4G,0.0,0.05
R03-0001789,3,Lakeside,+1-378-461-9571,+1-566-486-7221,2026-06-01 05:23:00,0,SMS,,4G,0.0,0.05
R03-0001790,3,Lakeside,+1-802-523-5065,+1-676-760-8446,2026-06-01 12:12:18,2624,VOICE,,5G,0.08,3.5
R03-0001791,3,Lakeside,+1-230-788-6810,+1-653-859-1779,2026-06-01 22:07:07,0,SMS,,4G,0.0,0.05
R03-0001792,3,Lakeside,+1-561-334-3996,,2026-06-01 06:58:45,6021,DATA,498946287,3G,0.0,4.99
R03-0001793,3,Lakeside,+1-717-440-8380,,2026-06-01 00:01:14,1016,DATA,233082088,5G,0.0,2.33
R03-0001794,3,Lakeside,+1-673-531-8733,+1-669-413-4489,2026-06-01 23:56:33,1136,VOICE,,4G,0.1,1.89
R03-0001795,3,Lakeside,+1-741-779-2080,+1-350-628-8386,2026-06-01 16:49:48,3172,VOICE,,5G,0.08,4.23
R03-0001796,3,Lakeside,+1-975-750-1928,+1-853-705-0761,2026-06-01 14:12:31,3415,VOICE,,4G,0.1,5.69
R03-0001797,3,Lakeside,+1-433-635-8084,,2026-06-01 15:24:24,4091,DATA,444703412,5G,0.0,4.45
R03-0001798,3,Lakeside,+1-580-268-7200,+1-552-366-8139,2026-06-01 21:57:31,1158,VOICE,,3G,0.12,2.32
R03-0001799,3,Lakeside,+1-618-991-0939,+1-548-907-9182,2026-06-01 05:22:05,0,SMS,,5G,0.0,0.05
R03-0001800,3,Lakeside,+1-721-231-1323,+1-388-840-9308,2026-06-01 19:25:07,1766,VOICE,,4G,0.1,2.94
R03-0001801,3,Lakeside,+1-866-474-2287,+1-957-480-7669,2026-06-01 05:12:44,1308,VOICE,,3G,0.12,2.62
R03-0001802,3,Lakeside,+1-721-692-5153,+1-273-938-3341,2026-06-01 05:21:26,344,VOICE,,4G,0.1,0.57
R03-0001803,3,Lakeside,+1-369-863-6822,+1-257-670-2310,2026-06-01 16:27:34,0,SMS,,5G,0.0,0.05
R03-0001804,3,Lakeside,+1-947-807-0144,+1-846-722-2678,2026-06-01 01:01:54,1210,VOICE,,5G,0.08,1.61
R03-0001805,3,Lakeside,+1-982-647-8821,+1-209-551-2959,2026-06-01 01:15:35,0,SMS,,5G,0.0,0.05
R03-0001806,3,Lakeside,+1-250-582-7802,+1-531-219-3591,2026-06-01 02:39:37,0,SMS,,4G,0.0,0.05
R03-0001807,3,Lakeside,+1-840-591-8440,+1-352-590-6440,2026-06-01 01:39:23,1145,VOICE,,4G,0.1,1.91
R03-0001808,3,Lakeside,+1-835-830-2745,,2026-06-01 15:41:24,537,DATA,151657706,5G,0.0,1.52
R03-0001809,3,Lakeside,+1-976-813-0501,+1-684-537-5754,2026-06-01 17:09:19,0,SMS,,4G,0.0,0.05
R03-0001810,3,Lakeside,+1-715-991-2049,,2026-06-01 07:37:34,2295,DATA,394702188,5G,0.0,3.95
R03-0001811,3,Lakeside,+1-353-831-6619,+1-681-645-7258,2026-06-01 19:17:22,0,SMS,,3G,0.0,0.05
R03-0001812,3,Lakeside,+1-866-618-3087,+1-655-632-7693,2026-06-01 23:24:48,2359,VOICE,,5G,0.08,3.15
R03-0001813,3,Lakeside,+1-944-934-9975,+1-985-240-7417,2026-06-01 20:31:33,1439,VOICE,,5G,0.08,1.92
R03-0001814,3,Lakeside,+1-755-481-6221,+1-513-363-1160,2026-06-01 18:56:10,3213,VOICE,,4G,0.1,5.36
R03-0001815,3,Lakeside,+1-540-879-2096,+1-597-457-7502,2026-06-01 06:22:25,2911,VOICE,,4G,0.1,4.85
R03-0001816,3,Lakeside,+1-637-923-1451,+1-520-353-6606,2026-06-01 02:36:52,0,SMS,,4G,0.0,0.05
R03-0001817,3,Lakeside,+1-587-891-2793,+1-335-687-0805,2026-06-01 08:44:17,656,VOICE,,4G,0.1,1.09
R03-0001818,3,Lakeside,+1-607-584-8275,,2026-06-01 14:49:20,4630,DATA,101434064,3G,0.0,1.01
R03-0001819,3,Lakeside,+1-250-773-8863,+1-587-878-6969,2026-06-01 02:02:02,0,SMS,,4G,0.0,0.05
R03-0001820,3,Lakeside,+1-705-944-8173,+1-888-939-3717,2026-06-01 10:53:49,0,VOICE,,4G,0.1,0.0
R03-0001821,3,Lakeside,+1-700-354-7024,,2026-06-01 18:20:52,990,DATA,257564928,4G,0.0,2.58
R03-0001822,3,Lakeside,+1-712-995-8942,+1-553-249-6736,2026-06-01 09:22:30,2292,VOICE,,4G,0.1,3.82
R03-0001823,3,Lakeside,+1-648-988-5715,+1-716-331-6255,2026-06-01 06:03:48,3575,VOICE,,5G,0.08,4.77
R03-0001824,3,Lakeside,+1-554-764-3734,+1-907-932-0920,2026-06-01 13:01:53,1426,VOICE,,4G,0.1,2.38
R03-0001825,3,Lakeside,+1-700-901-0194,+1-340-727-1260,2026-06-01 06:18:15,172,VOICE,,5G,0.08,0.23
R03-0001826,3,Lakeside,+1-605-923-4479,+1-523-949-3380,2026-06-01 16:38:28,1944,VOICE,,5G,0.08,2.59
R03-0001827,3,Lakeside,+1-217-599-4002,+1-300-636-4762,2026-06-01 12:06:17,0,SMS,,4G,0.0,0.05
R03-0001828,3,Lakeside,+1-755-304-4142,,2026-06-01 05:04:45,1544,DATA,463094789,4G,0.0,4.63
R03-0001829,3,Lakeside,+1-210-259-7403,,2026-06-01 18:53:53,2050,DATA,221510530,3G,0.0,2.22
R03-0001830,3,Lakeside,+1-714-634-9819,+1-864-443-0214,2026-06-01 10:55:18,1351,VOICE,,5G,0.08,1.8
R03-0001831,3,Lakeside,+1-328-621-5981,+1-245-269-6783,2026-06-01 20:39:43,1218,VOICE,,4G,0.1,2.03
R03-0001832,3,Lakeside,+1-432-264-4048,,2026-06-01 23:10:06,3997,DATA,343705334,3G,0.0,3.44
R03-0001833,3,Lakeside,+1-472-242-7442,+1-595-410-8267,2026-06-01 11:16:14,1676,VOICE,,5G,0.08,2.23
R03-0001834,3,Lakeside,+1-511-822-2588,+1-655-302-4539,2026-06-01 03:41:14,0,SMS,,4G,0.0,0.05
R03-0001835,3,Lakeside,+1-563-452-4276,,2026-06-01 07:40:39,5399,DATA,483843832,4G,0.0,4.84
R03-0001836,3,Lakeside,+1-818-825-5665,+1-519-803-4733,2026-06-01 14:10:58,1881,VOICE,,5G,0.08,2.51
R03-0001837,3,Lakeside,+1-664-931-8221,+1-969-279-3025,2026-06-01 09:46:21,1062,VOICE,,5G,0.08,1.42
R03-0001838,3,Lakeside,+1-947-319-3909,+1-632-260-1369,2026-06-01 03:43:59,0,SMS,,4G,0.0,0.05
R03-0001839,3,Lakeside,+1-334-310-0979,+1-433-396-8185,2026-06-01 01:27:49,0,SMS,,4G,0.0,0.05
R03-0001840,3,Lakeside,+1-560-649-4626,+1-568-791-3565,2026-06-01 07:21:59,399,VOICE,,4G,0.1,0.67
R03-0001841,3,Lakeside,+1-566-646-3911,,2026-06-01 14:00:07,1957,DATA,216473901,5G,0.0,2.16
R03-0001842,3,Lakeside,+1-264-934-3378,,2026-06-01 18:42:35,3366,DATA,94055436,4G,0.0,0.94
R03-0001843,3,Lakeside,+1-629-399-9740,+1-486-551-4194,2026-06-01 17:50:09,1729,VOICE,,4G,0.1,2.88
R03-0001844,3,Lakeside,+1-430-260-2074,+1-912-722-0488,2026-06-01 22:43:53,0,SMS,,5G,0.0,0.05
R03-0001845,3,Lakeside,+1-621-700-0916,+1-341-222-7930,2026-06-01 14:17:30,1948,VOICE,,4G,0.1,3.25
R03-0001846,3,Lakeside,+1-896-909-6758,+1-789-716-3228,2026-06-01 02:27:16,1354,VOICE,,3G,0.12,2.71
R03-0001847,3,Lakeside,+1-499-404-9864,+1-350-374-4978,2026-06-01 17:29:45,0,SMS,,5G,0.0,0.05
R03-0001848,3,Lakeside,+1-917-200-0086,,2026-06-01 03:39:03,6594,DATA,260398061,5G,0.0,2.6
R03-0001849,3,Lakeside,+1-470-317-8946,+1-757-673-9648,2026-06-01 16:14:23,0,SMS,,5G,0.0,0.05
R03-0001850,3,Lakeside,+1-278-466-6574,,2026-06-01 12:26:20,5601,DATA,437404470,4G,0.0,4.37
R03-0001851,3,Lakeside,+1-471-869-1952,+1-403-311-2975,2026-06-01 15:28:27,2211,VOICE,,5G,0.08,2.95
R03-0001852,3,Lakeside,+1-208-929-5472,,2026-06-01 20:26:33,3238,DATA,221943151,4G,0.0,2.22
R03-0001853,3,Lakeside,+1-888-297-1202,+1-403-927-8403,2026-06-01 16:06:27,3015,VOICE,,5G,0.08,4.02
R03-0001854,3,Lakeside,+1-326-651-4434,+1-795-848-0200,2026-06-01 12:34:11,3599,VOICE,,5G,0.08,4.8
R03-0001855,3,Lakeside,+1-410-232-2952,,2026-06-01 18:32:21,1447,DATA,32375516,4G,0.0,0.32
R03-0001856,3,Lakeside,+1-373-986-8478,+1-345-336-2283,2026-06-01 03:00:36,0,SMS,,5G,0.0,0.05
R03-0001857,3,Lakeside,+1-684-572-3993,,2026-06-01 13:27:54,6074,DATA,359885592,4G,0.0,3.6
R03-0001858,3,Lakeside,+1-965-656-8850,+1-343-630-9301,2026-06-01 02:50:53,0,SMS,,4G,0.0,0.05
R03-0001859,3,Lakeside,+1-614-507-2691,,2026-06-01 04:36:11,6509,DATA,258522586,5G,0.0,2.59
R03-0001860,3,Lakeside,+1-856-437-2684,+1-543-721-6276,2026-06-01 13:45:59,0,SMS,,4G,0.0,0.05
R03-0001861,3,Lakeside,+1-804-701-2503,+1-548-740-0019,2026-06-01 09:35:33,1351,VOICE,,3G,0.12,2.7
R03-0001862,3,Lakeside,+1-720-686-9157,,2026-06-01 16:21:23,3586,DATA,161663429,5G,0.0,1.62
R03-0001863,3,Lakeside,+1-576-676-3196,+1-846-594-3200,2026-06-01 18:29:15,734,VOICE,,3G,0.12,1.47
R03-0001864,3,Lakeside,+1-421-221-0943,+1-841-413-1680,2026-06-01 16:59:00,2073,VOICE,,4G,0.1,3.46
R03-0001865,3,Lakeside,+1-796-840-2017,+1-964-933-2021,2026-06-01 13:05:04,0,SMS,,4G,0.0,0.05
R03-0001866,3,Lakeside,+1-589-299-7328,,2026-06-01 00:15:10,2767,DATA,219870396,5G,0.0,2.2
R03-0001867,3,Lakeside,+1-329-639-9885,+1-973-732-2168,2026-06-01 20:23:44,523,VOICE,,4G,0.1,0.87
R03-0001868,3,Lakeside,+1-339-736-0073,+1-477-574-5489,2026-06-01 04:03:48,1003,VOICE,,5G,0.08,1.34
R03-0001869,3,Lakeside,+1-310-950-9701,+1-421-208-8495,2026-06-01 12:16:19,0,SMS,,4G,0.0,0.05
R03-0001870,3,Lakeside,+1-838-256-3370,,2026-06-01 08:22:54,4521,DATA,75667596,4G,0.0,0.76
R03-0001871,3,Lakeside,+1-539-731-3752,+1-644-331-9270,2026-06-01 01:29:55,0,SMS,,4G,0.0,0.05
R03-0001872,3,Lakeside,+1-219-808-3449,,2026-06-01 03:24:00,6032,DATA,343869536,4G,0.0,3.44
R03-0001873,3,Lakeside,+1-454-414-7475,+1-556-601-1376,2026-06-01 19:07:15,0,SMS,,4G,0.0,0.05
R03-0001874,3,Lakeside,+1-388-256-3791,+1-514-477-6704,2026-06-01 21:25:17,0,SMS,,5G,0.0,0.05
R03-0001875,3,Lakeside,+1-257-703-9256,+1-416-902-1570,2026-06-01 03:35:49,0,SMS,,4G,0.0,0.05
R03-0001876,3,Lakeside,+1-838-896-2255,+1-536-884-3585,2026-06-01 22:41:30,0,SMS,,4G,0.0,0.05
R03-0001877,3,Lakeside,+1-865-660-3878,+1-417-365-0302,2026-06-01 09:31:27,0,SMS,,4G,0.0,0.05
R03-0001878,3,Lakeside,+1-796-243-9408,+1-729-989-2017,2026-06-01 12:20:31,3426,VOICE,,4G,0.1,5.71
R03-0001879,3,Lakeside,+1-680-618-4940,,2026-06-01 18:40:52,2574,DATA,104199867,4G,0.0,1.04
R03-0001880,3,Lakeside,+1-422-805-3841,,2026-06-01 12:07:37,3255,DATA,332844171,4G,0.0,3.33
R03-0001881,3,Lakeside,+1-588-315-4043,+1-826-758-7976,2026-06-01 15:13:53,0,SMS,,4G,0.0,0.05
R03-0001882,3,Lakeside,+1-337-937-5782,,2026-06-01 17:35:45,1902,DATA,419880607,5G,0.0,4.2
R03-0001883,3,Lakeside,+1-844-334-9731,+1-402-379-1209,2026-06-01 11:33:34,1625,VOICE,,5G,0.08,2.17
R03-0001884,3,Lakeside,+1-646-621-4562,+1-633-409-9257,2026-06-01 03:06:07,1884,VOICE,,5G,0.08,2.51
R03-0001885,3,Lakeside,+1-566-766-6971,,2026-06-01 05:09:33,1939,DATA,16554440,3G,0.0,0.17
R03-0001886,3,Lakeside,+1-402-394-8532,+1-958-931-0305,2026-06-01 22:08:31,0,SMS,,4G,0.0,0.05
R03-0001887,3,Lakeside,+1-336-640-2431,+1-294-433-2220,2026-06-01 17:57:34,2347,VOICE,,4G,0.1,3.91
R03-0001888,3,Lakeside,+1-490-596-6982,,2026-06-01 23:13:43,4310,DATA,494343597,5G,0.0,4.94
R03-0001889,3,Lakeside,+1-549-894-5630,+1-545-303-3434,2026-06-01 15:54:19,421,VOICE,,3G,0.12,0.84
R03-0001890,3,Lakeside,+1-837-600-5165,,2026-06-01 23:33:07,3940,DATA,254423109,4G,0.0,2.54
R03-0001891,3,Lakeside,+1-679-331-0012,+1-394-284-1959,2026-06-01 11:36:28,635,VOICE,,5G,0.08,0.85
R03-0001892,3,Lakeside,+1-274-673-7746,+1-467-847-2364,2026-06-01 09:35:25,0,SMS,,5G,0.0,0.05
R03-0001893,3,Lakeside,+1-640-571-6653,+1-465-736-1297,2026-06-01 19:11:12,0,SMS,,5G,0.0,0.05
R03-0001894,3,Lakeside,+1-783-793-0392,+1-797-616-0617,2026-06-01 09:17:54,0,SMS,,4G,0.0,0.05
R03-0001895,3,Lakeside,+1-771-531-3644,+1-672-975-8648,2026-06-01 02:06:52,0,SMS,,5G,0.0,0.05
R03-0001896,3,Lakeside,+1-264-752-4453,+1-813-282-3852,2026-06-01 06:40:14,0,SMS,,4G,0.0,0.05
R03-0001897,3,Lakeside,+1-936-612-9819,+1-986-996-9642,2026-06-01 16:42:44,767,VOICE,,4G,0.1,1.28
R03-0001898,3,Lakeside,+1-881-927-4113,+1-905-386-3657,2026-06-01 21:20:04,0,VOICE,,5G,0.08,0.0
R03-0001899,3,Lakeside,+1-888-562-7387,+1-762-523-6744,2026-06-01 22:26:33,0,SMS,,5G,0.0,0.05
R03-0001900,3,Lakeside,+1-545-312-3758,+1-441-250-2928,2026-06-01 07:06:22,1046,VOICE,,4G,0.1,1.74
R03-0001901,3,Lakeside,+1-843-522-8734,+1-537-930-8523,2026-06-01 00:27:33,886,VOICE,,5G,0.08,1.18
R03-0001902,3,Lakeside,+1-484-554-7931,+1-754-718-5879,2026-06-01 06:37:33,0,SMS,,3G,0.0,0.05
R03-0001903,3,Lakeside,+1-468-793-8640,+1-511-603-6576,2026-06-01 08:11:29,0,SMS,,4G,0.0,0.05
R03-0001904,3,Lakeside,+1-509-354-0551,+1-465-398-0088,2026-06-01 23:12:17,0,SMS,,3G,0.0,0.05
R03-0001905,3,Lakeside,+1-902-541-1616,+1-535-255-0695,2026-06-01 08:42:43,0,SMS,,5G,0.0,0.05
R03-0001906,3,Lakeside,+1-786-408-9377,+1-485-213-7165,2026-06-01 04:37:38,0,VOICE,,4G,0.1,0.0
R03-0001907,3,Lakeside,+1-394-491-2159,+1-662-848-4679,2026-06-01 10:49:55,0,SMS,,3G,0.0,0.05
R03-0001908,3,Lakeside,+1-645-437-6671,,2026-06-01 11:36:00,7023,DATA,112217689,4G,0.0,1.12
R03-0001909,3,Lakeside,+1-248-322-5391,+1-726-824-6791,2026-06-01 04:35:53,0,SMS,,4G,0.0,0.05
R03-0001910,3,Lakeside,+1-600-234-0318,+1-928-934-4093,2026-06-01 19:14:09,1695,VOICE,,5G,0.08,2.26
R03-0001911,3,Lakeside,+1-294-685-2954,+1-702-442-3347,2026-06-01 23:58:56,0,SMS,,3G,0.0,0.05
R03-0001912,3,Lakeside,+1-685-593-2932,,2026-06-01 16:00:07,5163,DATA,117316621,3G,0.0,1.17
R03-0001913,3,Lakeside,+1-823-683-9657,+1-538-892-2793,2026-06-01 19:24:29,2276,VOICE,,5G,0.08,3.03
R03-0001914,3,Lakeside,+1-351-504-7232,+1-602-927-6960,2026-06-01 15:18:26,3500,VOICE,,3G,0.12,7.0
R03-0001915,3,Lakeside,+1-256-871-9122,+1-274-562-2742,2026-06-01 10:27:00,327,VOICE,,4G,0.1,0.55
R03-0001916,3,Lakeside,+1-769-546-6623,,2026-06-01 09:45:52,2024,DATA,254606590,4G,0.0,2.55
R03-0001917,3,Lakeside,+1-665-922-0365,+1-678-457-2421,2026-06-01 18:46:44,0,SMS,,4G,0.0,0.05
R03-0001918,3,Lakeside,+1-820-351-2002,+1-485-587-8265,2026-06-01 23:42:08,0,SMS,,4G,0.0,0.05
R03-0001919,3,Lakeside,+1-766-293-2738,+1-616-395-8285,2026-06-01 18:55:47,0,SMS,,4G,0.0,0.05
R03-0001920,3,Lakeside,+1-530-890-4012,+1-755-684-6278,2026-06-01 21:16:06,440,VOICE,,5G,0.08,0.59
R03-0001921,3,Lakeside,+1-433-697-1237,+1-965-681-1427,2026-06-01 02:45:09,1994,VOICE,,4G,0.1,3.32
R03-0001922,3,Lakeside,+1-474-474-6783,+1-647-992-7547,2026-06-01 20:03:52,3304,VOICE,,4G,0.1,5.51
R03-0001923,3,Lakeside,+1-624-256-8094,+1-631-504-8251,2026-06-01 22:09:49,1504,VOICE,,5G,0.08,2.01
R03-0001924,3,Lakeside,+1-546-662-6276,+1-850-383-1549,2026-06-01 10:04:50,0,SMS,,4G,0.0,0.05
R03-0001925,3,Lakeside,+1-851-901-8660,+1-526-349-2042,2026-06-01 01:17:40,0,SMS,,3G,0.0,0.05
R03-0001926,3,Lakeside,+1-813-315-8578,+1-939-276-6843,2026-06-01 04:40:38,1894,VOICE,,5G,0.08,2.53
R03-0001927,3,Lakeside,+1-567-667-9582,,2026-06-01 15:46:01,4019,DATA,218714693,5G,0.0,2.19
R03-0001928,3,Lakeside,+1-856-669-9067,,2026-06-01 04:47:11,696,DATA,299910968,4G,0.0,3.0
R03-0001929,3,Lakeside,+1-823-535-2294,+1-524-724-5346,2026-06-01 13:42:02,0,SMS,,5G,0.0,0.05
R03-0001930,3,Lakeside,+1-938-314-0300,+1-744-656-0796,2026-06-01 18:05:42,0,VOICE,,5G,0.08,0.0
R03-0001931,3,Lakeside,+1-796-254-4345,+1-949-554-3043,2026-06-01 19:51:19,3229,VOICE,,4G,0.1,5.38
R03-0001932,3,Lakeside,+1-500-495-0898,+1-319-835-8225,2026-06-01 09:55:55,1502,VOICE,,4G,0.1,2.5
R03-0001933,3,Lakeside,+1-778-741-7796,,2026-06-01 04:00:20,1613,DATA,384005402,4G,0.0,3.84
R03-0001934,3,Lakeside,+1-549-293-2624,+1-604-402-7081,2026-06-01 00:06:15,0,SMS,,4G,0.0,0.05
R03-0001935,3,Lakeside,+1-245-649-6681,,2026-06-01 06:55:24,1229,DATA,393374420,4G,0.0,3.93
R03-0001936,3,Lakeside,+1-704-715-8902,+1-390-554-5016,2026-06-01 10:09:35,0,SMS,,3G,0.0,0.05
R03-0001937,3,Lakeside,+1-265-483-4191,,2026-06-01 08:57:11,5821,DATA,240242215,4G,0.0,2.4
R03-0001938,3,Lakeside,+1-706-687-3361,+1-768-763-9455,2026-06-01 16:09:03,0,SMS,,4G,0.0,0.05
R03-0001939,3,Lakeside,+1-844-869-8859,,2026-06-01 02:52:56,5077,DATA,415373837,5G,0.0,4.15
R03-0001940,3,Lakeside,+1-536-722-5870,+1-865-832-2782,2026-06-01 03:29:40,654,VOICE,,4G,0.1,1.09
R03-0001941,3,Lakeside,+1-606-897-5721,,2026-06-01 23:34:46,777,DATA,96807419,3G,0.0,0.97
R03-0001942,3,Lakeside,+1-502-799-6530,+1-825-363-9014,2026-06-01 03:35:20,2215,VOICE,,4G,0.1,3.69
R03-0001943,3,Lakeside,+1-896-245-5671,+1-261-241-0336,2026-06-01 15:44:34,1643,VOICE,,4G,0.1,2.74
R03-0001944,3,Lakeside,+1-739-325-7393,+1-827-779-9210,2026-06-01 02:44:37,0,VOICE,,5G,0.08,0.0
R03-0001945,3,Lakeside,+1-348-239-5392,+1-487-365-4773,2026-06-01 00:51:52,0,SMS,,3G,0.0,0.05
R03-0001946,3,Lakeside,+1-875-657-0827,+1-638-882-2339,2026-06-01 03:23:19,1986,VOICE,,4G,0.1,3.31
R03-0001947,3,Lakeside,+1-682-331-4827,,2026-06-01 08:14:53,6795,DATA,439665282,4G,0.0,4.4
R03-0001948,3,Lakeside,+1-454-276-9122,,2026-06-01 18:48:15,1439,DATA,88355703,5G,0.0,0.88
R03-0001949,3,Lakeside,+1-759-488-0833,+1-511-515-2888,2026-06-01 14:44:50,1670,VOICE,,4G,0.1,2.78
R03-0001950,3,Lakeside,+1-217-423-7597,+1-606-200-1924,2026-06-01 02:08:42,0,SMS,,4G,0.0,0.05
R03-0001951,3,Lakeside,+1-278-830-2212,,2026-06-01 10:16:55,4150,DATA,399525476,4G,0.0,4.0
R03-0001952,3,Lakeside,+1-607-411-4502,,2026-06-01 05:29:20,119,DATA,24913692,4G,0.0,0.25
R03-0001953,3,Lakeside,+1-465-441-2711,+1-551-491-6222,2026-06-01 18:26:33,3171,VOICE,,3G,0.12,6.34
R03-0001954,3,Lakeside,+1-637-585-2634,,2026-06-01 16:16:47,1545,DATA,423731749,4G,0.0,4.24
R03-0001955,3,Lakeside,+1-903-839-3048,+1-781-797-2116,2026-06-01 22:45:27,1665,VOICE,,5G,0.08,2.22
R03-0001956,3,Lakeside,+1-475-261-5202,+1-550-518-1494,2026-06-01 14:12:17,3006,VOICE,,5G,0.08,4.01
R03-0001957,3,Lakeside,+1-919-339-9227,+1-756-892-3453,2026-06-01 18:44:49,24,VOICE,,4G,0.1,0.04
R03-0001958,3,Lakeside,+1-618-823-8843,+1-630-534-3506,2026-06-01 05:49:27,165,VOICE,,5G,0.08,0.22
R03-0001959,3,Lakeside,+1-921-398-2999,+1-455-920-4663,2026-06-01 13:27:13,0,SMS,,5G,0.0,0.05
R03-0001960,3,Lakeside,+1-954-433-5197,+1-452-951-8796,2026-06-01 06:14:06,1909,VOICE,,3G,0.12,3.82
R03-0001961,3,Lakeside,+1-444-703-6966,+1-953-368-7641,2026-06-01 18:18:43,497,VOICE,,4G,0.1,0.83
R03-0001962,3,Lakeside,+1-412-940-9123,,2026-06-01 10:06:47,7048,DATA,279241084,3G,0.0,2.79
R03-0001963,3,Lakeside,+1-487-358-2782,,2026-06-01 21:18:31,4918,DATA,239528807,4G,0.0,2.4
R03-0001964,3,Lakeside,+1-470-792-3176,+1-392-497-0028,2026-06-01 09:06:03,0,SMS,,4G,0.0,0.05
R03-0001965,3,Lakeside,+1-213-811-5932,+1-817-650-8216,2026-06-01 03:43:23,0,SMS,,4G,0.0,0.05
R03-0001966,3,Lakeside,+1-919-427-7575,+1-366-662-3476,2026-06-01 13:40:36,0,SMS,,4G,0.0,0.05
R03-0001967,3,Lakeside,+1-452-304-7069,+1-535-492-1490,2026-06-01 10:30:31,0,SMS,,3G,0.0,0.05
R03-0001968,3,Lakeside,+1-703-902-8170,,2026-06-01 19:16:47,4721,DATA,470590815,4G,0.0,4.71
R03-0001969,3,Lakeside,+1-921-879-3810,+1-799-223-7311,2026-06-01 16:09:24,145,VOICE,,4G,0.1,0.24
R03-0001970,3,Lakeside,+1-599-697-4312,,2026-06-01 17:24:41,6278,DATA,156993942,4G,0.0,1.57
R03-0001971,3,Lakeside,+1-349-340-4973,+1-698-801-0675,2026-06-01 06:00:46,0,SMS,,4G,0.0,0.05
R03-0001972,3,Lakeside,+1-252-578-2576,+1-842-875-6659,2026-06-01 10:44:23,664,VOICE,,4G,0.1,1.11
R03-0001973,3,Lakeside,+1-618-944-7848,+1-556-870-2439,2026-06-01 22:51:55,2922,VOICE,,3G,0.12,5.84
R03-0001974,3,Lakeside,+1-220-792-6411,+1-749-547-0848,2026-06-01 00:41:18,3249,VOICE,,5G,0.08,4.33
R03-0001975,3,Lakeside,+1-790-568-0283,+1-291-396-2193,2026-06-01 04:27:05,1056,VOICE,,5G,0.08,1.41
R03-0001976,3,Lakeside,+1-807-687-3219,+1-427-941-7156,2026-06-01 18:49:54,2572,VOICE,,5G,0.08,3.43
R03-0001977,3,Lakeside,+1-617-397-0015,,2026-06-01 06:24:52,2320,DATA,87969626,3G,0.0,0.88
R03-0001978,3,Lakeside,+1-362-557-3834,+1-822-690-9170,2026-06-01 04:06:25,0,SMS,,5G,0.0,0.05
R03-0001979,3,Lakeside,+1-656-419-9792,+1-747-609-7938,2026-06-01 08:49:11,3382,VOICE,,4G,0.1,5.64
R03-0001980,3,Lakeside,+1-738-948-2367,,2026-06-01 13:16:37,1971,DATA,74166570,4G,0.0,0.74
R03-0001981,3,Lakeside,+1-521-920-4156,+1-798-869-5892,2026-06-01 20:58:14,0,SMS,,3G,0.0,0.05
R03-0001982,3,Lakeside,+1-734-734-0160,,2026-06-01 07:47:33,2885,DATA,395959464,4G,0.0,3.96
R03-0001983,3,Lakeside,+1-955-843-0415,+1-205-747-0309,2026-06-01 17:57:22,2368,VOICE,,4G,0.1,3.95
R03-0001984,3,Lakeside,+1-234-828-0048,+1-563-907-5646,2026-06-01 15:44:35,0,SMS,,4G,0.0,0.05
R03-0001985,3,Lakeside,+1-326-778-3275,,2026-06-01 04:46:30,3843,DATA,278093963,5G,0.0,2.78
R03-0001986,3,Lakeside,+1-272-692-0344,,2026-06-01 09:01:44,282,DATA,499373365,4G,0.0,4.99
R03-0001987,3,Lakeside,+1-576-338-4805,+1-686-882-4374,2026-06-01 13:39:16,0,SMS,,4G,0.0,0.05
R03-0001988,3,Lakeside,+1-820-907-3098,+1-282-748-4820,2026-06-01 18:32:37,2837,VOICE,,4G,0.1,4.73
R03-0001989,3,Lakeside,+1-693-489-9364,,2026-06-01 06:15:03,2277,DATA,40888655,4G,0.0,0.41
R03-0001990,3,Lakeside,+1-419-266-9311,+1-366-283-5821,2026-06-01 08:48:33,2857,VOICE,,5G,0.08,3.81
R03-0001991,3,Lakeside,+1-618-277-6244,+1-702-604-9246,2026-06-01 08:06:56,0,SMS,,4G,0.0,0.05
R03-0001992,3,Lakeside,+1-756-977-2804,+1-866-898-0068,2026-06-01 04:57:14,2351,VOICE,,5G,0.08,3.13
R03-0001993,3,Lakeside,+1-661-803-8833,+1-693-983-9901,2026-06-01 14:33:27,0,SMS,,4G,0.0,0.05
R03-0001994,3,Lakeside,+1-625-214-9532,+1-728-636-4059,2026-06-01 15:37:36,869,VOICE,,3G,0.12,1.74
R03-0001995,3,Lakeside,+1-673-458-8072,+1-948-681-5069,2026-06-01 02:30:18,2681,VOICE,,3G,0.12,5.36
R03-0001996,3,Lakeside,+1-412-881-1180,+1-629-500-1238,2026-06-01 17:44:57,216,VOICE,,4G,0.1,0.36
R03-0001997,3,Lakeside,+1-909-230-0472,+1-425-429-7209,2026-06-01 00:56:34,1464,VOICE,,5G,0.08,1.95
R03-0001998,3,Lakeside,+1-798-663-2694,+1-872-634-6691,2026-06-01 17:07:43,3381,VOICE,,4G,0.1,5.64
R03-0001999,3,Lakeside,+1-817-527-7299,+1-585-724-3781,2026-06-01 22:20:35,3287,VOICE,,4G,0.1,5.48
R03-0002000,3,Lakeside,+1-395-766-4388,+1-307-501-9428,2026-06-01 11:32:52,3590,VOICE,,4G,0.1,5.98
R03-0002001,3,Lakeside,+1-836-978-2227,+1-416-623-7177,2026-06-01 08:59:20,1193,VOICE,,4G,0.1,1.99
R03-0002002,3,Lakeside,+1-773-417-5496,+1-587-895-7212,2026-06-01 02:11:58,1766,VOICE,,3G,0.12,3.53
R03-0002003,3,Lakeside,+1-375-983-0339,+1-833-652-1927,2026-06-01 07:47:41,0,SMS,,4G,0.0,0.05
R03-0002004,3,Lakeside,+1-218-761-4438,+1-853-401-5308,2026-06-01 05:25:58,3505,VOICE,,5G,0.08,4.67
R03-0002005,3,Lakeside,+1-942-392-8364,+1-303-523-8980,2026-06-01 06:18:55,3489,VOICE,,4G,0.1,5.82
R03-0002006,3,Lakeside,+1-634-812-8489,+1-290-799-9459,2026-06-01 21:06:00,1149,VOICE,,4G,0.1,1.92
R03-0002007,3,Lakeside,+1-458-509-4679,+1-766-976-7102,2026-06-01 20:00:58,0,SMS,,4G,0.0,0.05
R03-0002008,3,Lakeside,+1-479-971-2576,+1-359-817-7635,2026-06-01 22:17:41,2309,VOICE,,4G,0.1,3.85
R03-0002009,3,Lakeside,+1-868-672-1059,+1-945-983-5454,2026-06-01 15:40:23,0,SMS,,4G,0.0,0.05
R03-0002010,3,Lakeside,+1-855-341-3973,+1-696-930-4936,2026-06-01 00:29:24,3266,VOICE,,4G,0.1,5.44
R03-0002011,3,Lakeside,+1-412-607-5354,+1-861-460-0940,2026-06-01 04:57:01,0,SMS,,5G,0.0,0.05
R03-0002012,3,Lakeside,+1-214-495-2921,+1-923-933-0887,2026-06-01 06:02:38,0,SMS,,5G,0.0,0.05
R03-0002013,3,Lakeside,+1-393-233-2432,+1-903-253-8359,2026-06-01 21:13:16,1495,VOICE,,5G,0.08,1.99
R03-0002014,3,Lakeside,+1-421-279-9839,+1-881-648-7329,2026-06-01 15:59:55,1909,VOICE,,4G,0.1,3.18
R03-0002015,3,Lakeside,+1-586-715-8437,+1-602-972-5507,2026-06-01 14:16:42,899,VOICE,,4G,0.1,1.5
R03-0002016,3,Lakeside,+1-552-701-7589,+1-888-742-7649,2026-06-01 22:49:56,854,VOICE,,4G,0.1,1.42
R03-0002017,3,Lakeside,+1-324-889-9241,+1-221-304-5513,2026-06-01 03:12:16,0,VOICE,,5G,0.08,0.0
R03-0002018,3,Lakeside,+1-277-348-0051,,2026-06-01 20:36:06,1635,DATA,314438456,3G,0.0,3.14
R03-0002019,3,Lakeside,+1-705-929-4994,+1-279-602-5238,2026-06-01 16:59:45,0,SMS,,4G,0.0,0.05
R03-0002020,3,Lakeside,+1-312-419-1401,,2026-06-01 08:22:06,4512,DATA,54377486,3G,0.0,0.54
R03-0002021,3,Lakeside,+1-753-387-6265,+1-596-818-7858,2026-06-01 20:24:00,3537,VOICE,,4G,0.1,5.9
R03-0002022,3,Lakeside,+1-853-743-6147,+1-767-930-4267,2026-06-01 11:04:04,0,SMS,,5G,0.0,0.05
R03-0002023,3,Lakeside,+1-510-650-7474,+1-909-390-3801,2026-06-01 23:44:32,2107,VOICE,,4G,0.1,3.51
R03-0002024,3,Lakeside,+1-558-986-6238,+1-789-935-3954,2026-06-01 11:27:01,2766,VOICE,,4G,0.1,4.61
R03-0002025,3,Lakeside,+1-826-363-0921,+1-963-343-2133,2026-06-01 08:58:33,1590,VOICE,,4G,0.1,2.65
R03-0002026,3,Lakeside,+1-446-736-0363,+1-379-460-1431,2026-06-01 15:34:12,3034,VOICE,,4G,0.1,5.06
R03-0002027,3,Lakeside,+1-802-491-8762,+1-881-940-6751,2026-06-01 17:21:51,49,VOICE,,4G,0.1,0.08
R03-0002028,3,Lakeside,+1-840-994-5429,,2026-06-01 10:29:17,5319,DATA,402542461,5G,0.0,4.03
R03-0002029,3,Lakeside,+1-923-546-0943,+1-901-607-2587,2026-06-01 11:12:53,1143,VOICE,,4G,0.1,1.91
R03-0002030,3,Lakeside,+1-265-497-5579,+1-449-580-5701,2026-06-01 04:47:59,0,SMS,,5G,0.0,0.05
R03-0002031,3,Lakeside,+1-363-588-6443,+1-945-366-4453,2026-06-01 16:17:44,3160,VOICE,,4G,0.1,5.27
R03-0002032,3,Lakeside,+1-773-686-5834,+1-978-646-2519,2026-06-01 10:57:18,532,VOICE,,4G,0.1,0.89
R03-0002033,3,Lakeside,+1-794-979-6033,+1-732-807-2347,2026-06-01 13:08:29,0,SMS,,4G,0.0,0.05
R03-0002034,3,Lakeside,+1-226-615-7207,+1-776-403-5084,2026-06-01 20:59:39,3372,VOICE,,4G,0.1,5.62
R03-0002035,3,Lakeside,+1-784-381-0068,+1-913-701-7692,2026-06-01 15:54:14,846,VOICE,,4G,0.1,1.41
R03-0002036,3,Lakeside,+1-970-881-7593,,2026-06-01 21:19:22,3712,DATA,96542227,4G,0.0,0.97
R03-0002037,3,Lakeside,+1-859-764-1351,+1-735-694-3425,2026-06-01 13:25:14,1435,VOICE,,4G,0.1,2.39
R03-0002038,3,Lakeside,+1-891-407-2617,+1-740-358-8082,2026-06-01 01:40:21,1549,VOICE,,4G,0.1,2.58
R03-0002039,3,Lakeside,+1-453-659-4962,+1-524-543-5940,2026-06-01 21:01:16,0,SMS,,4G,0.0,0.05
R03-0002040,3,Lakeside,+1-295-213-8430,+1-752-433-5070,2026-06-01 00:44:23,467,VOICE,,4G,0.1,0.78
R03-0002041,3,Lakeside,+1-432-406-3603,+1-743-862-8575,2026-06-01 12:43:55,0,SMS,,4G,0.0,0.05
R03-0002042,3,Lakeside,+1-912-448-7659,,2026-06-01 19:37:29,835,DATA,426154075,4G,0.0,4.26
R03-0002043,3,Lakeside,+1-937-723-0183,+1-980-816-4699,2026-06-01 08:33:48,1761,VOICE,,4G,0.1,2.94
R03-0002044,3,Lakeside,+1-432-627-0564,+1-887-684-4781,2026-06-01 19:48:09,0,SMS,,4G,0.0,0.05
R03-0002045,3,Lakeside,+1-511-618-9550,+1-453-245-6595,2026-06-01 03:42:07,1540,VOICE,,5G,0.08,2.05
R03-0002046,3,Lakeside,+1-326-948-5964,+1-291-949-5427,2026-06-01 18:04:09,1877,VOICE,,5G,0.08,2.5
R03-0002047,3,Lakeside,+1-495-971-8639,+1-858-343-3539,2026-06-01 17:08:03,0,SMS,,4G,0.0,0.05
R03-0002048,3,Lakeside,+1-286-529-8135,+1-972-222-6199,2026-06-01 14:25:44,2768,VOICE,,4G,0.1,4.61
R03-0002049,3,Lakeside,+1-647-487-6615,,2026-06-01 06:18:32,1341,DATA,395675925,4G,0.0,3.96
R03-0002050,3,Lakeside,+1-873-980-3829,+1-826-414-6091,2026-06-01 13:21:33,0,SMS,,3G,0.0,0.05
R03-0002051,3,Lakeside,+1-309-427-6920,+1-714-238-1919,2026-06-01 11:33:30,817,VOICE,,4G,0.1,1.36
R03-0002052,3,Lakeside,+1-833-697-2259,+1-923-385-3172,2026-06-01 08:43:24,1237,VOICE,,4G,0.1,2.06
R03-0002053,3,Lakeside,+1-851-647-8179,+1-873-263-9111,2026-06-01 19:51:54,1996,VOICE,,4G,0.1,3.33
R03-0002054,3,Lakeside,+1-724-663-0812,+1-461-904-0432,2026-06-01 12:22:19,0,VOICE,,4G,0.1,0.0
R03-0002055,3,Lakeside,+1-545-863-6370,+1-967-770-5591,2026-06-01 10:22:11,0,SMS,,4G,0.0,0.05
R03-0002056,3,Lakeside,+1-705-380-9278,+1-970-631-3608,2026-06-01 04:26:07,3086,VOICE,,5G,0.08,4.11
R03-0002057,3,Lakeside,+1-532-461-8084,+1-464-312-8511,2026-06-01 11:32:14,0,SMS,,3G,0.0,0.05
R03-0002058,3,Lakeside,+1-607-331-7732,,2026-06-01 09:42:26,3082,DATA,430194455,4G,0.0,4.3
R03-0002059,3,Lakeside,+1-582-787-1486,+1-952-772-6902,2026-06-01 15:57:41,3522,VOICE,,5G,0.08,4.7
R03-0002060,3,Lakeside,+1-897-360-2978,+1-526-408-3326,2026-06-01 14:38:40,563,VOICE,,5G,0.08,0.75
R03-0002061,3,Lakeside,+1-550-869-3862,+1-352-952-9962,2026-06-01 23:44:14,0,SMS,,4G,0.0,0.05
R03-0002062,3,Lakeside,+1-245-583-3352,+1-889-936-7012,2026-06-01 07:19:10,321,VOICE,,4G,0.1,0.54
R03-0002063,3,Lakeside,+1-888-768-5258,+1-777-768-4825,2026-06-01 18:19:14,1849,VOICE,,5G,0.08,2.47
R03-0002064,3,Lakeside,+1-548-878-9004,+1-894-498-6779,2026-06-01 12:09:59,568,VOICE,,5G,0.08,0.76
R03-0002065,3,Lakeside,+1-234-865-8466,+1-599-651-9327,2026-06-01 11:43:02,2141,VOICE,,3G,0.12,4.28
R03-0002066,3,Lakeside,+1-628-217-8109,+1-757-289-9528,2026-06-01 07:28:34,0,SMS,,5G,0.0,0.05
R03-0002067,3,Lakeside,+1-745-714-7249,+1-887-448-9498,2026-06-01 02:52:11,0,SMS,,4G,0.0,0.05
R03-0002068,3,Lakeside,+1-451-539-3271,+1-542-943-6633,2026-06-01 18:57:33,3173,VOICE,,4G,0.1,5.29
R03-0002069,3,Lakeside,+1-358-930-4819,+1-513-361-2409,2026-06-01 13:39:22,1844,VOICE,,4G,0.1,3.07
R03-0002070,3,Lakeside,+1-490-938-9752,+1-411-524-8720,2026-06-01 20:21:27,43,VOICE,,3G,0.12,0.09
R03-0002071,3,Lakeside,+1-747-332-2112,,2026-06-01 21:35:15,6944,DATA,317539881,5G,0.0,3.18
R03-0002072,3,Lakeside,+1-681-841-4130,+1-285-738-4303,2026-06-01 22:22:10,1876,VOICE,,3G,0.12,3.75
R03-0002073,3,Lakeside,+1-879-417-8179,+1-570-475-3299,2026-06-01 09:46:34,2537,VOICE,,5G,0.08,3.38
R03-0002074,3,Lakeside,+1-240-407-4895,,2026-06-01 23:12:49,1867,DATA,342447289,4G,0.0,3.42
R03-0002075,3,Lakeside,+1-787-902-9937,+1-631-353-5476,2026-06-01 14:55:16,2176,VOICE,,4G,0.1,3.63
R03-0002076,3,Lakeside,+1-948-352-9847,+1-499-246-9568,2026-06-01 19:09:00,225,VOICE,,4G,0.1,0.38
R03-0002077,3,Lakeside,+1-913-846-0574,+1-532-585-6041,2026-06-01 04:18:01,0,SMS,,4G,0.0,0.05
R03-0002078,3,Lakeside,+1-886-364-1734,+1-851-234-8852,2026-06-01 03:54:58,810,VOICE,,5G,0.08,1.08
R03-0002079,3,Lakeside,+1-381-914-7293,+1-521-563-3938,2026-06-01 01:31:30,690,VOICE,,4G,0.1,1.15
R03-0002080,3,Lakeside,+1-570-392-4391,+1-764-672-8218,2026-06-01 10:13:04,1383,VOICE,,4G,0.1,2.31
R03-0002081,3,Lakeside,+1-758-734-0426,+1-632-648-4258,2026-06-01 01:34:05,791,VOICE,,4G,0.1,1.32
R03-0002082,3,Lakeside,+1-947-813-2060,+1-896-912-6655,2026-06-01 11:49:22,930,VOICE,,4G,0.1,1.55
R03-0002083,3,Lakeside,+1-697-294-8517,+1-841-345-5386,2026-06-01 21:07:06,2075,VOICE,,5G,0.08,2.77
R03-0002084,3,Lakeside,+1-544-950-0580,+1-562-542-3615,2026-06-01 08:30:40,929,VOICE,,4G,0.1,1.55
R03-0002085,3,Lakeside,+1-621-715-5505,,2026-06-01 14:36:10,5641,DATA,119755374,4G,0.0,1.2
R03-0002086,3,Lakeside,+1-475-474-2478,+1-848-786-6500,2026-06-01 17:23:54,0,VOICE,,4G,0.1,0.0
R03-0002087,3,Lakeside,+1-949-819-8280,+1-450-293-0769,2026-06-01 14:13:04,733,VOICE,,4G,0.1,1.22
R03-0002088,3,Lakeside,+1-373-253-3210,+1-521-274-2987,2026-06-01 11:14:20,0,SMS,,4G,0.0,0.05
R03-0002089,3,Lakeside,+1-325-714-8284,+1-432-582-1513,2026-06-01 20:35:29,159,VOICE,,4G,0.1,0.27
R03-0002090,3,Lakeside,+1-365-478-4928,+1-806-891-8820,2026-06-01 15:42:58,2735,VOICE,,4G,0.1,4.56
R03-0002091,3,Lakeside,+1-225-800-2715,+1-276-256-8433,2026-06-01 22:51:50,0,VOICE,,5G,0.08,0.0
R03-0002092,3,Lakeside,+1-798-250-2980,+1-880-275-7023,2026-06-01 17:27:01,1984,VOICE,,5G,0.08,2.65
R03-0002093,3,Lakeside,+1-932-623-0819,,2026-06-01 08:49:15,5194,DATA,167512223,4G,0.0,1.68
R03-0002094,3,Lakeside,+1-520-654-2338,+1-581-599-2962,2026-06-01 18:09:47,1532,VOICE,,5G,0.08,2.04
R03-0002095,3,Lakeside,+1-598-470-6124,+1-747-352-0131,2026-06-01 19:30:25,0,SMS,,5G,0.0,0.05
R03-0002096,3,Lakeside,+1-865-965-0940,+1-786-410-4320,2026-06-01 21:35:15,68,VOICE,,5G,0.08,0.09
R03-0002097,3,Lakeside,+1-704-565-2727,,2026-06-01 17:29:14,4546,DATA,480157768,4G,0.0,4.8
R03-0002098,3,Lakeside,+1-980-701-5526,+1-313-364-4546,2026-06-01 04:41:14,376,VOICE,,5G,0.08,0.5
R03-0002099,3,Lakeside,+1-417-445-2326,+1-359-508-1398,2026-06-01 23:28:43,3299,VOICE,,4G,0.1,5.5
R03-0002100,3,Lakeside,+1-635-849-3924,+1-495-921-1028,2026-06-01 12:05:21,0,SMS,,5G,0.0,0.05
R03-0002101,3,Lakeside,+1-346-938-8022,,2026-06-01 09:22:56,2069,DATA,353401537,5G,0.0,3.53
R03-0002102,3,Lakeside,+1-555-981-4400,+1-499-845-7991,2026-06-01 10:46:46,990,VOICE,,3G,0.12,1.98
R03-0002103,3,Lakeside,+1-233-547-5184,+1-773-587-8246,2026-06-01 16:33:54,1485,VOICE,,4G,0.1,2.48
R03-0002104,3,Lakeside,+1-284-274-6651,+1-558-819-7195,2026-06-01 05:10:36,1417,VOICE,,3G,0.12,2.83
R03-0002105,3,Lakeside,+1-231-508-4582,+1-887-487-5507,2026-06-01 23:54:40,444,VOICE,,5G,0.08,0.59
R03-0002106,3,Lakeside,+1-989-905-3931,+1-410-875-4864,2026-06-01 23:13:25,347,VOICE,,5G,0.08,0.46
R03-0002107,3,Lakeside,+1-278-379-5730,,2026-06-01 10:56:11,6932,DATA,371798311,4G,0.0,3.72
R03-0002108,3,Lakeside,+1-372-869-7326,+1-965-784-9544,2026-06-01 09:50:19,2378,VOICE,,4G,0.1,3.96
R03-0002109,3,Lakeside,+1-902-544-5193,+1-843-295-0933,2026-06-01 03:58:53,0,SMS,,4G,0.0,0.05
R03-0002110,3,Lakeside,+1-733-277-9936,+1-235-814-9942,2026-06-01 23:27:57,0,SMS,,4G,0.0,0.05
R03-0002111,3,Lakeside,+1-954-696-3273,+1-926-705-2135,2026-06-01 14:42:28,0,SMS,,4G,0.0,0.05
R03-0002112,3,Lakeside,+1-381-360-3513,+1-201-657-9601,2026-06-01 06:36:26,0,SMS,,3G,0.0,0.05
R03-0002113,3,Lakeside,+1-811-410-4108,+1-847-397-9117,2026-06-01 03:47:50,0,SMS,,5G,0.0,0.05
R03-0002114,3,Lakeside,+1-776-285-0242,+1-774-387-4676,2026-06-01 02:24:08,0,SMS,,4G,0.0,0.05
R03-0002115,3,Lakeside,+1-474-212-3852,+1-934-711-4405,2026-06-01 22:31:30,0,SMS,,5G,0.0,0.05
R03-0002116,3,Lakeside,+1-775-382-4370,+1-893-995-3076,2026-06-01 11:02:04,653,VOICE,,5G,0.08,0.87
R03-0002117,3,Lakeside,+1-887-287-3532,+1-892-571-5953,2026-06-01 04:02:54,1488,VOICE,,5G,0.08,1.98
R03-0002118,3,Lakeside,+1-801-454-7337,+1-685-308-0575,2026-06-01 05:57:46,2822,VOICE,,5G,0.08,3.76
R03-0002119,3,Lakeside,+1-344-868-4295,,2026-06-01 23:07:28,375,DATA,392373732,4G,0.0,3.92
R03-0002120,3,Lakeside,+1-763-302-2408,+1-414-877-1627,2026-06-01 18:29:27,486,VOICE,,4G,0.1,0.81
R03-0002121,3,Lakeside,+1-947-654-0424,+1-884-798-1590,2026-06-01 08:18:10,0,SMS,,4G,0.0,0.05
R03-0002122,3,Lakeside,+1-762-411-7580,+1-664-312-6377,2026-06-01 06:38:46,1784,VOICE,,4G,0.1,2.97
R03-0002123,3,Lakeside,+1-653-942-9267,+1-742-938-0578,2026-06-01 22:05:01,443,VOICE,,5G,0.08,0.59
R03-0002124,3,Lakeside,+1-200-420-6892,+1-586-371-3731,2026-06-01 08:04:04,1241,VOICE,,4G,0.1,2.07
R03-0002125,3,Lakeside,+1-654-493-2672,,2026-06-01 07:09:04,4064,DATA,55085200,5G,0.0,0.55
R03-0002126,3,Lakeside,+1-902-210-4613,+1-212-912-1803,2026-06-01 03:45:21,532,VOICE,,4G,0.1,0.89
R03-0002127,3,Lakeside,+1-242-423-6302,+1-347-781-1214,2026-06-01 10:06:11,1945,VOICE,,5G,0.08,2.59
R03-0002128,3,Lakeside,+1-405-403-5791,+1-422-891-7402,2026-06-01 10:54:20,0,SMS,,3G,0.0,0.05
R03-0002129,3,Lakeside,+1-639-244-0103,,2026-06-01 08:57:42,1433,DATA,14611964,4G,0.0,0.15
R03-0002130,3,Lakeside,+1-287-897-0571,,2026-06-01 12:27:44,2936,DATA,421264464,5G,0.0,4.21
R03-0002131,3,Lakeside,+1-753-282-0878,+1-533-646-5805,2026-06-01 08:55:39,0,SMS,,3G,0.0,0.05
R03-0002132,3,Lakeside,+1-393-784-8162,,2026-06-01 18:58:13,5729,DATA,231148608,5G,0.0,2.31
R03-0002133,3,Lakeside,+1-979-477-5873,+1-607-993-9136,2026-06-01 23:50:01,1658,VOICE,,5G,0.08,2.21
R03-0002134,3,Lakeside,+1-364-918-9637,+1-359-749-8925,2026-06-01 13:34:29,0,SMS,,4G,0.0,0.05
R03-0002135,3,Lakeside,+1-695-222-4747,+1-904-312-5754,2026-06-01 01:03:42,0,SMS,,4G,0.0,0.05
R03-0002136,3,Lakeside,+1-882-645-2783,+1-547-365-1525,2026-06-01 20:57:34,2435,VOICE,,4G,0.1,4.06
R03-0002137,3,Lakeside,+1-486-571-5838,+1-346-403-4983,2026-06-01 09:18:49,400,VOICE,,4G,0.1,0.67
R03-0002138,3,Lakeside,+1-473-851-8172,,2026-06-01 17:07:50,813,DATA,38457319,4G,0.0,0.38
R03-0002139,3,Lakeside,+1-671-719-3721,+1-515-591-7972,2026-06-01 21:06:01,0,SMS,,4G,0.0,0.05
R03-0002140,3,Lakeside,+1-822-774-7326,,2026-06-01 16:36:09,1238,DATA,48205743,4G,0.0,0.48
R03-0002141,3,Lakeside,+1-329-204-3772,+1-495-495-2822,2026-06-01 07:03:26,0,SMS,,4G,0.0,0.05
R03-0002142,3,Lakeside,+1-894-251-8510,+1-687-479-7568,2026-06-01 07:59:01,2693,VOICE,,4G,0.1,4.49
R03-0002143,3,Lakeside,+1-427-860-6167,+1-655-846-8472,2026-06-01 03:28:47,0,SMS,,3G,0.0,0.05
R03-0002144,3,Lakeside,+1-708-663-7466,+1-596-347-1135,2026-06-01 02:21:20,0,SMS,,5G,0.0,0.05
R03-0002145,3,Lakeside,+1-754-559-2512,+1-262-506-4039,2026-06-01 22:25:26,1031,VOICE,,5G,0.08,1.37
R03-0002146,3,Lakeside,+1-886-533-7602,+1-662-349-8492,2026-06-01 23:02:28,1402,VOICE,,4G,0.1,2.34
R03-0002147,3,Lakeside,+1-574-540-0732,+1-430-422-3164,2026-06-01 07:49:27,1340,VOICE,,4G,0.1,2.23
R03-0002148,3,Lakeside,+1-828-568-8768,+1-497-557-6290,2026-06-01 19:52:03,0,SMS,,4G,0.0,0.05
R03-0002149,3,Lakeside,+1-802-581-2408,+1-734-984-0608,2026-06-01 19:40:29,0,SMS,,4G,0.0,0.05
R03-0002150,3,Lakeside,+1-920-592-1822,+1-764-617-5917,2026-06-01 06:53:33,0,SMS,,4G,0.0,0.05
R03-0002151,3,Lakeside,+1-481-831-8705,+1-561-774-8492,2026-06-01 23:15:11,0,SMS,,5G,0.0,0.05
R03-0002152,3,Lakeside,+1-610-977-1270,+1-952-387-8459,2026-06-01 10:15:35,0,SMS,,5G,0.0,0.05
R03-0002153,3,Lakeside,+1-841-688-2187,+1-371-870-2515,2026-06-01 07:32:35,0,SMS,,3G,0.0,0.05
R03-0002154,3,Lakeside,+1-912-659-1313,,2026-06-01 20:14:18,6998,DATA,64988655,4G,0.0,0.65
R03-0002155,3,Lakeside,+1-600-591-8125,+1-502-594-8031,2026-06-01 10:31:01,0,SMS,,4G,0.0,0.05
R03-0002156,3,Lakeside,+1-390-639-2307,+1-322-295-1336,2026-06-01 22:18:55,0,VOICE,,4G,0.1,0.0
R03-0002157,3,Lakeside,+1-201-897-9108,+1-825-874-5688,2026-06-01 12:18:04,556,VOICE,,4G,0.1,0.93
R03-0002158,3,Lakeside,+1-621-353-4637,+1-210-804-1000,2026-06-01 00:07:15,1822,VOICE,,3G,0.12,3.64
R03-0002159,3,Lakeside,+1-924-249-5177,,2026-06-01 16:47:53,5490,DATA,245291826,5G,0.0,2.45
R03-0002160,3,Lakeside,+1-418-557-2558,+1-923-377-1275,2026-06-01 18:03:39,1255,VOICE,,4G,0.1,2.09
R03-0002161,3,Lakeside,+1-979-671-4016,+1-673-471-4387,2026-06-01 18:07:03,1238,VOICE,,4G,0.1,2.06
R03-0002162,3,Lakeside,+1-554-919-5873,+1-299-445-1742,2026-06-01 15:52:56,0,SMS,,5G,0.0,0.05
R03-0002163,3,Lakeside,+1-850-857-4166,,2026-06-01 21:21:19,625,DATA,454370952,3G,0.0,4.54
R03-0002164,3,Lakeside,+1-772-325-9234,+1-333-754-8250,2026-06-01 16:09:12,417,VOICE,,4G,0.1,0.7
R03-0002165,3,Lakeside,+1-413-610-7556,+1-424-540-1875,2026-06-01 12:01:17,0,SMS,,3G,0.0,0.05
R03-0002166,3,Lakeside,+1-892-232-4673,+1-267-232-9908,2026-06-01 18:39:28,2032,VOICE,,5G,0.08,2.71
R03-0002167,3,Lakeside,+1-406-677-0592,+1-725-438-5786,2026-06-01 11:18:09,1686,VOICE,,5G,0.08,2.25
R03-0002168,3,Lakeside,+1-497-500-1966,+1-967-651-4567,2026-06-01 06:05:34,3316,VOICE,,4G,0.1,5.53
R03-0002169,3,Lakeside,+1-541-911-0260,+1-353-851-7537,2026-06-01 01:52:20,0,SMS,,5G,0.0,0.05
R03-0002170,3,Lakeside,+1-388-292-2876,,2026-06-01 04:00:50,3645,DATA,1078885,3G,0.0,0.01
R03-0002171,3,Lakeside,+1-331-858-7876,,2026-06-01 08:45:39,3963,DATA,392739599,4G,0.0,3.93
R03-0002172,3,Lakeside,+1-568-293-5135,+1-535-964-1184,2026-06-01 15:04:01,0,SMS,,4G,0.0,0.05
R03-0002173,3,Lakeside,+1-762-481-7636,+1-666-848-7391,2026-06-01 09:35:57,1839,VOICE,,5G,0.08,2.45
R03-0002174,3,Lakeside,+1-918-977-9905,+1-953-702-2055,2026-06-01 13:29:50,0,SMS,,5G,0.0,0.05
R03-0002175,3,Lakeside,+1-535-378-1205,+1-481-808-0169,2026-06-01 23:30:25,0,SMS,,4G,0.0,0.05
R03-0002176,3,Lakeside,+1-648-791-6538,+1-451-499-0950,2026-06-01 21:25:10,320,VOICE,,4G,0.1,0.53
R03-0002177,3,Lakeside,+1-665-476-8814,,2026-06-01 03:38:22,733,DATA,161015855,4G,0.0,1.61
R03-0002178,3,Lakeside,+1-312-466-7292,,2026-06-01 16:14:08,4057,DATA,452764958,4G,0.0,4.53
R03-0002179,3,Lakeside,+1-822-676-3379,,2026-06-01 09:51:33,803,DATA,68330759,4G,0.0,0.68
R03-0002180,3,Lakeside,+1-645-934-8597,,2026-06-01 23:21:43,4217,DATA,384554645,5G,0.0,3.85
R03-0002181,3,Lakeside,+1-628-252-9192,+1-572-275-7766,2026-06-01 03:06:16,1878,VOICE,,4G,0.1,3.13
R03-0002182,3,Lakeside,+1-882-517-0015,+1-557-318-8974,2026-06-01 01:21:06,793,VOICE,,5G,0.08,1.06
R03-0002183,3,Lakeside,+1-495-779-2254,+1-795-605-8201,2026-06-01 09:29:54,0,SMS,,4G,0.0,0.05
R03-0002184,3,Lakeside,+1-487-858-9958,+1-631-733-9749,2026-06-01 13:08:04,1026,VOICE,,3G,0.12,2.05
R03-0002185,3,Lakeside,+1-819-769-3458,+1-557-480-4206,2026-06-01 09:12:49,2264,VOICE,,3G,0.12,4.53
R03-0002186,3,Lakeside,+1-549-519-2156,+1-938-651-1328,2026-06-01 21:25:55,0,VOICE,,4G,0.1,0.0
R03-0002187,3,Lakeside,+1-632-782-1685,+1-569-952-8809,2026-06-01 14:21:15,2683,VOICE,,5G,0.08,3.58
R03-0002188,3,Lakeside,+1-565-974-0127,+1-626-748-1991,2026-06-01 03:19:55,423,VOICE,,4G,0.1,0.71
R03-0002189,3,Lakeside,+1-265-590-0290,,2026-06-01 15:26:51,911,DATA,163168414,3G,0.0,1.63
R03-0002190,3,Lakeside,+1-370-756-5512,,2026-06-01 15:30:33,2204,DATA,121784308,5G,0.0,1.22
R03-0002191,3,Lakeside,+1-618-650-4342,+1-633-542-2392,2026-06-01 12:18:57,36,VOICE,,5G,0.08,0.05
R03-0002192,3,Lakeside,+1-367-957-6219,,2026-06-01 14:52:03,1902,DATA,210902895,4G,0.0,2.11
R03-0002193,3,Lakeside,+1-560-968-7860,+1-397-987-5345,2026-06-01 23:53:45,0,SMS,,5G,0.0,0.05
R03-0002194,3,Lakeside,+1-578-361-6138,,2026-06-01 23:39:37,5229,DATA,3846416,3G,0.0,0.04
R03-0002195,3,Lakeside,+1-731-648-0904,+1-844-354-0936,2026-06-01 22:39:11,0,SMS,,3G,0.0,0.05
R03-0002196,3,Lakeside,+1-276-413-9740,+1-614-293-1786,2026-06-01 23:52:53,0,SMS,,4G,0.0,0.05
R03-0002197,3,Lakeside,+1-924-423-5441,+1-319-749-7447,2026-06-01 07:57:12,0,SMS,,5G,0.0,0.05
R03-0002198,3,Lakeside,+1-457-505-4194,+1-360-398-4548,2026-06-01 03:00:55,0,SMS,,5G,0.0,0.05
R03-0002199,3,Lakeside,+1-379-543-7938,+1-774-778-2612,2026-06-01 10:16:33,0,SMS,,4G,0.0,0.05
R03-0002200,3,Lakeside,+1-205-805-8041,,2026-06-01 15:14:14,1389,DATA,217027451,5G,0.0,2.17
R03-0002201,3,Lakeside,+1-953-843-6493,+1-957-667-4847,2026-06-01 15:53:37,0,SMS,,5G,0.0,0.05
R03-0002202,3,Lakeside,+1-346-428-2970,+1-658-768-2495,2026-06-01 21:01:07,0,SMS,,4G,0.0,0.05
R03-0002203,3,Lakeside,+1-293-402-5344,+1-685-980-5928,2026-06-01 10:23:30,3458,VOICE,,5G,0.08,4.61
R03-0002204,3,Lakeside,+1-609-696-5848,+1-309-495-3559,2026-06-01 21:38:48,0,SMS,,4G,0.0,0.05
R03-0002205,3,Lakeside,+1-364-331-8119,,2026-06-01 20:17:29,4595,DATA,454960926,3G,0.0,4.55
R03-0002206,3,Lakeside,+1-509-486-0539,+1-303-596-0292,2026-06-01 09:59:25,3558,VOICE,,4G,0.1,5.93
R03-0002207,3,Lakeside,+1-707-292-3398,+1-354-459-2833,2026-06-01 10:44:16,3344,VOICE,,4G,0.1,5.57
R03-0002208,3,Lakeside,+1-964-809-7002,+1-658-599-6226,2026-06-01 21:10:50,368,VOICE,,5G,0.08,0.49
R03-0002209,3,Lakeside,+1-486-723-0025,+1-267-583-6892,2026-06-01 14:09:56,2049,VOICE,,4G,0.1,3.42
R03-0002210,3,Lakeside,+1-657-894-6352,+1-304-653-5171,2026-06-01 00:17:56,0,SMS,,4G,0.0,0.05
R03-0002211,3,Lakeside,+1-475-550-4553,+1-406-662-1788,2026-06-01 12:04:20,3140,VOICE,,3G,0.12,6.28
R03-0002212,3,Lakeside,+1-537-444-9493,,2026-06-01 21:31:01,898,DATA,235061255,5G,0.0,2.35
R03-0002213,3,Lakeside,+1-808-931-6788,+1-722-932-1608,2026-06-01 00:04:21,0,SMS,,4G,0.0,0.05
R03-0002214,3,Lakeside,+1-595-667-7703,+1-698-629-9178,2026-06-01 20:39:11,813,VOICE,,4G,0.1,1.36
R03-0002215,3,Lakeside,+1-275-289-0290,,2026-06-01 20:43:28,5720,DATA,136260273,5G,0.0,1.36
R03-0002216,3,Lakeside,+1-521-242-1926,+1-801-294-5389,2026-06-01 23:22:31,0,SMS,,4G,0.0,0.05
R03-0002217,3,Lakeside,+1-518-693-9636,+1-782-494-1137,2026-06-01 13:41:39,2583,VOICE,,4G,0.1,4.3
R03-0002218,3,Lakeside,+1-423-945-8917,+1-615-646-8594,2026-06-01 22:58:33,0,SMS,,4G,0.0,0.05
R03-0002219,3,Lakeside,+1-774-745-1080,+1-621-935-4525,2026-06-01 18:13:38,240,VOICE,,4G,0.1,0.4
R03-0002220,3,Lakeside,+1-485-782-7761,+1-734-605-1791,2026-06-01 00:03:20,0,SMS,,4G,0.0,0.05
R03-0002221,3,Lakeside,+1-349-210-0776,,2026-06-01 17:09:42,2719,DATA,393535083,3G,0.0,3.94
R03-0002222,3,Lakeside,+1-395-460-4819,+1-433-290-2967,2026-06-01 04:07:25,2703,VOICE,,5G,0.08,3.6
R03-0002223,3,Lakeside,+1-281-374-5595,,2026-06-01 08:39:57,7066,DATA,77082174,5G,0.0,0.77
R03-0002224,3,Lakeside,+1-944-650-4125,+1-540-403-5073,2026-06-01 00:41:42,1159,VOICE,,4G,0.1,1.93
R03-0002225,3,Lakeside,+1-927-901-6359,+1-398-964-6390,2026-06-01 00:35:42,2965,VOICE,,4G,0.1,4.94
R03-0002226,3,Lakeside,+1-453-636-7848,+1-676-227-7319,2026-06-01 14:23:47,0,SMS,,3G,0.0,0.05
R03-0002227,3,Lakeside,+1-632-930-2427,,2026-06-01 16:56:33,6889,DATA,93175638,4G,0.0,0.93
R03-0002228,3,Lakeside,+1-725-783-9609,,2026-06-01 18:24:35,2770,DATA,276319441,4G,0.0,2.76
R03-0002229,3,Lakeside,+1-919-209-9870,+1-439-312-6380,2026-06-01 04:31:42,1959,VOICE,,5G,0.08,2.61
R03-0002230,3,Lakeside,+1-646-928-9451,+1-243-665-0368,2026-06-01 10:44:46,3062,VOICE,,4G,0.1,5.1
R03-0002231,3,Lakeside,+1-203-976-9047,+1-665-980-0095,2026-06-01 03:33:30,0,SMS,,4G,0.0,0.05
R03-0002232,3,Lakeside,+1-834-357-5249,+1-603-484-8406,2026-06-01 10:08:00,0,SMS,,4G,0.0,0.05
R03-0002233,3,Lakeside,+1-747-957-8855,+1-241-786-3190,2026-06-01 08:20:16,383,VOICE,,5G,0.08,0.51
R03-0002234,3,Lakeside,+1-873-489-3582,+1-240-637-8051,2026-06-01 15:37:53,1093,VOICE,,5G,0.08,1.46
R03-0002235,3,Lakeside,+1-473-408-7798,+1-501-654-7940,2026-06-01 07:47:34,0,SMS,,4G,0.0,0.05
R03-0002236,3,Lakeside,+1-856-447-8871,,2026-06-01 18:13:39,6651,DATA,290983021,4G,0.0,2.91
R03-0002237,3,Lakeside,+1-254-675-5118,+1-864-563-2233,2026-06-01 05:46:23,0,SMS,,4G,0.0,0.05
R03-0002238,3,Lakeside,+1-939-763-7154,+1-845-677-7007,2026-06-01 23:59:02,688,VOICE,,5G,0.08,0.92
R03-0002239,3,Lakeside,+1-840-883-5683,+1-447-426-7081,2026-06-01 13:01:46,2493,VOICE,,4G,0.1,4.16
R03-0002240,3,Lakeside,+1-630-890-6341,+1-834-599-7564,2026-06-01 09:43:38,0,SMS,,4G,0.0,0.05
R03-0002241,3,Lakeside,+1-299-262-3346,+1-511-787-2182,2026-06-01 02:38:17,0,SMS,,4G,0.0,0.05
R03-0002242,3,Lakeside,+1-859-211-2524,,2026-06-01 05:42:04,5806,DATA,266526496,5G,0.0,2.67
R03-0002243,3,Lakeside,+1-637-481-4263,,2026-06-01 07:32:08,7160,DATA,73458399,5G,0.0,0.73
R03-0002244,3,Lakeside,+1-813-223-4951,+1-294-605-7836,2026-06-01 05:18:22,276,VOICE,,4G,0.1,0.46
R03-0002245,3,Lakeside,+1-226-735-7601,,2026-06-01 06:09:01,6479,DATA,463359090,4G,0.0,4.63
R03-0002246,3,Lakeside,+1-887-925-4009,,2026-06-01 08:42:25,1885,DATA,243212330,4G,0.0,2.43
R03-0002247,3,Lakeside,+1-897-437-9575,+1-227-977-6883,2026-06-01 02:07:15,1103,VOICE,,4G,0.1,1.84
R03-0002248,3,Lakeside,+1-807-679-4699,+1-493-453-3830,2026-06-01 20:47:25,1020,VOICE,,5G,0.08,1.36
R03-0002249,3,Lakeside,+1-208-269-6830,,2026-06-01 10:53:47,962,DATA,351800109,4G,0.0,3.52
R03-0002250,3,Lakeside,+1-546-912-9592,+1-349-771-0202,2026-06-01 23:32:26,0,SMS,,4G,0.0,0.05
R03-0002251,3,Lakeside,+1-257-278-1416,+1-626-396-1620,2026-06-01 10:47:33,0,SMS,,4G,0.0,0.05
R03-0002252,3,Lakeside,+1-276-215-9548,+1-447-807-6091,2026-06-01 12:24:12,2253,VOICE,,4G,0.1,3.75
R03-0002253,3,Lakeside,+1-215-356-5338,+1-577-524-1602,2026-06-01 06:02:00,0,SMS,,4G,0.0,0.05
R03-0002254,3,Lakeside,+1-423-317-9486,+1-468-227-5367,2026-06-01 14:02:31,0,SMS,,4G,0.0,0.05
R03-0002255,3,Lakeside,+1-550-348-1483,+1-500-373-1454,2026-06-01 01:27:29,1931,VOICE,,4G,0.1,3.22
R03-0002256,3,Lakeside,+1-956-481-0947,+1-711-237-9947,2026-06-01 02:40:34,3043,VOICE,,4G,0.1,5.07
R03-0002257,3,Lakeside,+1-717-580-7110,+1-892-341-6648,2026-06-01 09:43:38,2341,VOICE,,5G,0.08,3.12
R03-0002258,3,Lakeside,+1-885-527-4409,+1-698-949-1583,2026-06-01 03:01:20,1937,VOICE,,5G,0.08,2.58
R03-0002259,3,Lakeside,+1-592-434-9186,,2026-06-01 22:32:18,5640,DATA,52393941,3G,0.0,0.52
R03-0002260,3,Lakeside,+1-787-254-4253,+1-244-751-5995,2026-06-01 03:50:33,3254,VOICE,,5G,0.08,4.34
R03-0002261,3,Lakeside,+1-919-463-5002,,2026-06-01 10:45:15,913,DATA,216745986,4G,0.0,2.17
R03-0002262,3,Lakeside,+1-633-621-9790,+1-989-991-5735,2026-06-01 19:25:59,2506,VOICE,,4G,0.1,4.18
R03-0002263,3,Lakeside,+1-924-440-8609,+1-424-398-6284,2026-06-01 21:38:40,1066,VOICE,,3G,0.12,2.13
R03-0002264,3,Lakeside,+1-804-653-8442,+1-203-635-7940,2026-06-01 10:55:04,462,VOICE,,4G,0.1,0.77
R03-0002265,3,Lakeside,+1-814-893-2305,+1-966-588-0322,2026-06-01 03:54:58,3221,VOICE,,5G,0.08,4.29
R03-0002266,3,Lakeside,+1-960-634-7499,+1-613-950-6285,2026-06-01 10:39:57,1890,VOICE,,3G,0.12,3.78
R03-0002267,3,Lakeside,+1-596-869-8627,,2026-06-01 16:21:46,2259,DATA,371727565,4G,0.0,3.72
R03-0002268,3,Lakeside,+1-407-972-2478,+1-887-521-2261,2026-06-01 09:04:31,344,VOICE,,4G,0.1,0.57
R03-0002269,3,Lakeside,+1-200-676-2490,,2026-06-01 18:33:13,1667,DATA,223255557,4G,0.0,2.23
R03-0002270,3,Lakeside,+1-283-659-2630,+1-435-203-3012,2026-06-01 21:06:13,0,SMS,,4G,0.0,0.05
R03-0002271,3,Lakeside,+1-831-465-4413,+1-616-410-5252,2026-06-01 07:57:54,2374,VOICE,,4G,0.1,3.96
R03-0002272,3,Lakeside,+1-563-887-4740,,2026-06-01 20:01:28,6817,DATA,414795743,3G,0.0,4.15
R03-0002273,3,Lakeside,+1-230-945-3226,+1-651-816-2158,2026-06-01 23:07:08,1826,VOICE,,4G,0.1,3.04
R03-0002274,3,Lakeside,+1-755-857-0033,+1-978-806-7155,2026-06-01 17:19:25,3020,VOICE,,4G,0.1,5.03
R03-0002275,3,Lakeside,+1-375-255-0927,,2026-06-01 13:54:47,2518,DATA,90180886,4G,0.0,0.9
R03-0002276,3,Lakeside,+1-504-605-3155,+1-834-439-8300,2026-06-01 04:44:14,379,VOICE,,5G,0.08,0.51
R03-0002277,3,Lakeside,+1-446-896-4275,+1-928-286-5816,2026-06-01 21:09:30,0,SMS,,4G,0.0,0.05
R03-0002278,3,Lakeside,+1-672-254-8413,+1-957-739-1145,2026-06-01 14:04:31,207,VOICE,,4G,0.1,0.35
R03-0002279,3,Lakeside,+1-820-579-9905,+1-212-924-0053,2026-06-01 09:08:38,209,VOICE,,5G,0.08,0.28
R03-0002280,3,Lakeside,+1-681-336-0131,+1-691-692-4532,2026-06-01 17:18:25,0,SMS,,3G,0.0,0.05
R03-0002281,3,Lakeside,+1-278-937-5663,+1-245-213-0992,2026-06-01 01:34:39,1868,VOICE,,4G,0.1,3.11
R03-0002282,3,Lakeside,+1-908-561-3026,+1-282-847-5705,2026-06-01 23:48:02,2487,VOICE,,4G,0.1,4.15
R03-0002283,3,Lakeside,+1-537-738-8420,+1-663-459-4684,2026-06-01 15:07:43,2158,VOICE,,4G,0.1,3.6
R03-0002284,3,Lakeside,+1-207-665-9944,+1-852-395-9839,2026-06-01 02:20:08,2666,VOICE,,4G,0.1,4.44
R03-0002285,3,Lakeside,+1-719-272-0766,,2026-06-01 00:57:39,1629,DATA,71141537,5G,0.0,0.71
R03-0002286,3,Lakeside,+1-833-956-7636,+1-496-769-0174,2026-06-01 06:23:22,692,VOICE,,3G,0.12,1.38
R03-0002287,3,Lakeside,+1-516-309-6650,+1-293-710-4037,2026-06-01 17:13:24,0,SMS,,4G,0.0,0.05
R03-0002288,3,Lakeside,+1-633-450-3648,+1-705-276-6821,2026-06-01 03:39:16,3387,VOICE,,4G,0.1,5.65
R03-0002289,3,Lakeside,+1-802-623-7622,+1-204-705-3299,2026-06-01 04:52:28,2999,VOICE,,5G,0.08,4.0
R03-0002290,3,Lakeside,+1-466-535-2853,+1-530-723-6922,2026-06-01 23:47:47,2397,VOICE,,3G,0.12,4.79
R03-0002291,3,Lakeside,+1-268-393-9118,+1-945-334-4305,2026-06-01 14:46:48,3559,VOICE,,4G,0.1,5.93
R03-0002292,3,Lakeside,+1-211-869-5941,+1-678-480-1895,2026-06-01 19:21:50,0,SMS,,5G,0.0,0.05
R03-0002293,3,Lakeside,+1-629-751-6485,+1-502-420-9656,2026-06-01 17:49:35,0,SMS,,5G,0.0,0.05
R03-0002294,3,Lakeside,+1-207-377-1408,+1-927-333-6602,2026-06-01 01:50:13,0,SMS,,5G,0.0,0.05
R03-0002295,3,Lakeside,+1-391-651-4561,+1-264-864-5169,2026-06-01 02:43:19,456,VOICE,,4G,0.1,0.76
R03-0002296,3,Lakeside,+1-593-290-6842,+1-638-431-3296,2026-06-01 18:06:36,0,SMS,,4G,0.0,0.05
R03-0002297,3,Lakeside,+1-650-248-6953,,2026-06-01 06:36:58,2495,DATA,90737362,4G,0.0,0.91
R03-0002298,3,Lakeside,+1-336-652-6711,+1-575-835-9171,2026-06-01 18:35:45,0,SMS,,5G,0.0,0.05
R03-0002299,3,Lakeside,+1-628-315-9984,+1-273-346-5029,2026-06-01 00:33:37,2911,VOICE,,4G,0.1,4.85
R03-0002300,3,Lakeside,+1-622-894-0411,+1-360-391-2113,2026-06-01 22:46:46,931,VOICE,,4G,0.1,1.55
R03-0002301,3,Lakeside,+1-658-902-7688,+1-596-900-3425,2026-06-01 08:38:06,0,SMS,,5G,0.0,0.05
R03-0002302,3,Lakeside,+1-397-455-5077,+1-870-545-5489,2026-06-01 14:34:37,2753,VOICE,,4G,0.1,4.59
R03-0002303,3,Lakeside,+1-928-710-8270,+1-534-998-4930,2026-06-01 09:12:42,1315,VOICE,,4G,0.1,2.19
R03-0002304,3,Lakeside,+1-508-811-3736,+1-530-861-3851,2026-06-01 11:25:34,2554,VOICE,,5G,0.08,3.41
R03-0002305,3,Lakeside,+1-339-606-6676,,2026-06-01 20:14:15,2129,DATA,171445492,5G,0.0,1.71
R03-0002306,3,Lakeside,+1-508-559-2952,+1-288-313-3793,2026-06-01 03:37:04,1032,VOICE,,4G,0.1,1.72
R03-0002307,3,Lakeside,+1-678-311-5500,+1-300-492-9778,2026-06-01 15:24:04,1361,VOICE,,5G,0.08,1.81
R03-0002308,3,Lakeside,+1-587-835-2425,,2026-06-01 00:23:32,5654,DATA,40748163,4G,0.0,0.41
R03-0002309,3,Lakeside,+1-740-486-1009,+1-961-211-7638,2026-06-01 07:09:18,3230,VOICE,,5G,0.08,4.31
R03-0002310,3,Lakeside,+1-314-280-1512,+1-379-734-2103,2026-06-01 09:08:26,3459,VOICE,,4G,0.1,5.77
R03-0002311,3,Lakeside,+1-929-672-0150,+1-267-641-1147,2026-06-01 12:21:31,0,SMS,,4G,0.0,0.05
R03-0002312,3,Lakeside,+1-937-957-1242,+1-351-699-8807,2026-06-01 07:30:18,0,SMS,,4G,0.0,0.05
R03-0002313,3,Lakeside,+1-395-938-6835,+1-815-797-5691,2026-06-01 11:20:23,2562,VOICE,,5G,0.08,3.42
R03-0002314,3,Lakeside,+1-244-736-4848,+1-870-384-3499,2026-06-01 16:42:54,804,VOICE,,3G,0.12,1.61
R03-0002315,3,Lakeside,+1-425-739-4433,,2026-06-01 00:16:10,90,DATA,97223897,4G,0.0,0.97
R03-0002316,3,Lakeside,+1-527-820-2708,+1-900-415-0773,2026-06-01 13:56:11,923,VOICE,,3G,0.12,1.85
R03-0002317,3,Lakeside,+1-831-502-3802,+1-752-270-2030,2026-06-01 07:40:05,0,SMS,,4G,0.0,0.05
R03-0002318,3,Lakeside,+1-677-395-7910,,2026-06-01 11:15:45,5750,DATA,156382247,3G,0.0,1.56
R03-0002319,3,Lakeside,+1-602-618-5617,,2026-06-01 10:57:31,5052,DATA,283544735,4G,0.0,2.84
R03-0002320,3,Lakeside,+1-855-834-6756,+1-305-387-3468,2026-06-01 11:45:03,1279,VOICE,,4G,0.1,2.13
R03-0002321,3,Lakeside,+1-855-529-1050,+1-905-443-4572,2026-06-01 21:54:12,3194,VOICE,,5G,0.08,4.26
R03-0002322,3,Lakeside,+1-858-447-1121,+1-620-786-2788,2026-06-01 20:56:22,3013,VOICE,,4G,0.1,5.02
R03-0002323,3,Lakeside,+1-543-315-6060,+1-671-611-9246,2026-06-01 22:22:51,1071,VOICE,,5G,0.08,1.43
R03-0002324,3,Lakeside,+1-240-876-8979,+1-457-792-8007,2026-06-01 10:53:23,2162,VOICE,,4G,0.1,3.6
R03-0002325,3,Lakeside,+1-679-365-4166,+1-419-353-2847,2026-06-01 01:00:31,0,SMS,,5G,0.0,0.05
R03-0002326,3,Lakeside,+1-458-722-1174,+1-859-330-6439,2026-06-01 02:27:58,603,VOICE,,5G,0.08,0.8
R03-0002327,3,Lakeside,+1-642-694-2749,+1-687-915-4654,2026-06-01 07:15:29,0,SMS,,5G,0.0,0.05
R03-0002328,3,Lakeside,+1-504-571-7209,+1-385-349-4912,2026-06-01 12:58:21,913,VOICE,,4G,0.1,1.52
R03-0002329,3,Lakeside,+1-920-256-7972,+1-941-674-3148,2026-06-01 13:12:49,0,SMS,,5G,0.0,0.05
R03-0002330,3,Lakeside,+1-436-304-2036,,2026-06-01 22:43:09,6188,DATA,496801039,4G,0.0,4.97
R03-0002331,3,Lakeside,+1-887-847-5986,+1-483-743-4233,2026-06-01 19:53:35,0,SMS,,4G,0.0,0.05
R03-0002332,3,Lakeside,+1-679-934-7279,+1-806-676-0756,2026-06-01 10:16:51,0,SMS,,5G,0.0,0.05
R03-0002333,3,Lakeside,+1-507-204-4196,+1-460-359-4424,2026-06-01 02:45:02,1393,VOICE,,4G,0.1,2.32
R03-0002334,3,Lakeside,+1-609-691-4325,+1-232-317-5722,2026-06-01 15:35:12,0,SMS,,5G,0.0,0.05
R03-0002335,3,Lakeside,+1-280-644-0899,,2026-06-01 13:08:39,4475,DATA,199937086,4G,0.0,2.0
R03-0002336,3,Lakeside,+1-736-642-2631,+1-284-361-8034,2026-06-01 12:25:45,2258,VOICE,,5G,0.08,3.01
R03-0002337,3,Lakeside,+1-539-541-3279,+1-869-438-9766,2026-06-01 13:10:56,2664,VOICE,,4G,0.1,4.44
R03-0002338,3,Lakeside,+1-513-312-1095,,2026-06-01 04:04:40,6988,DATA,336407330,4G,0.0,3.36
R03-0002339,3,Lakeside,+1-428-681-2376,,2026-06-01 09:08:09,801,DATA,201562983,3G,0.0,2.02
R03-0002340,3,Lakeside,+1-456-701-6522,,2026-06-01 17:16:01,4355,DATA,176617497,5G,0.0,1.77
R03-0002341,3,Lakeside,+1-781-488-6739,+1-320-835-6258,2026-06-01 15:01:10,0,SMS,,5G,0.0,0.05
R03-0002342,3,Lakeside,+1-600-913-1811,+1-670-714-7770,2026-06-01 17:03:25,0,SMS,,3G,0.0,0.05
R03-0002343,3,Lakeside,+1-592-426-0773,,2026-06-01 00:28:32,6792,DATA,285701063,4G,0.0,2.86
R03-0002344,3,Lakeside,+1-924-596-7852,+1-655-442-1289,2026-06-01 16:37:30,3210,VOICE,,4G,0.1,5.35
R03-0002345,3,Lakeside,+1-398-685-6066,+1-948-930-7602,2026-06-01 19:56:19,0,SMS,,5G,0.0,0.05
R03-0002346,3,Lakeside,+1-897-563-2850,+1-693-679-8368,2026-06-01 05:57:33,2463,VOICE,,4G,0.1,4.1
R03-0002347,3,Lakeside,+1-987-936-0497,+1-487-880-8408,2026-06-01 16:46:20,1178,VOICE,,3G,0.12,2.36
R03-0002348,3,Lakeside,+1-868-381-0378,+1-844-212-5945,2026-06-01 12:59:01,0,SMS,,5G,0.0,0.05
R03-0002349,3,Lakeside,+1-642-951-9109,+1-601-747-3662,2026-06-01 03:22:19,0,VOICE,,4G,0.1,0.0
R03-0002350,3,Lakeside,+1-351-609-4360,+1-751-371-1335,2026-06-01 06:11:06,0,SMS,,3G,0.0,0.05
R03-0002351,3,Lakeside,+1-577-522-7218,+1-206-857-3242,2026-06-01 04:53:46,0,SMS,,4G,0.0,0.05
R03-0002352,3,Lakeside,+1-597-326-3561,+1-968-429-8818,2026-06-01 04:06:43,1866,VOICE,,5G,0.08,2.49
R03-0002353,3,Lakeside,+1-750-656-5348,+1-980-372-3407,2026-06-01 13:56:30,0,SMS,,5G,0.0,0.05
R03-0002354,3,Lakeside,+1-396-654-7658,+1-728-428-8670,2026-06-01 00:39:33,1446,VOICE,,5G,0.08,1.93
R03-0002355,3,Lakeside,+1-632-475-0710,+1-638-848-0658,2026-06-01 06:17:51,2059,VOICE,,4G,0.1,3.43
R03-0002356,3,Lakeside,+1-949-342-4713,,2026-06-01 21:51:23,2253,DATA,420538607,5G,0.0,4.21
R03-0002357,3,Lakeside,+1-743-780-9572,,2026-06-01 20:40:06,2762,DATA,204891963,4G,0.0,2.05
R03-0002358,3,Lakeside,+1-476-670-8961,+1-685-962-9850,2026-06-01 22:29:08,3116,VOICE,,5G,0.08,4.15
R03-0002359,3,Lakeside,+1-600-578-6080,+1-427-891-4460,2026-06-01 10:58:01,2088,VOICE,,4G,0.1,3.48
R03-0002360,3,Lakeside,+1-938-516-4285,+1-496-756-1768,2026-06-01 16:49:33,0,SMS,,3G,0.0,0.05
R03-0002361,3,Lakeside,+1-452-732-1945,+1-475-989-6033,2026-06-01 10:50:32,2299,VOICE,,5G,0.08,3.07
R03-0002362,3,Lakeside,+1-205-450-6436,+1-369-826-0010,2026-06-01 21:23:48,3297,VOICE,,4G,0.1,5.5
R03-0002363,3,Lakeside,+1-285-232-6896,+1-547-492-0123,2026-06-01 12:52:35,1627,VOICE,,4G,0.1,2.71
R03-0002364,3,Lakeside,+1-913-304-4565,+1-591-609-5710,2026-06-01 18:23:28,0,SMS,,5G,0.0,0.05
R03-0002365,3,Lakeside,+1-428-931-1558,+1-851-206-2429,2026-06-01 21:41:45,0,SMS,,3G,0.0,0.05
R03-0002366,3,Lakeside,+1-635-655-9455,+1-787-879-0463,2026-06-01 02:04:57,2250,VOICE,,4G,0.1,3.75
R03-0002367,3,Lakeside,+1-615-241-6782,+1-780-630-6779,2026-06-01 21:14:10,1605,VOICE,,4G,0.1,2.68
R03-0002368,3,Lakeside,+1-838-547-0367,+1-371-482-8436,2026-06-01 01:33:50,1045,VOICE,,5G,0.08,1.39
R03-0002369,3,Lakeside,+1-967-715-2869,+1-597-348-1185,2026-06-01 22:12:00,3597,VOICE,,4G,0.1,6.0
R03-0002370,3,Lakeside,+1-984-222-9312,+1-259-206-5974,2026-06-01 04:31:27,2321,VOICE,,4G,0.1,3.87
R03-0002371,3,Lakeside,+1-232-977-8330,+1-276-774-8496,2026-06-01 19:27:45,0,SMS,,4G,0.0,0.05
R03-0002372,3,Lakeside,+1-273-752-9370,+1-395-591-3677,2026-06-01 01:29:12,796,VOICE,,5G,0.08,1.06
R03-0002373,3,Lakeside,+1-549-642-1757,+1-627-941-5300,2026-06-01 22:15:41,0,SMS,,4G,0.0,0.05
R03-0002374,3,Lakeside,+1-670-886-5563,+1-312-638-8006,2026-06-01 01:03:46,0,SMS,,5G,0.0,0.05
R03-0002375,3,Lakeside,+1-408-745-9614,+1-266-293-1818,2026-06-01 21:33:20,3052,VOICE,,3G,0.12,6.1
R03-0002376,3,Lakeside,+1-971-472-1547,,2026-06-01 15:08:07,4539,DATA,44529664,4G,0.0,0.45
R03-0002377,3,Lakeside,+1-686-423-4184,+1-232-974-2514,2026-06-01 20:34:02,0,SMS,,4G,0.0,0.05
R03-0002378,3,Lakeside,+1-792-923-3810,,2026-06-01 17:12:08,1372,DATA,482205239,4G,0.0,4.82
R03-0002379,3,Lakeside,+1-785-669-7428,+1-982-873-3671,2026-06-01 12:15:45,2995,VOICE,,5G,0.08,3.99
R03-0002380,3,Lakeside,+1-723-821-7500,+1-261-314-2291,2026-06-01 13:14:06,0,SMS,,5G,0.0,0.05
R03-0002381,3,Lakeside,+1-461-620-2991,+1-528-658-1263,2026-06-01 15:43:14,411,VOICE,,4G,0.1,0.69
R03-0002382,3,Lakeside,+1-568-312-9793,+1-951-277-1738,2026-06-01 23:29:21,0,SMS,,4G,0.0,0.05
R03-0002383,3,Lakeside,+1-798-369-5750,+1-629-438-6148,2026-06-01 10:29:46,447,VOICE,,4G,0.1,0.75
R03-0002384,3,Lakeside,+1-967-892-3055,,2026-06-01 00:54:38,5481,DATA,493935633,4G,0.0,4.94
R03-0002385,3,Lakeside,+1-454-437-4785,+1-989-867-3785,2026-06-01 12:32:24,0,SMS,,4G,0.0,0.05
R03-0002386,3,Lakeside,+1-739-929-1273,,2026-06-01 00:40:54,3896,DATA,282830312,4G,0.0,2.83
R03-0002387,3,Lakeside,+1-491-429-4928,+1-913-426-9388,2026-06-01 23:36:45,757,VOICE,,4G,0.1,1.26
R03-0002388,3,Lakeside,+1-766-334-7842,,2026-06-01 17:02:27,1684,DATA,58266643,4G,0.0,0.58
R03-0002389,3,Lakeside,+1-690-464-3813,+1-300-456-9142,2026-06-01 00:49:15,0,SMS,,4G,0.0,0.05
R03-0002390,3,Lakeside,+1-341-903-0962,+1-335-655-1406,2026-06-01 14:54:21,0,SMS,,4G,0.0,0.05
R03-0002391,3,Lakeside,+1-542-390-1670,+1-876-320-6067,2026-06-01 04:03:06,845,VOICE,,5G,0.08,1.13
R03-0002392,3,Lakeside,+1-770-266-1976,+1-705-246-9331,2026-06-01 17:15:31,0,SMS,,4G,0.0,0.05
R03-0002393,3,Lakeside,+1-704-750-8932,+1-966-923-1295,2026-06-01 21:25:28,56,VOICE,,4G,0.1,0.09
R03-0002394,3,Lakeside,+1-568-901-7077,+1-291-935-4568,2026-06-01 05:44:59,0,SMS,,4G,0.0,0.05
R03-0002395,3,Lakeside,+1-280-293-7896,+1-441-874-9272,2026-06-01 11:11:01,0,SMS,,5G,0.0,0.05
R03-0002396,3,Lakeside,+1-789-762-5805,+1-751-542-8247,2026-06-01 00:44:32,656,VOICE,,3G,0.12,1.31
R03-0002397,3,Lakeside,+1-633-537-5437,+1-670-757-7871,2026-06-01 19:49:20,0,SMS,,4G,0.0,0.05
R03-0002398,3,Lakeside,+1-385-909-1000,+1-834-524-2214,2026-06-01 12:03:14,3494,VOICE,,3G,0.12,6.99
R03-0002399,3,Lakeside,+1-825-686-7417,+1-282-849-0491,2026-06-01 06:47:59,0,SMS,,5G,0.0,0.05
R03-0002400,3,Lakeside,+1-684-734-7985,+1-865-541-5327,2026-06-01 16:07:03,0,SMS,,4G,0.0,0.05
R03-0002401,3,Lakeside,+1-932-626-2505,+1-219-680-5062,2026-06-01 10:07:29,2491,VOICE,,5G,0.08,3.32
R03-0002402,3,Lakeside,+1-690-400-3376,,2026-06-01 06:10:15,5094,DATA,368379306,4G,0.0,3.68
R03-0002403,3,Lakeside,+1-693-933-8297,+1-731-334-9821,2026-06-01 23:24:23,1584,VOICE,,3G,0.12,3.17
R03-0002404,3,Lakeside,+1-360-291-6277,+1-988-685-3385,2026-06-01 07:54:29,0,SMS,,5G,0.0,0.05
R03-0002405,3,Lakeside,+1-794-782-8628,+1-467-577-2741,2026-06-01 11:02:58,0,SMS,,4G,0.0,0.05
R03-0002406,3,Lakeside,+1-659-856-4421,+1-798-239-5540,2026-06-01 02:16:16,233,VOICE,,4G,0.1,0.39
R03-0002407,3,Lakeside,+1-917-503-9193,+1-907-866-1047,2026-06-01 22:41:10,1762,VOICE,,5G,0.08,2.35
R03-0002408,3,Lakeside,+1-711-365-7296,+1-769-594-7631,2026-06-01 03:08:37,722,VOICE,,4G,0.1,1.2
R03-0002409,3,Lakeside,+1-933-635-3846,+1-804-842-4668,2026-06-01 05:33:57,1268,VOICE,,4G,0.1,2.11
R03-0002410,3,Lakeside,+1-903-444-7310,+1-916-318-2186,2026-06-01 15:47:36,387,VOICE,,4G,0.1,0.65
R03-0002411,3,Lakeside,+1-523-807-1058,+1-507-309-1129,2026-06-01 03:55:04,0,SMS,,4G,0.0,0.05
R03-0002412,3,Lakeside,+1-435-796-8347,,2026-06-01 09:27:14,1457,DATA,315704520,4G,0.0,3.16
R03-0002413,3,Lakeside,+1-893-277-3271,+1-571-926-7648,2026-06-01 07:40:48,3536,VOICE,,5G,0.08,4.71
R03-0002414,3,Lakeside,+1-479-650-1957,+1-491-283-0723,2026-06-01 12:33:25,0,SMS,,4G,0.0,0.05
R03-0002415,3,Lakeside,+1-501-776-0517,+1-366-382-5625,2026-06-01 01:45:51,0,SMS,,5G,0.0,0.05
R03-0002416,3,Lakeside,+1-598-218-5298,+1-339-980-3782,2026-06-01 14:31:36,3432,VOICE,,3G,0.12,6.86
R03-0002417,3,Lakeside,+1-973-281-1818,+1-798-431-5280,2026-06-01 02:09:18,0,SMS,,4G,0.0,0.05
R03-0002418,3,Lakeside,+1-379-499-4841,,2026-06-01 10:44:55,4841,DATA,176456333,4G,0.0,1.76
R03-0002419,3,Lakeside,+1-971-395-0225,+1-829-441-9248,2026-06-01 01:24:46,3199,VOICE,,4G,0.1,5.33
R03-0002420,3,Lakeside,+1-367-213-4292,+1-565-429-2760,2026-06-01 19:43:12,1320,VOICE,,4G,0.1,2.2
R03-0002421,3,Lakeside,+1-910-760-4468,+1-425-357-1742,2026-06-01 17:51:44,433,VOICE,,4G,0.1,0.72
R03-0002422,3,Lakeside,+1-558-325-4472,,2026-06-01 14:27:07,4494,DATA,268505638,4G,0.0,2.69
R03-0002423,3,Lakeside,+1-904-934-3572,,2026-06-01 16:32:35,2469,DATA,388122368,3G,0.0,3.88
R03-0002424,3,Lakeside,+1-587-298-7337,+1-904-593-7891,2026-06-01 08:42:05,3105,VOICE,,5G,0.08,4.14
R03-0002425,3,Lakeside,+1-583-549-0239,,2026-06-01 23:51:25,4313,DATA,253977680,3G,0.0,2.54
R03-0002426,3,Lakeside,+1-292-609-1652,+1-602-582-8315,2026-06-01 16:32:11,0,SMS,,4G,0.0,0.05
R03-0002427,3,Lakeside,+1-439-844-1501,+1-259-360-1397,2026-06-01 05:20:43,0,SMS,,4G,0.0,0.05
R03-0002428,3,Lakeside,+1-406-769-4621,+1-219-629-0070,2026-06-01 06:16:54,0,SMS,,4G,0.0,0.05
R03-0002429,3,Lakeside,+1-851-521-8714,+1-481-884-3711,2026-06-01 19:02:29,0,SMS,,4G,0.0,0.05
R03-0002430,3,Lakeside,+1-978-514-2515,+1-476-459-6571,2026-06-01 10:08:51,0,SMS,,4G,0.0,0.05
R03-0002431,3,Lakeside,+1-904-667-7524,+1-937-654-7891,2026-06-01 09:33:00,1440,VOICE,,3G,0.12,2.88
R03-0002432,3,Lakeside,+1-685-355-4772,,2026-06-01 11:36:21,6243,DATA,110756914,5G,0.0,1.11
R03-0002433,3,Lakeside,+1-220-361-6017,,2026-06-01 21:16:42,2033,DATA,135696363,3G,0.0,1.36
R03-0002434,3,Lakeside,+1-492-395-2598,+1-251-454-4502,2026-06-01 22:49:02,0,SMS,,4G,0.0,0.05
R03-0002435,3,Lakeside,+1-468-819-3685,+1-894-251-4424,2026-06-01 00:10:17,0,SMS,,5G,0.0,0.05
R03-0002436,3,Lakeside,+1-489-238-6483,+1-935-204-4330,2026-06-01 08:00:03,443,VOICE,,5G,0.08,0.59
R03-0002437,3,Lakeside,+1-674-529-3646,+1-893-300-3731,2026-06-01 06:45:13,0,SMS,,4G,0.0,0.05
R03-0002438,3,Lakeside,+1-307-358-7740,+1-590-200-6932,2026-06-01 09:36:38,1753,VOICE,,5G,0.08,2.34
R03-0002439,3,Lakeside,+1-943-284-2346,+1-766-874-4818,2026-06-01 05:46:31,0,SMS,,4G,0.0,0.05
R03-0002440,3,Lakeside,+1-881-226-6665,+1-556-250-5747,2026-06-01 19:10:22,643,VOICE,,4G,0.1,1.07
R03-0002441,3,Lakeside,+1-634-450-5954,+1-264-408-4833,2026-06-01 14:21:59,808,VOICE,,4G,0.1,1.35
R03-0002442,3,Lakeside,+1-870-655-5757,+1-911-418-1002,2026-06-01 13:51:05,1176,VOICE,,4G,0.1,1.96
R03-0002443,3,Lakeside,+1-353-401-3299,+1-768-961-9918,2026-06-01 22:25:19,1394,VOICE,,4G,0.1,2.32
R03-0002444,3,Lakeside,+1-422-628-1706,+1-402-857-2066,2026-06-01 02:20:30,0,SMS,,4G,0.0,0.05
R03-0002445,3,Lakeside,+1-556-989-4606,+1-387-301-9631,2026-06-01 08:56:25,0,SMS,,5G,0.0,0.05
R03-0002446,3,Lakeside,+1-915-228-8471,,2026-06-01 13:55:02,7090,DATA,71306584,5G,0.0,0.71
R03-0002447,3,Lakeside,+1-984-695-9447,+1-837-373-1518,2026-06-01 16:39:43,0,SMS,,4G,0.0,0.05
R03-0002448,3,Lakeside,+1-932-589-1644,+1-664-268-3058,2026-06-01 16:28:08,2065,VOICE,,4G,0.1,3.44
R03-0002449,3,Lakeside,+1-608-528-4406,+1-391-863-2839,2026-06-01 20:52:13,0,SMS,,4G,0.0,0.05
R03-0002450,3,Lakeside,+1-689-232-8114,+1-796-402-9237,2026-06-01 01:17:04,1062,VOICE,,4G,0.1,1.77
R03-0002451,3,Lakeside,+1-318-527-0563,+1-407-571-0661,2026-06-01 22:18:05,0,SMS,,5G,0.0,0.05
R03-0002452,3,Lakeside,+1-472-451-6979,+1-468-293-3917,2026-06-01 23:47:31,201,VOICE,,3G,0.12,0.4
R03-0002453,3,Lakeside,+1-583-723-7352,+1-308-857-8299,2026-06-01 23:54:11,2544,VOICE,,4G,0.1,4.24
R03-0002454,3,Lakeside,+1-278-350-7301,+1-469-951-3039,2026-06-01 20:54:06,3446,VOICE,,5G,0.08,4.59
R03-0002455,3,Lakeside,+1-734-299-9239,+1-612-354-0799,2026-06-01 02:47:24,2974,VOICE,,5G,0.08,3.97
R03-0002456,3,Lakeside,+1-538-853-1487,+1-750-224-4194,2026-06-01 22:41:34,1138,VOICE,,4G,0.1,1.9
R03-0002457,3,Lakeside,+1-957-206-9399,+1-778-299-1679,2026-06-01 09:50:37,0,SMS,,4G,0.0,0.05
R03-0002458,3,Lakeside,+1-548-369-8658,+1-673-756-1818,2026-06-01 11:10:55,2229,VOICE,,4G,0.1,3.71
R03-0002459,3,Lakeside,+1-530-287-8642,+1-914-670-1334,2026-06-01 18:13:03,0,SMS,,4G,0.0,0.05
R03-0002460,3,Lakeside,+1-243-326-8205,+1-702-995-9988,2026-06-01 20:18:07,0,SMS,,4G,0.0,0.05
R03-0002461,3,Lakeside,+1-802-815-5068,+1-517-461-4828,2026-06-01 12:08:15,1022,VOICE,,5G,0.08,1.36
R03-0002462,3,Lakeside,+1-556-580-1811,+1-627-438-4530,2026-06-01 05:11:49,2097,VOICE,,5G,0.08,2.8
R03-0002463,3,Lakeside,+1-652-587-0163,+1-472-225-9014,2026-06-01 19:29:25,0,VOICE,,5G,0.08,0.0
R03-0002464,3,Lakeside,+1-878-344-3725,+1-314-846-7858,2026-06-01 02:27:08,2578,VOICE,,4G,0.1,4.3
R03-0002465,3,Lakeside,+1-260-859-0687,+1-531-229-8303,2026-06-01 19:02:01,3303,VOICE,,4G,0.1,5.5
R03-0002466,3,Lakeside,+1-954-369-2421,+1-816-339-5012,2026-06-01 18:19:19,0,SMS,,4G,0.0,0.05
R03-0002467,3,Lakeside,+1-580-942-2786,+1-606-650-9759,2026-06-01 22:00:12,2127,VOICE,,4G,0.1,3.55
R03-0002468,3,Lakeside,+1-737-565-8951,+1-844-601-8680,2026-06-01 01:43:30,0,SMS,,4G,0.0,0.05
R03-0002469,3,Lakeside,+1-231-555-6244,,2026-06-01 05:48:11,2526,DATA,261997686,4G,0.0,2.62
R03-0002470,3,Lakeside,+1-656-909-9896,,2026-06-01 20:53:31,4558,DATA,93713771,4G,0.0,0.94
