cdr_id,region_id,region_name,caller_number,callee_number,call_start,duration_seconds,call_type,bytes_transferred,network_type,rate_per_minute,charge_amount
R02-0000001,2,Capital-Metro,+1-532-473-8252,+1-590-411-8005,2026-06-01 04:29:43,644,VOICE,,5G,0.08,0.86
R02-0000002,2,Capital-Metro,+1-650-700-2021,+1-727-965-8862,2026-06-01 15:12:40,1302,VOICE,,3G,0.12,2.6
R02-0000003,2,Capital-Metro,+1-974-418-2247,,2026-06-01 23:34:35,3649,DATA,410235443,3G,0.0,4.1
R02-0000004,2,Capital-Metro,+1-706-992-4267,+1-623-539-4182,2026-06-01 11:06:49,861,VOICE,,3G,0.12,1.72
R02-0000005,2,Capital-Metro,+1-208-498-2952,+1-667-806-5987,2026-06-01 05:14:52,960,VOICE,,4G,0.1,1.6
R02-0000006,2,Capital-Metro,+1-601-825-7487,+1-354-838-8351,2026-06-01 06:34:34,0,SMS,,4G,0.0,0.05
R02-0000007,2,Capital-Metro,+1-781-328-1905,+1-894-465-0397,2026-06-01 08:40:35,2000,VOICE,,4G,0.1,3.33
R02-0000008,2,Capital-Metro,+1-824-722-1044,+1-944-601-6408,2026-06-01 04:18:13,0,SMS,,5G,0.0,0.05
R02-0000009,2,Capital-Metro,+1-377-771-4862,+1-879-822-2447,2026-06-01 16:20:31,911,VOICE,,4G,0.1,1.52
R02-0000010,2,Capital-Metro,+1-862-934-7555,+1-717-535-5196,2026-06-01 16:41:02,682,VOICE,,5G,0.08,0.91
R02-0000011,2,Capital-Metro,+1-339-969-6313,,2026-06-01 19:58:36,2310,DATA,266893315,5G,0.0,2.67
R02-0000012,2,Capital-Metro,+1-388-690-7456,,2026-06-01 23:36:52,1639,DATA,353659647,4G,0.0,3.54
R02-0000013,2,Capital-Metro,+1-427-502-7477,+1-348-649-8645,2026-06-01 19:51:15,0,SMS,,4G,0.0,0.05
R02-0000014,2,Capital-Metro,+1-379-507-3548,+1-775-725-4947,2026-06-01 21:48:35,1126,VOICE,,4G,0.1,1.88
R02-0000015,2,Capital-Metro,+1-353-745-7478,+1-963-366-4717,2026-06-01 17:29:46,0,SMS,,4G,0.0,0.05
R02-0000016,2,Capital-Metro,+1-250-653-9723,+1-669-515-7859,2026-06-01 13:56:56,0,SMS,,5G,0.0,0.05
R02-0000017,2,Capital-Metro,+1-292-690-4876,,2026-06-01 00:22:23,1704,DATA,269250069,4G,0.0,2.69
R02-0000018,2,Capital-Metro,+1-582-473-2312,+1-594-849-3016,2026-06-01 11:02:25,2790,VOICE,,3G,0.12,5.58
R02-0000019,2,Capital-Metro,+1-729-406-8732,+1-735-714-0322,2026-06-01 21:42:44,0,SMS,,5G,0.0,0.05
R02-0000020,2,Capital-Metro,+1-723-970-6255,,2026-06-01 08:00:58,878,DATA,203184743,4G,0.0,2.03
R02-0000021,2,Capital-Metro,+1-791-410-3463,,2026-06-01 11:20:45,709,DATA,470821762,4G,0.0,4.71
R02-0000022,2,Capital-Metro,+1-862-587-6380,,2026-06-01 11:16:10,6783,DATA,437906652,3G,0.0,4.38
R02-0000023,2,Capital-Metro,+1-301-296-2972,+1-592-660-8495,2026-06-01 14:39:29,2026,VOICE,,5G,0.08,2.7
R02-0000024,2,Capital-Metro,+1-821-297-0882,+1-719-616-6811,2026-06-01 10:05:43,1691,VOICE,,4G,0.1,2.82
R02-0000025,2,Capital-Metro,+1-940-761-3075,+1-543-325-3720,2026-06-01 15:59:32,0,SMS,,4G,0.0,0.05
R02-0000026,2,Capital-Metro,+1-934-219-4691,+1-621-935-8037,2026-06-01 19:43:32,0,SMS,,3G,0.0,0.05
R02-0000027,2,Capital-Metro,+1-785-614-5911,+1-989-953-3569,2026-06-01 16:29:33,0,SMS,,3G,0.0,0.05
R02-0000028,2,Capital-Metro,+1-284-407-3263,,2026-06-01 14:54:44,4072,DATA,146211707,3G,0.0,1.46
R02-0000029,2,Capital-Metro,+1-851-458-6089,+1-622-992-5792,2026-06-01 00:35:47,0,SMS,,4G,0.0,0.05
R02-0000030,2,Capital-Metro,+1-958-309-5426,+1-719-970-8155,2026-06-01 03:06:58,710,VOICE,,3G,0.12,1.42
R02-0000031,2,Capital-Metro,+1-740-566-0674,,2026-06-01 01:06:46,4528,DATA,273719330,4G,0.0,2.74
R02-0000032,2,Capital-Metro,+1-416-926-6729,,2026-06-01 12:04:30,4534,DATA,152699520,3G,0.0,1.53
R02-0000033,2,Capital-Metro,+1-912-824-9529,,2026-06-01 00:35:01,6516,DATA,247537457,3G,0.0,2.48
R02-0000034,2,Capital-Metro,+1-776-915-4175,,2026-06-01 22:35:24,778,DATA,149567980,4G,0.0,1.5
R02-0000035,2,Capital-Metro,+1-538-873-1204,+1-440-536-8535,2026-06-01 02:46:34,3335,VOICE,,4G,0.1,5.56
R02-0000036,2,Capital-Metro,+1-242-790-8364,,2026-06-01 13:46:22,561,DATA,191188854,3G,0.0,1.91
R02-0000037,2,Capital-Metro,+1-342-392-1570,+1-681-398-2593,2026-06-01 13:56:03,1760,VOICE,,4G,0.1,2.93
R02-0000038,2,Capital-Metro,+1-756-526-4656,+1-389-732-3032,2026-06-01 00:42:30,1776,VOICE,,3G,0.12,3.55
R02-0000039,2,Capital-Metro,+1-514-372-9816,+1-812-849-8701,2026-06-01 21:28:06,1281,VOICE,,4G,0.1,2.14
R02-0000040,2,Capital-Metro,+1-463-859-9223,+1-399-544-9993,2026-06-01 20:51:17,2481,VOICE,,4G,0.1,4.14
R02-0000041,2,Capital-Metro,+1-435-769-8604,+1-390-513-8342,2026-06-01 20:10:43,789,VOICE,,5G,0.08,1.05
R02-0000042,2,Capital-Metro,+1-269-351-8216,+1-328-973-0454,2026-06-01 11:07:08,953,VOICE,,4G,0.1,1.59
R02-0000043,2,Capital-Metro,+1-819-402-0796,+1-804-836-5617,2026-06-01 09:29:22,3006,VOICE,,5G,0.08,4.01
R02-0000044,2,Capital-Metro,+1-881-562-0947,+1-234-294-1064,2026-06-01 10:51:39,0,SMS,,4G,0.0,0.05
R02-0000045,2,Capital-Metro,+1-615-657-7412,,2026-06-01 00:35:15,6911,DATA,290115417,4G,0.0,2.9
R02-0000046,2,Capital-Metro,+1-568-475-7853,+1-585-962-5946,2026-06-01 04:15:02,0,SMS,,5G,0.0,0.05
R02-0000047,2,Capital-Metro,+1-527-238-3185,+1-764-948-2217,2026-06-01 10:34:18,0,SMS,,4G,0.0,0.05
R02-0000048,2,Capital-Metro,+1-811-981-5726,+1-657-731-5008,2026-06-01 19:36:27,937,VOICE,,4G,0.1,1.56
R02-0000049,2,Capital-Metro,+1-486-466-5695,+1-207-689-5987,2026-06-01 18:18:29,2592,VOICE,,5G,0.08,3.46
R02-0000050,2,Capital-Metro,+1-424-397-5812,+1-683-555-5076,2026-06-01 12:57:57,1524,VOICE,,5G,0.08,2.03
R02-0000051,2,Capital-Metro,+1-693-791-4813,+1-842-948-4048,2026-06-01 22:17:58,1817,VOICE,,4G,0.1,3.03
R02-0000052,2,Capital-Metro,+1-353-870-0673,,2026-06-01 12:32:48,3720,DATA,183785546,4G,0.0,1.84
R02-0000053,2,Capital-Metro,+1-449-907-4810,+1-611-698-0813,2026-06-01 20:43:30,2407,VOICE,,4G,0.1,4.01
R02-0000054,2,Capital-Metro,+1-895-477-0227,+1-434-894-0368,2026-06-01 03:45:06,0,SMS,,3G,0.0,0.05
R02-0000055,2,Capital-Metro,+1-963-485-5506,+1-534-893-8773,2026-06-01 20:34:38,591,VOICE,,4G,0.1,0.98
R02-0000056,2,Capital-Metro,+1-921-321-5531,+1-219-836-1540,2026-06-01 04:49:43,2755,VOICE,,5G,0.08,3.67
R02-0000057,2,Capital-Metro,+1-615-453-0864,+1-547-995-5120,2026-06-01 22:10:35,0,SMS,,4G,0.0,0.05
R02-0000058,2,Capital-Metro,+1-372-730-4882,+1-440-938-8850,2026-06-01 14:56:26,0,SMS,,4G,0.0,0.05
R02-0000059,2,Capital-Metro,+1-837-221-0540,+1-418-321-3065,2026-06-01 10:33:07,1370,VOICE,,5G,0.08,1.83
R02-0000060,2,Capital-Metro,+1-370-952-0248,,2026-06-01 17:26:58,4531,DATA,63408837,5G,0.0,0.63
R02-0000061,2,Capital-Metro,+1-295-912-6146,+1-537-800-8098,2026-06-01 00:59:46,1889,VOICE,,4G,0.1,3.15
R02-0000062,2,Capital-Metro,+1-514-869-9896,+1-448-241-5345,2026-06-01 10:36:54,0,SMS,,4G,0.0,0.05
R02-0000063,2,Capital-Metro,+1-200-274-0903,+1-389-436-4374,2026-06-01 04:59:21,0,SMS,,3G,0.0,0.05
R02-0000064,2,Capital-Metro,+1-866-975-4057,,2026-06-01 18:59:28,3405,DATA,308723152,4G,0.0,3.09
R02-0000065,2,Capital-Metro,+1-328-304-9714,+1-321-264-6474,2026-06-01 06:25:08,0,SMS,,5G,0.0,0.05
R02-0000066,2,Capital-Metro,+1-527-400-4641,,2026-06-01 02:54:10,6756,DATA,232647004,4G,0.0,2.33
R02-0000067,2,Capital-Metro,+1-957-542-0767,+1-850-470-5262,2026-06-01 21:54:29,1625,VOICE,,4G,0.1,2.71
R02-0000068,2,Capital-Metro,+1-794-340-9417,,2026-06-01 12:45:05,3377,DATA,346604390,3G,0.0,3.47
R02-0000069,2,Capital-Metro,+1-667-407-3901,+1-628-497-9975,2026-06-01 12:49:04,0,VOICE,,4G,0.1,0.0
R02-0000070,2,Capital-Metro,+1-377-424-7933,,2026-06-01 17:01:59,5201,DATA,266862804,5G,0.0,2.67
R02-0000071,2,Capital-Metro,+1-299-723-3903,+1-414-638-2773,2026-06-01 00:20:45,1209,VOICE,,4G,0.1,2.02
R02-0000072,2,Capital-Metro,+1-555-479-0596,+1-454-241-6179,2026-06-01 12:20:41,3456,VOICE,,5G,0.08,4.61
R02-0000073,2,Capital-Metro,+1-629-960-9257,+1-207-372-6640,2026-06-01 23:38:01,763,VOICE,,4G,0.1,1.27
R02-0000074,2,Capital-Metro,+1-361-444-0624,+1-343-588-6356,2026-06-01 23:54:44,1347,VOICE,,4G,0.1,2.25
R02-0000075,2,Capital-Metro,+1-539-794-5561,+1-642-590-7645,2026-06-01 14:59:37,0,SMS,,4G,0.0,0.05
R02-0000076,2,Capital-Metro,+1-870-733-7061,+1-456-658-6815,2026-06-01 11:02:35,2774,VOICE,,4G,0.1,4.62
R02-0000077,2,Capital-Metro,+1-944-839-3400,+1-212-985-4142,2026-06-01 01:22:13,2916,VOICE,,3G,0.12,5.83
R02-0000078,2,Capital-Metro,+1-323-392-9437,+1-582-272-6291,2026-06-01 22:05:28,216,VOICE,,4G,0.1,0.36
R02-0000079,2,Capital-Metro,+1-970-986-4832,+1-447-577-5460,2026-06-01 17:44:20,2435,VOICE,,5G,0.08,3.25
R02-0000080,2,Capital-Metro,+1-482-203-2787,+1-597-936-6459,2026-06-01 04:09:45,2848,VOICE,,4G,0.1,4.75
R02-0000081,2,Capital-Metro,+1-333-200-0742,+1-763-319-9964,2026-06-01 15:41:04,0,SMS,,5G,0.0,0.05
R02-0000082,2,Capital-Metro,+1-846-863-2642,+1-626-725-0508,2026-06-01 03:36:42,2716,VOICE,,5G,0.08,3.62
R02-0000083,2,Capital-Metro,+1-293-795-6199,+1-538-671-3127,2026-06-01 05:31:43,207,VOICE,,3G,0.12,0.41
R02-0000084,2,Capital-Metro,+1-307-437-8726,+1-233-727-1099,2026-06-01 04:38:45,0,VOICE,,5G,0.08,0.0
R02-0000085,2,Capital-Metro,+1-658-997-1311,+1-876-542-2830,2026-06-01 08:11:29,0,VOICE,,5G,0.08,0.0
R02-0000086,2,Capital-Metro,+1-751-999-5091,+1-984-261-9961,2026-06-01 01:05:55,1735,VOICE,,4G,0.1,2.89
R02-0000087,2,Capital-Metro,+1-298-824-7227,+1-247-879-2003,2026-06-01 05:14:04,1971,VOICE,,4G,0.1,3.29
R02-0000088,2,Capital-Metro,+1-225-854-2486,+1-943-829-3969,2026-06-01 08:13:33,0,SMS,,4G,0.0,0.05
R02-0000089,2,Capital-Metro,+1-905-617-6942,+1-212-202-2762,2026-06-01 11:26:19,0,SMS,,3G,0.0,0.05
R02-0000090,2,Capital-Metro,+1-948-834-7496,+1-616-261-8381,2026-06-01 22:22:55,2923,VOICE,,4G,0.1,4.87
R02-0000091,2,Capital-Metro,+1-653-521-7622,,2026-06-01 01:59:37,1485,DATA,368366459,5G,0.0,3.68
R02-0000092,2,Capital-Metro,+1-588-897-0941,+1-701-891-0200,2026-06-01 13:28:41,3420,VOICE,,5G,0.08,4.56
R02-0000093,2,Capital-Metro,+1-863-527-5688,,2026-06-01 22:12:53,3738,DATA,472848329,4G,0.0,4.73
R02-0000094,2,Capital-Metro,+1-494-549-9426,+1-321-548-9244,2026-06-01 02:39:10,1984,VOICE,,4G,0.1,3.31
R02-0000095,2,Capital-Metro,+1-890-445-1931,+1-574-847-0215,2026-06-01 15:39:20,1843,VOICE,,4G,0.1,3.07
R02-0000096,2,Capital-Metro,+1-871-403-0506,+1-671-903-8275,2026-06-01 18:31:58,0,SMS,,4G,0.0,0.05
R02-0000097,2,Capital-Metro,+1-406-961-1127,+1-266-735-7039,2026-06-01 20:11:59,1634,VOICE,,4G,0.1,2.72
R02-0000098,2,Capital-Metro,+1-941-960-0078,+1-285-975-8327,2026-06-01 16:14:31,110,VOICE,,5G,0.08,0.15
R02-0000099,2,Capital-Metro,+1-830-989-7808,,2026-06-01 10:51:53,5432,DATA,6348702,4G,0.0,0.06
R02-0000100,2,Capital-Metro,+1-716-277-0981,+1-534-322-0237,2026-06-01 02:49:58,0,SMS,,4G,0.0,0.05
R02-0000101,2,Capital-Metro,+1-870-714-2909,,2026-06-01 13:35:21,854,DATA,128787794,4G,0.0,1.29
R02-0000102,2,Capital-Metro,+1-597-267-6407,+1-474-746-3808,2026-06-01 09:37:12,842,VOICE,,5G,0.08,1.12
R02-0000103,2,Capital-Metro,+1-432-905-0804,+1-478-741-8553,2026-06-01 13:47:48,2863,VOICE,,4G,0.1,4.77
R02-0000104,2,Capital-Metro,+1-468-744-2486,+1-946-365-1391,2026-06-01 01:49:49,1762,VOICE,,3G,0.12,3.52
R02-0000105,2,Capital-Metro,+1-531-659-7474,,2026-06-01 15:10:29,2514,DATA,15944765,3G,0.0,0.16
R02-0000106,2,Capital-Metro,+1-451-391-4332,,2026-06-01 09:39:47,343,DATA,192437192,5G,0.0,1.92
R02-0000107,2,Capital-Metro,+1-689-345-1542,+1-444-683-0572,2026-06-01 12:59:08,83,VOICE,,4G,0.1,0.14
R02-0000108,2,Capital-Metro,+1-262-445-4560,+1-410-690-2958,2026-06-01 03:42:44,0,SMS,,3G,0.0,0.05
R02-0000109,2,Capital-Metro,+1-307-855-2533,+1-397-643-2833,2026-06-01 17:57:41,499,VOICE,,3G,0.12,1.0
R02-0000110,2,Capital-Metro,+1-756-871-6929,+1-686-762-0802,2026-06-01 06:18:48,2374,VOICE,,5G,0.08,3.17
R02-0000111,2,Capital-Metro,+1-349-935-7262,+1-908-700-8160,2026-06-01 16:18:01,0,SMS,,3G,0.0,0.05
R02-0000112,2,Capital-Metro,+1-745-551-4602,+1-237-427-6186,2026-06-01 19:12:50,3338,VOICE,,4G,0.1,5.56
R02-0000113,2,Capital-Metro,+1-229-515-4204,+1-365-934-8370,2026-06-01 18:20:55,0,SMS,,5G,0.0,0.05
R02-0000114,2,Capital-Metro,+1-462-665-0406,+1-779-604-8577,2026-06-01 06:00:47,404,VOICE,,4G,0.1,0.67
R02-0000115,2,Capital-Metro,+1-485-498-2993,+1-921-443-4087,2026-06-01 16:44:44,774,VOICE,,3G,0.12,1.55
R02-0000116,2,Capital-Metro,+1-402-733-4906,+1-754-236-8722,2026-06-01 20:23:20,0,SMS,,5G,0.0,0.05
R02-0000117,2,Capital-Metro,+1-222-546-3011,+1-411-597-1226,2026-06-01 10:27:46,0,SMS,,5G,0.0,0.05
R02-0000118,2,Capital-Metro,+1-725-538-3245,+1-672-824-7764,2026-06-01 09:34:51,0,SMS,,4G,0.0,0.05
R02-0000119,2,Capital-Metro,+1-939-832-2200,+1-751-280-8692,2026-06-01 15:31:11,2187,VOICE,,4G,0.1,3.65
R02-0000120,2,Capital-Metro,+1-483-337-9117,+1-394-938-0420,2026-06-01 10:06:16,514,VOICE,,4G,0.1,0.86
R02-0000121,2,Capital-Metro,+1-846-466-4967,+1-628-864-4581,2026-06-01 22:37:51,0,SMS,,4G,0.0,0.05
R02-0000122,2,Capital-Metro,+1-281-366-8977,+1-660-513-6235,2026-06-01 15:21:42,1607,VOICE,,4G,0.1,2.68
R02-0000123,2,Capital-Metro,+1-926-519-9498,+1-299-917-6641,2026-06-01 17:25:43,3165,VOICE,,4G,0.1,5.28
R02-0000124,2,Capital-Metro,+1-770-637-2380,+1-829-531-6429,2026-06-01 06:32:07,206,VOICE,,5G,0.08,0.27
R02-0000125,2,Capital-Metro,+1-394-806-4540,,2026-06-01 03:05:17,3778,DATA,412436543,4G,0.0,4.12
R02-0000126,2,Capital-Metro,+1-339-974-4864,+1-683-963-4911,2026-06-01 02:40:58,2092,VOICE,,3G,0.12,4.18
R02-0000127,2,Capital-Metro,+1-611-409-6685,+1-901-335-7247,2026-06-01 18:55:04,0,SMS,,3G,0.0,0.05
R02-0000128,2,Capital-Metro,+1-925-747-9251,+1-754-470-9763,2026-06-01 20:44:25,3020,VOICE,,4G,0.1,5.03
R02-0000129,2,Capital-Metro,+1-733-540-6568,+1-366-485-2376,2026-06-01 13:54:36,3043,VOICE,,4G,0.1,5.07
R02-0000130,2,Capital-Metro,+1-854-359-4825,+1-356-914-8086,2026-06-01 05:57:25,1518,VOICE,,4G,0.1,2.53
R02-0000131,2,Capital-Metro,+1-580-296-1621,+1-345-597-7545,2026-06-01 13:44:45,0,SMS,,5G,0.0,0.05
R02-0000132,2,Capital-Metro,+1-271-340-6056,,2026-06-01 20:49:02,1455,DATA,2659662,4G,0.0,0.03
R02-0000133,2,Capital-Metro,+1-876-689-7589,+1-702-253-8485,2026-06-01 22:34:19,0,VOICE,,4G,0.1,0.0
R02-0000134,2,Capital-Metro,+1-822-749-7802,+1-907-539-1190,2026-06-01 03:35:55,0,SMS,,4G,0.0,0.05
R02-0000135,2,Capital-Metro,+1-359-565-5774,+1-379-224-3641,2026-06-01 06:29:31,2435,VOICE,,5G,0.08,3.25
R02-0000136,2,Capital-Metro,+1-373-750-7720,+1-754-953-8159,2026-06-01 04:29:20,0,SMS,,5G,0.0,0.05
R02-0000137,2,Capital-Metro,+1-360-602-9656,+1-595-983-2997,2026-06-01 08:13:42,1221,VOICE,,4G,0.1,2.04
R02-0000138,2,Capital-Metro,+1-875-953-9385,+1-703-920-7341,2026-06-01 04:11:17,2751,VOICE,,5G,0.08,3.67
R02-0000139,2,Capital-Metro,+1-504-492-7812,+1-513-917-1604,2026-06-01 19:12:02,737,VOICE,,5G,0.08,0.98
R02-0000140,2,Capital-Metro,+1-798-851-5360,+1-699-756-3024,2026-06-01 00:12:03,0,SMS,,4G,0.0,0.05
R02-0000141,2,Capital-Metro,+1-665-913-4933,,2026-06-01 09:05:29,2001,DATA,85455077,4G,0.0,0.85
R02-0000142,2,Capital-Metro,+1-917-897-2517,,2026-06-01 17:01:12,3627,DATA,168353583,4G,0.0,1.68
R02-0000143,2,Capital-Metro,+1-915-517-2868,,2026-06-01 02:19:15,5312,DATA,9201821,5G,0.0,0.09
R02-0000144,2,Capital-Metro,+1-850-833-2519,+1-913-512-2414,2026-06-01 18:11:50,0,SMS,,4G,0.0,0.05
R02-0000145,2,Capital-Metro,+1-942-553-1131,+1-576-717-2157,2026-06-01 18:18:52,2414,VOICE,,3G,0.12,4.83
R02-0000146,2,Capital-Metro,+1-781-857-3371,+1-460-493-1652,2026-06-01 01:48:19,235,VOICE,,4G,0.1,0.39
R02-0000147,2,Capital-Metro,+1-323-595-3651,+1-379-562-1676,2026-06-01 07:33:42,1201,VOICE,,5G,0.08,1.6
R02-0000148,2,Capital-Metro,+1-600-956-4756,+1-202-704-2077,2026-06-01 18:50:45,0,SMS,,5G,0.0,0.05
R02-0000149,2,Capital-Metro,+1-982-518-7827,+1-520-570-0020,2026-06-01 15:34:35,0,SMS,,4G,0.0,0.05
R02-0000150,2,Capital-Metro,+1-455-206-0263,,2026-06-01 01:36:56,750,DATA,144519773,3G,0.0,1.45
R02-0000151,2,Capital-Metro,+1-531-322-1561,+1-747-372-7194,2026-06-01 02:54:10,2864,VOICE,,3G,0.12,5.73
R02-0000152,2,Capital-Metro,+1-667-828-2420,+1-850-988-8915,2026-06-01 03:01:02,0,SMS,,4G,0.0,0.05
R02-0000153,2,Capital-Metro,+1-627-218-9607,,2026-06-01 18:22:53,3716,DATA,279955803,5G,0.0,2.8
R02-0000154,2,Capital-Metro,+1-727-958-6308,+1-444-473-9843,2026-06-01 10:47:47,3410,VOICE,,5G,0.08,4.55
R02-0000155,2,Capital-Metro,+1-769-753-9270,+1-812-673-0380,2026-06-01 23:03:42,0,SMS,,3G,0.0,0.05
R02-0000156,2,Capital-Metro,+1-207-521-8398,+1-803-665-2504,2026-06-01 01:55:33,2771,VOICE,,4G,0.1,4.62
R02-0000157,2,Capital-Metro,+1-318-564-4013,+1-575-653-8096,2026-06-01 03:21:20,3516,VOICE,,4G,0.1,5.86
R02-0000158,2,Capital-Metro,+1-689-640-4589,,2026-06-01 12:00:55,1820,DATA,37975188,5G,0.0,0.38
R02-0000159,2,Capital-Metro,+1-963-788-1525,+1-212-214-6127,2026-06-01 23:53:54,1457,VOICE,,5G,0.08,1.94
R02-0000160,2,Capital-Metro,+1-911-537-3935,,2026-06-01 00:00:04,3600,DATA,332123917,4G,0.0,3.32
R02-0000161,2,Capital-Metro,+1-217-455-9519,+1-898-687-9493,2026-06-01 16:41:26,722,VOICE,,4G,0.1,1.2
R02-0000162,2,Capital-Metro,+1-683-578-8742,+1-353-854-7963,2026-06-01 19:39:43,0,SMS,,4G,0.0,0.05
R02-0000163,2,Capital-Metro,+1-209-876-8661,+1-425-658-8964,2026-06-01 19:11:38,3132,VOICE,,3G,0.12,6.26
R02-0000164,2,Capital-Metro,+1-759-324-2848,+1-331-282-8591,2026-06-01 08:30:50,0,VOICE,,4G,0.1,0.0
R02-0000165,2,Capital-Metro,+1-332-653-1093,+1-541-274-0823,2026-06-01 09:18:55,0,SMS,,4G,0.0,0.05
R02-0000166,2,Capital-Metro,+1-425-667-2340,+1-736-868-8070,2026-06-01 06:24:33,0,VOICE,,3G,0.12,0.0
R02-0000167,2,Capital-Metro,+1-891-859-6084,+1-776-274-6930,2026-06-01 05:21:05,600,VOICE,,4G,0.1,1.0
R02-0000168,2,Capital-Metro,+1-948-250-2105,+1-590-797-3579,2026-06-01 19:05:44,311,VOICE,,4G,0.1,0.52
R02-0000169,2,Capital-Metro,+1-366-898-9452,+1-411-346-9449,2026-06-01 21:10:36,0,SMS,,4G,0.0,0.05
R02-0000170,2,Capital-Metro,+1-892-574-3307,+1-900-400-5833,2026-06-01 01:05:26,1087,VOICE,,4G,0.1,1.81
R02-0000171,2,Capital-Metro,+1-247-230-1924,+1-801-459-0880,2026-06-01 08:13:09,0,SMS,,3G,0.0,0.05
R02-0000172,2,Capital-Metro,+1-220-510-3039,+1-340-481-8425,2026-06-01 01:09:15,0,SMS,,4G,0.0,0.05
R02-0000173,2,Capital-Metro,+1-635-319-8524,+1-894-222-0337,2026-06-01 05:56:44,215,VOICE,,3G,0.12,0.43
R02-0000174,2,Capital-Metro,+1-490-595-2233,+1-499-236-3682,2026-06-01 20:14:53,2833,VOICE,,3G,0.12,5.67
R02-0000175,2,Capital-Metro,+1-441-920-2072,,2026-06-01 00:10:45,5034,DATA,24261075,5G,0.0,0.24
R02-0000176,2,Capital-Metro,+1-752-239-4632,,2026-06-01 20:48:38,5720,DATA,411129654,5G,0.0,4.11
R02-0000177,2,Capital-Metro,+1-311-440-0627,,2026-06-01 12:40:31,2350,DATA,429850057,4G,0.0,4.3
R02-0000178,2,Capital-Metro,+1-784-504-2893,,2026-06-01 00:17:47,5685,DATA,445710586,4G,0.0,4.46
R02-0000179,2,Capital-Metro,+1-232-494-0250,+1-932-946-9548,2026-06-01 16:27:56,369,VOICE,,4G,0.1,0.62
R02-0000180,2,Capital-Metro,+1-895-881-2467,+1-884-637-2237,2026-06-01 14:30:10,1305,VOICE,,4G,0.1,2.18
R02-0000181,2,Capital-Metro,+1-443-320-6023,+1-779-442-2388,2026-06-01 08:59:06,0,SMS,,4G,0.0,0.05
R02-0000182,2,Capital-Metro,+1-273-931-7897,,2026-06-01 17:50:36,1111,DATA,411942646,5G,0.0,4.12
R02-0000183,2,Capital-Metro,+1-530-913-2521,+1-380-910-8810,2026-06-01 18:30:41,1834,VOICE,,3G,0.12,3.67
R02-0000184,2,Capital-Metro,+1-665-269-8144,+1-387-521-9256,2026-06-01 10:35:30,1850,VOICE,,4G,0.1,3.08
R02-0000185,2,Capital-Metro,+1-590-765-0803,,2026-06-01 18:59:48,6667,DATA,295977191,5G,0.0,2.96
R02-0000186,2,Capital-Metro,+1-974-675-2647,,2026-06-01 10:15:29,768,DATA,236687379,4G,0.0,2.37
R02-0000187,2,Capital-Metro,+1-962-382-4633,+1-268-228-5707,2026-06-01 06:26:37,3298,VOICE,,3G,0.12,6.6
R02-0000188,2,Capital-Metro,+1-882-869-6704,+1-692-207-3986,2026-06-01 21:40:21,0,SMS,,4G,0.0,0.05
R02-0000189,2,Capital-Metro,+1-505-446-3295,+1-657-516-7421,2026-06-01 13:13:31,202,VOICE,,3G,0.12,0.4
R02-0000190,2,Capital-Metro,+1-683-859-3126,+1-258-677-5655,2026-06-01 19:39:58,0,VOICE,,4G,0.1,0.0
R02-0000191,2,Capital-Metro,+1-345-344-0335,,2026-06-01 05:52:29,4173,DATA,230734422,5G,0.0,2.31
R02-0000192,2,Capital-Metro,+1-949-845-9363,+1-816-357-9459,2026-06-01 13:00:49,0,SMS,,3G,0.0,0.05
R02-0000193,2,Capital-Metro,+1-793-202-2677,+1-291-803-6062,2026-06-01 19:24:57,0,SMS,,4G,0.0,0.05
R02-0000194,2,Capital-Metro,+1-323-558-8007,+1-229-652-5759,2026-06-01 00:29:47,3527,VOICE,,5G,0.08,4.7
R02-0000195,2,Capital-Metro,+1-855-909-2187,+1-313-798-4885,2026-06-01 22:25:49,1501,VOICE,,4G,0.1,2.5
R02-0000196,2,Capital-Metro,+1-835-728-6999,+1-788-298-3916,2026-06-01 10:49:31,2094,VOICE,,4G,0.1,3.49
R02-0000197,2,Capital-Metro,+1-721-417-4814,+1-568-328-4798,2026-06-01 01:04:14,0,SMS,,4G,0.0,0.05
R02-0000198,2,Capital-Metro,+1-640-508-8498,+1-943-589-8296,2026-06-01 16:09:30,0,SMS,,5G,0.0,0.05
R02-0000199,2,Capital-Metro,+1-897-408-5900,+1-879-288-2909,2026-06-01 18:45:13,0,SMS,,4G,0.0,0.05
R02-0000200,2,Capital-Metro,+1-733-788-1567,+1-891-264-8270,2026-06-01 02:56:40,733,VOICE,,4G,0.1,1.22
R02-0000201,2,Capital-Metro,+1-954-564-8603,+1-768-776-1185,2026-06-01 11:57:37,2864,VOICE,,4G,0.1,4.77
R02-0000202,2,Capital-Metro,+1-444-403-8945,,2026-06-01 20:15:03,6634,DATA,402234768,5G,0.0,4.02
R02-0000203,2,Capital-Metro,+1-754-977-3327,+1-965-625-6607,2026-06-01 14:08:42,49,VOICE,,4G,0.1,0.08
R02-0000204,2,Capital-Metro,+1-926-313-6458,,2026-06-01 12:42:59,3667,DATA,386609223,4G,0.0,3.87
R02-0000205,2,Capital-Metro,+1-889-484-9849,+1-951-618-6873,2026-06-01 20:50:41,0,SMS,,5G,0.0,0.05
R02-0000206,2,Capital-Metro,+1-812-645-2730,+1-250-861-4928,2026-06-01 18:56:27,1039,VOICE,,4G,0.1,1.73
R02-0000207,2,Capital-Metro,+1-475-864-6283,+1-489-509-7113,2026-06-01 23:14:00,0,SMS,,5G,0.0,0.05
R02-0000208,2,Capital-Metro,+1-557-710-2543,+1-633-814-5944,2026-06-01 16:11:46,0,SMS,,4G,0.0,0.05
R02-0000209,2,Capital-Metro,+1-750-333-0681,+1-835-263-6176,2026-06-01 02:19:13,1938,VOICE,,4G,0.1,3.23
R02-0000210,2,Capital-Metro,+1-232-731-6960,+1-733-677-0556,2026-06-01 12:04:50,3162,VOICE,,5G,0.08,4.22
R02-0000211,2,Capital-Metro,+1-248-352-7438,+1-819-250-6629,2026-06-01 05:15:06,0,SMS,,3G,0.0,0.05
R02-0000212,2,Capital-Metro,+1-757-313-2994,+1-707-973-7884,2026-06-01 15:07:09,3564,VOICE,,3G,0.12,7.13
R02-0000213,2,Capital-Metro,+1-893-601-7295,+1-909-932-8035,2026-06-01 22:38:36,0,SMS,,4G,0.0,0.05
R02-0000214,2,Capital-Metro,+1-807-589-6399,,2026-06-01 23:24:56,5091,DATA,439346149,4G,0.0,4.39
R02-0000215,2,Capital-Metro,+1-937-660-8095,+1-600-726-3684,2026-06-01 11:28:43,0,SMS,,4G,0.0,0.05
R02-0000216,2,Capital-Metro,+1-529-798-3938,,2026-06-01 09:22:27,3946,DATA,139008244,3G,0.0,1.39
R02-0000217,2,Capital-Metro,+1-349-710-1586,,2026-06-01 03:47:58,3654,DATA,133415497,4G,0.0,1.33
R02-0000218,2,Capital-Metro,+1-703-629-8885,+1-800-245-5532,2026-06-01 15:39:53,0,SMS,,4G,0.0,0.05
R02-0000219,2,Capital-Metro,+1-543-944-5849,,2026-06-01 01:47:23,5438,DATA,428489342,4G,0.0,4.28
R02-0000220,2,Capital-Metro,+1-554-763-2992,+1-563-407-6956,2026-06-01 06:11:22,2373,VOICE,,4G,0.1,3.96
R02-0000221,2,Capital-Metro,+1-741-256-6109,+1-660-516-3868,2026-06-01 12:54:35,2000,VOICE,,5G,0.08,2.67
R02-0000222,2,Capital-Metro,+1-811-840-5384,,2026-06-01 21:08:19,2272,DATA,359650746,5G,0.0,3.6
R02-0000223,2,Capital-Metro,+1-400-694-4055,+1-638-521-6408,2026-06-01 09:52:22,0,SMS,,5G,0.0,0.05
R02-0000224,2,Capital-Metro,+1-824-538-1294,,2026-06-01 13:02:50,5172,DATA,128813187,5G,0.0,1.29
R02-0000225,2,Capital-Metro,+1-251-387-6546,+1-367-283-3352,2026-06-01 07:12:15,1415,VOICE,,4G,0.1,2.36
R02-0000226,2,Capital-Metro,+1-944-760-2130,,2026-06-01 13:40:55,1651,DATA,467923283,3G,0.0,4.68
R02-0000227,2,Capital-Metro,+1-643-506-1264,+1-595-372-1780,2026-06-01 00:50:03,643,VOICE,,5G,0.08,0.86
R02-0000228,2,Capital-Metro,+1-900-942-3580,,2026-06-01 02:56:18,6760,DATA,307941941,4G,0.0,3.08
R02-0000229,2,Capital-Metro,+1-981-556-2929,+1-897-297-8060,2026-06-01 13:08:19,3434,VOICE,,4G,0.1,5.72
R02-0000230,2,Capital-Metro,+1-495-279-8704,+1-752-257-1137,2026-06-01 11:56:26,1598,VOICE,,4G,0.1,2.66
R02-0000231,2,Capital-Metro,+1-810-417-2868,+1-610-299-6416,2026-06-01 19:26:13,3463,VOICE,,4G,0.1,5.77
R02-0000232,2,Capital-Metro,+1-691-479-0282,+1-749-637-7967,2026-06-01 14:28:53,548,VOICE,,4G,0.1,0.91
R02-0000233,2,Capital-Metro,+1-347-963-9090,+1-494-444-8902,2026-06-01 21:29:34,435,VOICE,,5G,0.08,0.58
R02-0000234,2,Capital-Metro,+1-885-462-5518,+1-956-648-8768,2026-06-01 11:18:56,2715,VOICE,,4G,0.1,4.53
R02-0000235,2,Capital-Metro,+1-799-627-7813,+1-856-934-6347,2026-06-01 15:01:44,0,VOICE,,4G,0.1,0.0
R02-0000236,2,Capital-Metro,+1-905-880-9254,+1-524-321-8744,2026-06-01 14:05:15,1029,VOICE,,4G,0.1,1.71
R02-0000237,2,Capital-Metro,+1-206-492-3361,+1-683-887-1914,2026-06-01 05:30:34,444,VOICE,,3G,0.12,0.89
R02-0000238,2,Capital-Metro,+1-248-525-7906,,2026-06-01 19:33:51,576,DATA,150419763,4G,0.0,1.5
R02-0000239,2,Capital-Metro,+1-776-648-7385,+1-521-350-8567,2026-06-01 07:51:56,0,SMS,,4G,0.0,0.05
R02-0000240,2,Capital-Metro,+1-757-390-6791,+1-460-546-7588,2026-06-01 15:24:52,340,VOICE,,5G,0.08,0.45
R02-0000241,2,Capital-Metro,+1-524-270-2832,+1-794-549-0255,2026-06-01 13:13:25,3532,VOICE,,4G,0.1,5.89
R02-0000242,2,Capital-Metro,+1-904-761-2644,+1-844-941-6943,2026-06-01 18:23:24,526,VOICE,,5G,0.08,0.7
R02-0000243,2,Capital-Metro,+1-338-542-8144,+1-510-911-3732,2026-06-01 07:02:17,2460,VOICE,,5G,0.08,3.28
R02-0000244,2,Capital-Metro,+1-356-985-6136,+1-700-438-3799,2026-06-01 16:57:38,565,VOICE,,3G,0.12,1.13
R02-0000245,2,Capital-Metro,+1-733-708-6058,+1-488-801-5365,2026-06-01 04:45:28,0,SMS,,3G,0.0,0.05
R02-0000246,2,Capital-Metro,+1-428-571-1076,+1-455-989-1916,2026-06-01 13:20:05,2464,VOICE,,5G,0.08,3.29
R02-0000247,2,Capital-Metro,+1-559-578-3111,+1-612-699-3601,2026-06-01 22:50:37,1199,VOICE,,4G,0.1,2.0
R02-0000248,2,Capital-Metro,+1-642-859-2031,+1-980-357-4317,2026-06-01 05:30:34,0,SMS,,4G,0.0,0.05
R02-0000249,2,Capital-Metro,+1-209-672-8874,+1-864-515-2521,2026-06-01 00:20:55,82,VOICE,,4G,0.1,0.14
R02-0000250,2,Capital-Metro,+1-666-688-4563,+1-634-783-6691,2026-06-01 12:15:05,0,SMS,,4G,0.0,0.05
R02-0000251,2,Capital-Metro,+1-587-904-3957,+1-346-423-8625,2026-06-01 18:11:26,0,SMS,,4G,0.0,0.05
R02-0000252,2,Capital-Metro,+1-619-929-3253,+1-937-700-2417,2026-06-01 02:22:23,2380,VOICE,,3G,0.12,4.76
R02-0000253,2,Capital-Metro,+1-285-719-5283,+1-703-695-8614,2026-06-01 04:27:53,2136,VOICE,,5G,0.08,2.85
R02-0000254,2,Capital-Metro,+1-717-525-3373,,2026-06-01 13:54:50,6119,DATA,421784182,4G,0.0,4.22
R02-0000255,2,Capital-Metro,+1-535-799-1633,+1-624-683-9049,2026-06-01 10:03:03,3477,VOICE,,5G,0.08,4.64
R02-0000256,2,Capital-Metro,+1-400-941-8389,,2026-06-01 07:01:06,4783,DATA,146292062,5G,0.0,1.46
R02-0000257,2,Capital-Metro,+1-809-509-1809,+1-621-907-4980,2026-06-01 18:54:58,2406,VOICE,,4G,0.1,4.01
R02-0000258,2,Capital-Metro,+1-207-659-5634,,2026-06-01 13:26:07,1774,DATA,100560913,4G,0.0,1.01
R02-0000259,2,Capital-Metro,+1-762-667-3360,+1-461-853-4545,2026-06-01 13:14:50,3465,VOICE,,3G,0.12,6.93
R02-0000260,2,Capital-Metro,+1-871-907-2190,,2026-06-01 04:54:42,3091,DATA,81107695,5G,0.0,0.81
R02-0000261,2,Capital-Metro,+1-219-457-1118,,2026-06-01 12:20:55,2924,DATA,237469822,5G,0.0,2.37
R02-0000262,2,Capital-Metro,+1-621-348-8654,+1-437-209-9847,2026-06-01 08:04:59,3315,VOICE,,4G,0.1,5.53
R02-0000263,2,Capital-Metro,+1-677-219-3241,+1-919-411-2008,2026-06-01 15:21:56,0,SMS,,4G,0.0,0.05
R02-0000264,2,Capital-Metro,+1-355-762-6946,+1-972-954-3506,2026-06-01 01:04:53,0,SMS,,4G,0.0,0.05
R02-0000265,2,Capital-Metro,+1-955-762-4260,+1-707-448-9516,2026-06-01 10:49:33,2655,VOICE,,4G,0.1,4.42
R02-0000266,2,Capital-Metro,+1-901-224-2716,+1-805-405-9806,2026-06-01 13:19:41,963,VOICE,,4G,0.1,1.61
R02-0000267,2,Capital-Metro,+1-354-461-4575,,2026-06-01 09:20:38,3284,DATA,95221178,3G,0.0,0.95
R02-0000268,2,Capital-Metro,+1-488-330-9462,+1-385-871-2734,2026-06-01 01:41:37,2066,VOICE,,5G,0.08,2.75
R02-0000269,2,Capital-Metro,+1-870-321-2085,+1-531-810-0228,2026-06-01 16:56:10,382,VOICE,,4G,0.1,0.64
R02-0000270,2,Capital-Metro,+1-655-584-8119,,2026-06-01 08:01:52,1866,DATA,187226025,4G,0.0,1.87
R02-0000271,2,Capital-Metro,+1-921-519-9044,+1-436-286-9336,2026-06-01 13:05:10,0,SMS,,3G,0.0,0.05
R02-0000272,2,Capital-Metro,+1-613-507-2626,,2026-06-01 05:31:17,204,DATA,36307983,3G,0.0,0.36
R02-0000273,2,Capital-Metro,+1-480-271-0517,+1-979-617-3237,2026-06-01 00:38:31,0,SMS,,3G,0.0,0.05
R02-0000274,2,Capital-Metro,+1-517-270-3008,+1-950-531-2030,2026-06-01 08:48:49,0,SMS,,3G,0.0,0.05
R02-0000275,2,Capital-Metro,+1-361-760-0442,+1-787-411-4883,2026-06-01 12:25:20,2105,VOICE,,4G,0.1,3.51
R02-0000276,2,Capital-Metro,+1-767-399-0627,+1-830-714-3167,2026-06-01 20:47:47,3507,VOICE,,4G,0.1,5.85
R02-0000277,2,Capital-Metro,+1-975-881-4238,+1-981-295-9343,2026-06-01 15:47:27,1808,VOICE,,5G,0.08,2.41
R02-0000278,2,Capital-Metro,+1-945-507-6740,+1-225-530-4678,2026-06-01 22:39:45,2773,VOICE,,5G,0.08,3.7
R02-0000279,2,Capital-Metro,+1-382-744-7265,+1-575-391-6811,2026-06-01 16:01:31,1540,VOICE,,4G,0.1,2.57
R02-0000280,2,Capital-Metro,+1-406-901-8203,+1-346-960-8089,2026-06-01 04:19:41,0,SMS,,4G,0.0,0.05
R02-0000281,2,Capital-Metro,+1-651-368-4086,,2026-06-01 07:50:42,4835,DATA,469145814,4G,0.0,4.69
R02-0000282,2,Capital-Metro,+1-418-945-7243,+1-908-544-2419,2026-06-01 11:15:01,0,VOICE,,4G,0.1,0.0
R02-0000283,2,Capital-Metro,+1-747-219-2285,+1-516-407-8547,2026-06-01 20:06:46,2464,VOICE,,4G,0.1,4.11
R02-0000284,2,Capital-Metro,+1-396-823-1480,+1-982-338-1591,2026-06-01 20:23:21,0,SMS,,5G,0.0,0.05
R02-0000285,2,Capital-Metro,+1-734-432-2781,,2026-06-01 08:07:21,1622,DATA,17405948,5G,0.0,0.17
R02-0000286,2,Capital-Metro,+1-834-697-5438,+1-699-518-0839,2026-06-01 19:15:10,1100,VOICE,,4G,0.1,1.83
R02-0000287,2,Capital-Metro,+1-300-702-2153,,2026-06-01 23:43:43,7196,DATA,390053055,4G,0.0,3.9
R02-0000288,2,Capital-Metro,+1-647-882-6836,+1-753-751-9710,2026-06-01 02:34:57,2976,VOICE,,4G,0.1,4.96
R02-0000289,2,Capital-Metro,+1-396-791-9036,+1-264-217-0241,2026-06-01 10:23:09,0,VOICE,,4G,0.1,0.0
R02-0000290,2,Capital-Metro,+1-221-797-3948,+1-310-628-4153,2026-06-01 18:21:23,262,VOICE,,4G,0.1,0.44
R02-0000291,2,Capital-Metro,+1-225-571-8243,,2026-06-01 12:05:01,2785,DATA,332153488,5G,0.0,3.32
R02-0000292,2,Capital-Metro,+1-978-780-7287,+1-568-565-6988,2026-06-01 20:23:38,3552,VOICE,,4G,0.1,5.92
R02-0000293,2,Capital-Metro,+1-640-612-5057,+1-284-379-6753,2026-06-01 03:02:07,352,VOICE,,4G,0.1,0.59
R02-0000294,2,Capital-Metro,+1-402-813-7684,+1-764-968-6250,2026-06-01 21:53:34,0,SMS,,4G,0.0,0.05
R02-0000295,2,Capital-Metro,+1-725-666-3556,+1-293-916-3994,2026-06-01 15:26:37,0,SMS,,4G,0.0,0.05
R02-0000296,2,Capital-Metro,+1-384-364-7166,+1-480-542-4656,2026-06-01 17:14:34,0,SMS,,4G,0.0,0.05
R02-0000297,2,Capital-Metro,+1-357-816-8773,+1-378-308-7020,2026-06-01 18:43:28,1508,VOICE,,5G,0.08,2.01
R02-0000298,2,Capital-Metro,+1-613-547-9596,+1-621-463-9282,2026-06-01 12:56:50,497,VOICE,,5G,0.08,0.66
R02-0000299,2,Capital-Metro,+1-206-886-1470,,2026-06-01 05:33:27,4516,DATA,102753636,4G,0.0,1.03
R02-0000300,2,Capital-Metro,+1-464-862-4119,+1-829-347-7561,2026-06-01 09:57:13,0,SMS,,4G,0.0,0.05
R02-0000301,2,Capital-Metro,+1-394-333-6823,,2026-06-01 12:55:41,3321,DATA,139053923,4G,0.0,1.39
R02-0000302,2,Capital-Metro,+1-799-712-6353,+1-871-768-2578,2026-06-01 12:25:05,2670,VOICE,,4G,0.1,4.45
R02-0000303,2,Capital-Metro,+1-586-738-4705,+1-866-226-9482,2026-06-01 04:53:07,309,VOICE,,5G,0.08,0.41
R02-0000304,2,Capital-Metro,+1-510-893-2878,+1-654-537-4323,2026-06-01 06:38:19,0,SMS,,4G,0.0,0.05
R02-0000305,2,Capital-Metro,+1-859-592-5102,+1-917-204-8932,2026-06-01 17:49:58,884,VOICE,,4G,0.1,1.47
R02-0000306,2,Capital-Metro,+1-739-410-6261,+1-232-870-2548,2026-06-01 15:22:19,2356,VOICE,,3G,0.12,4.71
R02-0000307,2,Capital-Metro,+1-384-349-9387,,2026-06-01 02:09:23,4923,DATA,92208125,4G,0.0,0.92
R02-0000308,2,Capital-Metro,+1-370-927-8669,+1-421-920-9112,2026-06-01 23:35:54,0,SMS,,4G,0.0,0.05
R02-0000309,2,Capital-Metro,+1-605-671-3686,+1-728-839-8530,2026-06-01 01:42:16,1759,VOICE,,5G,0.08,2.35
R02-0000310,2,Capital-Metro,+1-771-394-5637,+1-850-315-8485,2026-06-01 09:18:41,3442,VOICE,,4G,0.1,5.74
R02-0000311,2,Capital-Metro,+1-486-494-7079,+1-221-357-9019,2026-06-01 08:53:54,0,VOICE,,4G,0.1,0.0
R02-0000312,2,Capital-Metro,+1-848-953-6701,+1-933-434-3846,2026-06-01 20:22:44,1448,VOICE,,4G,0.1,2.41
R02-0000313,2,Capital-Metro,+1-446-823-8716,+1-290-663-6292,2026-06-01 11:54:57,0,SMS,,4G,0.0,0.05
R02-0000314,2,Capital-Metro,+1-952-291-5605,+1-553-419-4136,2026-06-01 08:59:01,0,SMS,,4G,0.0,0.05
R02-0000315,2,Capital-Metro,+1-593-586-9536,+1-730-375-7308,2026-06-01 16:50:16,2854,VOICE,,5G,0.08,3.81
R02-0000316,2,Capital-Metro,+1-366-928-7094,+1-944-913-7012,2026-06-01 01:09:46,1908,VOICE,,4G,0.1,3.18
R02-0000317,2,Capital-Metro,+1-947-674-1406,+1-976-606-9228,2026-06-01 08:39:16,0,SMS,,5G,0.0,0.05
R02-0000318,2,Capital-Metro,+1-441-956-4471,+1-373-767-6359,2026-06-01 03:09:22,1908,VOICE,,4G,0.1,3.18
R02-0000319,2,Capital-Metro,+1-555-411-4963,+1-846-369-6247,2026-06-01 12:06:03,2283,VOICE,,3G,0.12,4.57
R02-0000320,2,Capital-Metro,+1-966-429-0079,,2026-06-01 00:26:28,1641,DATA,157658548,4G,0.0,1.58
R02-0000321,2,Capital-Metro,+1-640-385-4602,+1-364-918-1138,2026-06-01 07:49:28,0,SMS,,4G,0.0,0.05
R02-0000322,2,Capital-Metro,+1-954-574-4069,+1-489-449-7544,2026-06-01 13:35:53,1990,VOICE,,4G,0.1,3.32
R02-0000323,2,Capital-Metro,+1-881-460-8126,+1-508-433-3444,2026-06-01 19:22:04,379,VOICE,,4G,0.1,0.63
R02-0000324,2,Capital-Metro,+1-947-716-3136,+1-602-971-3316,2026-06-01 19:59:44,1226,VOICE,,4G,0.1,2.04
R02-0000325,2,Capital-Metro,+1-293-270-4320,,2026-06-01 14:53:42,5510,DATA,475043516,5G,0.0,4.75
R02-0000326,2,Capital-Metro,+1-855-967-7696,+1-980-617-0138,2026-06-01 05:00:17,2052,VOICE,,4G,0.1,3.42
R02-0000327,2,Capital-Metro,+1-884-365-8510,,2026-06-01 06:09:15,3326,DATA,172438416,4G,0.0,1.72
R02-0000328,2,Capital-Metro,+1-351-847-9652,+1-644-554-7298,2026-06-01 22:41:54,3027,VOICE,,4G,0.1,5.05
R02-0000329,2,Capital-Metro,+1-222-645-1890,,2026-06-01 13:13:38,238,DATA,482222693,5G,0.0,4.82
R02-0000330,2,Capital-Metro,+1-886-673-5376,,2026-06-01 17:03:35,2593,DATA,146773790,4G,0.0,1.47
R02-0000331,2,Capital-Metro,+1-573-325-5576,+1-742-526-8630,2026-06-01 17:33:01,3330,VOICE,,4G,0.1,5.55
R02-0000332,2,Capital-Metro,+1-859-935-8458,+1-329-510-5536,2026-06-01 20:44:29,0,SMS,,3G,0.0,0.05
R02-0000333,2,Capital-Metro,+1-213-374-7863,+1-727-515-7962,2026-06-01 06:00:57,539,VOICE,,4G,0.1,0.9
R02-0000334,2,Capital-Metro,+1-857-340-2801,,2026-06-01 09:02:08,1630,DATA,334838599,3G,0.0,3.35
R02-0000335,2,Capital-Metro,+1-471-841-1809,+1-840-586-2276,2026-06-01 16:56:15,1111,VOICE,,5G,0.08,1.48
R02-0000336,2,Capital-Metro,+1-423-851-9705,,2026-06-01 10:58:31,6210,DATA,101456495,3G,0.0,1.01
R02-0000337,2,Capital-Metro,+1-256-454-5726,+1-377-727-5095,2026-06-01 03:58:21,1741,VOICE,,5G,0.08,2.32
R02-0000338,2,Capital-Metro,+1-709-639-7748,+1-790-294-5044,2026-06-01 06:59:44,3348,VOICE,,4G,0.1,5.58
R02-0000339,2,Capital-Metro,+1-421-498-2147,+1-814-626-9797,2026-06-01 18:32:47,3346,VOICE,,4G,0.1,5.58
R02-0000340,2,Capital-Metro,+1-832-923-1712,+1-966-935-6025,2026-06-01 22:07:54,2158,VOICE,,5G,0.08,2.88
R02-0000341,2,Capital-Metro,+1-804-499-8621,+1-660-740-4712,2026-06-01 03:14:37,2246,VOICE,,5G,0.08,2.99
R02-0000342,2,Capital-Metro,+1-736-989-8660,+1-434-342-8487,2026-06-01 13:16:43,1501,VOICE,,4G,0.1,2.5
R02-0000343,2,Capital-Metro,+1-311-634-8520,,2026-06-01 15:31:45,736,DATA,275218887,5G,0.0,2.75
R02-0000344,2,Capital-Metro,+1-343-855-3390,+1-338-510-0470,2026-06-01 09:34:00,0,SMS,,5G,0.0,0.05
R02-0000345,2,Capital-Metro,+1-841-874-7953,+1-675-708-5862,2026-06-01 09:27:43,2624,VOICE,,4G,0.1,4.37
R02-0000346,2,Capital-Metro,+1-404-607-0383,+1-879-915-8463,2026-06-01 05:49:25,0,SMS,,4G,0.0,0.05
R02-0000347,2,Capital-Metro,+1-325-612-5379,,2026-06-01 23:16:59,3448,DATA,435153038,3G,0.0,4.35
R02-0000348,2,Capital-Metro,+1-472-852-7890,+1-628-476-0813,2026-06-01 04:11:41,0,SMS,,4G,0.0,0.05
R02-0000349,2,Capital-Metro,+1-267-778-1644,+1-613-766-9376,2026-06-01 06:15:49,2162,VOICE,,4G,0.1,3.6
R02-0000350,2,Capital-Metro,+1-384-898-5616,+1-313-522-9821,2026-06-01 00:46:38,0,SMS,,3G,0.0,0.05
R02-0000351,2,Capital-Metro,+1-578-208-1271,+1-966-413-4618,2026-06-01 01:50:41,3570,VOICE,,4G,0.1,5.95
R02-0000352,2,Capital-Metro,+1-368-209-2510,+1-612-802-0624,2026-06-01 15:28:49,2094,VOICE,,5G,0.08,2.79
R02-0000353,2,Capital-Metro,+1-340-319-5679,,2026-06-01 01:59:10,1662,DATA,336945726,4G,0.0,3.37
R02-0000354,2,Capital-Metro,+1-655-670-2686,+1-227-783-1719,2026-06-01 22:17:01,0,SMS,,4G,0.0,0.05
R02-0000355,2,Capital-Metro,+1-301-751-1704,+1-467-264-0073,2026-06-01 14:33:17,2324,VOICE,,5G,0.08,3.1
R02-0000356,2,Capital-Metro,+1-460-792-7520,,2026-06-01 14:20:09,3803,DATA,85626956,5G,0.0,0.86
R02-0000357,2,Capital-Metro,+1-520-513-2690,,2026-06-01 07:50:34,794,DATA,134932963,4G,0.0,1.35
R02-0000358,2,Capital-Metro,+1-802-554-3003,+1-345-730-5477,2026-06-01 14:08:53,413,VOICE,,4G,0.1,0.69
R02-0000359,2,Capital-Metro,+1-230-894-7919,+1-672-266-7338,2026-06-01 14:41:39,0,SMS,,4G,0.0,0.05
R02-0000360,2,Capital-Metro,+1-204-486-0863,+1-822-244-2017,2026-06-01 07:35:14,3495,VOICE,,3G,0.12,6.99
R02-0000361,2,Capital-Metro,+1-224-605-1303,+1-611-632-3169,2026-06-01 08:58:45,0,SMS,,4G,0.0,0.05
R02-0000362,2,Capital-Metro,+1-492-962-2086,+1-429-698-2828,2026-06-01 21:52:13,2541,VOICE,,4G,0.1,4.24
R02-0000363,2,Capital-Metro,+1-653-591-9345,+1-707-933-5726,2026-06-01 02:54:07,1530,VOICE,,4G,0.1,2.55
R02-0000364,2,Capital-Metro,+1-548-431-4498,,2026-06-01 10:24:04,306,DATA,264185895,4G,0.0,2.64
R02-0000365,2,Capital-Metro,+1-248-327-1723,+1-774-902-0105,2026-06-01 02:37:51,337,VOICE,,5G,0.08,0.45
R02-0000366,2,Capital-Metro,+1-290-571-0346,+1-847-766-9249,2026-06-01 00:53:11,0,SMS,,4G,0.0,0.05
R02-0000367,2,Capital-Metro,+1-818-738-4030,+1-421-827-1891,2026-06-01 01:42:23,892,VOICE,,4G,0.1,1.49
R02-0000368,2,Capital-Metro,+1-371-307-9305,+1-581-973-3207,2026-06-01 09:36:56,0,SMS,,5G,0.0,0.05
R02-0000369,2,Capital-Metro,+1-282-720-4346,,2026-06-01 10:18:40,276,DATA,372281241,4G,0.0,3.72
R02-0000370,2,Capital-Metro,+1-803-563-4301,+1-765-619-1656,2026-06-01 21:58:06,0,SMS,,5G,0.0,0.05
R02-0000371,2,Capital-Metro,+1-227-374-2477,+1-620-406-7169,2026-06-01 15:39:45,0,SMS,,4G,0.0,0.05
R02-0000372,2,Capital-Metro,+1-579-985-3646,+1-304-994-7206,2026-06-01 05:04:32,1224,VOICE,,4G,0.1,2.04
R02-0000373,2,Capital-Metro,+1-874-580-0514,+1-401-494-4300,2026-06-01 10:09:46,0,SMS,,4G,0.0,0.05
R02-0000374,2,Capital-Metro,+1-502-388-9878,+1-580-574-7176,2026-06-01 01:41:10,426,VOICE,,4G,0.1,0.71
R02-0000375,2,Capital-Metro,+1-463-212-6755,+1-474-945-2747,2026-06-01 07:26:39,3086,VOICE,,5G,0.08,4.11
R02-0000376,2,Capital-Metro,+1-597-748-5229,+1-384-844-8932,2026-06-01 01:11:22,0,SMS,,3G,0.0,0.05
R02-0000377,2,Capital-Metro,+1-707-606-2801,+1-754-760-0182,2026-06-01 00:39:34,228,VOICE,,5G,0.08,0.3
R02-0000378,2,Capital-Metro,+1-945-275-0989,,2026-06-01 01:40:56,5445,DATA,274426690,3G,0.0,2.74
R02-0000379,2,Capital-Metro,+1-614-234-2069,+1-744-412-0980,2026-06-01 18:30:17,2045,VOICE,,3G,0.12,4.09
R02-0000380,2,Capital-Metro,+1-744-424-7736,+1-408-487-4478,2026-06-01 20:08:54,3571,VOICE,,4G,0.1,5.95
R02-0000381,2,Capital-Metro,+1-772-989-8446,+1-706-210-6063,2026-06-01 00:24:51,2253,VOICE,,3G,0.12,4.51
R02-0000382,2,Capital-Metro,+1-925-480-6187,+1-740-681-9139,2026-06-01 07:27:17,2889,VOICE,,4G,0.1,4.82
R02-0000383,2,Capital-Metro,+1-780-772-7675,,2026-06-01 18:58:48,105,DATA,263001899,3G,0.0,2.63
R02-0000384,2,Capital-Metro,+1-700-783-9382,+1-707-977-8709,2026-06-01 09:20:03,0,SMS,,5G,0.0,0.05
R02-0000385,2,Capital-Metro,+1-660-537-7002,,2026-06-01 10:09:17,742,DATA,141189803,4G,0.0,1.41
R02-0000386,2,Capital-Metro,+1-503-481-2183,+1-491-896-6100,2026-06-01 23:46:26,15,VOICE,,3G,0.12,0.03
R02-0000387,2,Capital-Metro,+1-579-843-6175,+1-818-420-3522,2026-06-01 23:52:37,2179,VOICE,,4G,0.1,3.63
R02-0000388,2,Capital-Metro,+1-801-260-3854,+1-496-494-0010,2026-06-01 06:39:56,2546,VOICE,,4G,0.1,4.24
R02-0000389,2,Capital-Metro,+1-876-486-6144,+1-304-302-5722,2026-06-01 09:50:42,0,SMS,,5G,0.0,0.05
R02-0000390,2,Capital-Metro,+1-581-665-2453,+1-912-997-6508,2026-06-01 15:56:21,0,SMS,,4G,0.0,0.05
R02-0000391,2,Capital-Metro,+1-329-738-8321,+1-532-316-0535,2026-06-01 22:09:48,2046,VOICE,,4G,0.1,3.41
R02-0000392,2,Capital-Metro,+1-951-486-0436,+1-457-212-7679,2026-06-01 14:48:41,1726,VOICE,,4G,0.1,2.88
R02-0000393,2,Capital-Metro,+1-686-214-2265,+1-640-956-4273,2026-06-01 02:59:39,1030,VOICE,,5G,0.08,1.37
R02-0000394,2,Capital-Metro,+1-316-331-5743,,2026-06-01 17:15:32,2175,DATA,93167372,4G,0.0,0.93
R02-0000395,2,Capital-Metro,+1-339-499-9360,+1-848-349-6321,2026-06-01 05:33:19,3017,VOICE,,5G,0.08,4.02
R02-0000396,2,Capital-Metro,+1-326-678-1830,+1-525-633-7220,2026-06-01 09:22:23,0,SMS,,5G,0.0,0.05
R02-0000397,2,Capital-Metro,+1-955-828-5141,+1-558-477-1864,2026-06-01 07:36:49,0,SMS,,5G,0.0,0.05
R02-0000398,2,Capital-Metro,+1-708-594-6299,+1-400-810-7201,2026-06-01 11:40:59,668,VOICE,,4G,0.1,1.11
R02-0000399,2,Capital-Metro,+1-649-310-7324,+1-664-228-3097,2026-06-01 14:39:02,2317,VOICE,,3G,0.12,4.63
R02-0000400,2,Capital-Metro,+1-338-624-8157,+1-424-856-2492,2026-06-01 16:15:16,2120,VOICE,,4G,0.1,3.53
R02-0000401,2,Capital-Metro,+1-506-434-0872,+1-868-230-0725,2026-06-01 07:15:18,988,VOICE,,3G,0.12,1.98
R02-0000402,2,Capital-Metro,+1-449-201-2844,,2026-06-01 10:22:19,6778,DATA,460773172,4G,0.0,4.61
R02-0000403,2,Capital-Metro,+1-349-232-3512,,2026-06-01 19:00:28,393,DATA,69541971,5G,0.0,0.7
R02-0000404,2,Capital-Metro,+1-453-707-0909,,2026-06-01 17:29:50,1016,DATA,37300617,5G,0.0,0.37
R02-0000405,2,Capital-Metro,+1-942-779-4526,,2026-06-01 12:20:55,1881,DATA,337542319,5G,0.0,3.38
R02-0000406,2,Capital-Metro,+1-359-262-5863,,2026-06-01 19:36:41,3990,DATA,247760057,5G,0.0,2.48
R02-0000407,2,Capital-Metro,+1-253-393-8031,+1-312-737-6544,2026-06-01 11:09:02,0,VOICE,,4G,0.1,0.0
R02-0000408,2,Capital-Metro,+1-495-324-1475,+1-531-750-8362,2026-06-01 08:44:31,0,SMS,,3G,0.0,0.05
R02-0000409,2,Capital-Metro,+1-631-610-5926,+1-795-423-3976,2026-06-01 22:24:54,0,SMS,,4G,0.0,0.05
R02-0000410,2,Capital-Metro,+1-340-276-2343,,2026-06-01 19:44:48,6705,DATA,89836730,5G,0.0,0.9
R02-0000411,2,Capital-Metro,+1-489-876-2530,,2026-06-01 03:06:10,5391,DATA,381802710,4G,0.0,3.82
R02-0000412,2,Capital-Metro,+1-251-225-7242,+1-583-561-9603,2026-06-01 05:39:22,0,SMS,,3G,0.0,0.05
R02-0000413,2,Capital-Metro,+1-744-839-1754,+1-347-631-2420,2026-06-01 21:57:19,1751,VOICE,,4G,0.1,2.92
R02-0000414,2,Capital-Metro,+1-848-353-9214,+1-739-826-5593,2026-06-01 13:50:28,1265,VOICE,,4G,0.1,2.11
R02-0000415,2,Capital-Metro,+1-814-524-2667,,2026-06-01 21:16:51,7104,DATA,385200420,5G,0.0,3.85
R02-0000416,2,Capital-Metro,+1-757-854-8030,,2026-06-01 20:56:06,5146,DATA,152126724,4G,0.0,1.52
R02-0000417,2,Capital-Metro,+1-351-506-1363,,2026-06-01 06:38:43,6123,DATA,57823757,5G,0.0,0.58
R02-0000418,2,Capital-Metro,+1-622-790-1311,+1-207-573-6163,2026-06-01 23:42:39,0,SMS,,5G,0.0,0.05
R02-0000419,2,Capital-Metro,+1-347-369-9321,,2026-06-01 23:50:19,6144,DATA,117625730,5G,0.0,1.18
R02-0000420,2,Capital-Metro,+1-268-292-1214,+1-646-386-2809,2026-06-01 23:07:09,0,SMS,,5G,0.0,0.05
R02-0000421,2,Capital-Metro,+1-428-560-0486,+1-703-523-6730,2026-06-01 07:51:52,3102,VOICE,,5G,0.08,4.14
R02-0000422,2,Capital-Metro,+1-203-204-3655,+1-689-996-4346,2026-06-01 17:34:25,0,SMS,,3G,0.0,0.05
R02-0000423,2,Capital-Metro,+1-203-301-1873,+1-748-276-5014,2026-06-01 17:26:25,0,SMS,,5G,0.0,0.05
R02-0000424,2,Capital-Metro,+1-463-380-2992,+1-872-544-5360,2026-06-01 00:22:20,0,SMS,,4G,0.0,0.05
R02-0000425,2,Capital-Metro,+1-444-835-2738,+1-884-766-2356,2026-06-01 05:47:33,1688,VOICE,,4G,0.1,2.81
R02-0000426,2,Capital-Metro,+1-734-695-6652,,2026-06-01 04:52:59,5212,DATA,385459377,4G,0.0,3.85
R02-0000427,2,Capital-Metro,+1-231-815-2952,+1-272-254-5860,2026-06-01 17:16:22,3011,VOICE,,4G,0.1,5.02
R02-0000428,2,Capital-Metro,+1-841-574-8158,+1-697-432-9595,2026-06-01 06:00:21,69,VOICE,,5G,0.08,0.09
R02-0000429,2,Capital-Metro,+1-452-484-9689,+1-700-958-0404,2026-06-01 21:15:37,0,VOICE,,4G,0.1,0.0
R02-0000430,2,Capital-Metro,+1-596-570-0978,+1-434-798-1334,2026-06-01 10:11:21,1119,VOICE,,4G,0.1,1.86
R02-0000431,2,Capital-Metro,+1-685-443-0965,+1-301-377-6888,2026-06-01 02:55:43,807,VOICE,,4G,0.1,1.34
R02-0000432,2,Capital-Metro,+1-452-273-7331,+1-488-716-0809,2026-06-01 04:20:33,0,SMS,,4G,0.0,0.05
R02-0000433,2,Capital-Metro,+1-507-483-8337,+1-469-427-1600,2026-06-01 15:06:31,0,SMS,,4G,0.0,0.05
R02-0000434,2,Capital-Metro,+1-369-792-7447,+1-432-896-3579,2026-06-01 01:05:58,2114,VOICE,,3G,0.12,4.23
R02-0000435,2,Capital-Metro,+1-803-986-1016,+1-904-822-1836,2026-06-01 04:37:32,1865,VOICE,,4G,0.1,3.11
R02-0000436,2,Capital-Metro,+1-786-340-8378,+1-408-512-5131,2026-06-01 22:46:10,358,VOICE,,4G,0.1,0.6
R02-0000437,2,Capital-Metro,+1-466-374-9549,+1-680-955-0512,2026-06-01 23:06:42,2274,VOICE,,5G,0.08,3.03
R02-0000438,2,Capital-Metro,+1-979-689-6196,+1-258-726-2473,2026-06-01 23:35:01,1070,VOICE,,4G,0.1,1.78
R02-0000439,2,Capital-Metro,+1-746-666-2570,+1-311-202-2848,2026-06-01 08:39:13,1064,VOICE,,4G,0.1,1.77
R02-0000440,2,Capital-Metro,+1-640-913-7424,+1-595-952-6787,2026-06-01 10:53:36,2838,VOICE,,4G,0.1,4.73
R02-0000441,2,Capital-Metro,+1-321-400-3616,+1-281-673-6884,2026-06-01 05:11:02,0,SMS,,4G,0.0,0.05
R02-0000442,2,Capital-Metro,+1-537-773-6295,+1-383-942-2075,2026-06-01 07:14:43,109,VOICE,,5G,0.08,0.15
R02-0000443,2,Capital-Metro,+1-971-394-9791,,2026-06-01 15:33:25,5251,DATA,373746306,5G,0.0,3.74
R02-0000444,2,Capital-Metro,+1-740-569-5187,+1-876-719-9469,2026-06-01 07:06:38,3323,VOICE,,5G,0.08,4.43
R02-0000445,2,Capital-Metro,+1-462-645-1795,+1-283-578-2461,2026-06-01 15:46:59,0,SMS,,5G,0.0,0.05
R02-0000446,2,Capital-Metro,+1-591-937-1948,+1-521-228-7608,2026-06-01 02:55:52,2782,VOICE,,4G,0.1,4.64
R02-0000447,2,Capital-Metro,+1-339-270-0373,+1-439-647-9011,2026-06-01 17:59:37,152,VOICE,,4G,0.1,0.25
R02-0000448,2,Capital-Metro,+1-804-220-1558,+1-266-523-8086,2026-06-01 16:59:31,0,SMS,,4G,0.0,0.05
R02-0000449,2,Capital-Metro,+1-846-943-3134,+1-884-400-4266,2026-06-01 15:57:40,1061,VOICE,,4G,0.1,1.77
R02-0000450,2,Capital-Metro,+1-726-352-8661,+1-360-567-1310,2026-06-01 07:40:28,0,SMS,,4G,0.0,0.05
R02-0000451,2,Capital-Metro,+1-716-669-9035,,2026-06-01 14:38:40,1182,DATA,156155034,4G,0.0,1.56
R02-0000452,2,Capital-Metro,+1-385-627-9353,+1-389-223-0543,2026-06-01 21:45:40,0,SMS,,4G,0.0,0.05
R02-0000453,2,Capital-Metro,+1-589-228-6759,+1-352-696-5539,2026-06-01 00:23:20,1461,VOICE,,4G,0.1,2.44
R02-0000454,2,Capital-Metro,+1-443-919-6684,,2026-06-01 23:49:15,7079,DATA,182472476,3G,0.0,1.82
R02-0000455,2,Capital-Metro,+1-924-236-6580,+1-307-777-9557,2026-06-01 20:27:33,87,VOICE,,5G,0.08,0.12
R02-0000456,2,Capital-Metro,+1-988-522-2915,+1-955-457-9340,2026-06-01 18:00:26,220,VOICE,,5G,0.08,0.29
R02-0000457,2,Capital-Metro,+1-238-725-2306,+1-339-226-6100,2026-06-01 07:25:18,1074,VOICE,,3G,0.12,2.15
R02-0000458,2,Capital-Metro,+1-682-598-1180,,2026-06-01 13:39:36,6141,DATA,50111238,4G,0.0,0.5
R02-0000459,2,Capital-Metro,+1-319-368-7770,+1-721-558-4827,2026-06-01 18:42:36,3464,VOICE,,4G,0.1,5.77
R02-0000460,2,Capital-Metro,+1-818-315-4226,+1-767-390-6156,2026-06-01 02:53:37,0,SMS,,4G,0.0,0.05
R02-0000461,2,Capital-Metro,+1-457-359-3716,+1-848-681-1396,2026-06-01 18:30:26,0,SMS,,4G,0.0,0.05
R02-0000462,2,Capital-Metro,+1-248-400-6755,+1-566-298-8339,2026-06-01 08:40:58,1147,VOICE,,5G,0.08,1.53
R02-0000463,2,Capital-Metro,+1-684-249-6522,+1-830-495-6570,2026-06-01 14:37:01,0,SMS,,5G,0.0,0.05
R02-0000464,2,Capital-Metro,+1-232-257-7359,+1-692-427-2106,2026-06-01 01:05:18,0,SMS,,4G,0.0,0.05
R02-0000465,2,Capital-Metro,+1-261-514-4942,+1-759-799-0439,2026-06-01 18:01:35,3177,VOICE,,3G,0.12,6.35
R02-0000466,2,Capital-Metro,+1-843-247-9711,,2026-06-01 07:43:05,3630,DATA,498622565,5G,0.0,4.99
R02-0000467,2,Capital-Metro,+1-446-693-4931,+1-805-662-1243,2026-06-01 07:26:16,525,VOICE,,4G,0.1,0.88
R02-0000468,2,Capital-Metro,+1-851-717-6213,+1-896-206-7849,2026-06-01 12:34:59,3381,VOICE,,4G,0.1,5.64
R02-0000469,2,Capital-Metro,+1-547-670-7509,+1-387-491-0950,2026-06-01 06:04:47,2976,VOICE,,4G,0.1,4.96
R02-0000470,2,Capital-Metro,+1-463-817-0266,+1-505-742-6639,2026-06-01 08:14:11,839,VOICE,,4G,0.1,1.4
R02-0000471,2,Capital-Metro,+1-227-893-6368,,2026-06-01 23:49:57,1066,DATA,280753205,5G,0.0,2.81
R02-0000472,2,Capital-Metro,+1-669-301-2671,+1-676-391-3006,2026-06-01 23:32:32,0,SMS,,5G,0.0,0.05
R02-0000473,2,Capital-Metro,+1-563-625-7626,+1-373-203-5142,2026-06-01 17:13:24,0,SMS,,3G,0.0,0.05
R02-0000474,2,Capital-Metro,+1-538-983-6982,+1-969-539-8678,2026-06-01 14:13:48,789,VOICE,,4G,0.1,1.32
R02-0000475,2,Capital-Metro,+1-618-633-0546,+1-877-993-2942,2026-06-01 17:50:53,52,VOICE,,4G,0.1,0.09
R02-0000476,2,Capital-Metro,+1-508-778-7878,+1-251-374-2589,2026-06-01 10:30:55,3202,VOICE,,5G,0.08,4.27
R02-0000477,2,Capital-Metro,+1-931-968-3910,+1-541-534-3151,2026-06-01 03:13:18,0,SMS,,5G,0.0,0.05
R02-0000478,2,Capital-Metro,+1-457-707-9885,+1-723-581-8380,2026-06-01 10:49:59,0,SMS,,3G,0.0,0.05
R02-0000479,2,Capital-Metro,+1-906-839-8212,,2026-06-01 13:01:34,5157,DATA,402026048,5G,0.0,4.02
R02-0000480,2,Capital-Metro,+1-484-719-1776,,2026-06-01 22:57:14,4690,DATA,102149907,5G,0.0,1.02
R02-0000481,2,Capital-Metro,+1-968-574-3414,,2026-06-01 21:49:35,284,DATA,3989080,5G,0.0,0.04
R02-0000482,2,Capital-Metro,+1-871-737-4488,,2026-06-01 13:38:05,5486,DATA,313432211,5G,0.0,3.13
R02-0000483,2,Capital-Metro,+1-506-985-8529,+1-855-222-9825,2026-06-01 12:19:18,1999,VOICE,,4G,0.1,3.33
R02-0000484,2,Capital-Metro,+1-367-301-3733,+1-635-489-8287,2026-06-01 12:52:09,1928,VOICE,,4G,0.1,3.21
R02-0000485,2,Capital-Metro,+1-978-542-5501,+1-580-393-2904,2026-06-01 10:07:43,0,SMS,,4G,0.0,0.05
R02-0000486,2,Capital-Metro,+1-575-400-0602,+1-417-738-3286,2026-06-01 06:06:22,3122,VOICE,,4G,0.1,5.2
R02-0000487,2,Capital-Metro,+1-875-246-7432,+1-647-650-4324,2026-06-01 00:17:43,0,SMS,,5G,0.0,0.05
R02-0000488,2,Capital-Metro,+1-231-447-3286,+1-862-582-6916,2026-06-01 15:16:37,0,SMS,,4G,0.0,0.05
R02-0000489,2,Capital-Metro,+1-969-282-9825,+1-707-789-8293,2026-06-01 21:24:58,677,VOICE,,4G,0.1,1.13
R02-0000490,2,Capital-Metro,+1-337-517-3474,,2026-06-01 13:13:13,5580,DATA,277853591,4G,0.0,2.78
R02-0000491,2,Capital-Metro,+1-228-492-4609,+1-420-776-4263,2026-06-01 14:17:36,0,SMS,,4G,0.0,0.05
R02-0000492,2,Capital-Metro,+1-721-875-5342,+1-808-305-7932,2026-06-01 19:13:21,3545,VOICE,,4G,0.1,5.91
R02-0000493,2,Capital-Metro,+1-750-974-6678,+1-330-437-9235,2026-06-01 08:04:08,3242,VOICE,,4G,0.1,5.4
R02-0000494,2,Capital-Metro,+1-352-895-2547,,2026-06-01 16:12:06,366,DATA,60307102,5G,0.0,0.6
R02-0000495,2,Capital-Metro,+1-837-746-5514,+1-984-735-6477,2026-06-01 08:50:19,335,VOICE,,5G,0.08,0.45
R02-0000496,2,Capital-Metro,+1-467-860-6790,+1-893-277-6749,2026-06-01 22:11:21,0,SMS,,4G,0.0,0.05
R02-0000497,2,Capital-Metro,+1-887-808-6230,+1-623-680-7038,2026-06-01 04:09:33,0,SMS,,3G,0.0,0.05
R02-0000498,2,Capital-Metro,+1-573-318-1270,,2026-06-01 19:53:40,5775,DATA,216650785,4G,0.0,2.17
R02-0000499,2,Capital-Metro,+1-967-656-3183,+1-607-648-4292,2026-06-01 04:27:07,1845,VOICE,,4G,0.1,3.08
R02-0000500,2,Capital-Metro,+1-803-846-1848,+1-746-870-8020,2026-06-01 07:13:29,3129,VOICE,,5G,0.08,4.17
R02-0000501,2,Capital-Metro,+1-602-231-3541,+1-851-673-3279,2026-06-01 18:40:44,2964,VOICE,,3G,0.12,5.93
R02-0000502,2,Capital-Metro,+1-609-500-1819,+1-820-362-8013,2026-06-01 04:23:30,2367,VOICE,,4G,0.1,3.95
R02-0000503,2,Capital-Metro,+1-866-418-8237,,2026-06-01 13:49:26,6841,DATA,401589446,4G,0.0,4.02
R02-0000504,2,Capital-Metro,+1-616-389-1417,+1-323-602-4786,2026-06-01 20:25:37,1022,VOICE,,5G,0.08,1.36
R02-0000505,2,Capital-Metro,+1-970-476-6026,+1-816-349-4441,2026-06-01 00:23:15,1909,VOICE,,4G,0.1,3.18
R02-0000506,2,Capital-Metro,+1-505-314-3193,+1-822-324-6455,2026-06-01 15:22:49,155,VOICE,,4G,0.1,0.26
R02-0000507,2,Capital-Metro,+1-778-251-7030,+1-499-679-0838,2026-06-01 13:10:46,0,SMS,,4G,0.0,0.05
R02-0000508,2,Capital-Metro,+1-299-599-0124,+1-609-517-7357,2026-06-01 02:41:41,423,VOICE,,5G,0.08,0.56
R02-0000509,2,Capital-Metro,+1-344-549-7993,+1-798-686-4788,2026-06-01 13:32:49,0,SMS,,4G,0.0,0.05
R02-0000510,2,Capital-Metro,+1-798-717-4559,+1-685-417-3217,2026-06-01 11:35:04,3438,VOICE,,4G,0.1,5.73
R02-0000511,2,Capital-Metro,+1-926-322-2165,+1-806-471-7275,2026-06-01 22:20:29,260,VOICE,,5G,0.08,0.35
R02-0000512,2,Capital-Metro,+1-475-211-1760,+1-667-488-5369,2026-06-01 20:22:54,0,SMS,,4G,0.0,0.05
R02-0000513,2,Capital-Metro,+1-657-495-6205,+1-471-335-6727,2026-06-01 15:17:36,0,SMS,,5G,0.0,0.05
R02-0000514,2,Capital-Metro,+1-376-719-5097,+1-564-800-0317,2026-06-01 07:01:42,0,SMS,,5G,0.0,0.05
R02-0000515,2,Capital-Metro,+1-226-301-1340,,2026-06-01 22:29:12,6375,DATA,226221643,4G,0.0,2.26
R02-0000516,2,Capital-Metro,+1-333-543-1953,+1-747-529-9366,2026-06-01 00:41:49,0,SMS,,3G,0.0,0.05
R02-0000517,2,Capital-Metro,+1-392-551-7864,+1-740-984-6448,2026-06-01 21:41:53,3151,VOICE,,4G,0.1,5.25
R02-0000518,2,Capital-Metro,+1-308-427-2046,,2026-06-01 16:18:10,5572,DATA,13493024,4G,0.0,0.13
R02-0000519,2,Capital-Metro,+1-377-980-0210,+1-909-364-5348,2026-06-01 06:21:55,0,SMS,,4G,0.0,0.05
R02-0000520,2,Capital-Metro,+1-404-612-4082,+1-644-556-2898,2026-06-01 10:43:48,3484,VOICE,,5G,0.08,4.65
R02-0000521,2,Capital-Metro,+1-933-587-6516,+1-774-948-6712,2026-06-01 08:38:11,1914,VOICE,,4G,0.1,3.19
R02-0000522,2,Capital-Metro,+1-694-575-6674,+1-956-451-1024,2026-06-01 15:35:09,3484,VOICE,,5G,0.08,4.65
R02-0000523,2,Capital-Metro,+1-295-919-6922,+1-556-539-6865,2026-06-01 14:40:46,2532,VOICE,,4G,0.1,4.22
R02-0000524,2,Capital-Metro,+1-989-906-1422,+1-398-467-8030,2026-06-01 22:35:39,0,SMS,,5G,0.0,0.05
R02-0000525,2,Capital-Metro,+1-524-782-4293,+1-880-521-2008,2026-06-01 21:13:36,0,SMS,,5G,0.0,0.05
R02-0000526,2,Capital-Metro,+1-734-918-0729,,2026-06-01 02:13:21,224,DATA,313334342,5G,0.0,3.13
R02-0000527,2,Capital-Metro,+1-521-934-8444,,2026-06-01 07:55:19,2676,DATA,420589774,4G,0.0,4.21
R02-0000528,2,Capital-Metro,+1-527-368-8927,,2026-06-01 14:59:23,2852,DATA,471208594,4G,0.0,4.71
R02-0000529,2,Capital-Metro,+1-760-841-1080,+1-222-566-2217,2026-06-01 18:21:02,1754,VOICE,,3G,0.12,3.51
R02-0000530,2,Capital-Metro,+1-925-527-0359,+1-608-318-4944,2026-06-01 13:34:50,3405,VOICE,,3G,0.12,6.81
R02-0000531,2,Capital-Metro,+1-728-620-1763,+1-506-421-4154,2026-06-01 15:41:18,0,SMS,,4G,0.0,0.05
R02-0000532,2,Capital-Metro,+1-344-326-8311,+1-659-335-2851,2026-06-01 22:34:03,3286,VOICE,,4G,0.1,5.48
R02-0000533,2,Capital-Metro,+1-281-558-7652,,2026-06-01 23:56:50,7189,DATA,10018097,4G,0.0,0.1
R02-0000534,2,Capital-Metro,+1-944-250-4599,+1-442-709-7916,2026-06-01 17:56:23,0,SMS,,4G,0.0,0.05
R02-0000535,2,Capital-Metro,+1-922-248-9977,+1-242-563-2823,2026-06-01 01:36:28,2522,VOICE,,4G,0.1,4.2
R02-0000536,2,Capital-Metro,+1-899-287-5139,,2026-06-01 05:09:13,2471,DATA,303036503,4G,0.0,3.03
R02-0000537,2,Capital-Metro,+1-365-890-7913,+1-371-709-7835,2026-06-01 15:58:47,1599,VOICE,,5G,0.08,2.13
R02-0000538,2,Capital-Metro,+1-486-759-5015,+1-579-465-6296,2026-06-01 02:35:13,1240,VOICE,,4G,0.1,2.07
R02-0000539,2,Capital-Metro,+1-708-880-0761,,2026-06-01 08:33:11,4493,DATA,119954594,4G,0.0,1.2
R02-0000540,2,Capital-Metro,+1-845-400-0970,+1-390-578-9605,2026-06-01 15:47:30,0,SMS,,4G,0.0,0.05
R02-0000541,2,Capital-Metro,+1-431-509-0764,+1-971-531-1408,2026-06-01 10:09:41,2036,VOICE,,3G,0.12,4.07
R02-0000542,2,Capital-Metro,+1-955-466-4970,+1-742-949-9133,2026-06-01 02:46:31,2670,VOICE,,5G,0.08,3.56
R02-0000543,2,Capital-Metro,+1-837-808-6702,+1-815-767-9751,2026-06-01 08:47:05,156,VOICE,,3G,0.12,0.31
R02-0000544,2,Capital-Metro,+1-725-502-3963,+1-438-476-0372,2026-06-01 22:19:44,764,VOICE,,4G,0.1,1.27
R02-0000545,2,Capital-Metro,+1-307-823-3119,+1-289-204-7166,2026-06-01 14:05:16,1782,VOICE,,4G,0.1,2.97
R02-0000546,2,Capital-Metro,+1-200-353-3857,+1-467-702-0923,2026-06-01 11:14:46,2993,VOICE,,5G,0.08,3.99
R02-0000547,2,Capital-Metro,+1-272-535-6726,+1-319-909-5156,2026-06-01 02:17:39,1087,VOICE,,5G,0.08,1.45
R02-0000548,2,Capital-Metro,+1-272-488-2907,+1-888-400-4309,2026-06-01 15:26:45,0,SMS,,4G,0.0,0.05
R02-0000549,2,Capital-Metro,+1-524-243-0704,,2026-06-01 04:10:21,3052,DATA,459997970,4G,0.0,4.6
R02-0000550,2,Capital-Metro,+1-294-949-0397,+1-486-527-7683,2026-06-01 19:52:42,827,VOICE,,4G,0.1,1.38
R02-0000551,2,Capital-Metro,+1-735-690-2800,+1-464-524-9012,2026-06-01 09:18:22,2742,VOICE,,4G,0.1,4.57
R02-0000552,2,Capital-Metro,+1-514-642-9967,+1-805-859-7436,2026-06-01 10:35:02,1186,VOICE,,4G,0.1,1.98
R02-0000553,2,Capital-Metro,+1-300-687-1342,+1-671-962-7462,2026-06-01 14:09:25,0,SMS,,5G,0.0,0.05
R02-0000554,2,Capital-Metro,+1-913-694-3973,+1-705-636-3259,2026-06-01 12:25:46,1333,VOICE,,4G,0.1,2.22
R02-0000555,2,Capital-Metro,+1-296-290-3528,+1-827-499-1024,2026-06-01 05:24:49,0,SMS,,4G,0.0,0.05
R02-0000556,2,Capital-Metro,+1-337-816-8466,,2026-06-01 01:18:13,260,DATA,89688511,5G,0.0,0.9
R02-0000557,2,Capital-Metro,+1-347-809-2742,,2026-06-01 13:58:29,2657,DATA,218836699,5G,0.0,2.19
R02-0000558,2,Capital-Metro,+1-703-937-6959,+1-580-997-8235,2026-06-01 18:23:17,473,VOICE,,4G,0.1,0.79
R02-0000559,2,Capital-Metro,+1-597-384-1951,+1-338-460-4892,2026-06-01 07:49:46,0,SMS,,4G,0.0,0.05
R02-0000560,2,Capital-Metro,+1-982-949-8296,+1-774-953-0115,2026-06-01 02:16:32,1848,VOICE,,5G,0.08,2.46
R02-0000561,2,Capital-Metro,+1-413-983-4703,+1-603-682-9349,2026-06-01 13:50:40,2384,VOICE,,5G,0.08,3.18
R02-0000562,2,Capital-Metro,+1-411-460-5586,+1-263-893-4754,2026-06-01 13:31:09,0,SMS,,5G,0.0,0.05
R02-0000563,2,Capital-Metro,+1-580-475-6232,+1-329-481-7641,2026-06-01 01:51:45,2798,VOICE,,5G,0.08,3.73
R02-0000564,2,Capital-Metro,+1-403-684-0332,+1-752-507-0598,2026-06-01 04:40:25,0,SMS,,4G,0.0,0.05
R02-0000565,2,Capital-Metro,+1-211-509-3492,+1-908-716-7150,2026-06-01 02:22:18,0,SMS,,4G,0.0,0.05
R02-0000566,2,Capital-Metro,+1-970-916-1521,+1-477-777-8039,2026-06-01 22:12:01,1691,VOICE,,4G,0.1,2.82
R02-0000567,2,Capital-Metro,+1-601-496-1674,+1-972-583-7331,2026-06-01 04:18:57,0,SMS,,3G,0.0,0.05
R02-0000568,2,Capital-Metro,+1-611-799-7679,+1-715-619-4127,2026-06-01 13:11:13,3290,VOICE,,4G,0.1,5.48
R02-0000569,2,Capital-Metro,+1-218-595-8166,+1-654-916-1177,2026-06-01 22:30:25,0,SMS,,4G,0.0,0.05
R02-0000570,2,Capital-Metro,+1-254-778-9120,+1-574-290-5984,2026-06-01 03:54:59,2697,VOICE,,5G,0.08,3.6
R02-0000571,2,Capital-Metro,+1-754-854-4323,+1-957-977-9636,2026-06-01 21:04:22,0,SMS,,5G,0.0,0.05
R02-0000572,2,Capital-Metro,+1-734-593-4457,+1-307-827-0466,2026-06-01 05:42:22,0,SMS,,5G,0.0,0.05
R02-0000573,2,Capital-Metro,+1-564-421-2603,+1-237-369-2501,2026-06-01 02:08:19,3410,VOICE,,4G,0.1,5.68
R02-0000574,2,Capital-Metro,+1-986-897-2088,,2026-06-01 03:54:32,4442,DATA,350002082,4G,0.0,3.5
R02-0000575,2,Capital-Metro,+1-640-415-5642,+1-638-676-9493,2026-06-01 06:57:16,966,VOICE,,5G,0.08,1.29
R02-0000576,2,Capital-Metro,+1-448-278-1555,+1-628-215-1511,2026-06-01 06:55:55,1662,VOICE,,5G,0.08,2.22
R02-0000577,2,Capital-Metro,+1-447-384-0677,+1-756-650-3323,2026-06-01 22:37:48,0,SMS,,3G,0.0,0.05
R02-0000578,2,Capital-Metro,+1-691-309-1213,+1-719-259-8276,2026-06-01 13:55:26,0,SMS,,4G,0.0,0.05
R02-0000579,2,Capital-Metro,+1-477-204-1178,+1-542-303-4275,2026-06-01 07:01:58,0,SMS,,3G,0.0,0.05
R02-0000580,2,Capital-Metro,+1-267-645-4722,+1-687-767-4631,2026-06-01 08:26:09,2241,VOICE,,4G,0.1,3.74
R02-0000581,2,Capital-Metro,+1-974-204-0745,,2026-06-01 22:44:13,5500,DATA,59341409,4G,0.0,0.59
R02-0000582,2,Capital-Metro,+1-668-644-1408,+1-598-640-8270,2026-06-01 03:15:06,0,VOICE,,4G,0.1,0.0
R02-0000583,2,Capital-Metro,+1-453-774-7962,+1-903-494-6373,2026-06-01 10:40:42,917,VOICE,,4G,0.1,1.53
R02-0000584,2,Capital-Metro,+1-621-708-3532,+1-591-975-6602,2026-06-01 12:08:52,0,SMS,,3G,0.0,0.05
R02-0000585,2,Capital-Metro,+1-490-972-3823,+1-487-943-9062,2026-06-01 11:35:12,0,SMS,,5G,0.0,0.05
R02-0000586,2,Capital-Metro,+1-482-927-9158,,2026-06-01 20:46:40,1210,DATA,433989177,4G,0.0,4.34
R02-0000587,2,Capital-Metro,+1-645-984-8988,,2026-06-01 10:05:25,3700,DATA,493621093,4G,0.0,4.94
R02-0000588,2,Capital-Metro,+1-473-480-0889,,2026-06-01 23:53:28,441,DATA,169869416,4G,0.0,1.7
R02-0000589,2,Capital-Metro,+1-206-602-5222,+1-599-358-2039,2026-06-01 09:57:33,0,SMS,,5G,0.0,0.05
R02-0000590,2,Capital-Metro,+1-893-853-2048,+1-409-819-6157,2026-06-01 10:26:12,0,SMS,,5G,0.0,0.05
R02-0000591,2,Capital-Metro,+1-342-855-9257,+1-779-844-6434,2026-06-01 06:52:23,0,VOICE,,4G,0.1,0.0
R02-0000592,2,Capital-Metro,+1-470-344-7551,+1-495-810-4234,2026-06-01 15:32:15,0,SMS,,4G,0.0,0.05
R02-0000593,2,Capital-Metro,+1-450-804-0436,,2026-06-01 01:51:32,5754,DATA,482852597,5G,0.0,4.83
R02-0000594,2,Capital-Metro,+1-267-359-7247,+1-891-633-4690,2026-06-01 15:53:51,0,SMS,,4G,0.0,0.05
R02-0000595,2,Capital-Metro,+1-548-744-2411,,2026-06-01 19:28:40,6967,DATA,177712119,5G,0.0,1.78
R02-0000596,2,Capital-Metro,+1-733-724-6484,+1-343-607-1040,2026-06-01 11:59:05,3415,VOICE,,4G,0.1,5.69
R02-0000597,2,Capital-Metro,+1-868-485-0145,+1-250-544-7595,2026-06-01 11:18:06,0,SMS,,4G,0.0,0.05
R02-0000598,2,Capital-Metro,+1-242-855-6404,+1-954-435-4677,2026-06-01 10:23:05,94,VOICE,,5G,0.08,0.13
R02-0000599,2,Capital-Metro,+1-616-761-5318,+1-332-983-6857,2026-06-01 22:40:13,1808,VOICE,,4G,0.1,3.01
R02-0000600,2,Capital-Metro,+1-801-733-8519,+1-287-767-0219,2026-06-01 08:33:33,0,SMS,,5G,0.0,0.05
R02-0000601,2,Capital-Metro,+1-725-461-6173,+1-632-884-1800,2026-06-01 08:55:53,0,SMS,,5G,0.0,0.05
R02-0000602,2,Capital-Metro,+1-852-364-6202,+1-893-289-5030,2026-06-01 15:29:39,2005,VOICE,,5G,0.08,2.67
R02-0000603,2,Capital-Metro,+1-217-745-4563,+1-614-354-0945,2026-06-01 18:23:43,923,VOICE,,3G,0.12,1.85
R02-0000604,2,Capital-Metro,+1-748-613-1474,+1-718-561-8880,2026-06-01 16:00:56,2921,VOICE,,4G,0.1,4.87
R02-0000605,2,Capital-Metro,+1-485-981-0515,,2026-06-01 22:11:14,3944,DATA,413805148,4G,0.0,4.14
R02-0000606,2,Capital-Metro,+1-264-743-2767,+1-747-468-1965,2026-06-01 02:21:29,0,SMS,,4G,0.0,0.05
R02-0000607,2,Capital-Metro,+1-315-527-7105,,2026-06-01 02:06:49,4828,DATA,81726946,5G,0.0,0.82
R02-0000608,2,Capital-Metro,+1-742-471-5963,+1-246-767-4545,2026-06-01 10:39:21,3250,VOICE,,5G,0.08,4.33
R02-0000609,2,Capital-Metro,+1-937-507-0824,+1-549-871-9222,2026-06-01 17:33:27,0,VOICE,,4G,0.1,0.0
R02-0000610,2,Capital-Metro,+1-762-735-1576,+1-757-988-1019,2026-06-01 20:52:40,749,VOICE,,3G,0.12,1.5
R02-0000611,2,Capital-Metro,+1-382-830-1873,+1-924-918-3468,2026-06-01 00:53:06,0,SMS,,4G,0.0,0.05
R02-0000612,2,Capital-Metro,+1-918-512-4503,+1-981-436-5717,2026-06-01 14:58:32,2262,VOICE,,4G,0.1,3.77
R02-0000613,2,Capital-Metro,+1-960-758-1421,+1-359-430-7045,2026-06-01 09:02:43,604,VOICE,,5G,0.08,0.81
R02-0000614,2,Capital-Metro,+1-608-440-9042,,2026-06-01 13:35:49,781,DATA,139610028,4G,0.0,1.4
R02-0000615,2,Capital-Metro,+1-267-366-2272,+1-758-780-2210,2026-06-01 04:47:52,3577,VOICE,,4G,0.1,5.96
R02-0000616,2,Capital-Metro,+1-797-964-2275,+1-222-991-0987,2026-06-01 18:15:53,0,SMS,,5G,0.0,0.05
R02-0000617,2,Capital-Metro,+1-618-401-9551,,2026-06-01 11:47:07,5118,DATA,121807646,5G,0.0,1.22
R02-0000618,2,Capital-Metro,+1-411-294-5692,+1-925-300-0685,2026-06-01 09:29:59,274,VOICE,,5G,0.08,0.37
R02-0000619,2,Capital-Metro,+1-444-340-9041,+1-215-946-9515,2026-06-01 13:52:28,0,SMS,,5G,0.0,0.05
R02-0000620,2,Capital-Metro,+1-621-266-7351,+1-719-805-6272,2026-06-01 18:37:34,0,SMS,,4G,0.0,0.05
R02-0000621,2,Capital-Metro,+1-485-861-5462,+1-536-473-9003,2026-06-01 19:14:52,0,SMS,,5G,0.0,0.05
R02-0000622,2,Capital-Metro,+1-912-432-0157,+1-424-999-3406,2026-06-01 20:34:53,3480,VOICE,,4G,0.1,5.8
R02-0000623,2,Capital-Metro,+1-747-951-7752,+1-658-551-0994,2026-06-01 15:59:35,0,VOICE,,5G,0.08,0.0
R02-0000624,2,Capital-Metro,+1-506-330-2868,+1-968-692-9888,2026-06-01 18:12:49,0,SMS,,5G,0.0,0.05
R02-0000625,2,Capital-Metro,+1-291-248-5305,+1-730-286-6334,2026-06-01 20:49:51,2213,VOICE,,4G,0.1,3.69
R02-0000626,2,Capital-Metro,+1-764-344-7148,+1-241-670-3302,2026-06-01 04:35:39,582,VOICE,,4G,0.1,0.97
R02-0000627,2,Capital-Metro,+1-427-661-5833,,2026-06-01 17:27:26,3518,DATA,11510802,3G,0.0,0.12
R02-0000628,2,Capital-Metro,+1-531-594-7418,+1-719-341-5716,2026-06-01 04:50:22,858,VOICE,,4G,0.1,1.43
R02-0000629,2,Capital-Metro,+1-858-954-5556,+1-809-204-3880,2026-06-01 01:01:36,3394,VOICE,,4G,0.1,5.66
R02-0000630,2,Capital-Metro,+1-235-339-9092,+1-345-872-1705,2026-06-01 01:18:09,0,SMS,,5G,0.0,0.05
R02-0000631,2,Capital-Metro,+1-262-784-3668,+1-446-252-9217,2026-06-01 21:08:25,1663,VOICE,,4G,0.1,2.77
R02-0000632,2,Capital-Metro,+1-785-912-1346,+1-725-307-6667,2026-06-01 18:37:02,0,SMS,,4G,0.0,0.05
R02-0000633,2,Capital-Metro,+1-773-897-7790,+1-413-816-9230,2026-06-01 07:22:59,1428,VOICE,,4G,0.1,2.38
R02-0000634,2,Capital-Metro,+1-498-497-0603,,2026-06-01 23:37:15,3013,DATA,254750635,4G,0.0,2.55
R02-0000635,2,Capital-Metro,+1-243-363-1263,+1-227-655-2424,2026-06-01 14:23:56,58,VOICE,,5G,0.08,0.08
R02-0000636,2,Capital-Metro,+1-204-973-1833,+1-529-363-3284,2026-06-01 00:07:27,0,SMS,,5G,0.0,0.05
R02-0000637,2,Capital-Metro,+1-711-948-9498,+1-689-940-1504,2026-06-01 09:30:22,2375,VOICE,,4G,0.1,3.96
R02-0000638,2,Capital-Metro,+1-670-930-5157,,2026-06-01 22:10:51,1962,DATA,21963530,3G,0.0,0.22
R02-0000639,2,Capital-Metro,+1-209-800-8911,+1-603-771-2349,2026-06-01 07:01:50,0,SMS,,4G,0.0,0.05
R02-0000640,2,Capital-Metro,+1-577-707-9190,+1-625-314-0094,2026-06-01 08:57:35,0,SMS,,4G,0.0,0.05
R02-0000641,2,Capital-Metro,+1-437-472-8757,,2026-06-01 17:50:56,1986,DATA,181598100,4G,0.0,1.82
R02-0000642,2,Capital-Metro,+1-628-728-6749,+1-818-761-4498,2026-06-01 05:27:55,0,SMS,,4G,0.0,0.05
R02-0000643,2,Capital-Metro,+1-637-793-2275,+1-688-910-7010,2026-06-01 00:17:38,0,SMS,,5G,0.0,0.05
R02-0000644,2,Capital-Metro,+1-324-575-5708,+1-537-601-8137,2026-06-01 06:51:01,17,VOICE,,4G,0.1,0.03
R02-0000645,2,Capital-Metro,+1-206-510-1350,,2026-06-01 16:51:15,6352,DATA,310588097,4G,0.0,3.11
R02-0000646,2,Capital-Metro,+1-257-803-7985,+1-906-467-1532,2026-06-01 12:20:59,0,SMS,,5G,0.0,0.05
R02-0000647,2,Capital-Metro,+1-556-851-7058,+1-582-324-3768,2026-06-01 00:38:43,2307,VOICE,,5G,0.08,3.08
R02-0000648,2,Capital-Metro,+1-202-411-1305,+1-377-629-7740,2026-06-01 14:31:09,0,SMS,,5G,0.0,0.05
R02-0000649,2,Capital-Metro,+1-638-776-7927,+1-329-261-5283,2026-06-01 01:30:34,0,SMS,,5G,0.0,0.05
R02-0000650,2,Capital-Metro,+1-956-683-6737,+1-720-779-2073,2026-06-01 14:20:40,0,SMS,,4G,0.0,0.05
R02-0000651,2,Capital-Metro,+1-472-672-1074,+1-824-959-7976,2026-06-01 18:19:33,0,SMS,,5G,0.0,0.05
R02-0000652,2,Capital-Metro,+1-873-643-2047,+1-462-874-0647,2026-06-01 02:59:01,1983,VOICE,,5G,0.08,2.64
R02-0000653,2,Capital-Metro,+1-423-496-7965,+1-320-499-0087,2026-06-01 05:06:05,1904,VOICE,,4G,0.1,3.17
R02-0000654,2,Capital-Metro,+1-518-458-1686,,2026-06-01 03:44:10,193,DATA,313538481,4G,0.0,3.14
R02-0000655,2,Capital-Metro,+1-720-750-1153,+1-679-333-0974,2026-06-01 16:38:26,0,SMS,,3G,0.0,0.05
R02-0000656,2,Capital-Metro,+1-811-486-7138,,2026-06-01 06:25:49,4300,DATA,70810294,5G,0.0,0.71
R02-0000657,2,Capital-Metro,+1-733-334-3516,+1-276-633-3638,2026-06-01 21:54:29,911,VOICE,,4G,0.1,1.52
R02-0000658,2,Capital-Metro,+1-355-388-7545,,2026-06-01 00:36:58,4459,DATA,354081653,5G,0.0,3.54
R02-0000659,2,Capital-Metro,+1-950-817-7112,+1-710-327-5434,2026-06-01 23:02:12,1277,VOICE,,4G,0.1,2.13
R02-0000660,2,Capital-Metro,+1-335-814-7476,+1-719-370-8445,2026-06-01 23:20:05,0,SMS,,4G,0.0,0.05
R02-0000661,2,Capital-Metro,+1-541-701-2004,+1-703-686-9902,2026-06-01 21:24:32,1738,VOICE,,5G,0.08,2.32
R02-0000662,2,Capital-Metro,+1-275-970-3437,+1-214-687-1963,2026-06-01 08:32:26,624,VOICE,,4G,0.1,1.04
R02-0000663,2,Capital-Metro,+1-344-817-1709,+1-313-800-6337,2026-06-01 09:49:17,1644,VOICE,,4G,0.1,2.74
R02-0000664,2,Capital-Metro,+1-685-810-3055,+1-649-390-4845,2026-06-01 00:38:20,2908,VOICE,,5G,0.08,3.88
R02-0000665,2,Capital-Metro,+1-650-661-8597,+1-679-678-9739,2026-06-01 20:46:55,670,VOICE,,4G,0.1,1.12
R02-0000666,2,Capital-Metro,+1-307-386-0211,,2026-06-01 11:48:10,4926,DATA,124200696,4G,0.0,1.24
R02-0000667,2,Capital-Metro,+1-383-875-3656,,2026-06-01 16:33:12,2553,DATA,179159882,4G,0.0,1.79
R02-0000668,2,Capital-Metro,+1-368-853-8240,+1-451-498-7506,2026-06-01 01:30:45,3076,VOICE,,4G,0.1,5.13
R02-0000669,2,Capital-Metro,+1-650-544-7671,+1-549-891-9263,2026-06-01 19:43:50,0,SMS,,4G,0.0,0.05
R02-0000670,2,Capital-Metro,+1-639-220-2484,+1-525-671-5168,2026-06-01 10:53:33,1076,VOICE,,4G,0.1,1.79
R02-0000671,2,Capital-Metro,+1-272-389-4151,+1-468-330-5806,2026-06-01 05:42:10,555,VOICE,,4G,0.1,0.93
R02-0000672,2,Capital-Metro,+1-613-380-4381,+1-740-212-9851,2026-06-01 23:19:33,3599,VOICE,,5G,0.08,4.8
R02-0000673,2,Capital-Metro,+1-918-927-2134,+1-273-848-2667,2026-06-01 01:56:45,0,VOICE,,4G,0.1,0.0
R02-0000674,2,Capital-Metro,+1-226-275-7931,,2026-06-01 17:11:41,2041,DATA,26254582,5G,0.0,0.26
R02-0000675,2,Capital-Metro,+1-609-350-2085,+1-828-801-1182,2026-06-01 12:25:24,0,SMS,,3G,0.0,0.05
R02-0000676,2,Capital-Metro,+1-355-797-7444,+1-435-289-1429,2026-06-01 05:01:02,0,SMS,,4G,0.0,0.05
R02-0000677,2,Capital-Metro,+1-580-514-6995,+1-883-269-8966,2026-06-01 20:14:39,360,VOICE,,4G,0.1,0.6
R02-0000678,2,Capital-Metro,+1-556-548-3460,+1-730-887-5477,2026-06-01 03:11:51,3156,VOICE,,5G,0.08,4.21
R02-0000679,2,Capital-Metro,+1-841-423-3662,,2026-06-01 16:04:00,6174,DATA,166878185,4G,0.0,1.67
R02-0000680,2,Capital-Metro,+1-878-630-5374,,2026-06-01 17:46:41,44,DATA,91428526,4G,0.0,0.91
R02-0000681,2,Capital-Metro,+1-432-554-6400,+1-475-908-2310,2026-06-01 05:30:51,1659,VOICE,,4G,0.1,2.77
R02-0000682,2,Capital-Metro,+1-394-845-6715,+1-205-693-5309,2026-06-01 02:23:24,590,VOICE,,4G,0.1,0.98
R02-0000683,2,Capital-Metro,+1-568-962-4929,+1-969-877-0350,2026-06-01 07:36:46,1473,VOICE,,5G,0.08,1.96
R02-0000684,2,Capital-Metro,+1-894-388-2189,+1-986-402-4116,2026-06-01 16:05:36,0,SMS,,4G,0.0,0.05
R02-0000685,2,Capital-Metro,+1-322-452-8950,,2026-06-01 12:10:31,2427,DATA,365866376,3G,0.0,3.66
R02-0000686,2,Capital-Metro,+1-571-535-8081,+1-693-837-5000,2026-06-01 09:21:31,0,SMS,,5G,0.0,0.05
R02-0000687,2,Capital-Metro,+1-855-481-6766,,2026-06-01 03:53:13,5479,DATA,350962504,4G,0.0,3.51
R02-0000688,2,Capital-Metro,+1-577-553-7207,+1-770-220-6156,2026-06-01 20:54:01,908,VOICE,,4G,0.1,1.51
R02-0000689,2,Capital-Metro,+1-550-806-1822,+1-647-525-7343,2026-06-01 07:00:40,689,VOICE,,5G,0.08,0.92
R02-0000690,2,Capital-Metro,+1-672-860-5079,,2026-06-01 21:23:21,916,DATA,48870207,4G,0.0,0.49
R02-0000691,2,Capital-Metro,+1-919-379-6578,+1-341-548-3356,2026-06-01 09:36:59,156,VOICE,,4G,0.1,0.26
R02-0000692,2,Capital-Metro,+1-242-765-1018,,2026-06-01 02:26:09,3922,DATA,108481273,4G,0.0,1.08
R02-0000693,2,Capital-Metro,+1-328-387-8178,+1-356-971-1427,2026-06-01 17:00:58,0,SMS,,4G,0.0,0.05
R02-0000694,2,Capital-Metro,+1-876-299-2995,+1-501-210-0122,2026-06-01 02:24:49,2325,VOICE,,4G,0.1,3.88
R02-0000695,2,Capital-Metro,+1-338-927-5834,,2026-06-01 00:01:36,2410,DATA,264653904,4G,0.0,2.65
R02-0000696,2,Capital-Metro,+1-696-316-9367,+1-604-349-6895,2026-06-01 12:27:40,995,VOICE,,5G,0.08,1.33
R02-0000697,2,Capital-Metro,+1-564-306-2555,+1-669-918-8532,2026-06-01 11:36:09,1405,VOICE,,5G,0.08,1.87
R02-0000698,2,Capital-Metro,+1-780-275-4768,,2026-06-01 17:47:31,809,DATA,62855689,5G,0.0,0.63
R02-0000699,2,Capital-Metro,+1-844-887-6126,+1-639-271-9579,2026-06-01 02:09:51,105,VOICE,,5G,0.08,0.14
R02-0000700,2,Capital-Metro,+1-904-728-3228,+1-690-436-2399,2026-06-01 11:56:52,2601,VOICE,,3G,0.12,5.2
R02-0000701,2,Capital-Metro,+1-234-604-8784,+1-506-673-1393,2026-06-01 10:47:16,1998,VOICE,,4G,0.1,3.33
R02-0000702,2,Capital-Metro,+1-514-543-3140,+1-769-957-8712,2026-06-01 20:21:43,0,SMS,,4G,0.0,0.05
R02-0000703,2,Capital-Metro,+1-247-810-9101,+1-357-317-0862,2026-06-01 06:47:36,0,SMS,,3G,0.0,0.05
R02-0000704,2,Capital-Metro,+1-474-343-0940,+1-622-954-8036,2026-06-01 20:45:17,2028,VOICE,,5G,0.08,2.7
R02-0000705,2,Capital-Metro,+1-631-451-9873,+1-663-504-5331,2026-06-01 22:25:41,531,VOICE,,5G,0.08,0.71
R02-0000706,2,Capital-Metro,+1-942-978-2326,+1-507-346-5157,2026-06-01 18:15:23,2277,VOICE,,4G,0.1,3.8
R02-0000707,2,Capital-Metro,+1-388-598-4724,+1-595-364-4939,2026-06-01 05:04:12,0,SMS,,4G,0.0,0.05
R02-0000708,2,Capital-Metro,+1-894-459-7956,+1-418-451-6523,2026-06-01 20:19:53,3325,VOICE,,3G,0.12,6.65
R02-0000709,2,Capital-Metro,+1-578-562-4681,+1-600-887-8159,2026-06-01 17:55:32,0,SMS,,4G,0.0,0.05
R02-0000710,2,Capital-Metro,+1-880-701-2471,+1-238-804-9568,2026-06-01 16:36:15,3543,VOICE,,4G,0.1,5.91
R02-0000711,2,Capital-Metro,+1-594-883-0643,+1-351-760-2065,2026-06-01 07:33:31,1064,VOICE,,3G,0.12,2.13
R02-0000712,2,Capital-Metro,+1-627-627-7784,+1-517-247-1064,2026-06-01 06:53:32,2575,VOICE,,4G,0.1,4.29
R02-0000713,2,Capital-Metro,+1-579-282-3337,+1-904-367-0580,2026-06-01 23:34:57,3595,VOICE,,4G,0.1,5.99
R02-0000714,2,Capital-Metro,+1-229-282-5224,+1-448-893-3479,2026-06-01 01:37:16,2542,VOICE,,4G,0.1,4.24
R02-0000715,2,Capital-Metro,+1-316-388-0582,,2026-06-01 15:46:16,5574,DATA,214485420,4G,0.0,2.14
R02-0000716,2,Capital-Metro,+1-279-906-9503,+1-988-684-5532,2026-06-01 04:41:16,2603,VOICE,,4G,0.1,4.34
R02-0000717,2,Capital-Metro,+1-262-789-2708,+1-804-759-6773,2026-06-01 02:46:04,1642,VOICE,,3G,0.12,3.28
R02-0000718,2,Capital-Metro,+1-693-940-6420,+1-814-925-6539,2026-06-01 00:30:36,1629,VOICE,,3G,0.12,3.26
R02-0000719,2,Capital-Metro,+1-411-420-5232,+1-787-558-6479,2026-06-01 13:05:59,3029,VOICE,,3G,0.12,6.06
R02-0000720,2,Capital-Metro,+1-505-976-9715,,2026-06-01 19:00:20,1760,DATA,382471079,3G,0.0,3.82
R02-0000721,2,Capital-Metro,+1-356-620-5557,+1-810-576-0664,2026-06-01 04:24:56,0,SMS,,3G,0.0,0.05
R02-0000722,2,Capital-Metro,+1-834-945-0921,,2026-06-01 23:41:44,6562,DATA,355564312,4G,0.0,3.56
R02-0000723,2,Capital-Metro,+1-210-357-1808,+1-934-453-1497,2026-06-01 18:59:58,0,SMS,,4G,0.0,0.05
R02-0000724,2,Capital-Metro,+1-627-473-1138,,2026-06-01 09:04:21,6138,DATA,321440870,4G,0.0,3.21
R02-0000725,2,Capital-Metro,+1-802-747-8646,+1-646-526-2966,2026-06-01 08:18:48,2908,VOICE,,4G,0.1,4.85
R02-0000726,2,Capital-Metro,+1-663-567-2893,+1-563-865-3764,2026-06-01 18:11:48,284,VOICE,,5G,0.08,0.38
R02-0000727,2,Capital-Metro,+1-482-579-5581,,2026-06-01 22:28:41,1762,DATA,408421383,4G,0.0,4.08
R02-0000728,2,Capital-Metro,+1-522-603-5650,+1-963-233-9431,2026-06-01 23:58:05,885,VOICE,,4G,0.1,1.48
R02-0000729,2,Capital-Metro,+1-799-253-4514,+1-908-314-4106,2026-06-01 06:10:02,1059,VOICE,,4G,0.1,1.76
R02-0000730,2,Capital-Metro,+1-276-905-0356,+1-451-474-9477,2026-06-01 05:03:44,771,VOICE,,4G,0.1,1.29
R02-0000731,2,Capital-Metro,+1-209-758-1453,+1-523-709-5910,2026-06-01 12:16:39,1844,VOICE,,4G,0.1,3.07
R02-0000732,2,Capital-Metro,+1-738-472-6329,,2026-06-01 22:38:58,6220,DATA,464676925,4G,0.0,4.65
R02-0000733,2,Capital-Metro,+1-544-351-8380,+1-941-995-7594,2026-06-01 23:02:05,0,SMS,,4G,0.0,0.05
R02-0000734,2,Capital-Metro,+1-685-300-1757,+1-769-737-5746,2026-06-01 10:28:43,786,VOICE,,4G,0.1,1.31
R02-0000735,2,Capital-Metro,+1-919-367-3645,+1-285-741-2044,2026-06-01 13:55:17,0,SMS,,5G,0.0,0.05
R02-0000736,2,Capital-Metro,+1-722-422-7919,+1-830-530-0265,2026-06-01 04:10:13,614,VOICE,,5G,0.08,0.82
R02-0000737,2,Capital-Metro,+1-310-496-9816,+1-875-936-4553,2026-06-01 15:59:14,1797,VOICE,,4G,0.1,3.0
R02-0000738,2,Capital-Metro,+1-862-224-5734,+1-558-341-5894,2026-06-01 00:37:17,0,SMS,,4G,0.0,0.05
R02-0000739,2,Capital-Metro,+1-948-457-5269,+1-304-302-9057,2026-06-01 11:30:09,0,SMS,,3G,0.0,0.05
R02-0000740,2,Capital-Metro,+1-623-817-8005,+1-935-762-3708,2026-06-01 19:03:51,321,VOICE,,5G,0.08,0.43
R02-0000741,2,Capital-Metro,+1-722-873-0398,+1-269-220-1208,2026-06-01 21:05:00,0,SMS,,4G,0.0,0.05
R02-0000742,2,Capital-Metro,+1-350-337-4319,+1-928-788-9712,2026-06-01 03:35:09,0,SMS,,4G,0.0,0.05
R02-0000743,2,Capital-Metro,+1-212-837-2594,+1-683-494-3719,2026-06-01 15:58:42,968,VOICE,,4G,0.1,1.61
R02-0000744,2,Capital-Metro,+1-802-256-2737,+1-758-360-8112,2026-06-01 17:48:47,2393,VOICE,,4G,0.1,3.99
R02-0000745,2,Capital-Metro,+1-655-580-6398,+1-727-243-5957,2026-06-01 01:46:26,1681,VOICE,,5G,0.08,2.24
R02-0000746,2,Capital-Metro,+1-610-820-4422,+1-620-200-2183,2026-06-01 08:59:14,0,SMS,,4G,0.0,0.05
R02-0000747,2,Capital-Metro,+1-590-852-7314,+1-571-602-5708,2026-06-01 06:19:20,2543,VOICE,,3G,0.12,5.09
R02-0000748,2,Capital-Metro,+1-946-755-3135,+1-789-888-5933,2026-06-01 05:57:09,2055,VOICE,,3G,0.12,4.11
R02-0000749,2,Capital-Metro,+1-899-372-0128,+1-817-236-1307,2026-06-01 16:51:59,1044,VOICE,,4G,0.1,1.74
R02-0000750,2,Capital-Metro,+1-380-534-7765,+1-557-967-9267,2026-06-01 01:47:52,0,SMS,,5G,0.0,0.05
R02-0000751,2,Capital-Metro,+1-888-254-1615,+1-605-884-6404,2026-06-01 13:11:21,0,SMS,,4G,0.0,0.05
R02-0000752,2,Capital-Metro,+1-805-865-2078,+1-470-736-3341,2026-06-01 12:57:09,1286,VOICE,,5G,0.08,1.71
R02-0000753,2,Capital-Metro,+1-983-972-9683,,2026-06-01 04:19:58,6788,DATA,389538842,5G,0.0,3.9
R02-0000754,2,Capital-Metro,+1-848-326-4533,+1-232-796-4194,2026-06-01 21:40:04,0,SMS,,4G,0.0,0.05
R02-0000755,2,Capital-Metro,+1-756-606-3224,+1-502-502-3393,2026-06-01 10:54:33,0,SMS,,3G,0.0,0.05
R02-0000756,2,Capital-Metro,+1-574-810-1415,+1-448-277-9400,2026-06-01 19:35:37,0,SMS,,4G,0.0,0.05
R02-0000757,2,Capital-Metro,+1-734-949-1082,+1-274-442-0552,2026-06-01 02:19:29,0,SMS,,3G,0.0,0.05
R02-0000758,2,Capital-Metro,+1-909-513-8714,,2026-06-01 22:20:28,5349,DATA,365219769,4G,0.0,3.65
R02-0000759,2,Capital-Metro,+1-923-883-8579,+1-829-890-7824,2026-06-01 21:24:10,0,VOICE,,5G,0.08,0.0
R02-0000760,2,Capital-Metro,+1-684-516-0630,+1-854-506-9686,2026-06-01 15:20:09,277,VOICE,,4G,0.1,0.46
R02-0000761,2,Capital-Metro,+1-226-562-3913,,2026-06-01 05:51:15,4547,DATA,33666721,4G,0.0,0.34
R02-0000762,2,Capital-Metro,+1-256-214-3062,,2026-06-01 02:31:12,4839,DATA,61631369,4G,0.0,0.62
R02-0000763,2,Capital-Metro,+1-817-729-8144,+1-493-756-4175,2026-06-01 02:55:30,0,SMS,,4G,0.0,0.05
R02-0000764,2,Capital-Metro,+1-950-991-4931,+1-301-815-2841,2026-06-01 18:22:57,0,SMS,,5G,0.0,0.05
R02-0000765,2,Capital-Metro,+1-545-402-8270,+1-750-525-0867,2026-06-01 13:00:21,2965,VOICE,,4G,0.1,4.94
R02-0000766,2,Capital-Metro,+1-747-482-7344,+1-609-429-7729,2026-06-01 14:20:52,0,SMS,,5G,0.0,0.05
R02-0000767,2,Capital-Metro,+1-451-284-4233,,2026-06-01 15:56:15,5908,DATA,17760179,4G,0.0,0.18
R02-0000768,2,Capital-Metro,+1-959-531-9791,+1-226-427-5648,2026-06-01 06:45:07,1424,VOICE,,5G,0.08,1.9
R02-0000769,2,Capital-Metro,+1-704-826-8075,,2026-06-01 08:20:04,2134,DATA,493331420,5G,0.0,4.93
R02-0000770,2,Capital-Metro,+1-949-295-1827,+1-494-468-6791,2026-06-01 16:34:31,0,SMS,,5G,0.0,0.05
R02-0000771,2,Capital-Metro,+1-236-810-1582,+1-499-817-7246,2026-06-01 15:00:54,0,SMS,,4G,0.0,0.05
R02-0000772,2,Capital-Metro,+1-810-897-8467,+1-505-818-9413,2026-06-01 20:13:05,1820,VOICE,,4G,0.1,3.03
R02-0000773,2,Capital-Metro,+1-502-663-2347,,2026-06-01 08:34:13,1828,DATA,401062363,3G,0.0,4.01
R02-0000774,2,Capital-Metro,+1-730-536-5115,+1-711-375-8011,2026-06-01 06:17:33,1110,VOICE,,4G,0.1,1.85
R02-0000775,2,Capital-Metro,+1-956-973-9593,+1-624-420-5042,2026-06-01 04:06:38,2521,VOICE,,3G,0.12,5.04
R02-0000776,2,Capital-Metro,+1-296-532-3369,+1-561-692-7577,2026-06-01 10:30:13,257,VOICE,,5G,0.08,0.34
R02-0000777,2,Capital-Metro,+1-697-246-0567,+1-205-473-2474,2026-06-01 09:04:53,1105,VOICE,,3G,0.12,2.21
R02-0000778,2,Capital-Metro,+1-245-234-0115,+1-922-276-7996,2026-06-01 16:11:08,2160,VOICE,,5G,0.08,2.88
R02-0000779,2,Capital-Metro,+1-787-318-3469,+1-501-705-6376,2026-06-01 00:54:42,1941,VOICE,,4G,0.1,3.24
R02-0000780,2,Capital-Metro,+1-866-986-0185,,2026-06-01 22:22:19,6329,DATA,332937613,4G,0.0,3.33
R02-0000781,2,Capital-Metro,+1-623-292-4556,,2026-06-01 04:39:02,3987,DATA,434979423,3G,0.0,4.35
R02-0000782,2,Capital-Metro,+1-322-237-6731,+1-762-772-5571,2026-06-01 08:17:08,0,SMS,,4G,0.0,0.05
R02-0000783,2,Capital-Metro,+1-226-711-5948,+1-555-532-2405,2026-06-01 18:51:31,1577,VOICE,,5G,0.08,2.1
R02-0000784,2,Capital-Metro,+1-506-991-9652,+1-680-491-0307,2026-06-01 15:46:20,0,SMS,,4G,0.0,0.05
R02-0000785,2,Capital-Metro,+1-828-338-5144,+1-238-786-4267,2026-06-01 17:02:34,0,SMS,,3G,0.0,0.05
R02-0000786,2,Capital-Metro,+1-985-323-5227,,2026-06-01 23:26:26,1685,DATA,405522298,3G,0.0,4.06
R02-0000787,2,Capital-Metro,+1-433-519-8666,+1-793-879-8810,2026-06-01 12:54:51,0,SMS,,5G,0.0,0.05
R02-0000788,2,Capital-Metro,+1-431-801-1351,+1-572-385-8289,2026-06-01 05:38:45,0,SMS,,4G,0.0,0.05
R02-0000789,2,Capital-Metro,+1-223-420-6662,+1-779-916-5219,2026-06-01 16:59:58,0,SMS,,4G,0.0,0.05
R02-0000790,2,Capital-Metro,+1-505-993-5800,+1-525-732-2544,2026-06-01 12:36:36,3240,VOICE,,5G,0.08,4.32
R02-0000791,2,Capital-Metro,+1-236-806-5134,,2026-06-01 08:57:07,5378,DATA,456749401,4G,0.0,4.57
R02-0000792,2,Capital-Metro,+1-335-908-4724,+1-353-927-5565,2026-06-01 15:59:29,0,SMS,,4G,0.0,0.05
R02-0000793,2,Capital-Metro,+1-505-593-8206,+1-887-635-7397,2026-06-01 18:57:17,0,VOICE,,4G,0.1,0.0
R02-0000794,2,Capital-Metro,+1-362-343-8751,+1-634-429-2572,2026-06-01 11:58:27,0,SMS,,5G,0.0,0.05
R02-0000795,2,Capital-Metro,+1-719-924-8500,+1-810-227-8723,2026-06-01 06:07:03,0,SMS,,4G,0.0,0.05
R02-0000796,2,Capital-Metro,+1-333-870-2517,+1-829-463-1607,2026-06-01 16:47:18,866,VOICE,,3G,0.12,1.73
R02-0000797,2,Capital-Metro,+1-873-298-5904,+1-522-858-1293,2026-06-01 03:54:37,279,VOICE,,5G,0.08,0.37
R02-0000798,2,Capital-Metro,+1-322-926-7111,+1-913-601-8862,2026-06-01 20:11:06,0,SMS,,4G,0.0,0.05
R02-0000799,2,Capital-Metro,+1-355-429-9506,,2026-06-01 06:12:09,5455,DATA,69705168,4G,0.0,0.7
R02-0000800,2,Capital-Metro,+1-918-865-8634,+1-767-914-0301,2026-06-01 09:48:03,1553,VOICE,,5G,0.08,2.07
R02-0000801,2,Capital-Metro,+1-368-866-1744,+1-962-815-2162,2026-06-01 07:11:27,1033,VOICE,,3G,0.12,2.07
R02-0000802,2,Capital-Metro,+1-790-568-7958,+1-814-489-7144,2026-06-01 22:01:22,593,VOICE,,5G,0.08,0.79
R02-0000803,2,Capital-Metro,+1-642-392-6825,+1-891-736-1229,2026-06-01 03:08:59,512,VOICE,,4G,0.1,0.85
R02-0000804,2,Capital-Metro,+1-607-750-3174,+1-960-997-5090,2026-06-01 05:58:42,2280,VOICE,,4G,0.1,3.8
R02-0000805,2,Capital-Metro,+1-279-203-1488,+1-693-780-6941,2026-06-01 12:48:39,0,SMS,,5G,0.0,0.05
R02-0000806,2,Capital-Metro,+1-943-312-0072,+1-688-909-6379,2026-06-01 07:54:03,0,SMS,,4G,0.0,0.05
R02-0000807,2,Capital-Metro,+1-743-243-2618,,2026-06-01 03:06:20,7146,DATA,156387612,4G,0.0,1.56
R02-0000808,2,Capital-Metro,+1-728-485-3441,+1-699-611-5212,2026-06-01 06:20:15,421,VOICE,,4G,0.1,0.7
R02-0000809,2,Capital-Metro,+1-785-453-2366,,2026-06-01 16:21:02,2249,DATA,383342282,5G,0.0,3.83
R02-0000810,2,Capital-Metro,+1-460-479-4586,,2026-06-01 02:19:50,5047,DATA,450133260,5G,0.0,4.5
R02-0000811,2,Capital-Metro,+1-200-763-5788,,2026-06-01 17:51:38,1088,DATA,3201788,4G,0.0,0.03
R02-0000812,2,Capital-Metro,+1-627-652-8492,+1-535-336-8505,2026-06-01 19:47:17,3457,VOICE,,4G,0.1,5.76
R02-0000813,2,Capital-Metro,+1-755-506-2571,,2026-06-01 05:36:43,5970,DATA,209739835,4G,0.0,2.1
R02-0000814,2,Capital-Metro,+1-517-927-6097,+1-560-749-2357,2026-06-01 22:22:39,0,SMS,,5G,0.0,0.05
R02-0000815,2,Capital-Metro,+1-719-755-7751,,2026-06-01 04:09:12,1991,DATA,136508622,3G,0.0,1.37
R02-0000816,2,Capital-Metro,+1-311-593-6535,+1-352-347-5268,2026-06-01 22:13:12,0,SMS,,3G,0.0,0.05
R02-0000817,2,Capital-Metro,+1-587-494-3236,+1-989-792-0449,2026-06-01 00:48:34,580,VOICE,,4G,0.1,0.97
R02-0000818,2,Capital-Metro,+1-520-542-8635,,2026-06-01 04:57:21,604,DATA,481876222,5G,0.0,4.82
R02-0000819,2,Capital-Metro,+1-800-731-3928,+1-287-484-6535,2026-06-01 20:37:14,2167,VOICE,,4G,0.1,3.61
R02-0000820,2,Capital-Metro,+1-260-664-6960,+1-964-814-8200,2026-06-01 09:14:58,978,VOICE,,4G,0.1,1.63
R02-0000821,2,Capital-Metro,+1-418-816-7747,,2026-06-01 21:06:29,2787,DATA,414569112,5G,0.0,4.15
R02-0000822,2,Capital-Metro,+1-273-904-4416,+1-639-278-1961,2026-06-01 01:43:09,1588,VOICE,,4G,0.1,2.65
R02-0000823,2,Capital-Metro,+1-588-347-0262,,2026-06-01 15:23:18,242,DATA,85059095,4G,0.0,0.85
R02-0000824,2,Capital-Metro,+1-739-965-6154,+1-402-964-8951,2026-06-01 20:13:14,0,SMS,,4G,0.0,0.05
R02-0000825,2,Capital-Metro,+1-763-246-0515,+1-553-823-9293,2026-06-01 05:17:07,1539,VOICE,,4G,0.1,2.56
R02-0000826,2,Capital-Metro,+1-370-389-6375,+1-375-826-0269,2026-06-01 12:46:12,0,SMS,,3G,0.0,0.05
R02-0000827,2,Capital-Metro,+1-398-630-1666,+1-273-987-3715,2026-06-01 10:46:26,1976,VOICE,,5G,0.08,2.63
R02-0000828,2,Capital-Metro,+1-839-245-0589,+1-881-510-7033,2026-06-01 10:34:33,2078,VOICE,,4G,0.1,3.46
R02-0000829,2,Capital-Metro,+1-616-341-8216,+1-804-556-7842,2026-06-01 16:19:54,0,SMS,,5G,0.0,0.05
R02-0000830,2,Capital-Metro,+1-524-689-8173,,2026-06-01 23:44:14,286,DATA,233258753,4G,0.0,2.33
R02-0000831,2,Capital-Metro,+1-361-208-0886,+1-274-767-1467,2026-06-01 08:17:53,0,VOICE,,4G,0.1,0.0
R02-0000832,2,Capital-Metro,+1-295-782-2669,+1-650-850-0244,2026-06-01 01:50:48,2457,VOICE,,4G,0.1,4.1
R02-0000833,2,Capital-Metro,+1-431-333-3397,+1-272-769-5496,2026-06-01 07:58:21,51,VOICE,,5G,0.08,0.07
R02-0000834,2,Capital-Metro,+1-250-401-8613,,2026-06-01 05:11:09,198,DATA,383634568,5G,0.0,3.84
R02-0000835,2,Capital-Metro,+1-349-412-7659,+1-385-857-6368,2026-06-01 06:28:32,2243,VOICE,,4G,0.1,3.74
R02-0000836,2,Capital-Metro,+1-892-521-6092,,2026-06-01 03:58:39,2522,DATA,14627261,4G,0.0,0.15
R02-0000837,2,Capital-Metro,+1-596-639-6945,,2026-06-01 17:15:07,1330,DATA,330957693,3G,0.0,3.31
R02-0000838,2,Capital-Metro,+1-437-996-4927,+1-783-715-8638,2026-06-01 19:56:07,2169,VOICE,,4G,0.1,3.62
R02-0000839,2,Capital-Metro,+1-257-372-3255,,2026-06-01 07:09:32,2445,DATA,453719991,4G,0.0,4.54
R02-0000840,2,Capital-Metro,+1-731-915-7717,,2026-06-01 07:53:41,3077,DATA,95042156,5G,0.0,0.95
R02-0000841,2,Capital-Metro,+1-447-212-1524,+1-233-827-8512,2026-06-01 18:03:53,991,VOICE,,5G,0.08,1.32
R02-0000842,2,Capital-Metro,+1-230-539-7739,+1-320-564-8551,2026-06-01 01:14:19,0,SMS,,5G,0.0,0.05
R02-0000843,2,Capital-Metro,+1-960-483-6356,+1-828-335-9948,2026-06-01 13:23:57,2484,VOICE,,5G,0.08,3.31
R02-0000844,2,Capital-Metro,+1-352-263-1192,,2026-06-01 14:36:48,4389,DATA,344131948,5G,0.0,3.44
R02-0000845,2,Capital-Metro,+1-247-218-0910,,2026-06-01 08:49:52,4295,DATA,64516146,4G,0.0,0.65
R02-0000846,2,Capital-Metro,+1-320-496-1914,+1-466-363-1960,2026-06-01 03:43:38,0,SMS,,5G,0.0,0.05
R02-0000847,2,Capital-Metro,+1-701-918-9700,+1-815-903-4263,2026-06-01 22:42:28,0,SMS,,3G,0.0,0.05
R02-0000848,2,Capital-Metro,+1-725-742-3926,,2026-06-01 18:25:06,618,DATA,277424193,4G,0.0,2.77
R02-0000849,2,Capital-Metro,+1-831-783-3629,+1-731-931-7276,2026-06-01 20:32:27,2069,VOICE,,4G,0.1,3.45
R02-0000850,2,Capital-Metro,+1-944-370-2754,+1-589-252-8731,2026-06-01 21:51:43,28,VOICE,,5G,0.08,0.04
R02-0000851,2,Capital-Metro,+1-842-624-2393,+1-494-575-6602,2026-06-01 10:21:57,0,SMS,,5G,0.0,0.05
R02-0000852,2,Capital-Metro,+1-652-274-4758,+1-673-725-3503,2026-06-01 17:02:25,0,SMS,,5G,0.0,0.05
R02-0000853,2,Capital-Metro,+1-792-615-7737,+1-397-681-4934,2026-06-01 22:34:13,0,SMS,,3G,0.0,0.05
R02-0000854,2,Capital-Metro,+1-365-736-8659,+1-342-317-8190,2026-06-01 17:15:39,0,SMS,,4G,0.0,0.05
R02-0000855,2,Capital-Metro,+1-748-720-8922,,2026-06-01 17:09:20,6391,DATA,161268578,3G,0.0,1.61
R02-0000856,2,Capital-Metro,+1-626-856-4926,+1-762-463-9997,2026-06-01 14:17:51,600,VOICE,,5G,0.08,0.8
R02-0000857,2,Capital-Metro,+1-366-455-6629,+1-737-578-3728,2026-06-01 21:17:57,137,VOICE,,5G,0.08,0.18
R02-0000858,2,Capital-Metro,+1-465-662-9441,,2026-06-01 15:58:35,7056,DATA,214991178,4G,0.0,2.15
R02-0000859,2,Capital-Metro,+1-413-825-9194,+1-822-793-0874,2026-06-01 16:21:28,2756,VOICE,,4G,0.1,4.59
R02-0000860,2,Capital-Metro,+1-418-775-1456,+1-669-253-3057,2026-06-01 00:10:32,0,SMS,,4G,0.0,0.05
R02-0000861,2,Capital-Metro,+1-600-837-3638,+1-509-486-4918,2026-06-01 23:12:27,835,VOICE,,3G,0.12,1.67
R02-0000862,2,Capital-Metro,+1-478-659-9945,+1-706-476-8285,2026-06-01 05:02:26,653,VOICE,,3G,0.12,1.31
R02-0000863,2,Capital-Metro,+1-642-558-4392,+1-215-556-7673,2026-06-01 06:25:19,0,SMS,,3G,0.0,0.05
R02-0000864,2,Capital-Metro,+1-887-367-1222,+1-805-713-2104,2026-06-01 22:32:03,167,VOICE,,4G,0.1,0.28
R02-0000865,2,Capital-Metro,+1-884-258-8612,,2026-06-01 22:11:08,3941,DATA,38728508,4G,0.0,0.39
R02-0000866,2,Capital-Metro,+1-493-866-3794,,2026-06-01 23:09:13,5625,DATA,213459330,5G,0.0,2.13
R02-0000867,2,Capital-Metro,+1-330-304-2281,+1-931-487-5401,2026-06-01 17:01:50,1552,VOICE,,4G,0.1,2.59
R02-0000868,2,Capital-Metro,+1-303-233-9976,+1-226-313-1767,2026-06-01 17:17:19,0,SMS,,4G,0.0,0.05
R02-0000869,2,Capital-Metro,+1-957-749-0573,+1-677-817-5459,2026-06-01 05:18:29,0,SMS,,4G,0.0,0.05
R02-0000870,2,Capital-Metro,+1-816-614-9308,+1-387-477-3028,2026-06-01 21:38:30,3002,VOICE,,4G,0.1,5.0
R02-0000871,2,Capital-Metro,+1-435-298-5200,+1-764-979-6094,2026-06-01 00:32:24,1295,VOICE,,4G,0.1,2.16
R02-0000872,2,Capital-Metro,+1-925-362-2333,+1-672-591-3453,2026-06-01 06:26:01,3028,VOICE,,4G,0.1,5.05
R02-0000873,2,Capital-Metro,+1-221-985-5777,+1-442-251-4181,2026-06-01 09:04:52,0,VOICE,,5G,0.08,0.0
R02-0000874,2,Capital-Metro,+1-891-339-2640,+1-400-843-4790,2026-06-01 14:37:01,0,SMS,,4G,0.0,0.05
R02-0000875,2,Capital-Metro,+1-631-700-0105,+1-521-970-0561,2026-06-01 14:16:32,0,VOICE,,4G,0.1,0.0
R02-0000876,2,Capital-Metro,+1-902-652-4832,+1-862-677-7225,2026-06-01 03:08:16,0,SMS,,4G,0.0,0.05
R02-0000877,2,Capital-Metro,+1-525-240-7898,,2026-06-01 01:39:32,3113,DATA,187190966,5G,0.0,1.87
R02-0000878,2,Capital-Metro,+1-520-794-0706,,2026-06-01 17:27:20,4770,DATA,70358000,4G,0.0,0.7
R02-0000879,2,Capital-Metro,+1-382-728-3613,,2026-06-01 07:38:17,3366,DATA,946827,4G,0.0,0.01
R02-0000880,2,Capital-Metro,+1-733-781-8442,+1-369-897-8938,2026-06-01 03:54:37,682,VOICE,,3G,0.12,1.36
R02-0000881,2,Capital-Metro,+1-948-555-0126,+1-982-613-4671,2026-06-01 03:54:45,401,VOICE,,3G,0.12,0.8
R02-0000882,2,Capital-Metro,+1-810-474-0884,+1-398-588-5841,2026-06-01 01:08:06,2136,VOICE,,5G,0.08,2.85
R02-0000883,2,Capital-Metro,+1-989-244-8051,+1-983-494-1503,2026-06-01 10:05:13,2016,VOICE,,5G,0.08,2.69
R02-0000884,2,Capital-Metro,+1-930-973-6217,+1-203-841-2032,2026-06-01 07:45:30,3164,VOICE,,4G,0.1,5.27
R02-0000885,2,Capital-Metro,+1-691-411-3417,+1-893-923-6962,2026-06-01 21:52:01,1925,VOICE,,4G,0.1,3.21
R02-0000886,2,Capital-Metro,+1-659-611-6296,,2026-06-01 18:36:02,3537,DATA,179086767,4G,0.0,1.79
R02-0000887,2,Capital-Metro,+1-569-408-6801,+1-858-320-3510,2026-06-01 23:18:50,0,SMS,,4G,0.0,0.05
R02-0000888,2,Capital-Metro,+1-846-811-1301,+1-242-232-2112,2026-06-01 22:46:26,0,SMS,,3G,0.0,0.05
R02-0000889,2,Capital-Metro,+1-792-818-4082,+1-658-846-8763,2026-06-01 17:22:36,934,VOICE,,4G,0.1,1.56
R02-0000890,2,Capital-Metro,+1-570-417-6862,+1-770-250-7722,2026-06-01 09:45:20,0,SMS,,5G,0.0,0.05
R02-0000891,2,Capital-Metro,+1-681-529-5384,+1-319-506-7202,2026-06-01 03:46:08,173,VOICE,,5G,0.08,0.23
R02-0000892,2,Capital-Metro,+1-949-780-7104,,2026-06-01 08:55:45,1441,DATA,61492961,4G,0.0,0.61
R02-0000893,2,Capital-Metro,+1-496-901-5710,,2026-06-01 11:13:07,3581,DATA,196396289,4G,0.0,1.96
R02-0000894,2,Capital-Metro,+1-901-791-2148,+1-753-216-3543,2026-06-01 12:57:02,0,SMS,,4G,0.0,0.05
R02-0000895,2,Capital-Metro,+1-914-517-6653,,2026-06-01 08:45:55,2145,DATA,423971754,4G,0.0,4.24
R02-0000896,2,Capital-Metro,+1-984-423-6833,,2026-06-01 17:12:04,3237,DATA,159721425,3G,0.0,1.6
R02-0000897,2,Capital-Metro,+1-453-722-3378,+1-974-300-4564,2026-06-01 14:22:44,233,VOICE,,4G,0.1,0.39
R02-0000898,2,Capital-Metro,+1-458-826-9807,+1-595-599-8558,2026-06-01 11:06:25,642,VOICE,,4G,0.1,1.07
R02-0000899,2,Capital-Metro,+1-466-986-3184,+1-233-461-7527,2026-06-01 11:02:11,0,SMS,,4G,0.0,0.05
R02-0000900,2,Capital-Metro,+1-436-780-9935,+1-907-348-6224,2026-06-01 21:40:39,2622,VOICE,,5G,0.08,3.5
R02-0000901,2,Capital-Metro,+1-327-414-6709,+1-860-563-2535,2026-06-01 06:50:16,2176,VOICE,,3G,0.12,4.35
R02-0000902,2,Capital-Metro,+1-263-601-3929,+1-898-828-3423,2026-06-01 23:36:50,0,SMS,,4G,0.0,0.05
R02-0000903,2,Capital-Metro,+1-875-211-6917,,2026-06-01 08:09:33,6259,DATA,157929003,5G,0.0,1.58
R02-0000904,2,Capital-Metro,+1-806-712-9789,+1-347-640-2013,2026-06-01 17:15:15,2513,VOICE,,5G,0.08,3.35
R02-0000905,2,Capital-Metro,+1-736-719-3243,+1-244-882-7910,2026-06-01 01:02:19,631,VOICE,,4G,0.1,1.05
R02-0000906,2,Capital-Metro,+1-824-610-0343,+1-482-931-3195,2026-06-01 08:43:14,0,SMS,,5G,0.0,0.05
R02-0000907,2,Capital-Metro,+1-714-363-3401,+1-864-569-3883,2026-06-01 13:37:55,2363,VOICE,,4G,0.1,3.94
R02-0000908,2,Capital-Metro,+1-539-338-4600,+1-577-820-8973,2026-06-01 06:39:57,0,SMS,,4G,0.0,0.05
R02-0000909,2,Capital-Metro,+1-889-491-6936,+1-694-739-0819,2026-06-01 06:22:19,0,VOICE,,3G,0.12,0.0
R02-0000910,2,Capital-Metro,+1-839-384-3092,+1-967-749-1232,2026-06-01 07:02:48,0,SMS,,5G,0.0,0.05
R02-0000911,2,Capital-Metro,+1-942-576-9645,+1-251-590-8793,2026-06-01 05:00:36,0,SMS,,4G,0.0,0.05
R02-0000912,2,Capital-Metro,+1-404-631-8167,+1-910-769-8889,2026-06-01 07:09:20,0,SMS,,5G,0.0,0.05
R02-0000913,2,Capital-Metro,+1-364-377-1436,+1-738-766-7534,2026-06-01 14:12:00,1726,VOICE,,5G,0.08,2.3
R02-0000914,2,Capital-Metro,+1-329-588-3366,+1-537-361-0278,2026-06-01 13:48:55,0,SMS,,3G,0.0,0.05
R02-0000915,2,Capital-Metro,+1-482-997-8621,+1-877-340-7327,2026-06-01 00:24:52,0,SMS,,4G,0.0,0.05
R02-0000916,2,Capital-Metro,+1-935-317-6264,+1-446-670-1550,2026-06-01 09:54:15,678,VOICE,,5G,0.08,0.9
R02-0000917,2,Capital-Metro,+1-274-991-3493,+1-234-543-0989,2026-06-01 08:40:18,2217,VOICE,,4G,0.1,3.7
R02-0000918,2,Capital-Metro,+1-786-960-7675,+1-821-899-9955,2026-06-01 12:35:42,907,VOICE,,4G,0.1,1.51
R02-0000919,2,Capital-Metro,+1-873-673-2575,+1-293-615-8952,2026-06-01 18:23:48,0,SMS,,4G,0.0,0.05
R02-0000920,2,Capital-Metro,+1-952-931-4072,+1-654-464-7249,2026-06-01 09:39:47,0,SMS,,4G,0.0,0.05
R02-0000921,2,Capital-Metro,+1-686-507-7715,+1-524-803-2264,2026-06-01 10:35:09,2630,VOICE,,3G,0.12,5.26
R02-0000922,2,Capital-Metro,+1-672-847-5467,,2026-06-01 19:18:01,941,DATA,243982178,4G,0.0,2.44
R02-0000923,2,Capital-Metro,+1-590-691-9124,+1-900-227-6580,2026-06-01 18:16:12,2689,VOICE,,4G,0.1,4.48
R02-0000924,2,Capital-Metro,+1-733-819-7946,+1-877-413-9109,2026-06-01 00:14:35,3129,VOICE,,3G,0.12,6.26
R02-0000925,2,Capital-Metro,+1-872-415-0560,+1-202-497-4767,2026-06-01 13:59:29,1676,VOICE,,5G,0.08,2.23
R02-0000926,2,Capital-Metro,+1-889-298-2900,+1-614-386-1437,2026-06-01 04:46:50,442,VOICE,,3G,0.12,0.88
R02-0000927,2,Capital-Metro,+1-690-668-9129,+1-880-575-0302,2026-06-01 00:36:57,2712,VOICE,,4G,0.1,4.52
R02-0000928,2,Capital-Metro,+1-840-747-0817,,2026-06-01 21:11:52,937,DATA,204195383,3G,0.0,2.04
R02-0000929,2,Capital-Metro,+1-672-858-7471,+1-601-448-6706,2026-06-01 05:37:40,3463,VOICE,,4G,0.1,5.77
R02-0000930,2,Capital-Metro,+1-744-218-5422,,2026-06-01 13:13:41,6058,DATA,366290746,4G,0.0,3.66
R02-0000931,2,Capital-Metro,+1-861-742-4988,+1-541-248-6621,2026-06-01 11:56:58,0,SMS,,5G,0.0,0.05
R02-0000932,2,Capital-Metro,+1-683-542-8844,+1-519-691-5793,2026-06-01 02:40:55,0,SMS,,4G,0.0,0.05
R02-0000933,2,Capital-Metro,+1-749-668-7975,+1-655-444-1065,2026-06-01 18:45:15,3370,VOICE,,3G,0.12,6.74
R02-0000934,2,Capital-Metro,+1-960-231-1707,,2026-06-01 04:45:12,1485,DATA,466387802,4G,0.0,4.66
R02-0000935,2,Capital-Metro,+1-878-582-7357,+1-443-979-7724,2026-06-01 01:10:50,0,SMS,,3G,0.0,0.05
R02-0000936,2,Capital-Metro,+1-412-994-0429,+1-861-876-8189,2026-06-01 07:34:54,0,SMS,,4G,0.0,0.05
R02-0000937,2,Capital-Metro,+1-498-421-6488,+1-319-213-7435,2026-06-01 20:23:19,1575,VOICE,,4G,0.1,2.62
R02-0000938,2,Capital-Metro,+1-880-935-9732,,2026-06-01 15:21:01,4426,DATA,105520164,5G,0.0,1.06
R02-0000939,2,Capital-Metro,+1-362-645-7409,+1-603-636-0197,2026-06-01 09:15:35,88,VOICE,,5G,0.08,0.12
R02-0000940,2,Capital-Metro,+1-670-478-8129,+1-436-276-5891,2026-06-01 14:17:53,2355,VOICE,,4G,0.1,3.93
R02-0000941,2,Capital-Metro,+1-862-591-4203,+1-394-252-9700,2026-06-01 02:50:03,3358,VOICE,,5G,0.08,4.48
R02-0000942,2,Capital-Metro,+1-489-792-4671,+1-930-370-0113,2026-06-01 19:34:56,0,SMS,,4G,0.0,0.05
R02-0000943,2,Capital-Metro,+1-940-486-2555,+1-940-472-8861,2026-06-01 01:32:31,0,SMS,,4G,0.0,0.05
R02-0000944,2,Capital-Metro,+1-718-921-7858,,2026-06-01 06:42:00,4831,DATA,264447928,4G,0.0,2.64
R02-0000945,2,Capital-Metro,+1-968-517-2697,+1-269-303-6767,2026-06-01 11:11:09,2109,VOICE,,4G,0.1,3.52
R02-0000946,2,Capital-Metro,+1-402-540-0630,+1-797-904-4168,2026-06-01 20:19:17,0,SMS,,5G,0.0,0.05
R02-0000947,2,Capital-Metro,+1-879-685-0433,+1-452-428-8248,2026-06-01 14:04:35,2759,VOICE,,4G,0.1,4.6
R02-0000948,2,Capital-Metro,+1-291-311-8492,+1-649-979-2357,2026-06-01 01:11:19,0,SMS,,4G,0.0,0.05
R02-0000949,2,Capital-Metro,+1-587-354-1575,+1-883-751-0449,2026-06-01 23:49:17,0,SMS,,3G,0.0,0.05
R02-0000950,2,Capital-Metro,+1-640-951-8881,+1-413-512-4239,2026-06-01 03:06:59,2887,VOICE,,3G,0.12,5.77
R02-0000951,2,Capital-Metro,+1-690-258-0968,+1-547-255-8765,2026-06-01 20:55:15,0,SMS,,4G,0.0,0.05
R02-0000952,2,Capital-Metro,+1-340-232-6553,+1-784-380-4324,2026-06-01 09:41:23,1795,VOICE,,5G,0.08,2.39
R02-0000953,2,Capital-Metro,+1-840-996-9873,+1-349-951-8796,2026-06-01 08:07:13,0,SMS,,4G,0.0,0.05
R02-0000954,2,Capital-Metro,+1-421-578-0702,+1-575-765-6792,2026-06-01 09:24:36,0,SMS,,4G,0.0,0.05
R02-0000955,2,Capital-Metro,+1-762-277-4922,+1-652-496-5630,2026-06-01 09:38:29,437,VOICE,,3G,0.12,0.87
R02-0000956,2,Capital-Metro,+1-314-259-5754,,2026-06-01 07:35:00,5468,DATA,299632125,4G,0.0,3.0
R02-0000957,2,Capital-Metro,+1-346-801-0242,,2026-06-01 07:54:08,154,DATA,258832386,4G,0.0,2.59
R02-0000958,2,Capital-Metro,+1-459-993-0080,,2026-06-01 04:36:40,1370,DATA,68536000,5G,0.0,0.69
R02-0000959,2,Capital-Metro,+1-660-281-9982,+1-699-573-2396,2026-06-01 04:50:42,402,VOICE,,5G,0.08,0.54
R02-0000960,2,Capital-Metro,+1-741-319-4378,+1-708-572-9211,2026-06-01 01:34:45,0,SMS,,3G,0.0,0.05
R02-0000961,2,Capital-Metro,+1-611-819-6449,+1-723-356-3023,2026-06-01 05:43:51,2010,VOICE,,5G,0.08,2.68
R02-0000962,2,Capital-Metro,+1-444-993-0151,,2026-06-01 02:34:13,3697,DATA,327631642,5G,0.0,3.28
R02-0000963,2,Capital-Metro,+1-203-526-6434,+1-723-649-4791,2026-06-01 17:00:51,1020,VOICE,,4G,0.1,1.7
R02-0000964,2,Capital-Metro,+1-451-867-9149,+1-381-890-0532,2026-06-01 20:04:40,3111,VOICE,,5G,0.08,4.15
R02-0000965,2,Capital-Metro,+1-771-794-1952,+1-242-612-5127,2026-06-01 22:36:21,0,SMS,,3G,0.0,0.05
R02-0000966,2,Capital-Metro,+1-747-724-9607,+1-527-854-3632,2026-06-01 19:12:26,0,SMS,,5G,0.0,0.05
R02-0000967,2,Capital-Metro,+1-956-355-5608,+1-600-768-9758,2026-06-01 15:31:11,1763,VOICE,,5G,0.08,2.35
R02-0000968,2,Capital-Metro,+1-548-681-4360,,2026-06-01 14:26:47,5228,DATA,213268725,4G,0.0,2.13
R02-0000969,2,Capital-Metro,+1-467-751-6193,+1-711-746-9727,2026-06-01 14:32:09,0,SMS,,5G,0.0,0.05
R02-0000970,2,Capital-Metro,+1-937-752-8408,+1-443-909-5524,2026-06-01 09:21:18,0,SMS,,4G,0.0,0.05
R02-0000971,2,Capital-Metro,+1-861-922-9267,,2026-06-01 16:48:33,2143,DATA,200713493,4G,0.0,2.01
R02-0000972,2,Capital-Metro,+1-720-366-5617,+1-671-699-0336,2026-06-01 03:31:09,0,SMS,,4G,0.0,0.05
R02-0000973,2,Capital-Metro,+1-362-399-4404,,2026-06-01 22:24:35,3326,DATA,312601085,4G,0.0,3.13
R02-0000974,2,Capital-Metro,+1-757-439-8942,+1-598-839-1388,2026-06-01 16:13:18,1626,VOICE,,4G,0.1,2.71
R02-0000975,2,Capital-Metro,+1-489-388-7101,+1-521-336-3869,2026-06-01 09:40:23,0,SMS,,4G,0.0,0.05
R02-0000976,2,Capital-Metro,+1-392-914-2879,+1-456-711-6684,2026-06-01 13:58:38,665,VOICE,,4G,0.1,1.11
R02-0000977,2,Capital-Metro,+1-931-462-8071,+1-632-444-7013,2026-06-01 10:04:37,0,SMS,,4G,0.0,0.05
R02-0000978,2,Capital-Metro,+1-326-791-5670,+1-525-845-0453,2026-06-01 02:25:50,3387,VOICE,,5G,0.08,4.52
R02-0000979,2,Capital-Metro,+1-927-550-7956,+1-775-506-8091,2026-06-01 13:00:40,74,VOICE,,5G,0.08,0.1
R02-0000980,2,Capital-Metro,+1-697-732-3673,,2026-06-01 15:56:06,2383,DATA,11057005,4G,0.0,0.11
R02-0000981,2,Capital-Metro,+1-313-413-9341,+1-544-920-8083,2026-06-01 05:44:25,0,SMS,,4G,0.0,0.05
R02-0000982,2,Capital-Metro,+1-416-682-3513,,2026-06-01 10:06:15,795,DATA,137809425,4G,0.0,1.38
R02-0000983,2,Capital-Metro,+1-290-659-2950,+1-203-686-5585,2026-06-01 13:19:14,591,VOICE,,5G,0.08,0.79
R02-0000984,2,Capital-Metro,+1-449-885-1054,+1-772-962-4631,2026-06-01 12:32:43,0,SMS,,4G,0.0,0.05
R02-0000985,2,Capital-Metro,+1-246-312-2001,+1-737-660-0255,2026-06-01 05:50:31,2908,VOICE,,3G,0.12,5.82
R02-0000986,2,Capital-Metro,+1-215-617-1295,+1-498-321-7802,2026-06-01 21:15:24,2498,VOICE,,5G,0.08,3.33
R02-0000987,2,Capital-Metro,+1-818-421-4160,+1-573-674-1394,2026-06-01 12:52:42,0,SMS,,5G,0.0,0.05
R02-0000988,2,Capital-Metro,+1-354-324-3973,+1-532-210-5568,2026-06-01 22:21:47,0,SMS,,4G,0.0,0.05
R02-0000989,2,Capital-Metro,+1-429-376-4942,+1-760-783-0181,2026-06-01 23:46:43,273,VOICE,,5G,0.08,0.36
R02-0000990,2,Capital-Metro,+1-414-315-1125,+1-897-531-8689,2026-06-01 18:40:59,3273,VOICE,,4G,0.1,5.46
R02-0000991,2,Capital-Metro,+1-275-899-8955,+1-851-438-6274,2026-06-01 03:19:41,320,VOICE,,5G,0.08,0.43
R02-0000992,2,Capital-Metro,+1-476-790-7927,+1-657-928-4896,2026-06-01 09:18:03,314,VOICE,,4G,0.1,0.52
R02-0000993,2,Capital-Metro,+1-614-525-1198,+1-242-657-6856,2026-06-01 05:55:26,0,SMS,,3G,0.0,0.05
R02-0000994,2,Capital-Metro,+1-799-804-3174,+1-739-410-9084,2026-06-01 06:29:01,1595,VOICE,,4G,0.1,2.66
R02-0000995,2,Capital-Metro,+1-806-781-1017,,2026-06-01 15:50:04,2875,DATA,355408612,3G,0.0,3.55
R02-0000996,2,Capital-Metro,+1-486-434-4972,,2026-06-01 14:50:35,5678,DATA,382684179,4G,0.0,3.83
R02-0000997,2,Capital-Metro,+1-502-919-3820,+1-684-802-9947,2026-06-01 15:04:33,0,SMS,,4G,0.0,0.05
R02-0000998,2,Capital-Metro,+1-610-939-8519,+1-268-320-9744,2026-06-01 10:52:13,1871,VOICE,,4G,0.1,3.12
R02-0000999,2,Capital-Metro,+1-586-243-2872,+1-435-250-3828,2026-06-01 21:53:06,0,SMS,,3G,0.0,0.05
R02-0001000,2,Capital-Metro,+1-362-584-4975,+1-677-476-1516,2026-06-01 15:12:47,0,SMS,,5G,0.0,0.05
R02-0001001,2,Capital-Metro,+1-290-428-5876,+1-611-331-8056,2026-06-01 12:31:38,0,SMS,,3G,0.0,0.05
R02-0001002,2,Capital-Metro,+1-852-275-7879,+1-360-923-3911,2026-06-01 10:12:31,0,SMS,,3G,0.0,0.05
R02-0001003,2,Capital-Metro,+1-727-435-0511,+1-695-987-6041,2026-06-01 13:37:03,2043,VOICE,,4G,0.1,3.4
R02-0001004,2,Capital-Metro,+1-203-568-9989,+1-957-813-2188,2026-06-01 00:00:22,2385,VOICE,,5G,0.08,3.18
R02-0001005,2,Capital-Metro,+1-731-412-8960,,2026-06-01 05:56:43,394,DATA,127574837,4G,0.0,1.28
R02-0001006,2,Capital-Metro,+1-894-439-5585,,2026-06-01 02:12:08,833,DATA,52197426,4G,0.0,0.52
R02-0001007,2,Capital-Metro,+1-300-888-3182,+1-794-979-5350,2026-06-01 19:58:00,2153,VOICE,,3G,0.12,4.31
R02-0001008,2,Capital-Metro,+1-393-667-7384,+1-306-810-0921,2026-06-01 09:22:32,0,SMS,,5G,0.0,0.05
R02-0001009,2,Capital-Metro,+1-762-416-9261,+1-663-728-1668,2026-06-01 00:36:12,209,VOICE,,4G,0.1,0.35
R02-0001010,2,Capital-Metro,+1-696-934-6591,+1-796-239-7764,2026-06-01 04:36:19,0,SMS,,4G,0.0,0.05
R02-0001011,2,Capital-Metro,+1-658-634-1163,+1-926-975-9560,2026-06-01 19:09:47,2450,VOICE,,4G,0.1,4.08
R02-0001012,2,Capital-Metro,+1-337-278-4055,+1-304-539-9248,2026-06-01 10:36:58,0,SMS,,4G,0.0,0.05
R02-0001013,2,Capital-Metro,+1-663-362-3595,+1-957-288-3827,2026-06-01 06:19:57,0,SMS,,4G,0.0,0.05
R02-0001014,2,Capital-Metro,+1-979-643-8879,+1-375-808-5355,2026-06-01 15:06:35,0,SMS,,4G,0.0,0.05
R02-0001015,2,Capital-Metro,+1-317-307-6655,+1-549-929-4965,2026-06-01 07:12:59,344,VOICE,,4G,0.1,0.57
R02-0001016,2,Capital-Metro,+1-564-568-0866,+1-348-582-9143,2026-06-01 11:01:39,0,SMS,,4G,0.0,0.05
R02-0001017,2,Capital-Metro,+1-689-206-8305,+1-903-626-2181,2026-06-01 10:14:24,3226,VOICE,,3G,0.12,6.45
R02-0001018,2,Capital-Metro,+1-454-322-6507,,2026-06-01 17:46:42,3954,DATA,410021149,5G,0.0,4.1
R02-0001019,2,Capital-Metro,+1-824-427-6156,+1-766-783-4726,2026-06-01 14:28:10,2016,VOICE,,3G,0.12,4.03
R02-0001020,2,Capital-Metro,+1-942-607-1449,+1-681-273-6222,2026-06-01 21:55:42,965,VOICE,,5G,0.08,1.29
R02-0001021,2,Capital-Metro,+1-885-708-4746,+1-226-738-8096,2026-06-01 17:07:12,1078,VOICE,,5G,0.08,1.44
R02-0001022,2,Capital-Metro,+1-585-218-3317,,2026-06-01 16:21:11,2536,DATA,405300501,4G,0.0,4.05
R02-0001023,2,Capital-Metro,+1-341-594-9197,+1-429-941-7462,2026-06-01 00:35:38,0,SMS,,5G,0.0,0.05
R02-0001024,2,Capital-Metro,+1-898-403-9953,+1-313-852-8367,2026-06-01 15:00:24,0,SMS,,4G,0.0,0.05
R02-0001025,2,Capital-Metro,+1-308-705-8190,+1-917-218-6979,2026-06-01 22:04:23,3406,VOICE,,4G,0.1,5.68
R02-0001026,2,Capital-Metro,+1-547-670-0051,+1-273-471-0492,2026-06-01 12:47:08,2763,VOICE,,5G,0.08,3.68
R02-0001027,2,Capital-Metro,+1-691-333-5338,,2026-06-01 22:42:13,5497,DATA,96722274,5G,0.0,0.97
R02-0001028,2,Capital-Metro,+1-258-788-2731,,2026-06-01 12:33:50,1179,DATA,339768086,5G,0.0,3.4
R02-0001029,2,Capital-Metro,+1-375-623-9973,,2026-06-01 11:50:59,5251,DATA,69167159,4G,0.0,0.69
R02-0001030,2,Capital-Metro,+1-322-381-8551,+1-442-237-2053,2026-06-01 14:13:38,2699,VOICE,,4G,0.1,4.5
R02-0001031,2,Capital-Metro,+1-518-634-9329,+1-866-314-1631,2026-06-01 18:40:20,1628,VOICE,,4G,0.1,2.71
R02-0001032,2,Capital-Metro,+1-759-370-2513,+1-904-837-8435,2026-06-01 22:37:02,0,SMS,,4G,0.0,0.05
R02-0001033,2,Capital-Metro,+1-600-819-3089,+1-711-411-8064,2026-06-01 20:04:25,0,SMS,,4G,0.0,0.05
R02-0001034,2,Capital-Metro,+1-550-747-2841,+1-388-871-4570,2026-06-01 20:41:59,1108,VOICE,,4G,0.1,1.85
R02-0001035,2,Capital-Metro,+1-684-459-0136,+1-916-973-6814,2026-06-01 20:03:17,1585,VOICE,,4G,0.1,2.64
R02-0001036,2,Capital-Metro,+1-520-621-1638,+1-891-312-0321,2026-06-01 13:10:37,2897,VOICE,,3G,0.12,5.79
R02-0001037,2,Capital-Metro,+1-297-316-7430,,2026-06-01 03:31:42,3256,DATA,492824345,4G,0.0,4.93
R02-0001038,2,Capital-Metro,+1-847-652-4814,+1-524-300-1397,2026-06-01 00:16:42,0,SMS,,4G,0.0,0.05
R02-0001039,2,Capital-Metro,+1-337-993-2082,+1-729-927-5391,2026-06-01 07:36:02,1825,VOICE,,4G,0.1,3.04
R02-0001040,2,Capital-Metro,+1-374-281-2786,+1-966-701-4474,2026-06-01 03:40:45,0,SMS,,4G,0.0,0.05
R02-0001041,2,Capital-Metro,+1-220-743-5698,,2026-06-01 02:27:32,2063,DATA,176733839,4G,0.0,1.77
R02-0001042,2,Capital-Metro,+1-953-290-3052,+1-762-728-2163,2026-06-01 05:27:03,3107,VOICE,,4G,0.1,5.18
R02-0001043,2,Capital-Metro,+1-821-787-3784,+1-652-850-7220,2026-06-01 07:59:37,0,SMS,,4G,0.0,0.05
R02-0001044,2,Capital-Metro,+1-519-639-8889,+1-883-239-8967,2026-06-01 08:35:35,0,SMS,,3G,0.0,0.05
R02-0001045,2,Capital-Metro,+1-483-967-5393,+1-854-280-5910,2026-06-01 12:33:41,0,SMS,,5G,0.0,0.05
R02-0001046,2,Capital-Metro,+1-902-566-5798,+1-235-513-0903,2026-06-01 08:00:54,0,SMS,,3G,0.0,0.05
R02-0001047,2,Capital-Metro,+1-435-508-2663,+1-705-952-0473,2026-06-01 00:21:52,0,SMS,,4G,0.0,0.05
R02-0001048,2,Capital-Metro,+1-799-407-1034,+1-964-446-1344,2026-06-01 14:41:34,0,SMS,,5G,0.0,0.05
R02-0001049,2,Capital-Metro,+1-924-501-3251,+1-610-450-4247,2026-06-01 03:34:55,0,VOICE,,3G,0.12,0.0
R02-0001050,2,Capital-Metro,+1-274-306-4208,+1-221-291-0532,2026-06-01 21:32:05,1073,VOICE,,3G,0.12,2.15
R02-0001051,2,Capital-Metro,+1-340-409-4349,+1-385-477-3630,2026-06-01 05:11:17,0,SMS,,5G,0.0,0.05
R02-0001052,2,Capital-Metro,+1-435-261-7071,+1-775-240-3608,2026-06-01 20:45:42,2750,VOICE,,4G,0.1,4.58
R02-0001053,2,Capital-Metro,+1-822-558-5966,,2026-06-01 01:21:03,6615,DATA,466310203,4G,0.0,4.66
R02-0001054,2,Capital-Metro,+1-545-278-6002,+1-930-316-7729,2026-06-01 17:05:54,2689,VOICE,,4G,0.1,4.48
R02-0001055,2,Capital-Metro,+1-649-625-3010,+1-894-491-3915,2026-06-01 20:36:59,529,VOICE,,4G,0.1,0.88
R02-0001056,2,Capital-Metro,+1-804-241-4499,+1-793-896-3434,2026-06-01 15:57:38,2024,VOICE,,5G,0.08,2.7
R02-0001057,2,Capital-Metro,+1-635-554-7681,+1-515-540-5819,2026-06-01 23:51:25,0,SMS,,4G,0.0,0.05
R02-0001058,2,Capital-Metro,+1-459-383-8302,,2026-06-01 08:54:30,718,DATA,492320470,4G,0.0,4.92
R02-0001059,2,Capital-Metro,+1-700-433-0843,+1-802-820-4893,2026-06-01 11:44:15,536,VOICE,,5G,0.08,0.71
R02-0001060,2,Capital-Metro,+1-334-922-6993,,2026-06-01 18:11:47,3295,DATA,97400168,5G,0.0,0.97
R02-0001061,2,Capital-Metro,+1-601-995-3564,+1-607-550-8752,2026-06-01 16:07:19,0,SMS,,4G,0.0,0.05
R02-0001062,2,Capital-Metro,+1-648-524-5313,+1-679-556-6024,2026-06-01 02:30:44,3501,VOICE,,3G,0.12,7.0
R02-0001063,2,Capital-Metro,+1-837-926-8465,+1-361-560-3089,2026-06-01 13:50:34,1761,VOICE,,4G,0.1,2.94
R02-0001064,2,Capital-Metro,+1-228-979-7893,,2026-06-01 06:19:11,2126,DATA,232806734,4G,0.0,2.33
R02-0001065,2,Capital-Metro,+1-530-580-8091,+1-883-265-8267,2026-06-01 12:02:27,3278,VOICE,,3G,0.12,6.56
R02-0001066,2,Capital-Metro,+1-458-724-3898,+1-829-227-6043,2026-06-01 05:58:10,0,VOICE,,4G,0.1,0.0
R02-0001067,2,Capital-Metro,+1-969-982-7896,,2026-06-01 17:20:14,6020,DATA,361531039,4G,0.0,3.62
R02-0001068,2,Capital-Metro,+1-744-287-6121,+1-377-436-9016,2026-06-01 09:14:49,0,SMS,,4G,0.0,0.05
R02-0001069,2,Capital-Metro,+1-644-780-5972,+1-647-481-2912,2026-06-01 11:19:04,3554,VOICE,,4G,0.1,5.92
R02-0001070,2,Capital-Metro,+1-711-763-9703,+1-941-437-2310,2026-06-01 11:26:08,0,SMS,,4G,0.0,0.05
R02-0001071,2,Capital-Metro,+1-791-318-5345,+1-673-904-9269,2026-06-01 07:25:30,0,SMS,,5G,0.0,0.05
R02-0001072,2,Capital-Metro,+1-592-852-7985,+1-217-219-9221,2026-06-01 04:30:14,0,SMS,,4G,0.0,0.05
R02-0001073,2,Capital-Metro,+1-788-562-5407,+1-939-423-5817,2026-06-01 20:22:54,0,SMS,,3G,0.0,0.05
R02-0001074,2,Capital-Metro,+1-496-416-4183,+1-276-378-5664,2026-06-01 08:53:04,0,SMS,,3G,0.0,0.05
R02-0001075,2,Capital-Metro,+1-257-687-4604,+1-864-971-8637,2026-06-01 15:44:49,2004,VOICE,,4G,0.1,3.34
R02-0001076,2,Capital-Metro,+1-553-771-3093,+1-397-600-8186,2026-06-01 08:47:58,0,SMS,,4G,0.0,0.05
R02-0001077,2,Capital-Metro,+1-826-477-0788,+1-737-873-6993,2026-06-01 17:07:25,0,SMS,,4G,0.0,0.05
R02-0001078,2,Capital-Metro,+1-387-296-5232,+1-899-599-1699,2026-06-01 20:42:46,1377,VOICE,,5G,0.08,1.84
R02-0001079,2,Capital-Metro,+1-449-797-8691,+1-279-657-5406,2026-06-01 14:10:26,0,SMS,,4G,0.0,0.05
R02-0001080,2,Capital-Metro,+1-407-611-3774,+1-222-424-9621,2026-06-01 00:35:35,0,SMS,,5G,0.0,0.05
R02-0001081,2,Capital-Metro,+1-712-291-6572,,2026-06-01 11:08:25,6291,DATA,113934558,4G,0.0,1.14
R02-0001082,2,Capital-Metro,+1-576-382-2344,,2026-06-01 06:16:59,432,DATA,290270935,3G,0.0,2.9
R02-0001083,2,Capital-Metro,+1-819-354-9338,+1-801-277-1969,2026-06-01 03:01:52,0,SMS,,4G,0.0,0.05
R02-0001084,2,Capital-Metro,+1-663-596-9388,+1-893-670-0051,2026-06-01 12:31:59,2599,VOICE,,3G,0.12,5.2
R02-0001085,2,Capital-Metro,+1-803-448-1275,+1-541-384-4437,2026-06-01 14:19:20,1307,VOICE,,4G,0.1,2.18
R02-0001086,2,Capital-Metro,+1-936-506-4312,,2026-06-01 06:29:06,1353,DATA,476837453,4G,0.0,4.77
R02-0001087,2,Capital-Metro,+1-484-852-7454,+1-279-906-6512,2026-06-01 04:07:41,0,SMS,,5G,0.0,0.05
R02-0001088,2,Capital-Metro,+1-391-733-0146,+1-699-515-8781,2026-06-01 03:59:56,219,VOICE,,5G,0.08,0.29
R02-0001089,2,Capital-Metro,+1-571-543-0369,+1-929-497-9630,2026-06-01 01:41:47,1093,VOICE,,4G,0.1,1.82
R02-0001090,2,Capital-Metro,+1-920-991-8585,+1-371-793-0721,2026-06-01 09:20:32,0,VOICE,,4G,0.1,0.0
R02-0001091,2,Capital-Metro,+1-788-784-8055,+1-541-602-3547,2026-06-01 10:15:29,0,SMS,,4G,0.0,0.05
R02-0001092,2,Capital-Metro,+1-976-625-5829,,2026-06-01 03:31:39,7118,DATA,179917641,4G,0.0,1.8
R02-0001093,2,Capital-Metro,+1-650-753-6278,,2026-06-01 01:16:23,1701,DATA,52266991,4G,0.0,0.52
R02-0001094,2,Capital-Metro,+1-435-784-3014,+1-882-955-6809,2026-06-01 23:15:02,3561,VOICE,,4G,0.1,5.94
R02-0001095,2,Capital-Metro,+1-950-281-8133,,2026-06-01 21:12:02,709,DATA,432262692,4G,0.0,4.32
R02-0001096,2,Capital-Metro,+1-617-683-8372,+1-653-713-2601,2026-06-01 22:19:00,882,VOICE,,4G,0.1,1.47
R02-0001097,2,Capital-Metro,+1-969-354-0092,,2026-06-01 06:50:18,1704,DATA,110892160,4G,0.0,1.11
R02-0001098,2,Capital-Metro,+1-351-571-3102,+1-229-506-1897,2026-06-01 13:19:17,3504,VOICE,,3G,0.12,7.01
R02-0001099,2,Capital-Metro,+1-568-631-6786,,2026-06-01 00:14:28,2958,DATA,246637120,5G,0.0,2.47
R02-0001100,2,Capital-Metro,+1-947-998-3990,,2026-06-01 21:26:41,2548,DATA,421426365,4G,0.0,4.21
R02-0001101,2,Capital-Metro,+1-774-881-7491,+1-811-752-5301,2026-06-01 14:43:54,2290,VOICE,,4G,0.1,3.82
R02-0001102,2,Capital-Metro,+1-517-653-3596,,2026-06-01 17:56:05,1402,DATA,368699634,5G,0.0,3.69
R02-0001103,2,Capital-Metro,+1-932-584-8287,+1-896-245-2932,2026-06-01 19:05:00,0,SMS,,5G,0.0,0.05
R02-0001104,2,Capital-Metro,+1-690-505-7341,+1-898-208-1367,2026-06-01 06:45:44,1956,VOICE,,4G,0.1,3.26
R02-0001105,2,Capital-Metro,+1-576-223-8718,+1-754-290-1100,2026-06-01 04:39:11,2360,VOICE,,4G,0.1,3.93
R02-0001106,2,Capital-Metro,+1-335-929-1729,+1-725-463-7004,2026-06-01 19:25:39,0,SMS,,4G,0.0,0.05
R02-0001107,2,Capital-Metro,+1-749-459-0710,+1-840-709-0012,2026-06-01 01:46:59,465,VOICE,,5G,0.08,0.62
R02-0001108,2,Capital-Metro,+1-265-245-1706,+1-424-367-5158,2026-06-01 16:19:05,1543,VOICE,,4G,0.1,2.57
R02-0001109,2,Capital-Metro,+1-616-701-6582,+1-282-862-5973,2026-06-01 19:25:23,0,VOICE,,4G,0.1,0.0
R02-0001110,2,Capital-Metro,+1-729-568-9248,+1-903-826-1046,2026-06-01 03:01:17,1579,VOICE,,3G,0.12,3.16
R02-0001111,2,Capital-Metro,+1-579-569-1146,+1-241-469-2022,2026-06-01 20:17:05,1644,VOICE,,4G,0.1,2.74
R02-0001112,2,Capital-Metro,+1-511-596-1285,+1-984-987-9583,2026-06-01 17:23:32,0,SMS,,4G,0.0,0.05
R02-0001113,2,Capital-Metro,+1-425-982-1634,+1-903-681-8774,2026-06-01 19:53:05,207,VOICE,,4G,0.1,0.35
R02-0001114,2,Capital-Metro,+1-807-433-6057,+1-324-632-3516,2026-06-01 12:56:55,2758,VOICE,,4G,0.1,4.6
R02-0001115,2,Capital-Metro,+1-928-907-6119,+1-616-564-4071,2026-06-01 00:50:43,0,SMS,,4G,0.0,0.05
R02-0001116,2,Capital-Metro,+1-779-670-7838,,2026-06-01 18:04:27,160,DATA,61244635,4G,0.0,0.61
R02-0001117,2,Capital-Metro,+1-710-810-4013,+1-558-921-9623,2026-06-01 17:51:22,1870,VOICE,,3G,0.12,3.74
R02-0001118,2,Capital-Metro,+1-813-611-9467,,2026-06-01 20:41:46,5700,DATA,292184654,5G,0.0,2.92
R02-0001119,2,Capital-Metro,+1-602-750-7827,+1-454-395-4023,2026-06-01 01:03:34,0,VOICE,,3G,0.12,0.0
R02-0001120,2,Capital-Metro,+1-369-789-9654,+1-375-432-8874,2026-06-01 07:42:20,1206,VOICE,,4G,0.1,2.01
R02-0001121,2,Capital-Metro,+1-305-995-2382,,2026-06-01 02:38:51,2217,DATA,299995878,4G,0.0,3.0
R02-0001122,2,Capital-Metro,+1-554-425-4462,+1-553-921-6749,2026-06-01 03:49:56,809,VOICE,,4G,0.1,1.35
R02-0001123,2,Capital-Metro,+1-393-909-1352,+1-300-780-2154,2026-06-01 06:08:01,3149,VOICE,,4G,0.1,5.25
R02-0001124,2,Capital-Metro,+1-583-487-8777,+1-778-412-6274,2026-06-01 20:39:45,0,SMS,,4G,0.0,0.05
R02-0001125,2,Capital-Metro,+1-477-397-6809,+1-312-271-7594,2026-06-01 18:08:07,0,VOICE,,4G,0.1,0.0
R02-0001126,2,Capital-Metro,+1-454-212-7399,,2026-06-01 22:52:25,3947,DATA,262089927,4G,0.0,2.62
R02-0001127,2,Capital-Metro,+1-660-351-3209,+1-763-939-8115,2026-06-01 11:21:43,320,VOICE,,4G,0.1,0.53
R02-0001128,2,Capital-Metro,+1-969-511-6476,+1-334-848-9404,2026-06-01 15:34:21,0,SMS,,5G,0.0,0.05
R02-0001129,2,Capital-Metro,+1-812-650-1899,,2026-06-01 02:02:46,709,DATA,421224285,4G,0.0,4.21
R02-0001130,2,Capital-Metro,+1-254-440-3436,+1-768-249-9031,2026-06-01 11:46:47,0,SMS,,4G,0.0,0.05
R02-0001131,2,Capital-Metro,+1-624-773-7210,+1-818-391-9017,2026-06-01 04:38:49,3440,VOICE,,3G,0.12,6.88
R02-0001132,2,Capital-Metro,+1-947-998-7198,+1-583-708-1261,2026-06-01 01:17:59,1809,VOICE,,5G,0.08,2.41
R02-0001133,2,Capital-Metro,+1-320-637-8344,+1-702-454-3074,2026-06-01 05:41:16,0,SMS,,4G,0.0,0.05
R02-0001134,2,Capital-Metro,+1-612-390-4351,+1-945-266-4428,2026-06-01 13:38:55,603,VOICE,,4G,0.1,1.01
R02-0001135,2,Capital-Metro,+1-463-987-7185,+1-946-776-2959,2026-06-01 16:47:34,0,SMS,,4G,0.0,0.05
R02-0001136,2,Capital-Metro,+1-695-460-8681,+1-843-891-6194,2026-06-01 05:02:40,0,SMS,,5G,0.0,0.05
R02-0001137,2,Capital-Metro,+1-637-352-3872,+1-634-889-8556,2026-06-01 14:47:35,3366,VOICE,,4G,0.1,5.61
R02-0001138,2,Capital-Metro,+1-887-772-5384,,2026-06-01 19:17:25,5778,DATA,170619031,3G,0.0,1.71
R02-0001139,2,Capital-Metro,+1-926-783-1312,+1-799-674-6792,2026-06-01 07:40:03,2944,VOICE,,3G,0.12,5.89
R02-0001140,2,Capital-Metro,+1-458-622-0346,+1-373-732-6128,2026-06-01 00:38:18,2453,VOICE,,3G,0.12,4.91
R02-0001141,2,Capital-Metro,+1-552-518-6963,+1-982-252-2791,2026-06-01 10:31:06,0,SMS,,4G,0.0,0.05
R02-0001142,2,Capital-Metro,+1-910-578-9145,+1-564-694-5248,2026-06-01 11:52:38,187,VOICE,,3G,0.12,0.37
R02-0001143,2,Capital-Metro,+1-956-367-1336,+1-516-736-3571,2026-06-01 17:25:29,22,VOICE,,5G,0.08,0.03
R02-0001144,2,Capital-Metro,+1-564-806-8575,,2026-06-01 17:59:30,2591,DATA,232646001,4G,0.0,2.33
R02-0001145,2,Capital-Metro,+1-576-602-8937,+1-451-720-6160,2026-06-01 08:21:44,620,VOICE,,4G,0.1,1.03
R02-0001146,2,Capital-Metro,+1-531-532-1787,+1-517-428-1590,2026-06-01 21:00:02,1696,VOICE,,4G,0.1,2.83
R02-0001147,2,Capital-Metro,+1-525-300-0957,,2026-06-01 05:09:01,991,DATA,66022558,4G,0.0,0.66
R02-0001148,2,Capital-Metro,+1-920-581-7636,,2026-06-01 15:33:42,5193,DATA,19765825,5G,0.0,0.2
R02-0001149,2,Capital-Metro,+1-451-539-7662,+1-915-960-1622,2026-06-01 02:46:22,2820,VOICE,,4G,0.1,4.7
R02-0001150,2,Capital-Metro,+1-267-965-5038,,2026-06-01 14:07:04,1134,DATA,358905739,4G,0.0,3.59
R02-0001151,2,Capital-Metro,+1-466-639-6427,+1-842-669-1979,2026-06-01 04:45:35,1790,VOICE,,5G,0.08,2.39
R02-0001152,2,Capital-Metro,+1-479-497-8603,+1-292-960-1118,2026-06-01 21:17:23,2481,VOICE,,4G,0.1,4.14
R02-0001153,2,Capital-Metro,+1-579-660-6833,+1-456-958-7656,2026-06-01 22:08:47,2972,VOICE,,4G,0.1,4.95
R02-0001154,2,Capital-Metro,+1-216-393-1454,+1-495-393-8231,2026-06-01 12:46:19,0,SMS,,3G,0.0,0.05
R02-0001155,2,Capital-Metro,+1-571-931-2337,+1-285-838-8284,2026-06-01 14:05:08,0,SMS,,4G,0.0,0.05
R02-0001156,2,Capital-Metro,+1-725-506-2336,+1-619-582-6024,2026-06-01 20:50:45,0,SMS,,5G,0.0,0.05
R02-0001157,2,Capital-Metro,+1-972-494-7442,+1-380-232-2962,2026-06-01 15:41:26,477,VOICE,,4G,0.1,0.8
R02-0001158,2,Capital-Metro,+1-388-879-4856,+1-664-453-2193,2026-06-01 02:29:10,0,SMS,,5G,0.0,0.05
R02-0001159,2,Capital-Metro,+1-257-255-9172,,2026-06-01 20:28:38,2516,DATA,135669047,4G,0.0,1.36
R02-0001160,2,Capital-Metro,+1-900-761-9463,+1-923-318-0044,2026-06-01 11:57:27,676,VOICE,,3G,0.12,1.35
R02-0001161,2,Capital-Metro,+1-616-726-0833,+1-224-820-5303,2026-06-01 21:38:22,399,VOICE,,4G,0.1,0.67
R02-0001162,2,Capital-Metro,+1-448-395-6499,+1-906-323-6550,2026-06-01 21:39:37,2483,VOICE,,5G,0.08,3.31
R02-0001163,2,Capital-Metro,+1-213-601-1334,+1-476-485-8482,2026-06-01 01:43:50,0,SMS,,4G,0.0,0.05
R02-0001164,2,Capital-Metro,+1-375-626-5497,+1-293-473-7944,2026-06-01 12:37:44,0,SMS,,4G,0.0,0.05
R02-0001165,2,Capital-Metro,+1-625-939-1486,,2026-06-01 18:11:36,4526,DATA,290759889,4G,0.0,2.91
R02-0001166,2,Capital-Metro,+1-775-257-9281,,2026-06-01 22:04:11,1368,DATA,493587300,5G,0.0,4.94
R02-0001167,2,Capital-Metro,+1-810-476-2422,+1-886-884-9637,2026-06-01 03:35:32,753,VOICE,,5G,0.08,1.0
R02-0001168,2,Capital-Metro,+1-559-573-1613,,2026-06-01 19:57:15,3107,DATA,97955700,5G,0.0,0.98
R02-0001169,2,Capital-Metro,+1-702-349-3443,+1-246-670-1778,2026-06-01 02:35:45,1745,VOICE,,5G,0.08,2.33
R02-0001170,2,Capital-Metro,+1-246-375-9113,,2026-06-01 04:08:42,2561,DATA,275772710,5G,0.0,2.76
R02-0001171,2,Capital-Metro,+1-796-491-3192,+1-315-321-7576,2026-06-01 12:03:23,0,SMS,,4G,0.0,0.05
R02-0001172,2,Capital-Metro,+1-975-928-7732,,2026-06-01 16:51:24,6395,DATA,57105699,4G,0.0,0.57
R02-0001173,2,Capital-Metro,+1-295-830-0075,+1-925-230-2317,2026-06-01 04:22:09,2400,VOICE,,4G,0.1,4.0
R02-0001174,2,Capital-Metro,+1-275-454-7847,+1-827-538-0085,2026-06-01 01:48:27,2910,VOICE,,5G,0.08,3.88
R02-0001175,2,Capital-Metro,+1-801-516-0052,+1-252-525-1694,2026-06-01 00:46:37,0,SMS,,4G,0.0,0.05
R02-0001176,2,Capital-Metro,+1-384-478-7973,+1-698-736-5552,2026-06-01 09:46:56,0,SMS,,4G,0.0,0.05
R02-0001177,2,Capital-Metro,+1-698-822-1421,+1-303-689-0492,2026-06-01 01:51:59,0,SMS,,5G,0.0,0.05
R02-0001178,2,Capital-Metro,+1-270-696-5167,+1-366-507-6642,2026-06-01 18:55:50,3338,VOICE,,4G,0.1,5.56
R02-0001179,2,Capital-Metro,+1-768-323-6615,+1-650-846-3337,2026-06-01 07:52:50,2544,VOICE,,4G,0.1,4.24
R02-0001180,2,Capital-Metro,+1-475-578-8036,,2026-06-01 10:13:29,38,DATA,134699037,5G,0.0,1.35
R02-0001181,2,Capital-Metro,+1-720-603-5109,+1-656-232-6300,2026-06-01 11:04:04,991,VOICE,,4G,0.1,1.65
R02-0001182,2,Capital-Metro,+1-309-270-8138,+1-964-219-7815,2026-06-01 04:59:41,0,SMS,,4G,0.0,0.05
R02-0001183,2,Capital-Metro,+1-294-866-7352,+1-224-264-1985,2026-06-01 04:36:25,0,SMS,,4G,0.0,0.05
R02-0001184,2,Capital-Metro,+1-715-856-0376,+1-694-916-2582,2026-06-01 04:47:16,2512,VOICE,,4G,0.1,4.19
R02-0001185,2,Capital-Metro,+1-819-973-4149,+1-978-839-2494,2026-06-01 04:10:31,0,SMS,,5G,0.0,0.05
R02-0001186,2,Capital-Metro,+1-404-338-9337,+1-565-670-7976,2026-06-01 19:37:36,777,VOICE,,3G,0.12,1.55
R02-0001187,2,Capital-Metro,+1-398-876-3307,+1-594-833-3521,2026-06-01 16:03:49,0,SMS,,5G,0.0,0.05
R02-0001188,2,Capital-Metro,+1-601-202-3037,,2026-06-01 19:59:26,5358,DATA,404815374,5G,0.0,4.05
R02-0001189,2,Capital-Metro,+1-303-763-3138,+1-789-806-7060,2026-06-01 21:32:51,0,SMS,,4G,0.0,0.05
R02-0001190,2,Capital-Metro,+1-364-576-2559,+1-754-206-3816,2026-06-01 22:27:47,687,VOICE,,4G,0.1,1.15
R02-0001191,2,Capital-Metro,+1-378-577-3634,+1-463-688-0369,2026-06-01 15:16:37,0,SMS,,5G,0.0,0.05
R02-0001192,2,Capital-Metro,+1-427-509-5243,+1-916-614-1420,2026-06-01 04:31:56,77,VOICE,,5G,0.08,0.1
R02-0001193,2,Capital-Metro,+1-427-737-9024,,2026-06-01 00:29:09,3121,DATA,298607025,5G,0.0,2.99
R02-0001194,2,Capital-Metro,+1-346-491-0097,+1-917-952-3875,2026-06-01 10:15:29,0,SMS,,3G,0.0,0.05
R02-0001195,2,Capital-Metro,+1-961-531-0518,,2026-06-01 21:51:32,6966,DATA,338518234,4G,0.0,3.39
R02-0001196,2,Capital-Metro,+1-272-972-7680,+1-428-569-9525,2026-06-01 18:08:01,0,SMS,,5G,0.0,0.05
R02-0001197,2,Capital-Metro,+1-557-956-0535,,2026-06-01 11:03:39,3924,DATA,309626557,5G,0.0,3.1
R02-0001198,2,Capital-Metro,+1-324-942-4543,,2026-06-01 04:03:21,5780,DATA,486271994,3G,0.0,4.86
R02-0001199,2,Capital-Metro,+1-820-345-9327,+1-572-927-0761,2026-06-01 09:49:52,3298,VOICE,,4G,0.1,5.5
R02-0001200,2,Capital-Metro,+1-596-822-1325,+1-866-923-2228,2026-06-01 19:15:00,0,SMS,,4G,0.0,0.05
R02-0001201,2,Capital-Metro,+1-526-494-9725,,2026-06-01 15:42:33,3184,DATA,355422882,4G,0.0,3.55
R02-0001202,2,Capital-Metro,+1-403-651-4013,+1-356-489-6073,2026-06-01 04:19:54,2690,VOICE,,3G,0.12,5.38
R02-0001203,2,Capital-Metro,+1-595-583-5008,,2026-06-01 15:46:32,34,DATA,108366489,4G,0.0,1.08
R02-0001204,2,Capital-Metro,+1-690-516-0781,+1-943-271-2456,2026-06-01 13:13:26,0,SMS,,4G,0.0,0.05
R02-0001205,2,Capital-Metro,+1-479-396-1508,+1-235-816-8098,2026-06-01 03:17:14,0,SMS,,3G,0.0,0.05
R02-0001206,2,Capital-Metro,+1-341-483-5425,+1-529-888-2516,2026-06-01 14:54:12,1443,VOICE,,4G,0.1,2.41
R02-0001207,2,Capital-Metro,+1-560-881-1061,+1-718-727-8984,2026-06-01 23:38:29,289,VOICE,,3G,0.12,0.58
R02-0001208,2,Capital-Metro,+1-804-498-2743,+1-460-837-4054,2026-06-01 05:07:49,1933,VOICE,,4G,0.1,3.22
R02-0001209,2,Capital-Metro,+1-335-325-0584,+1-628-983-9671,2026-06-01 04:29:06,0,SMS,,5G,0.0,0.05
R02-0001210,2,Capital-Metro,+1-734-443-9155,,2026-06-01 05:40:45,1712,DATA,142420039,4G,0.0,1.42
R02-0001211,2,Capital-Metro,+1-655-684-5273,+1-692-311-6608,2026-06-01 01:57:13,2424,VOICE,,5G,0.08,3.23
R02-0001212,2,Capital-Metro,+1-687-558-4804,+1-475-404-2485,2026-06-01 07:19:56,3376,VOICE,,4G,0.1,5.63
R02-0001213,2,Capital-Metro,+1-319-893-9840,+1-634-205-1293,2026-06-01 20:40:46,2032,VOICE,,4G,0.1,3.39
R02-0001214,2,Capital-Metro,+1-916-229-0325,+1-360-305-9603,2026-06-01 22:11:10,90,VOICE,,5G,0.08,0.12
R02-0001215,2,Capital-Metro,+1-612-824-7276,,2026-06-01 11:22:05,5732,DATA,328246504,5G,0.0,3.28
R02-0001216,2,Capital-Metro,+1-819-833-0965,+1-694-568-5089,2026-06-01 15:23:36,2835,VOICE,,5G,0.08,3.78
R02-0001217,2,Capital-Metro,+1-868-212-3026,+1-785-572-5209,2026-06-01 11:43:03,2838,VOICE,,4G,0.1,4.73
R02-0001218,2,Capital-Metro,+1-359-710-0667,+1-404-305-2474,2026-06-01 00:34:20,0,SMS,,5G,0.0,0.05
R02-0001219,2,Capital-Metro,+1-298-711-3846,+1-928-374-4481,2026-06-01 02:49:31,0,SMS,,4G,0.0,0.05
R02-0001220,2,Capital-Metro,+1-652-620-9008,+1-294-613-2044,2026-06-01 17:10:51,1247,VOICE,,4G,0.1,2.08
R02-0001221,2,Capital-Metro,+1-874-724-7417,+1-872-972-7989,2026-06-01 17:19:30,0,VOICE,,4G,0.1,0.0
R02-0001222,2,Capital-Metro,+1-581-854-5792,,2026-06-01 01:45:46,6716,DATA,434978407,4G,0.0,4.35
R02-0001223,2,Capital-Metro,+1-219-887-7844,,2026-06-01 17:37:53,3576,DATA,382205645,3G,0.0,3.82
R02-0001224,2,Capital-Metro,+1-677-965-8087,,2026-06-01 20:44:05,5840,DATA,230673542,4G,0.0,2.31
R02-0001225,2,Capital-Metro,+1-228-955-1964,+1-966-869-7583,2026-06-01 03:10:25,0,SMS,,3G,0.0,0.05
R02-0001226,2,Capital-Metro,+1-522-757-3643,+1-461-261-9282,2026-06-01 04:56:41,0,SMS,,4G,0.0,0.05
R02-0001227,2,Capital-Metro,+1-404-977-8527,,2026-06-01 16:01:41,5111,DATA,383351571,4G,0.0,3.83
R02-0001228,2,Capital-Metro,+1-557-965-6995,+1-753-293-3721,2026-06-01 20:52:08,0,SMS,,4G,0.0,0.05
R02-0001229,2,Capital-Metro,+1-956-211-1034,+1-556-433-3696,2026-06-01 17:14:39,2915,VOICE,,4G,0.1,4.86
R02-0001230,2,Capital-Metro,+1-520-757-3792,,2026-06-01 03:37:39,5171,DATA,292436049,4G,0.0,2.92
R02-0001231,2,Capital-Metro,+1-469-943-7954,+1-272-878-1228,2026-06-01 09:02:45,998,VOICE,,3G,0.12,2.0
R02-0001232,2,Capital-Metro,+1-939-878-1318,+1-347-765-7630,2026-06-01 23:25:40,0,SMS,,3G,0.0,0.05
R02-0001233,2,Capital-Metro,+1-563-711-4314,,2026-06-01 15:11:29,2516,DATA,63311883,4G,0.0,0.63
R02-0001234,2,Capital-Metro,+1-572-698-4964,+1-670-253-8892,2026-06-01 20:13:50,0,SMS,,5G,0.0,0.05
R02-0001235,2,Capital-Metro,+1-960-204-9372,+1-396-566-7523,2026-06-01 03:02:23,0,SMS,,4G,0.0,0.05
R02-0001236,2,Capital-Metro,+1-368-444-9455,+1-912-883-7806,2026-06-01 06:52:09,1754,VOICE,,3G,0.12,3.51
R02-0001237,2,Capital-Metro,+1-683-678-7346,+1-476-811-4263,2026-06-01 07:30:13,0,SMS,,4G,0.0,0.05
R02-0001238,2,Capital-Metro,+1-858-272-3948,+1-729-573-0395,2026-06-01 11:35:41,821,VOICE,,4G,0.1,1.37
R02-0001239,2,Capital-Metro,+1-488-303-4985,,2026-06-01 19:00:54,3425,DATA,417314065,4G,0.0,4.17
R02-0001240,2,Capital-Metro,+1-426-911-2052,+1-226-565-6177,2026-06-01 02:28:08,0,SMS,,5G,0.0,0.05
R02-0001241,2,Capital-Metro,+1-557-900-7922,+1-801-315-5365,2026-06-01 10:45:56,3352,VOICE,,5G,0.08,4.47
R02-0001242,2,Capital-Metro,+1-782-941-1238,+1-873-438-6799,2026-06-01 16:14:53,836,VOICE,,5G,0.08,1.11
R02-0001243,2,Capital-Metro,+1-349-287-6981,,2026-06-01 20:26:57,4392,DATA,81198673,4G,0.0,0.81
R02-0001244,2,Capital-Metro,+1-298-863-8075,+1-369-406-6758,2026-06-01 18:25:00,3164,VOICE,,5G,0.08,4.22
R02-0001245,2,Capital-Metro,+1-781-877-5844,+1-391-896-9269,2026-06-01 03:33:38,0,VOICE,,5G,0.08,0.0
R02-0001246,2,Capital-Metro,+1-245-200-0396,,2026-06-01 01:29:54,6526,DATA,218576140,4G,0.0,2.19
R02-0001247,2,Capital-Metro,+1-837-573-3136,,2026-06-01 21:08:49,440,DATA,354166071,4G,0.0,3.54
R02-0001248,2,Capital-Metro,+1-467-975-4364,,2026-06-01 08:24:03,6261,DATA,388206001,4G,0.0,3.88
R02-0001249,2,Capital-Metro,+1-766-953-7288,+1-632-250-2377,2026-06-01 16:58:30,388,VOICE,,4G,0.1,0.65
R02-0001250,2,Capital-Metro,+1-696-957-2700,+1-214-924-4395,2026-06-01 04:58:50,2392,VOICE,,5G,0.08,3.19
R02-0001251,2,Capital-Metro,+1-259-407-3971,+1-328-424-3786,2026-06-01 09:28:34,0,SMS,,4G,0.0,0.05
R02-0001252,2,Capital-Metro,+1-331-880-7256,,2026-06-01 13:39:53,3325,DATA,401028195,3G,0.0,4.01
R02-0001253,2,Capital-Metro,+1-880-924-0799,+1-555-866-3604,2026-06-01 11:11:58,1877,VOICE,,3G,0.12,3.75
R02-0001254,2,Capital-Metro,+1-782-610-4583,+1-692-890-0801,2026-06-01 06:30:20,0,SMS,,4G,0.0,0.05
R02-0001255,2,Capital-Metro,+1-934-472-9470,+1-507-503-2663,2026-06-01 18:23:26,0,SMS,,4G,0.0,0.05
R02-0001256,2,Capital-Metro,+1-769-796-2889,+1-505-543-8818,2026-06-01 16:18:20,555,VOICE,,4G,0.1,0.93
R02-0001257,2,Capital-Metro,+1-446-454-0614,+1-815-609-7416,2026-06-01 23:41:38,1521,VOICE,,5G,0.08,2.03
R02-0001258,2,Capital-Metro,+1-829-709-9164,+1-678-421-4505,2026-06-01 13:12:52,1543,VOICE,,5G,0.08,2.06
R02-0001259,2,Capital-Metro,+1-507-915-0661,+1-795-229-5554,2026-06-01 01:38:38,732,VOICE,,5G,0.08,0.98
R02-0001260,2,Capital-Metro,+1-224-342-4434,+1-339-527-1598,2026-06-01 20:31:12,1708,VOICE,,5G,0.08,2.28
R02-0001261,2,Capital-Metro,+1-921-292-6380,+1-470-852-0912,2026-06-01 07:44:14,1525,VOICE,,4G,0.1,2.54
R02-0001262,2,Capital-Metro,+1-273-599-2385,+1-370-440-4317,2026-06-01 18:23:23,737,VOICE,,4G,0.1,1.23
R02-0001263,2,Capital-Metro,+1-932-805-9448,+1-873-985-0658,2026-06-01 06:33:04,1182,VOICE,,5G,0.08,1.58
R02-0001264,2,Capital-Metro,+1-639-810-7507,+1-308-987-9578,2026-06-01 10:44:39,0,SMS,,4G,0.0,0.05
R02-0001265,2,Capital-Metro,+1-852-431-5153,+1-393-495-7558,2026-06-01 14:30:14,894,VOICE,,4G,0.1,1.49
R02-0001266,2,Capital-Metro,+1-571-537-1306,,2026-06-01 21:55:32,7052,DATA,310183171,3G,0.0,3.1
R02-0001267,2,Capital-Metro,+1-407-220-6490,+1-359-519-8885,2026-06-01 10:13:44,932,VOICE,,4G,0.1,1.55
R02-0001268,2,Capital-Metro,+1-600-756-8482,+1-560-395-9047,2026-06-01 07:42:55,0,SMS,,4G,0.0,0.05
R02-0001269,2,Capital-Metro,+1-416-509-4412,+1-356-781-0971,2026-06-01 13:25:01,904,VOICE,,3G,0.12,1.81
R02-0001270,2,Capital-Metro,+1-481-679-1183,+1-536-853-4493,2026-06-01 05:10:45,3315,VOICE,,5G,0.08,4.42
R02-0001271,2,Capital-Metro,+1-825-866-2357,+1-472-386-0626,2026-06-01 01:31:07,2446,VOICE,,3G,0.12,4.89
R02-0001272,2,Capital-Metro,+1-593-456-6689,,2026-06-01 11:59:55,3502,DATA,286783107,4G,0.0,2.87
R02-0001273,2,Capital-Metro,+1-904-764-4253,+1-346-253-5643,2026-06-01 16:39:03,0,SMS,,3G,0.0,0.05
R02-0001274,2,Capital-Metro,+1-408-460-7657,+1-259-358-2268,2026-06-01 18:50:16,0,SMS,,4G,0.0,0.05
R02-0001275,2,Capital-Metro,+1-503-651-6217,+1-809-762-0369,2026-06-01 14:29:26,0,SMS,,4G,0.0,0.05
R02-0001276,2,Capital-Metro,+1-537-893-7481,+1-797-556-3691,2026-06-01 04:18:31,2754,VOICE,,5G,0.08,3.67
R02-0001277,2,Capital-Metro,+1-798-531-9444,+1-345-847-8185,2026-06-01 15:45:07,1194,VOICE,,5G,0.08,1.59
R02-0001278,2,Capital-Metro,+1-423-361-5648,,2026-06-01 04:09:38,4244,DATA,439245269,5G,0.0,4.39
R02-0001279,2,Capital-Metro,+1-590-707-2561,+1-793-675-6527,2026-06-01 08:27:41,2571,VOICE,,5G,0.08,3.43
R02-0001280,2,Capital-Metro,+1-275-413-7308,+1-490-207-0033,2026-06-01 14:58:46,0,SMS,,5G,0.0,0.05
R02-0001281,2,Capital-Metro,+1-211-262-0872,+1-625-722-4791,2026-06-01 23:59:42,2518,VOICE,,3G,0.12,5.04
R02-0001282,2,Capital-Metro,+1-652-768-5229,+1-393-947-6957,2026-06-01 14:40:47,2833,VOICE,,5G,0.08,3.78
R02-0001283,2,Capital-Metro,+1-217-809-6074,,2026-06-01 13:23:17,3886,DATA,23118344,5G,0.0,0.23
R02-0001284,2,Capital-Metro,+1-227-424-8723,+1-958-883-2276,2026-06-01 08:56:13,0,VOICE,,3G,0.12,0.0
R02-0001285,2,Capital-Metro,+1-292-371-8655,+1-523-410-8859,2026-06-01 09:57:42,0,SMS,,5G,0.0,0.05
R02-0001286,2,Capital-Metro,+1-471-812-7411,+1-339-833-0473,2026-06-01 18:39:32,0,SMS,,4G,0.0,0.05
R02-0001287,2,Capital-Metro,+1-369-651-5791,+1-946-406-6044,2026-06-01 10:12:18,776,VOICE,,4G,0.1,1.29
R02-0001288,2,Capital-Metro,+1-695-718-0933,+1-420-203-8578,2026-06-01 13:26:51,0,SMS,,5G,0.0,0.05
R02-0001289,2,Capital-Metro,+1-357-943-0200,+1-455-782-9388,2026-06-01 04:56:15,0,SMS,,4G,0.0,0.05
R02-0001290,2,Capital-Metro,+1-931-225-3272,,2026-06-01 00:17:18,4183,DATA,291955359,4G,0.0,2.92
R02-0001291,2,Capital-Metro,+1-557-551-6463,+1-477-227-2604,2026-06-01 13:59:33,3243,VOICE,,4G,0.1,5.41
R02-0001292,2,Capital-Metro,+1-592-627-0675,+1-294-861-3912,2026-06-01 14:47:28,441,VOICE,,4G,0.1,0.73
R02-0001293,2,Capital-Metro,+1-373-940-3055,+1-224-806-3217,2026-06-01 22:43:37,933,VOICE,,5G,0.08,1.24
R02-0001294,2,Capital-Metro,+1-838-958-4270,+1-549-939-8894,2026-06-01 20:09:04,2764,VOICE,,5G,0.08,3.69
R02-0001295,2,Capital-Metro,+1-880-376-2874,,2026-06-01 09:19:44,6870,DATA,246368106,3G,0.0,2.46
R02-0001296,2,Capital-Metro,+1-689-677-1785,+1-399-911-1599,2026-06-01 07:19:02,2790,VOICE,,4G,0.1,4.65
R02-0001297,2,Capital-Metro,+1-984-635-1136,+1-511-528-6085,2026-06-01 11:25:15,0,SMS,,5G,0.0,0.05
R02-0001298,2,Capital-Metro,+1-702-419-9458,+1-761-528-0143,2026-06-01 17:41:54,827,VOICE,,4G,0.1,1.38
R02-0001299,2,Capital-Metro,+1-269-845-4929,+1-667-400-1014,2026-06-01 13:42:20,0,SMS,,5G,0.0,0.05
R02-0001300,2,Capital-Metro,+1-730-407-8876,+1-318-684-3063,2026-06-01 18:23:27,3157,VOICE,,3G,0.12,6.31
R02-0001301,2,Capital-Metro,+1-207-837-1805,+1-422-374-9415,2026-06-01 16:12:52,0,SMS,,4G,0.0,0.05
R02-0001302,2,Capital-Metro,+1-504-606-7114,+1-613-509-4834,2026-06-01 06:39:41,0,SMS,,4G,0.0,0.05
R02-0001303,2,Capital-Metro,+1-373-424-7784,,2026-06-01 05:00:14,4241,DATA,278144782,5G,0.0,2.78
R02-0001304,2,Capital-Metro,+1-368-458-8347,,2026-06-01 14:52:16,4619,DATA,207028073,4G,0.0,2.07
R02-0001305,2,Capital-Metro,+1-238-561-5247,,2026-06-01 23:33:44,4580,DATA,71792025,5G,0.0,0.72
R02-0001306,2,Capital-Metro,+1-301-370-4022,+1-429-254-4879,2026-06-01 18:41:35,0,SMS,,4G,0.0,0.05
R02-0001307,2,Capital-Metro,+1-888-939-4668,,2026-06-01 05:18:38,5850,DATA,339358229,4G,0.0,3.39
R02-0001308,2,Capital-Metro,+1-649-930-3162,+1-359-667-4145,2026-06-01 10:08:14,1753,VOICE,,4G,0.1,2.92
R02-0001309,2,Capital-Metro,+1-503-349-5908,+1-440-815-3903,2026-06-01 06:45:09,0,SMS,,4G,0.0,0.05
R02-0001310,2,Capital-Metro,+1-428-298-5420,+1-982-336-5246,2026-06-01 09:54:54,0,SMS,,3G,0.0,0.05
R02-0001311,2,Capital-Metro,+1-488-984-1491,,2026-06-01 16:34:32,3875,DATA,487759094,3G,0.0,4.88
R02-0001312,2,Capital-Metro,+1-276-551-3891,+1-239-661-5153,2026-06-01 15:44:50,1879,VOICE,,3G,0.12,3.76
R02-0001313,2,Capital-Metro,+1-840-710-0085,+1-761-968-3332,2026-06-01 05:14:14,0,SMS,,4G,0.0,0.05
R02-0001314,2,Capital-Metro,+1-307-729-4087,+1-971-406-0117,2026-06-01 09:49:09,0,SMS,,3G,0.0,0.05
R02-0001315,2,Capital-Metro,+1-728-293-2479,+1-642-374-2307,2026-06-01 10:42:14,0,SMS,,4G,0.0,0.05
R02-0001316,2,Capital-Metro,+1-437-963-0740,+1-358-548-9248,2026-06-01 13:21:36,968,VOICE,,5G,0.08,1.29
R02-0001317,2,Capital-Metro,+1-832-869-7241,+1-454-322-8672,2026-06-01 12:02:45,409,VOICE,,4G,0.1,0.68
R02-0001318,2,Capital-Metro,+1-215-620-9238,+1-662-267-3386,2026-06-01 22:54:42,0,SMS,,4G,0.0,0.05
R02-0001319,2,Capital-Metro,+1-683-359-1596,,2026-06-01 13:03:52,2312,DATA,254776934,5G,0.0,2.55
R02-0001320,2,Capital-Metro,+1-260-341-2969,+1-218-477-8910,2026-06-01 13:20:45,0,SMS,,4G,0.0,0.05
R02-0001321,2,Capital-Metro,+1-400-624-8188,,2026-06-01 19:43:32,162,DATA,474041214,4G,0.0,4.74
R02-0001322,2,Capital-Metro,+1-811-587-5557,+1-400-292-2247,2026-06-01 21:11:08,3405,VOICE,,4G,0.1,5.68
R02-0001323,2,Capital-Metro,+1-456-231-9800,+1-824-937-8243,2026-06-01 05:46:58,3111,VOICE,,4G,0.1,5.19
R02-0001324,2,Capital-Metro,+1-627-733-8777,,2026-06-01 01:52:39,1136,DATA,222866936,3G,0.0,2.23
R02-0001325,2,Capital-Metro,+1-764-986-5054,,2026-06-01 14:44:27,5628,DATA,453067757,5G,0.0,4.53
R02-0001326,2,Capital-Metro,+1-808-670-4941,+1-498-666-4148,2026-06-01 23:05:28,1843,VOICE,,4G,0.1,3.07
R02-0001327,2,Capital-Metro,+1-657-324-2325,+1-903-774-2092,2026-06-01 11:10:47,0,SMS,,4G,0.0,0.05
R02-0001328,2,Capital-Metro,+1-326-389-2516,+1-893-977-8680,2026-06-01 09:08:38,0,SMS,,3G,0.0,0.05
R02-0001329,2,Capital-Metro,+1-812-966-4096,+1-349-455-0227,2026-06-01 04:09:11,760,VOICE,,5G,0.08,1.01
R02-0001330,2,Capital-Metro,+1-479-444-9951,+1-393-280-4540,2026-06-01 06:17:22,848,VOICE,,4G,0.1,1.41
R02-0001331,2,Capital-Metro,+1-932-569-8078,+1-781-444-4211,2026-06-01 20:11:29,306,VOICE,,4G,0.1,0.51
R02-0001332,2,Capital-Metro,+1-657-326-4925,,2026-06-01 18:32:03,5814,DATA,243877854,4G,0.0,2.44
R02-0001333,2,Capital-Metro,+1-708-301-2549,+1-514-319-2416,2026-06-01 19:09:57,1107,VOICE,,4G,0.1,1.84
R02-0001334,2,Capital-Metro,+1-709-543-4492,,2026-06-01 16:44:49,3668,DATA,48613650,4G,0.0,0.49
R02-0001335,2,Capital-Metro,+1-918-955-1590,+1-516-965-6919,2026-06-01 00:13:45,0,SMS,,4G,0.0,0.05
R02-0001336,2,Capital-Metro,+1-903-879-8240,+1-389-382-6865,2026-06-01 19:22:05,0,SMS,,4G,0.0,0.05
R02-0001337,2,Capital-Metro,+1-659-962-7305,,2026-06-01 01:55:24,7138,DATA,292985809,4G,0.0,2.93
R02-0001338,2,Capital-Metro,+1-366-313-3111,+1-240-201-2929,2026-06-01 21:56:48,0,SMS,,4G,0.0,0.05
R02-0001339,2,Capital-Metro,+1-939-425-9047,+1-817-270-9502,2026-06-01 09:01:23,0,SMS,,4G,0.0,0.05
R02-0001340,2,Capital-Metro,+1-407-365-3932,+1-638-892-1126,2026-06-01 06:19:06,801,VOICE,,5G,0.08,1.07
R02-0001341,2,Capital-Metro,+1-837-423-3384,,2026-06-01 17:15:23,1732,DATA,401570382,5G,0.0,4.02
R02-0001342,2,Capital-Metro,+1-406-470-7510,+1-340-857-0500,2026-06-01 00:10:26,0,SMS,,5G,0.0,0.05
R02-0001343,2,Capital-Metro,+1-452-886-1166,+1-880-946-3868,2026-06-01 05:54:34,0,SMS,,4G,0.0,0.05
R02-0001344,2,Capital-Metro,+1-828-841-1382,+1-459-581-5680,2026-06-01 05:54:48,832,VOICE,,3G,0.12,1.66
R02-0001345,2,Capital-Metro,+1-216-725-1453,+1-225-417-6645,2026-06-01 19:28:38,2295,VOICE,,3G,0.12,4.59
R02-0001346,2,Capital-Metro,+1-840-508-4108,+1-471-355-5935,2026-06-01 20:58:25,1149,VOICE,,5G,0.08,1.53
R02-0001347,2,Capital-Metro,+1-873-534-1082,+1-972-921-2356,2026-06-01 12:38:46,1892,VOICE,,4G,0.1,3.15
R02-0001348,2,Capital-Metro,+1-330-765-9262,,2026-06-01 06:54:50,5126,DATA,340892848,4G,0.0,3.41
R02-0001349,2,Capital-Metro,+1-881-782-6117,+1-557-995-8562,2026-06-01 18:57:04,2346,VOICE,,4G,0.1,3.91
R02-0001350,2,Capital-Metro,+1-270-808-9540,+1-792-537-9293,2026-06-01 22:40:35,2751,VOICE,,4G,0.1,4.58
R02-0001351,2,Capital-Metro,+1-966-242-0282,+1-658-688-3274,2026-06-01 06:04:59,3009,VOICE,,4G,0.1,5.02
R02-0001352,2,Capital-Metro,+1-649-877-0352,,2026-06-01 21:08:29,5724,DATA,357839524,4G,0.0,3.58
R02-0001353,2,Capital-Metro,+1-590-822-8421,+1-865-884-0137,2026-06-01 00:07:14,0,SMS,,5G,0.0,0.05
R02-0001354,2,Capital-Metro,+1-541-311-7338,+1-354-371-0887,2026-06-01 17:59:46,0,SMS,,4G,0.0,0.05
R02-0001355,2,Capital-Metro,+1-898-676-1760,+1-664-578-1425,2026-06-01 18:21:53,1175,VOICE,,5G,0.08,1.57
R02-0001356,2,Capital-Metro,+1-247-472-2828,+1-657-583-1305,2026-06-01 21:42:39,0,SMS,,4G,0.0,0.05
R02-0001357,2,Capital-Metro,+1-947-901-0363,+1-649-554-8939,2026-06-01 16:43:03,0,SMS,,4G,0.0,0.05
R02-0001358,2,Capital-Metro,+1-590-710-6494,+1-614-930-1763,2026-06-01 23:01:56,1076,VOICE,,5G,0.08,1.43
R02-0001359,2,Capital-Metro,+1-510-968-4289,+1-464-893-3743,2026-06-01 23:24:43,905,VOICE,,5G,0.08,1.21
R02-0001360,2,Capital-Metro,+1-346-789-5029,+1-301-766-4239,2026-06-01 14:45:36,1872,VOICE,,4G,0.1,3.12
R02-0001361,2,Capital-Metro,+1-858-701-3925,+1-286-227-5146,2026-06-01 16:30:53,1951,VOICE,,4G,0.1,3.25
R02-0001362,2,Capital-Metro,+1-909-839-9455,+1-642-987-9854,2026-06-01 00:22:05,0,SMS,,4G,0.0,0.05
R02-0001363,2,Capital-Metro,+1-761-508-8595,+1-286-486-4465,2026-06-01 22:34:10,0,SMS,,3G,0.0,0.05
R02-0001364,2,Capital-Metro,+1-229-575-8873,+1-405-421-8761,2026-06-01 04:56:56,0,SMS,,5G,0.0,0.05
R02-0001365,2,Capital-Metro,+1-649-677-0427,+1-214-296-3179,2026-06-01 10:44:54,0,SMS,,4G,0.0,0.05
R02-0001366,2,Capital-Metro,+1-328-251-1717,+1-969-307-7081,2026-06-01 04:14:32,429,VOICE,,5G,0.08,0.57
R02-0001367,2,Capital-Metro,+1-225-553-0366,+1-223-611-8057,2026-06-01 17:35:32,1655,VOICE,,4G,0.1,2.76
R02-0001368,2,Capital-Metro,+1-676-302-4526,+1-794-246-9879,2026-06-01 14:46:40,0,SMS,,5G,0.0,0.05
R02-0001369,2,Capital-Metro,+1-638-786-0257,+1-335-351-4927,2026-06-01 03:20:45,0,SMS,,5G,0.0,0.05
R02-0001370,2,Capital-Metro,+1-229-954-3554,+1-516-211-1610,2026-06-01 21:49:35,3278,VOICE,,4G,0.1,5.46
R02-0001371,2,Capital-Metro,+1-329-379-8111,+1-633-762-7807,2026-06-01 15:10:21,1415,VOICE,,4G,0.1,2.36
R02-0001372,2,Capital-Metro,+1-854-580-6418,,2026-06-01 07:29:01,3326,DATA,174359660,3G,0.0,1.74
R02-0001373,2,Capital-Metro,+1-489-513-3812,,2026-06-01 08:50:46,6821,DATA,372537386,4G,0.0,3.73
R02-0001374,2,Capital-Metro,+1-498-677-1077,+1-676-284-1879,2026-06-01 08:40:57,3109,VOICE,,4G,0.1,5.18
R02-0001375,2,Capital-Metro,+1-435-312-1873,+1-839-623-0813,2026-06-01 21:56:58,0,SMS,,4G,0.0,0.05
R02-0001376,2,Capital-Metro,+1-400-878-8484,,2026-06-01 18:31:17,7095,DATA,212167029,4G,0.0,2.12
R02-0001377,2,Capital-Metro,+1-562-839-9991,+1-431-215-4756,2026-06-01 12:15:25,3440,VOICE,,5G,0.08,4.59
R02-0001378,2,Capital-Metro,+1-248-601-0895,+1-582-833-5629,2026-06-01 18:48:16,1503,VOICE,,5G,0.08,2.0
R02-0001379,2,Capital-Metro,+1-294-317-3592,+1-573-543-3169,2026-06-01 15:43:58,278,VOICE,,5G,0.08,0.37
R02-0001380,2,Capital-Metro,+1-710-368-0149,+1-391-404-2478,2026-06-01 05:57:05,0,SMS,,3G,0.0,0.05
R02-0001381,2,Capital-Metro,+1-857-983-1291,+1-636-271-2800,2026-06-01 06:24:59,2410,VOICE,,4G,0.1,4.02
R02-0001382,2,Capital-Metro,+1-455-875-1188,+1-371-946-4075,2026-06-01 05:27:40,0,SMS,,4G,0.0,0.05
R02-0001383,2,Capital-Metro,+1-252-671-0659,+1-508-235-7856,2026-06-01 01:41:59,0,SMS,,4G,0.0,0.05
R02-0001384,2,Capital-Metro,+1-622-602-6455,+1-890-716-4583,2026-06-01 18:39:24,3455,VOICE,,5G,0.08,4.61
R02-0001385,2,Capital-Metro,+1-678-913-8637,,2026-06-01 08:18:26,984,DATA,496449717,5G,0.0,4.96
R02-0001386,2,Capital-Metro,+1-374-838-0751,+1-482-287-0032,2026-06-01 21:13:53,2062,VOICE,,4G,0.1,3.44
R02-0001387,2,Capital-Metro,+1-759-516-6998,+1-792-589-7689,2026-06-01 06:49:12,1170,VOICE,,4G,0.1,1.95
R02-0001388,2,Capital-Metro,+1-357-976-4634,+1-883-859-4238,2026-06-01 14:51:00,2394,VOICE,,4G,0.1,3.99
R02-0001389,2,Capital-Metro,+1-634-542-0791,+1-310-414-8497,2026-06-01 01:50:20,0,SMS,,4G,0.0,0.05
R02-0001390,2,Capital-Metro,+1-935-861-5126,+1-354-251-6125,2026-06-01 06:11:39,2865,VOICE,,4G,0.1,4.78
R02-0001391,2,Capital-Metro,+1-624-555-2732,+1-219-821-9795,2026-06-01 13:42:39,1350,VOICE,,4G,0.1,2.25
R02-0001392,2,Capital-Metro,+1-813-929-0812,+1-350-236-2353,2026-06-01 00:10:49,0,SMS,,4G,0.0,0.05
R02-0001393,2,Capital-Metro,+1-881-333-3143,,2026-06-01 22:54:32,6177,DATA,383043293,3G,0.0,3.83
R02-0001394,2,Capital-Metro,+1-225-607-6551,+1-757-436-5742,2026-06-01 21:24:07,1685,VOICE,,4G,0.1,2.81
R02-0001395,2,Capital-Metro,+1-486-900-9975,+1-535-422-9706,2026-06-01 02:02:40,0,SMS,,4G,0.0,0.05
R02-0001396,2,Capital-Metro,+1-920-308-6165,+1-914-313-6585,2026-06-01 08:50:14,0,SMS,,5G,0.0,0.05
R02-0001397,2,Capital-Metro,+1-948-363-2627,+1-486-240-2020,2026-06-01 14:56:04,2949,VOICE,,4G,0.1,4.92
R02-0001398,2,Capital-Metro,+1-753-857-3620,+1-869-359-6570,2026-06-01 12:51:45,805,VOICE,,4G,0.1,1.34
R02-0001399,2,Capital-Metro,+1-540-308-1540,+1-593-799-6826,2026-06-01 23:15:48,0,VOICE,,5G,0.08,0.0
R02-0001400,2,Capital-Metro,+1-804-936-8411,+1-577-447-7782,2026-06-01 01:19:25,0,SMS,,4G,0.0,0.05
R02-0001401,2,Capital-Metro,+1-343-648-7226,+1-553-786-0213,2026-06-01 22:43:29,1641,VOICE,,4G,0.1,2.74
R02-0001402,2,Capital-Metro,+1-657-876-0423,+1-567-224-7389,2026-06-01 14:54:34,432,VOICE,,4G,0.1,0.72
R02-0001403,2,Capital-Metro,+1-256-832-3705,+1-882-403-3659,2026-06-01 10:56:23,0,SMS,,5G,0.0,0.05
R02-0001404,2,Capital-Metro,+1-639-631-3831,+1-356-516-0563,2026-06-01 16:29:19,0,SMS,,4G,0.0,0.05
R02-0001405,2,Capital-Metro,+1-650-601-4710,+1-346-920-5187,2026-06-01 14:32:26,0,VOICE,,5G,0.08,0.0
R02-0001406,2,Capital-Metro,+1-827-865-4251,,2026-06-01 02:58:45,3762,DATA,453758350,4G,0.0,4.54
R02-0001407,2,Capital-Metro,+1-745-645-0211,+1-311-798-9826,2026-06-01 10:48:28,446,VOICE,,5G,0.08,0.59
R02-0001408,2,Capital-Metro,+1-623-913-6226,+1-237-832-2945,2026-06-01 19:19:49,0,SMS,,4G,0.0,0.05
R02-0001409,2,Capital-Metro,+1-669-234-4375,,2026-06-01 07:56:43,2367,DATA,335457468,4G,0.0,3.35
R02-0001410,2,Capital-Metro,+1-909-490-0468,,2026-06-01 18:20:16,5279,DATA,3473021,3G,0.0,0.03
R02-0001411,2,Capital-Metro,+1-428-508-8929,+1-929-360-3223,2026-06-01 09:36:22,0,SMS,,4G,0.0,0.05
R02-0001412,2,Capital-Metro,+1-402-881-4304,+1-945-688-0537,2026-06-01 02:57:26,0,SMS,,5G,0.0,0.05
R02-0001413,2,Capital-Metro,+1-636-705-7791,+1-234-909-9330,2026-06-01 21:32:07,0,SMS,,5G,0.0,0.05
R02-0001414,2,Capital-Metro,+1-485-205-7244,,2026-06-01 00:46:00,2841,DATA,440373351,4G,0.0,4.4
R02-0001415,2,Capital-Metro,+1-592-307-2420,+1-382-341-9187,2026-06-01 01:22:48,127,VOICE,,4G,0.1,0.21
R02-0001416,2,Capital-Metro,+1-425-912-8644,+1-594-938-8375,2026-06-01 03:51:46,1201,VOICE,,4G,0.1,2.0
R02-0001417,2,Capital-Metro,+1-727-208-6953,+1-983-705-1028,2026-06-01 05:46:16,2574,VOICE,,4G,0.1,4.29
R02-0001418,2,Capital-Metro,+1-419-858-5265,,2026-06-01 10:40:40,4368,DATA,270510873,4G,0.0,2.71
R02-0001419,2,Capital-Metro,+1-681-838-1019,,2026-06-01 06:48:56,5846,DATA,263998933,5G,0.0,2.64
R02-0001420,2,Capital-Metro,+1-778-420-0308,+1-907-570-6263,2026-06-01 11:45:40,0,SMS,,4G,0.0,0.05
R02-0001421,2,Capital-Metro,+1-894-406-9572,+1-805-986-8547,2026-06-01 13:47:47,3393,VOICE,,5G,0.08,4.52
R02-0001422,2,Capital-Metro,+1-937-886-3375,+1-919-471-6013,2026-06-01 04:12:21,0,SMS,,5G,0.0,0.05
R02-0001423,2,Capital-Metro,+1-509-896-9054,,2026-06-01 09:32:43,4417,DATA,449907914,4G,0.0,4.5
R02-0001424,2,Capital-Metro,+1-383-684-1400,,2026-06-01 12:45:37,5313,DATA,349370598,4G,0.0,3.49
R02-0001425,2,Capital-Metro,+1-386-969-7302,+1-703-758-4462,2026-06-01 04:46:41,2396,VOICE,,4G,0.1,3.99
R02-0001426,2,Capital-Metro,+1-229-398-4043,+1-763-776-4208,2026-06-01 11:49:37,834,VOICE,,4G,0.1,1.39
R02-0001427,2,Capital-Metro,+1-674-384-7981,+1-539-639-4588,2026-06-01 15:40:06,2063,VOICE,,4G,0.1,3.44
R02-0001428,2,Capital-Metro,+1-876-965-5509,+1-225-833-3992,2026-06-01 08:21:43,1251,VOICE,,4G,0.1,2.09
R02-0001429,2,Capital-Metro,+1-371-922-2292,+1-916-928-0949,2026-06-01 06:03:45,2123,VOICE,,4G,0.1,3.54
R02-0001430,2,Capital-Metro,+1-847-716-3558,,2026-06-01 21:32:31,3270,DATA,43624245,5G,0.0,0.44
R02-0001431,2,Capital-Metro,+1-508-586-9176,+1-417-501-2792,2026-06-01 15:16:06,2287,VOICE,,4G,0.1,3.81
R02-0001432,2,Capital-Metro,+1-504-552-8815,+1-244-445-3315,2026-06-01 02:45:47,129,VOICE,,5G,0.08,0.17
R02-0001433,2,Capital-Metro,+1-523-489-0517,+1-792-737-7855,2026-06-01 02:27:56,0,SMS,,5G,0.0,0.05
R02-0001434,2,Capital-Metro,+1-234-410-8552,+1-320-373-3175,2026-06-01 22:38:40,0,SMS,,4G,0.0,0.05
R02-0001435,2,Capital-Metro,+1-980-746-2555,+1-278-592-3354,2026-06-01 09:36:15,2563,VOICE,,4G,0.1,4.27
R02-0001436,2,Capital-Metro,+1-256-779-6079,+1-203-592-2519,2026-06-01 19:50:51,0,SMS,,4G,0.0,0.05
R02-0001437,2,Capital-Metro,+1-351-652-5831,+1-205-358-3458,2026-06-01 19:55:51,0,SMS,,3G,0.0,0.05
R02-0001438,2,Capital-Metro,+1-710-710-8018,+1-928-541-9514,2026-06-01 08:43:01,0,SMS,,4G,0.0,0.05
R02-0001439,2,Capital-Metro,+1-312-511-8913,+1-565-496-5449,2026-06-01 00:25:27,180,VOICE,,3G,0.12,0.36
R02-0001440,2,Capital-Metro,+1-404-641-3485,,2026-06-01 18:50:35,2997,DATA,280147079,4G,0.0,2.8
R02-0001441,2,Capital-Metro,+1-494-579-2284,+1-296-907-0228,2026-06-01 11:54:26,445,VOICE,,4G,0.1,0.74
R02-0001442,2,Capital-Metro,+1-289-405-2914,+1-939-538-2019,2026-06-01 17:11:08,0,SMS,,4G,0.0,0.05
R02-0001443,2,Capital-Metro,+1-235-748-2910,+1-862-418-2949,2026-06-01 21:50:56,191,VOICE,,5G,0.08,0.25
R02-0001444,2,Capital-Metro,+1-734-233-9285,,2026-06-01 08:48:00,1749,DATA,411834130,4G,0.0,4.12
R02-0001445,2,Capital-Metro,+1-637-285-2359,+1-496-863-2910,2026-06-01 09:47:02,2323,VOICE,,4G,0.1,3.87
R02-0001446,2,Capital-Metro,+1-881-660-4766,+1-799-849-6919,2026-06-01 19:16:38,0,SMS,,4G,0.0,0.05
R02-0001447,2,Capital-Metro,+1-623-986-0000,+1-830-431-6002,2026-06-01 13:10:47,2085,VOICE,,5G,0.08,2.78
R02-0001448,2,Capital-Metro,+1-492-643-3223,+1-903-926-0904,2026-06-01 09:55:10,3380,VOICE,,4G,0.1,5.63
R02-0001449,2,Capital-Metro,+1-207-860-7423,+1-604-363-1496,2026-06-01 09:32:53,2019,VOICE,,4G,0.1,3.37
R02-0001450,2,Capital-Metro,+1-263-664-7143,+1-660-751-4916,2026-06-01 08:51:29,1272,VOICE,,5G,0.08,1.7
R02-0001451,2,Capital-Metro,+1-859-798-8005,+1-482-982-4115,2026-06-01 17:59:00,1121,VOICE,,4G,0.1,1.87
R02-0001452,2,Capital-Metro,+1-380-897-1051,+1-903-454-2708,2026-06-01 12:16:22,0,SMS,,4G,0.0,0.05
R02-0001453,2,Capital-Metro,+1-541-882-4602,+1-968-277-6129,2026-06-01 15:48:15,0,SMS,,4G,0.0,0.05
R02-0001454,2,Capital-Metro,+1-630-709-0118,+1-731-272-3412,2026-06-01 20:03:18,2658,VOICE,,4G,0.1,4.43
R02-0001455,2,Capital-Metro,+1-943-276-8806,+1-630-651-2967,2026-06-01 21:20:03,2344,VOICE,,5G,0.08,3.13
R02-0001456,2,Capital-Metro,+1-615-773-4854,,2026-06-01 07:37:37,5716,DATA,445429337,5G,0.0,4.45
R02-0001457,2,Capital-Metro,+1-386-757-6591,+1-608-597-1716,2026-06-01 15:03:53,0,SMS,,4G,0.0,0.05
R02-0001458,2,Capital-Metro,+1-980-818-8593,,2026-06-01 12:03:25,2169,DATA,79340614,3G,0.0,0.79
R02-0001459,2,Capital-Metro,+1-883-318-6515,+1-884-992-4804,2026-06-01 08:37:53,292,VOICE,,4G,0.1,0.49
R02-0001460,2,Capital-Metro,+1-464-952-3204,,2026-06-01 13:44:08,1325,DATA,137671847,4G,0.0,1.38
R02-0001461,2,Capital-Metro,+1-385-462-4805,+1-684-400-7313,2026-06-01 06:46:45,1119,VOICE,,4G,0.1,1.86
R02-0001462,2,Capital-Metro,+1-845-234-3688,+1-260-636-4672,2026-06-01 20:22:27,0,SMS,,4G,0.0,0.05
R02-0001463,2,Capital-Metro,+1-857-460-4231,+1-377-822-2808,2026-06-01 05:58:11,242,VOICE,,5G,0.08,0.32
R02-0001464,2,Capital-Metro,+1-902-204-9420,+1-819-348-8382,2026-06-01 23:20:47,79,VOICE,,5G,0.08,0.11
R02-0001465,2,Capital-Metro,+1-341-821-7129,,2026-06-01 11:44:51,5405,DATA,412336729,4G,0.0,4.12
R02-0001466,2,Capital-Metro,+1-278-427-6816,+1-200-455-9997,2026-06-01 12:06:31,0,SMS,,4G,0.0,0.05
R02-0001467,2,Capital-Metro,+1-582-609-2733,+1-560-280-9188,2026-06-01 10:55:06,0,SMS,,4G,0.0,0.05
R02-0001468,2,Capital-Metro,+1-647-586-5134,+1-823-249-6384,2026-06-01 17:54:14,889,VOICE,,5G,0.08,1.19
R02-0001469,2,Capital-Metro,+1-378-227-9910,+1-339-923-6736,2026-06-01 02:04:30,1832,VOICE,,5G,0.08,2.44
R02-0001470,2,Capital-Metro,+1-536-458-2868,+1-615-571-4524,2026-06-01 02:03:54,1086,VOICE,,5G,0.08,1.45
R02-0001471,2,Capital-Metro,+1-751-519-7806,+1-728-423-3268,2026-06-01 12:43:36,0,SMS,,3G,0.0,0.05
R02-0001472,2,Capital-Metro,+1-351-657-7097,+1-605-482-3685,2026-06-01 15:59:11,1508,VOICE,,4G,0.1,2.51
R02-0001473,2,Capital-Metro,+1-537-254-1834,+1-381-787-9171,2026-06-01 05:33:16,1961,VOICE,,3G,0.12,3.92
R02-0001474,2,Capital-Metro,+1-716-377-4937,+1-454-355-3671,2026-06-01 09:53:28,1443,VOICE,,5G,0.08,1.92
R02-0001475,2,Capital-Metro,+1-233-825-5693,+1-647-214-4799,2026-06-01 11:35:07,1512,VOICE,,4G,0.1,2.52
R02-0001476,2,Capital-Metro,+1-303-603-1533,+1-338-531-2230,2026-06-01 00:40:44,2010,VOICE,,4G,0.1,3.35
R02-0001477,2,Capital-Metro,+1-882-207-0456,+1-285-841-3341,2026-06-01 11:08:16,0,SMS,,4G,0.0,0.05
R02-0001478,2,Capital-Metro,+1-644-547-0611,+1-583-381-1603,2026-06-01 20:11:45,457,VOICE,,5G,0.08,0.61
R02-0001479,2,Capital-Metro,+1-544-664-0751,+1-219-296-6023,2026-06-01 08:11:07,223,VOICE,,3G,0.12,0.45
R02-0001480,2,Capital-Metro,+1-729-897-0983,+1-594-874-7527,2026-06-01 08:19:55,703,VOICE,,4G,0.1,1.17
R02-0001481,2,Capital-Metro,+1-727-883-9859,+1-603-298-1035,2026-06-01 13:31:46,82,VOICE,,5G,0.08,0.11
R02-0001482,2,Capital-Metro,+1-661-754-7459,+1-921-974-0410,2026-06-01 05:11:19,0,SMS,,4G,0.0,0.05
R02-0001483,2,Capital-Metro,+1-716-475-4643,+1-929-548-4892,2026-06-01 11:55:31,0,SMS,,5G,0.0,0.05
R02-0001484,2,Capital-Metro,+1-509-251-9943,+1-914-923-7315,2026-06-01 13:38:05,3187,VOICE,,4G,0.1,5.31
R02-0001485,2,Capital-Metro,+1-858-526-8131,+1-381-799-8776,2026-06-01 16:17:02,511,VOICE,,5G,0.08,0.68
R02-0001486,2,Capital-Metro,+1-909-369-5222,+1-792-582-5522,2026-06-01 05:59:12,0,VOICE,,4G,0.1,0.0
R02-0001487,2,Capital-Metro,+1-532-615-9509,,2026-06-01 05:02:22,3492,DATA,458853825,5G,0.0,4.59
R02-0001488,2,Capital-Metro,+1-985-507-2743,+1-976-803-0305,2026-06-01 05:15:23,1136,VOICE,,3G,0.12,2.27
R02-0001489,2,Capital-Metro,+1-276-275-8155,+1-474-948-2165,2026-06-01 08:15:30,2901,VOICE,,5G,0.08,3.87
R02-0001490,2,Capital-Metro,+1-208-531-3078,+1-967-412-9322,2026-06-01 03:20:45,1579,VOICE,,4G,0.1,2.63
R02-0001491,2,Capital-Metro,+1-687-579-7475,,2026-06-01 07:20:35,1955,DATA,348726273,4G,0.0,3.49
R02-0001492,2,Capital-Metro,+1-207-713-7902,,2026-06-01 20:07:20,6648,DATA,424336006,3G,0.0,4.24
R02-0001493,2,Capital-Metro,+1-738-240-9361,+1-467-658-7637,2026-06-01 05:48:55,1307,VOICE,,5G,0.08,1.74
R02-0001494,2,Capital-Metro,+1-392-811-7742,+1-948-332-6728,2026-06-01 13:07:30,274,VOICE,,5G,0.08,0.37
R02-0001495,2,Capital-Metro,+1-429-380-8862,+1-641-606-8529,2026-06-01 03:55:55,0,SMS,,4G,0.0,0.05
R02-0001496,2,Capital-Metro,+1-925-635-5384,+1-374-635-1458,2026-06-01 12:06:36,1225,VOICE,,3G,0.12,2.45
R02-0001497,2,Capital-Metro,+1-343-426-5251,+1-218-829-3466,2026-06-01 09:00:03,536,VOICE,,3G,0.12,1.07
R02-0001498,2,Capital-Metro,+1-595-453-4012,+1-764-303-7262,2026-06-01 02:33:52,695,VOICE,,4G,0.1,1.16
R02-0001499,2,Capital-Metro,+1-883-435-2073,+1-417-839-1580,2026-06-01 11:39:15,0,SMS,,5G,0.0,0.05
R02-0001500,2,Capital-Metro,+1-816-396-6500,+1-859-519-3088,2026-06-01 17:41:08,0,SMS,,4G,0.0,0.05
R02-0001501,2,Capital-Metro,+1-378-792-2649,+1-268-495-7320,2026-06-01 02:07:11,3349,VOICE,,4G,0.1,5.58
R02-0001502,2,Capital-Metro,+1-429-825-0601,,2026-06-01 08:01:55,5625,DATA,37656223,4G,0.0,0.38
R02-0001503,2,Capital-Metro,+1-892-229-2847,+1-722-431-4242,2026-06-01 10:16:35,2704,VOICE,,4G,0.1,4.51
R02-0001504,2,Capital-Metro,+1-510-862-0410,+1-828-839-3075,2026-06-01 11:03:51,0,SMS,,4G,0.0,0.05
R02-0001505,2,Capital-Metro,+1-690-834-7340,+1-646-776-4930,2026-06-01 16:55:04,2085,VOICE,,5G,0.08,2.78
R02-0001506,2,Capital-Metro,+1-778-373-0836,+1-570-910-7968,2026-06-01 21:28:01,0,SMS,,4G,0.0,0.05
R02-0001507,2,Capital-Metro,+1-937-476-5658,+1-420-280-8598,2026-06-01 11:42:53,0,SMS,,4G,0.0,0.05
R02-0001508,2,Capital-Metro,+1-509-905-4175,+1-635-781-2830,2026-06-01 08:38:28,1681,VOICE,,3G,0.12,3.36
R02-0001509,2,Capital-Metro,+1-970-482-0294,+1-919-531-7511,2026-06-01 11:25:24,0,SMS,,4G,0.0,0.05
R02-0001510,2,Capital-Metro,+1-712-938-0076,+1-785-592-4479,2026-06-01 15:48:05,55,VOICE,,3G,0.12,0.11
R02-0001511,2,Capital-Metro,+1-263-290-7875,+1-787-237-5703,2026-06-01 07:50:56,0,SMS,,4G,0.0,0.05
R02-0001512,2,Capital-Metro,+1-539-703-3587,+1-971-246-8833,2026-06-01 08:13:42,0,SMS,,5G,0.0,0.05
R02-0001513,2,Capital-Metro,+1-661-681-6852,+1-584-206-7038,2026-06-01 15:25:21,217,VOICE,,5G,0.08,0.29
R02-0001514,2,Capital-Metro,+1-299-277-2306,,2026-06-01 00:36:38,435,DATA,206583659,4G,0.0,2.07
R02-0001515,2,Capital-Metro,+1-878-334-7328,+1-703-273-3335,2026-06-01 11:20:48,2092,VOICE,,5G,0.08,2.79
R02-0001516,2,Capital-Metro,+1-530-968-8816,+1-330-915-2529,2026-06-01 03:35:30,0,SMS,,4G,0.0,0.05
R02-0001517,2,Capital-Metro,+1-793-920-6748,+1-579-917-0027,2026-06-01 18:29:58,0,SMS,,4G,0.0,0.05
R02-0001518,2,Capital-Metro,+1-538-509-2190,+1-674-699-8286,2026-06-01 01:41:40,886,VOICE,,4G,0.1,1.48
R02-0001519,2,Capital-Metro,+1-961-529-9120,,2026-06-01 03:06:12,5151,DATA,173685361,3G,0.0,1.74
R02-0001520,2,Capital-Metro,+1-771-415-9680,+1-295-292-9060,2026-06-01 17:37:51,353,VOICE,,5G,0.08,0.47
R02-0001521,2,Capital-Metro,+1-762-453-2516,+1-601-812-1219,2026-06-01 05:02:49,813,VOICE,,4G,0.1,1.36
R02-0001522,2,Capital-Metro,+1-479-339-2398,+1-236-357-0481,2026-06-01 16:41:54,1578,VOICE,,4G,0.1,2.63
R02-0001523,2,Capital-Metro,+1-972-795-0785,+1-242-960-7347,2026-06-01 10:30:19,2546,VOICE,,3G,0.12,5.09
R02-0001524,2,Capital-Metro,+1-860-964-6588,+1-600-323-8960,2026-06-01 23:32:20,0,SMS,,4G,0.0,0.05
R02-0001525,2,Capital-Metro,+1-443-816-3187,+1-957-392-8757,2026-06-01 00:34:43,1600,VOICE,,4G,0.1,2.67
R02-0001526,2,Capital-Metro,+1-622-300-5042,,2026-06-01 06:10:34,180,DATA,244292532,4G,0.0,2.44
R02-0001527,2,Capital-Metro,+1-436-468-1722,+1-751-657-5111,2026-06-01 19:23:37,0,SMS,,5G,0.0,0.05
R02-0001528,2,Capital-Metro,+1-719-225-9484,+1-857-213-2460,2026-06-01 14:24:28,2868,VOICE,,5G,0.08,3.82
R02-0001529,2,Capital-Metro,+1-859-564-1635,+1-410-691-6204,2026-06-01 05:55:39,2232,VOICE,,4G,0.1,3.72
R02-0001530,2,Capital-Metro,+1-813-604-8856,+1-418-717-9167,2026-06-01 22:49:43,3434,VOICE,,4G,0.1,5.72
R02-0001531,2,Capital-Metro,+1-215-918-0660,+1-724-633-5007,2026-06-01 07:18:06,35,VOICE,,4G,0.1,0.06
R02-0001532,2,Capital-Metro,+1-972-338-3446,,2026-06-01 12:35:31,1980,DATA,173482378,4G,0.0,1.73
R02-0001533,2,Capital-Metro,+1-460-797-4159,,2026-06-01 22:35:56,1141,DATA,431914880,4G,0.0,4.32
R02-0001534,2,Capital-Metro,+1-786-576-2034,+1-812-252-5604,2026-06-01 02:44:26,0,SMS,,3G,0.0,0.05
R02-0001535,2,Capital-Metro,+1-625-788-7174,,2026-06-01 05:03:19,2340,DATA,232934524,5G,0.0,2.33
R02-0001536,2,Capital-Metro,+1-676-699-6913,+1-725-668-9596,2026-06-01 05:48:21,0,SMS,,5G,0.0,0.05
R02-0001537,2,Capital-Metro,+1-642-404-3378,+1-670-594-1219,2026-06-01 02:05:15,0,SMS,,3G,0.0,0.05
R02-0001538,2,Capital-Metro,+1-466-794-5715,,2026-06-01 08:23:57,2771,DATA,77102170,5G,0.0,0.77
R02-0001539,2,Capital-Metro,+1-890-931-0075,+1-858-943-0831,2026-06-01 18:41:02,3180,VOICE,,4G,0.1,5.3
R02-0001540,2,Capital-Metro,+1-963-587-0676,+1-621-808-4256,2026-06-01 18:20:40,1714,VOICE,,4G,0.1,2.86
R02-0001541,2,Capital-Metro,+1-744-368-1340,+1-471-813-5565,2026-06-01 18:10:53,0,SMS,,4G,0.0,0.05
R02-0001542,2,Capital-Metro,+1-557-587-7741,+1-919-849-9121,2026-06-01 23:08:24,2671,VOICE,,4G,0.1,4.45
R02-0001543,2,Capital-Metro,+1-454-284-8277,+1-911-535-6074,2026-06-01 10:49:35,436,VOICE,,3G,0.12,0.87
R02-0001544,2,Capital-Metro,+1-455-611-8016,+1-864-741-3071,2026-06-01 17:21:31,3249,VOICE,,5G,0.08,4.33
R02-0001545,2,Capital-Metro,+1-474-315-6610,+1-353-447-7164,2026-06-01 04:40:04,1572,VOICE,,4G,0.1,2.62
R02-0001546,2,Capital-Metro,+1-647-729-4846,+1-327-370-1310,2026-06-01 04:52:50,3508,VOICE,,5G,0.08,4.68
R02-0001547,2,Capital-Metro,+1-981-746-7607,+1-762-741-3005,2026-06-01 16:55:23,0,SMS,,4G,0.0,0.05
R02-0001548,2,Capital-Metro,+1-249-414-7019,+1-595-513-1115,2026-06-01 00:40:47,562,VOICE,,3G,0.12,1.12
R02-0001549,2,Capital-Metro,+1-351-823-6183,+1-945-675-2006,2026-06-01 17:32:16,0,SMS,,4G,0.0,0.05
R02-0001550,2,Capital-Metro,+1-332-957-4731,+1-557-523-7025,2026-06-01 10:30:16,2938,VOICE,,4G,0.1,4.9
R02-0001551,2,Capital-Metro,+1-766-970-2502,+1-435-342-0986,2026-06-01 19:04:20,56,VOICE,,4G,0.1,0.09
R02-0001552,2,Capital-Metro,+1-634-417-5930,,2026-06-01 19:05:02,1180,DATA,314740499,5G,0.0,3.15
R02-0001553,2,Capital-Metro,+1-792-844-6980,+1-787-929-6306,2026-06-01 23:32:06,2748,VOICE,,4G,0.1,4.58
R02-0001554,2,Capital-Metro,+1-333-697-6253,+1-726-904-9893,2026-06-01 15:07:08,3108,VOICE,,5G,0.08,4.14
R02-0001555,2,Capital-Metro,+1-348-576-3371,+1-329-868-9423,2026-06-01 15:09:17,0,SMS,,3G,0.0,0.05
R02-0001556,2,Capital-Metro,+1-910-241-5297,+1-331-873-4314,2026-06-01 19:51:09,3052,VOICE,,3G,0.12,6.1
R02-0001557,2,Capital-Metro,+1-902-868-8526,+1-402-507-7478,2026-06-01 20:00:06,0,SMS,,4G,0.0,0.05
R02-0001558,2,Capital-Metro,+1-586-773-5573,+1-732-832-1148,2026-06-01 15:03:29,791,VOICE,,5G,0.08,1.05
R02-0001559,2,Capital-Metro,+1-899-777-9929,+1-791-292-2122,2026-06-01 03:36:18,2919,VOICE,,4G,0.1,4.87
R02-0001560,2,Capital-Metro,+1-701-921-1902,+1-535-558-2840,2026-06-01 10:48:46,3583,VOICE,,4G,0.1,5.97
R02-0001561,2,Capital-Metro,+1-779-312-1840,+1-279-729-3006,2026-06-01 13:13:23,371,VOICE,,4G,0.1,0.62
R02-0001562,2,Capital-Metro,+1-412-395-8649,+1-909-629-0190,2026-06-01 03:39:53,0,SMS,,4G,0.0,0.05
R02-0001563,2,Capital-Metro,+1-607-867-4676,+1-340-657-3800,2026-06-01 12:07:41,20,VOICE,,4G,0.1,0.03
R02-0001564,2,Capital-Metro,+1-898-658-8037,+1-431-994-4472,2026-06-01 10:20:03,2209,VOICE,,3G,0.12,4.42
R02-0001565,2,Capital-Metro,+1-287-425-0918,+1-705-959-9979,2026-06-01 16:35:04,0,SMS,,4G,0.0,0.05
R02-0001566,2,Capital-Metro,+1-423-202-8814,+1-773-428-4431,2026-06-01 22:16:26,2843,VOICE,,4G,0.1,4.74
R02-0001567,2,Capital-Metro,+1-391-522-9752,+1-756-937-2781,2026-06-01 22:24:58,1441,VOICE,,4G,0.1,2.4
R02-0001568,2,Capital-Metro,+1-381-492-0213,,2026-06-01 17:40:02,3689,DATA,80423133,3G,0.0,0.8
R02-0001569,2,Capital-Metro,+1-250-262-9718,+1-968-760-6379,2026-06-01 14:57:31,3576,VOICE,,4G,0.1,5.96
R02-0001570,2,Capital-Metro,+1-618-688-7744,+1-672-996-2290,2026-06-01 09:22:14,2484,VOICE,,5G,0.08,3.31
R02-0001571,2,Capital-Metro,+1-347-819-5818,+1-456-391-1994,2026-06-01 10:30:19,0,SMS,,3G,0.0,0.05
R02-0001572,2,Capital-Metro,+1-233-279-1624,+1-881-482-3566,2026-06-01 15:19:29,0,SMS,,4G,0.0,0.05
R02-0001573,2,Capital-Metro,+1-541-278-1390,,2026-06-01 05:32:03,2816,DATA,124970073,4G,0.0,1.25
R02-0001574,2,Capital-Metro,+1-740-605-1994,+1-292-995-9134,2026-06-01 15:58:19,0,SMS,,4G,0.0,0.05
R02-0001575,2,Capital-Metro,+1-533-786-8709,+1-923-706-7143,2026-06-01 09:20:35,2812,VOICE,,4G,0.1,4.69
R02-0001576,2,Capital-Metro,+1-928-220-9512,+1-296-340-8024,2026-06-01 00:54:43,458,VOICE,,4G,0.1,0.76
R02-0001577,2,Capital-Metro,+1-223-906-2743,+1-894-266-2475,2026-06-01 05:28:25,671,VOICE,,4G,0.1,1.12
R02-0001578,2,Capital-Metro,+1-835-798-4707,+1-203-972-2070,2026-06-01 09:44:37,1426,VOICE,,5G,0.08,1.9
R02-0001579,2,Capital-Metro,+1-974-682-4642,+1-594-695-3112,2026-06-01 21:44:11,3114,VOICE,,4G,0.1,5.19
R02-0001580,2,Capital-Metro,+1-351-559-0155,+1-203-429-6871,2026-06-01 04:21:33,1991,VOICE,,5G,0.08,2.65
R02-0001581,2,Capital-Metro,+1-903-646-3260,+1-265-621-1032,2026-06-01 13:33:35,2368,VOICE,,3G,0.12,4.74
R02-0001582,2,Capital-Metro,+1-435-956-1429,,2026-06-01 16:14:23,5310,DATA,230920915,4G,0.0,2.31
R02-0001583,2,Capital-Metro,+1-633-640-8828,,2026-06-01 15:06:50,7130,DATA,323687262,3G,0.0,3.24
R02-0001584,2,Capital-Metro,+1-876-751-0365,,2026-06-01 01:31:59,2496,DATA,366608688,5G,0.0,3.67
R02-0001585,2,Capital-Metro,+1-630-257-2108,+1-250-853-4742,2026-06-01 19:31:12,0,VOICE,,3G,0.12,0.0
R02-0001586,2,Capital-Metro,+1-576-453-5008,,2026-06-01 06:24:35,3691,DATA,293770706,4G,0.0,2.94
R02-0001587,2,Capital-Metro,+1-781-712-9056,,2026-06-01 13:06:07,191,DATA,279480206,5G,0.0,2.79
R02-0001588,2,Capital-Metro,+1-459-858-9466,+1-278-294-6531,2026-06-01 09:24:21,777,VOICE,,4G,0.1,1.29
R02-0001589,2,Capital-Metro,+1-531-934-2405,+1-882-690-4146,2026-06-01 13:46:58,2560,VOICE,,3G,0.12,5.12
R02-0001590,2,Capital-Metro,+1-376-562-5691,+1-693-734-0928,2026-06-01 01:32:25,652,VOICE,,5G,0.08,0.87
R02-0001591,2,Capital-Metro,+1-868-965-2947,+1-209-628-4023,2026-06-01 12:00:34,1306,VOICE,,4G,0.1,2.18
R02-0001592,2,Capital-Metro,+1-564-367-2251,+1-763-916-3614,2026-06-01 01:50:37,0,SMS,,5G,0.0,0.05
R02-0001593,2,Capital-Metro,+1-979-445-3052,+1-580-899-1234,2026-06-01 06:03:23,0,SMS,,4G,0.0,0.05
R02-0001594,2,Capital-Metro,+1-215-234-3793,,2026-06-01 14:13:02,1487,DATA,364126579,5G,0.0,3.64
R02-0001595,2,Capital-Metro,+1-784-977-9345,+1-591-953-3522,2026-06-01 13:38:03,218,VOICE,,5G,0.08,0.29
R02-0001596,2,Capital-Metro,+1-405-308-7702,,2026-06-01 18:06:21,2367,DATA,75783776,4G,0.0,0.76
R02-0001597,2,Capital-Metro,+1-461-319-6870,+1-700-962-8184,2026-06-01 01:38:33,0,SMS,,4G,0.0,0.05
R02-0001598,2,Capital-Metro,+1-218-760-6575,,2026-06-01 20:43:41,5693,DATA,468671148,5G,0.0,4.69
R02-0001599,2,Capital-Metro,+1-459-659-3268,+1-274-251-8300,2026-06-01 11:12:46,1779,VOICE,,3G,0.12,3.56
R02-0001600,2,Capital-Metro,+1-748-831-8465,+1-384-852-7502,2026-06-01 12:19:38,0,SMS,,5G,0.0,0.05
R02-0001601,2,Capital-Metro,+1-203-700-4073,+1-224-994-0526,2026-06-01 07:58:16,0,SMS,,5G,0.0,0.05
R02-0001602,2,Capital-Metro,+1-770-364-4918,,2026-06-01 05:35:09,5136,DATA,301724022,5G,0.0,3.02
R02-0001603,2,Capital-Metro,+1-562-403-1574,+1-775-246-6725,2026-06-01 19:35:02,0,SMS,,4G,0.0,0.05
R02-0001604,2,Capital-Metro,+1-431-562-5819,+1-448-645-4272,2026-06-01 10:41:15,0,SMS,,5G,0.0,0.05
R02-0001605,2,Capital-Metro,+1-612-492-5276,+1-320-507-5869,2026-06-01 16:11:07,0,SMS,,4G,0.0,0.05
R02-0001606,2,Capital-Metro,+1-794-211-6112,,2026-06-01 13:48:08,6850,DATA,316726822,4G,0.0,3.17
R02-0001607,2,Capital-Metro,+1-795-268-2527,+1-508-484-6305,2026-06-01 09:15:54,0,SMS,,5G,0.0,0.05
R02-0001608,2,Capital-Metro,+1-556-292-6872,+1-358-775-4896,2026-06-01 02:36:01,1932,VOICE,,5G,0.08,2.58
R02-0001609,2,Capital-Metro,+1-856-241-2795,+1-490-288-0282,2026-06-01 22:37:32,0,SMS,,4G,0.0,0.05
R02-0001610,2,Capital-Metro,+1-860-524-1857,+1-973-995-3331,2026-06-01 03:43:39,3339,VOICE,,5G,0.08,4.45
R02-0001611,2,Capital-Metro,+1-239-323-2541,+1-374-543-4485,2026-06-01 20:18:39,3468,VOICE,,3G,0.12,6.94
R02-0001612,2,Capital-Metro,+1-316-707-9566,+1-591-238-7658,2026-06-01 18:30:40,1800,VOICE,,3G,0.12,3.6
R02-0001613,2,Capital-Metro,+1-974-716-5541,+1-718-250-2906,2026-06-01 14:44:36,0,SMS,,5G,0.0,0.05
R02-0001614,2,Capital-Metro,+1-552-635-6206,+1-775-895-8663,2026-06-01 23:49:11,632,VOICE,,4G,0.1,1.05
R02-0001615,2,Capital-Metro,+1-280-462-4009,+1-926-893-9024,2026-06-01 10:15:41,2815,VOICE,,4G,0.1,4.69
R02-0001616,2,Capital-Metro,+1-267-530-5594,+1-528-784-1416,2026-06-01 15:50:45,1673,VOICE,,4G,0.1,2.79
R02-0001617,2,Capital-Metro,+1-893-796-7614,+1-855-411-4573,2026-06-01 10:33:47,359,VOICE,,4G,0.1,0.6
R02-0001618,2,Capital-Metro,+1-729-965-4847,+1-386-684-9499,2026-06-01 06:47:42,0,SMS,,4G,0.0,0.05
R02-0001619,2,Capital-Metro,+1-611-269-0023,+1-728-961-5345,2026-06-01 18:35:48,2607,VOICE,,4G,0.1,4.35
R02-0001620,2,Capital-Metro,+1-882-972-4352,+1-456-747-0721,2026-06-01 02:42:59,3279,VOICE,,4G,0.1,5.46
R02-0001621,2,Capital-Metro,+1-925-276-1505,+1-986-605-4476,2026-06-01 12:18:40,0,SMS,,5G,0.0,0.05
R02-0001622,2,Capital-Metro,+1-678-720-0566,,2026-06-01 11:02:55,1078,DATA,32069703,4G,0.0,0.32
R02-0001623,2,Capital-Metro,+1-503-364-5898,+1-737-714-7909,2026-06-01 10:16:02,1366,VOICE,,5G,0.08,1.82
R02-0001624,2,Capital-Metro,+1-494-813-2179,+1-548-615-8471,2026-06-01 00:52:49,0,SMS,,4G,0.0,0.05
R02-0001625,2,Capital-Metro,+1-424-651-1134,,2026-06-01 20:01:10,974,DATA,249296919,4G,0.0,2.49
R02-0001626,2,Capital-Metro,+1-895-654-4377,+1-873-470-8359,2026-06-01 02:32:33,2441,VOICE,,3G,0.12,4.88
R02-0001627,2,Capital-Metro,+1-744-239-1941,+1-445-970-7006,2026-06-01 14:44:51,2283,VOICE,,3G,0.12,4.57
R02-0001628,2,Capital-Metro,+1-360-963-5411,+1-946-315-6374,2026-06-01 11:39:28,0,SMS,,4G,0.0,0.05
R02-0001629,2,Capital-Metro,+1-709-351-7938,+1-630-449-1964,2026-06-01 11:00:02,378,VOICE,,5G,0.08,0.5
R02-0001630,2,Capital-Metro,+1-361-668-0144,+1-683-646-9221,2026-06-01 17:37:54,3279,VOICE,,4G,0.1,5.46
R02-0001631,2,Capital-Metro,+1-981-669-7480,,2026-06-01 11:12:16,1731,DATA,129504234,5G,0.0,1.3
R02-0001632,2,Capital-Metro,+1-421-707-2734,+1-847-299-9837,2026-06-01 10:53:45,0,SMS,,5G,0.0,0.05
R02-0001633,2,Capital-Metro,+1-212-790-7962,+1-812-876-8580,2026-06-01 14:41:51,2394,VOICE,,5G,0.08,3.19
R02-0001634,2,Capital-Metro,+1-846-482-5326,+1-554-952-7255,2026-06-01 15:36:49,0,SMS,,4G,0.0,0.05
R02-0001635,2,Capital-Metro,+1-417-295-5327,+1-330-565-4139,2026-06-01 15:22:55,0,SMS,,4G,0.0,0.05
R02-0001636,2,Capital-Metro,+1-575-372-4783,+1-715-366-7335,2026-06-01 18:38:21,1633,VOICE,,4G,0.1,2.72
R02-0001637,2,Capital-Metro,+1-443-964-4977,+1-526-227-5195,2026-06-01 06:43:28,1670,VOICE,,5G,0.08,2.23
R02-0001638,2,Capital-Metro,+1-258-637-7527,+1-742-699-2602,2026-06-01 11:29:41,3589,VOICE,,4G,0.1,5.98
R02-0001639,2,Capital-Metro,+1-951-815-8820,+1-386-678-8565,2026-06-01 21:35:03,1633,VOICE,,3G,0.12,3.27
R02-0001640,2,Capital-Metro,+1-710-649-7282,+1-398-973-7970,2026-06-01 15:57:56,1237,VOICE,,3G,0.12,2.47
R02-0001641,2,Capital-Metro,+1-292-597-9529,+1-777-753-1902,2026-06-01 04:31:12,2746,VOICE,,4G,0.1,4.58
R02-0001642,2,Capital-Metro,+1-576-690-3170,+1-799-235-4820,2026-06-01 16:57:03,1739,VOICE,,4G,0.1,2.9
R02-0001643,2,Capital-Metro,+1-280-790-9698,,2026-06-01 16:43:59,2656,DATA,252820490,5G,0.0,2.53
R02-0001644,2,Capital-Metro,+1-368-441-9726,,2026-06-01 19:01:03,2813,DATA,286163097,4G,0.0,2.86
R02-0001645,2,Capital-Metro,+1-297-328-5936,+1-850-789-2736,2026-06-01 00:47:48,592,VOICE,,5G,0.08,0.79
R02-0001646,2,Capital-Metro,+1-304-789-0811,+1-728-432-1990,2026-06-01 10:10:12,2170,VOICE,,5G,0.08,2.89
R02-0001647,2,Capital-Metro,+1-475-538-4716,+1-433-570-6625,2026-06-01 05:40:13,3114,VOICE,,3G,0.12,6.23
R02-0001648,2,Capital-Metro,+1-890-455-5266,+1-941-836-4086,2026-06-01 21:16:54,2063,VOICE,,5G,0.08,2.75
R02-0001649,2,Capital-Metro,+1-986-447-7700,,2026-06-01 16:10:34,5786,DATA,252817241,4G,0.0,2.53
R02-0001650,2,Capital-Metro,+1-352-484-4969,+1-440-498-4572,2026-06-01 13:52:29,1070,VOICE,,5G,0.08,1.43
R02-0001651,2,Capital-Metro,+1-311-676-9613,+1-846-934-0892,2026-06-01 17:30:32,0,SMS,,5G,0.0,0.05
R02-0001652,2,Capital-Metro,+1-979-254-1098,,2026-06-01 01:40:03,1022,DATA,222430522,4G,0.0,2.22
R02-0001653,2,Capital-Metro,+1-806-861-5328,+1-561-865-6634,2026-06-01 15:18:46,2067,VOICE,,4G,0.1,3.45
R02-0001654,2,Capital-Metro,+1-562-783-0898,+1-433-611-3232,2026-06-01 14:04:02,459,VOICE,,4G,0.1,0.77
R02-0001655,2,Capital-Metro,+1-623-851-1417,+1-609-997-8732,2026-06-01 22:17:52,1550,VOICE,,4G,0.1,2.58
R02-0001656,2,Capital-Metro,+1-555-698-5793,+1-759-797-5434,2026-06-01 02:06:40,181,VOICE,,4G,0.1,0.3
R02-0001657,2,Capital-Metro,+1-430-508-3404,,2026-06-01 11:18:27,4746,DATA,480827780,4G,0.0,4.81
R02-0001658,2,Capital-Metro,+1-412-422-9006,+1-636-518-2792,2026-06-01 15:26:20,2589,VOICE,,4G,0.1,4.32
R02-0001659,2,Capital-Metro,+1-409-952-1389,,2026-06-01 23:34:21,1506,DATA,258014427,5G,0.0,2.58
R02-0001660,2,Capital-Metro,+1-764-418-3356,,2026-06-01 08:46:02,972,DATA,378645816,5G,0.0,3.79
R02-0001661,2,Capital-Metro,+1-644-898-8584,+1-911-368-6094,2026-06-01 19:34:40,0,VOICE,,5G,0.08,0.0
R02-0001662,2,Capital-Metro,+1-653-492-5069,+1-951-253-7022,2026-06-01 12:40:20,0,SMS,,4G,0.0,0.05
R02-0001663,2,Capital-Metro,+1-361-567-0229,+1-550-962-7855,2026-06-01 09:54:23,2943,VOICE,,4G,0.1,4.91
R02-0001664,2,Capital-Metro,+1-614-532-2594,,2026-06-01 19:21:34,2846,DATA,285638061,3G,0.0,2.86
R02-0001665,2,Capital-Metro,+1-238-635-6130,+1-916-354-3259,2026-06-01 07:24:13,2129,VOICE,,4G,0.1,3.55
R02-0001666,2,Capital-Metro,+1-366-951-6762,,2026-06-01 11:36:10,348,DATA,175343175,4G,0.0,1.75
R02-0001667,2,Capital-Metro,+1-543-830-8259,,2026-06-01 09:56:20,5960,DATA,120265146,4G,0.0,1.2
R02-0001668,2,Capital-Metro,+1-232-419-8082,+1-228-745-2966,2026-06-01 01:11:06,3088,VOICE,,4G,0.1,5.15
R02-0001669,2,Capital-Metro,+1-323-407-6426,+1-305-515-6472,2026-06-01 18:11:56,0,SMS,,4G,0.0,0.05
R02-0001670,2,Capital-Metro,+1-388-487-4716,+1-510-362-3502,2026-06-01 10:49:14,339,VOICE,,4G,0.1,0.57
R02-0001671,2,Capital-Metro,+1-704-406-2254,+1-764-907-2137,2026-06-01 02:18:06,0,SMS,,4G,0.0,0.05
R02-0001672,2,Capital-Metro,+1-491-517-9013,+1-448-607-3335,2026-06-01 12:02:48,2091,VOICE,,5G,0.08,2.79
R02-0001673,2,Capital-Metro,+1-543-794-9147,+1-605-575-4885,2026-06-01 12:45:00,2133,VOICE,,4G,0.1,3.55
R02-0001674,2,Capital-Metro,+1-345-525-8860,+1-837-419-3887,2026-06-01 18:04:04,0,SMS,,3G,0.0,0.05
R02-0001675,2,Capital-Metro,+1-285-667-8492,+1-224-625-9182,2026-06-01 18:39:02,0,SMS,,3G,0.0,0.05
R02-0001676,2,Capital-Metro,+1-597-760-8474,+1-689-341-7924,2026-06-01 01:49:42,627,VOICE,,5G,0.08,0.84
R02-0001677,2,Capital-Metro,+1-671-855-3078,,2026-06-01 06:32:45,676,DATA,258710844,4G,0.0,2.59
R02-0001678,2,Capital-Metro,+1-780-930-4841,+1-936-709-0153,2026-06-01 21:43:17,1700,VOICE,,3G,0.12,3.4
R02-0001679,2,Capital-Metro,+1-369-446-9094,+1-236-328-8657,2026-06-01 12:15:01,0,SMS,,4G,0.0,0.05
R02-0001680,2,Capital-Metro,+1-291-581-2029,+1-307-434-2427,2026-06-01 21:24:47,1749,VOICE,,4G,0.1,2.92
R02-0001681,2,Capital-Metro,+1-983-850-6656,+1-716-528-3815,2026-06-01 01:23:20,0,SMS,,5G,0.0,0.05
R02-0001682,2,Capital-Metro,+1-757-325-4751,+1-470-433-9122,2026-06-01 07:10:42,584,VOICE,,4G,0.1,0.97
R02-0001683,2,Capital-Metro,+1-228-918-2107,+1-834-792-4537,2026-06-01 04:39:32,749,VOICE,,5G,0.08,1.0
R02-0001684,2,Capital-Metro,+1-333-368-9158,+1-811-843-3861,2026-06-01 09:41:43,0,SMS,,4G,0.0,0.05
R02-0001685,2,Capital-Metro,+1-670-731-1111,,2026-06-01 19:09:49,5425,DATA,345017065,4G,0.0,3.45
R02-0001686,2,Capital-Metro,+1-931-876-8856,+1-434-300-1835,2026-06-01 07:58:49,0,SMS,,4G,0.0,0.05
R02-0001687,2,Capital-Metro,+1-719-815-2518,+1-977-317-2186,2026-06-01 22:19:10,0,SMS,,4G,0.0,0.05
R02-0001688,2,Capital-Metro,+1-412-556-3893,,2026-06-01 14:23:48,303,DATA,269003585,4G,0.0,2.69
R02-0001689,2,Capital-Metro,+1-959-743-0118,+1-402-964-4872,2026-06-01 10:51:11,1538,VOICE,,5G,0.08,2.05
R02-0001690,2,Capital-Metro,+1-740-546-6959,+1-307-704-0002,2026-06-01 13:12:15,0,SMS,,4G,0.0,0.05
R02-0001691,2,Capital-Metro,+1-237-219-3343,+1-455-311-6709,2026-06-01 23:38:36,3600,VOICE,,5G,0.08,4.8
R02-0001692,2,Capital-Metro,+1-421-861-6569,+1-386-268-9557,2026-06-01 10:52:03,2329,VOICE,,4G,0.1,3.88
R02-0001693,2,Capital-Metro,+1-808-614-8443,+1-671-773-6069,2026-06-01 20:37:48,115,VOICE,,4G,0.1,0.19
R02-0001694,2,Capital-Metro,+1-876-793-3356,,2026-06-01 04:06:39,463,DATA,409121753,4G,0.0,4.09
R02-0001695,2,Capital-Metro,+1-649-929-6067,+1-204-747-8138,2026-06-01 13:22:20,1867,VOICE,,4G,0.1,3.11
R02-0001696,2,Capital-Metro,+1-808-741-7732,+1-888-962-6393,2026-06-01 18:26:12,2714,VOICE,,3G,0.12,5.43
R02-0001697,2,Capital-Metro,+1-856-815-2284,,2026-06-01 20:57:17,4740,DATA,391372331,5G,0.0,3.91
R02-0001698,2,Capital-Metro,+1-700-598-3333,+1-675-359-9405,2026-06-01 08:13:57,2524,VOICE,,5G,0.08,3.37
R02-0001699,2,Capital-Metro,+1-791-493-8558,,2026-06-01 10:49:14,2867,DATA,170703710,4G,0.0,1.71
R02-0001700,2,Capital-Metro,+1-394-710-2076,+1-401-658-6544,2026-06-01 13:28:14,0,VOICE,,5G,0.08,0.0
R02-0001701,2,Capital-Metro,+1-775-307-0722,+1-500-222-1176,2026-06-01 06:58:35,0,VOICE,,3G,0.12,0.0
R02-0001702,2,Capital-Metro,+1-933-336-1072,,2026-06-01 10:57:29,1598,DATA,251080964,4G,0.0,2.51
R02-0001703,2,Capital-Metro,+1-330-561-1334,+1-384-728-2581,2026-06-01 10:31:54,1232,VOICE,,5G,0.08,1.64
R02-0001704,2,Capital-Metro,+1-920-532-2238,+1-814-496-4819,2026-06-01 00:45:59,1529,VOICE,,4G,0.1,2.55
R02-0001705,2,Capital-Metro,+1-880-471-7851,+1-590-324-9093,2026-06-01 06:32:54,0,SMS,,5G,0.0,0.05
R02-0001706,2,Capital-Metro,+1-719-803-7580,+1-978-338-9088,2026-06-01 01:40:44,1764,VOICE,,4G,0.1,2.94
R02-0001707,2,Capital-Metro,+1-218-699-6087,+1-502-922-3547,2026-06-01 21:10:20,1580,VOICE,,4G,0.1,2.63
R02-0001708,2,Capital-Metro,+1-222-778-0629,+1-368-800-9974,2026-06-01 20:59:40,0,VOICE,,5G,0.08,0.0
R02-0001709,2,Capital-Metro,+1-324-493-6555,,2026-06-01 18:32:02,547,DATA,143247355,4G,0.0,1.43
R02-0001710,2,Capital-Metro,+1-620-491-5183,+1-240-840-6253,2026-06-01 10:57:28,986,VOICE,,4G,0.1,1.64
R02-0001711,2,Capital-Metro,+1-425-410-9307,,2026-06-01 17:19:29,6300,DATA,486951472,4G,0.0,4.87
R02-0001712,2,Capital-Metro,+1-750-209-9004,+1-745-900-9916,2026-06-01 21:46:50,3538,VOICE,,4G,0.1,5.9
R02-0001713,2,Capital-Metro,+1-358-875-3811,+1-290-751-8169,2026-06-01 08:46:36,0,SMS,,5G,0.0,0.05
R02-0001714,2,Capital-Metro,+1-331-775-5451,,2026-06-01 03:39:27,3481,DATA,269863937,4G,0.0,2.7
R02-0001715,2,Capital-Metro,+1-903-772-5632,+1-257-719-5949,2026-06-01 23:59:24,0,SMS,,5G,0.0,0.05
R02-0001716,2,Capital-Metro,+1-277-712-5857,+1-757-919-6052,2026-06-01 23:08:49,0,SMS,,4G,0.0,0.05
R02-0001717,2,Capital-Metro,+1-872-294-0355,+1-333-913-1504,2026-06-01 23:04:01,0,SMS,,4G,0.0,0.05
R02-0001718,2,Capital-Metro,+1-857-857-5048,,2026-06-01 17:54:02,7167,DATA,305902577,4G,0.0,3.06
R02-0001719,2,Capital-Metro,+1-794-220-0454,+1-551-272-0963,2026-06-01 05:52:36,592,VOICE,,3G,0.12,1.18
R02-0001720,2,Capital-Metro,+1-338-837-7194,+1-539-750-2893,2026-06-01 10:13:31,0,SMS,,4G,0.0,0.05
R02-0001721,2,Capital-Metro,+1-202-740-4214,+1-665-278-1083,2026-06-01 12:27:01,0,VOICE,,4G,0.1,0.0
R02-0001722,2,Capital-Metro,+1-217-698-9722,+1-808-981-3698,2026-06-01 19:11:52,2690,VOICE,,4G,0.1,4.48
R02-0001723,2,Capital-Metro,+1-667-277-5985,+1-500-936-0495,2026-06-01 23:14:21,0,SMS,,5G,0.0,0.05
R02-0001724,2,Capital-Metro,+1-570-567-7144,+1-777-624-7619,2026-06-01 18:22:45,1186,VOICE,,3G,0.12,2.37
R02-0001725,2,Capital-Metro,+1-677-938-2555,+1-767-965-0477,2026-06-01 22:27:33,2481,VOICE,,4G,0.1,4.14
R02-0001726,2,Capital-Metro,+1-772-268-6454,+1-431-904-4808,2026-06-01 16:26:44,2620,VOICE,,3G,0.12,5.24
R02-0001727,2,Capital-Metro,+1-871-214-6158,+1-552-703-7655,2026-06-01 21:06:02,2536,VOICE,,5G,0.08,3.38
R02-0001728,2,Capital-Metro,+1-512-814-8371,+1-740-574-4858,2026-06-01 11:41:01,1713,VOICE,,5G,0.08,2.28
R02-0001729,2,Capital-Metro,+1-976-803-8227,,2026-06-01 03:53:25,229,DATA,94245574,4G,0.0,0.94
R02-0001730,2,Capital-Metro,+1-438-402-8956,+1-724-729-9895,2026-06-01 13:22:39,229,VOICE,,5G,0.08,0.31
R02-0001731,2,Capital-Metro,+1-723-625-0762,,2026-06-01 23:42:44,2203,DATA,177124559,4G,0.0,1.77
R02-0001732,2,Capital-Metro,+1-239-441-8826,,2026-06-01 17:58:01,3668,DATA,427312148,4G,0.0,4.27
R02-0001733,2,Capital-Metro,+1-443-557-6437,,2026-06-01 14:48:57,6442,DATA,399602487,4G,0.0,4.0
R02-0001734,2,Capital-Metro,+1-539-759-8352,,2026-06-01 19:15:51,2603,DATA,375200723,4G,0.0,3.75
R02-0001735,2,Capital-Metro,+1-545-774-5117,+1-684-745-9969,2026-06-01 09:05:44,2855,VOICE,,3G,0.12,5.71
R02-0001736,2,Capital-Metro,+1-919-812-6555,+1-684-547-1346,2026-06-01 01:00:53,0,SMS,,4G,0.0,0.05
R02-0001737,2,Capital-Metro,+1-341-837-3687,+1-541-762-6656,2026-06-01 02:13:44,3157,VOICE,,5G,0.08,4.21
R02-0001738,2,Capital-Metro,+1-278-544-7965,+1-634-587-2594,2026-06-01 17:52:55,3088,VOICE,,5G,0.08,4.12
R02-0001739,2,Capital-Metro,+1-451-223-7337,+1-882-963-3628,2026-06-01 02:05:28,2320,VOICE,,5G,0.08,3.09
R02-0001740,2,Capital-Metro,+1-703-521-6679,+1-567-207-9538,2026-06-01 17:48:51,1230,VOICE,,5G,0.08,1.64
R02-0001741,2,Capital-Metro,+1-789-818-6922,,2026-06-01 08:26:51,943,DATA,431465516,5G,0.0,4.31
R02-0001742,2,Capital-Metro,+1-440-491-7682,+1-274-499-1133,2026-06-01 11:25:41,1474,VOICE,,4G,0.1,2.46
R02-0001743,2,Capital-Metro,+1-499-261-6818,+1-702-805-3693,2026-06-01 02:02:32,1179,VOICE,,3G,0.12,2.36
R02-0001744,2,Capital-Metro,+1-851-624-3873,+1-693-974-4434,2026-06-01 10:15:26,0,VOICE,,5G,0.08,0.0
R02-0001745,2,Capital-Metro,+1-768-767-3398,+1-886-718-2261,2026-06-01 10:20:04,1557,VOICE,,5G,0.08,2.08
R02-0001746,2,Capital-Metro,+1-656-666-4259,,2026-06-01 05:38:51,570,DATA,354279739,4G,0.0,3.54
R02-0001747,2,Capital-Metro,+1-295-845-0103,+1-368-258-0220,2026-06-01 17:27:12,0,SMS,,5G,0.0,0.05
R02-0001748,2,Capital-Metro,+1-595-758-2707,+1-678-525-8948,2026-06-01 14:20:16,0,SMS,,4G,0.0,0.05
R02-0001749,2,Capital-Metro,+1-308-826-1229,,2026-06-01 16:36:24,6246,DATA,467703059,4G,0.0,4.68
R02-0001750,2,Capital-Metro,+1-485-851-6416,+1-395-979-1259,2026-06-01 11:58:08,2462,VOICE,,4G,0.1,4.1
R02-0001751,2,Capital-Metro,+1-741-619-4410,+1-507-967-5222,2026-06-01 19:04:10,0,VOICE,,5G,0.08,0.0
R02-0001752,2,Capital-Metro,+1-288-753-2609,+1-909-740-9391,2026-06-01 23:43:17,1638,VOICE,,4G,0.1,2.73
R02-0001753,2,Capital-Metro,+1-876-730-0958,+1-298-219-0548,2026-06-01 16:03:42,413,VOICE,,5G,0.08,0.55
R02-0001754,2,Capital-Metro,+1-295-915-8298,,2026-06-01 09:37:45,4552,DATA,205399997,3G,0.0,2.05
R02-0001755,2,Capital-Metro,+1-438-715-2655,+1-457-828-5177,2026-06-01 04:21:15,0,SMS,,4G,0.0,0.05
R02-0001756,2,Capital-Metro,+1-575-646-8462,+1-437-737-6664,2026-06-01 20:40:55,0,SMS,,5G,0.0,0.05
R02-0001757,2,Capital-Metro,+1-912-215-2256,+1-976-284-8412,2026-06-01 17:11:29,790,VOICE,,5G,0.08,1.05
R02-0001758,2,Capital-Metro,+1-350-980-6976,+1-753-749-6386,2026-06-01 23:47:41,0,SMS,,5G,0.0,0.05
R02-0001759,2,Capital-Metro,+1-845-464-8988,,2026-06-01 21:50:19,5393,DATA,85724741,4G,0.0,0.86
R02-0001760,2,Capital-Metro,+1-565-553-9283,+1-523-718-1937,2026-06-01 05:22:22,149,VOICE,,4G,0.1,0.25
R02-0001761,2,Capital-Metro,+1-895-279-0767,,2026-06-01 17:29:12,3008,DATA,356668457,4G,0.0,3.57
R02-0001762,2,Capital-Metro,+1-808-528-8602,+1-371-812-3078,2026-06-01 22:31:26,1598,VOICE,,3G,0.12,3.2
R02-0001763,2,Capital-Metro,+1-343-805-3823,+1-364-234-3230,2026-06-01 23:24:21,0,SMS,,4G,0.0,0.05
R02-0001764,2,Capital-Metro,+1-361-931-1994,+1-901-556-1967,2026-06-01 00:24:51,2597,VOICE,,3G,0.12,5.19
R02-0001765,2,Capital-Metro,+1-595-456-6848,,2026-06-01 21:51:12,479,DATA,391440372,3G,0.0,3.91
R02-0001766,2,Capital-Metro,+1-404-252-8195,+1-252-313-6796,2026-06-01 00:34:18,59,VOICE,,3G,0.12,0.12
R02-0001767,2,Capital-Metro,+1-413-594-9849,+1-772-423-0418,2026-06-01 00:34:06,0,SMS,,5G,0.0,0.05
R02-0001768,2,Capital-Metro,+1-312-931-2124,+1-666-763-3919,2026-06-01 09:04:39,1095,VOICE,,5G,0.08,1.46
R02-0001769,2,Capital-Metro,+1-887-565-3793,,2026-06-01 13:08:29,6021,DATA,190473683,5G,0.0,1.9
R02-0001770,2,Capital-Metro,+1-469-324-1237,+1-768-252-1600,2026-06-01 21:13:28,3314,VOICE,,4G,0.1,5.52
R02-0001771,2,Capital-Metro,+1-594-553-9870,+1-655-940-5483,2026-06-01 13:44:00,0,SMS,,3G,0.0,0.05
R02-0001772,2,Capital-Metro,+1-482-799-1906,+1-334-642-0150,2026-06-01 12:35:22,1837,VOICE,,4G,0.1,3.06
R02-0001773,2,Capital-Metro,+1-853-911-6713,,2026-06-01 11:33:42,3406,DATA,121539048,4G,0.0,1.22
R02-0001774,2,Capital-Metro,+1-655-200-0737,+1-283-480-6757,2026-06-01 20:56:48,1636,VOICE,,4G,0.1,2.73
R02-0001775,2,Capital-Metro,+1-780-696-4762,+1-867-711-8819,2026-06-01 03:13:22,114,VOICE,,4G,0.1,0.19
R02-0001776,2,Capital-Metro,+1-209-821-2436,+1-656-423-1373,2026-06-01 18:35:53,0,SMS,,5G,0.0,0.05
R02-0001777,2,Capital-Metro,+1-826-932-3306,,2026-06-01 03:17:10,3567,DATA,263160581,4G,0.0,2.63
R02-0001778,2,Capital-Metro,+1-808-995-0783,+1-467-874-8661,2026-06-01 03:28:11,2945,VOICE,,4G,0.1,4.91
R02-0001779,2,Capital-Metro,+1-419-268-6947,+1-221-965-7680,2026-06-01 02:03:40,410,VOICE,,4G,0.1,0.68
R02-0001780,2,Capital-Metro,+1-588-329-0299,+1-349-442-1924,2026-06-01 14:25:24,1817,VOICE,,4G,0.1,3.03
R02-0001781,2,Capital-Metro,+1-896-935-4450,,2026-06-01 20:03:28,6606,DATA,195331318,5G,0.0,1.95
R02-0001782,2,Capital-Metro,+1-724-486-8012,,2026-06-01 22:52:40,1476,DATA,284249255,5G,0.0,2.84
R02-0001783,2,Capital-Metro,+1-460-691-5847,,2026-06-01 08:34:20,199,DATA,219696570,4G,0.0,2.2
R02-0001784,2,Capital-Metro,+1-765-201-6353,+1-718-850-4352,2026-06-01 09:51:16,2333,VOICE,,5G,0.08,3.11
R02-0001785,2,Capital-Metro,+1-932-638-3557,+1-777-502-0749,2026-06-01 10:59:42,2262,VOICE,,5G,0.08,3.02
R02-0001786,2,Capital-Metro,+1-725-442-2591,+1-419-434-0350,2026-06-01 00:13:02,0,SMS,,4G,0.0,0.05
R02-0001787,2,Capital-Metro,+1-281-565-5161,+1-568-534-6224,2026-06-01 00:42:03,1702,VOICE,,4G,0.1,2.84
R02-0001788,2,Capital-Metro,+1-878-911-8456,+1-764-234-4971,2026-06-01 09:51:02,2610,VOICE,,4G,0.1,4.35
R02-0001789,2,Capital-Metro,+1-378-471-5553,,2026-06-01 23:07:14,6194,DATA,63057918,4G,0.0,0.63
R02-0001790,2,Capital-Metro,+1-421-846-7500,+1-326-733-8760,2026-06-01 11:00:44,3273,VOICE,,3G,0.12,6.55
R02-0001791,2,Capital-Metro,+1-855-353-1396,,2026-06-01 23:09:59,2033,DATA,73189894,5G,0.0,0.73
R02-0001792,2,Capital-Metro,+1-810-919-8845,+1-661-618-1741,2026-06-01 21:08:13,2054,VOICE,,4G,0.1,3.42
R02-0001793,2,Capital-Metro,+1-501-848-7143,,2026-06-01 16:30:08,3305,DATA,187758855,4G,0.0,1.88
R02-0001794,2,Capital-Metro,+1-973-484-4890,,2026-06-01 03:20:36,4662,DATA,195591864,4G,0.0,1.96
R02-0001795,2,Capital-Metro,+1-576-297-3687,+1-687-395-7270,2026-06-01 01:23:33,2864,VOICE,,4G,0.1,4.77
R02-0001796,2,Capital-Metro,+1-698-808-9529,+1-540-330-9823,2026-06-01 00:35:49,612,VOICE,,4G,0.1,1.02
R02-0001797,2,Capital-Metro,+1-388-599-7483,+1-954-971-4907,2026-06-01 06:23:07,1066,VOICE,,5G,0.08,1.42
R02-0001798,2,Capital-Metro,+1-498-817-7278,,2026-06-01 06:11:50,5050,DATA,213427336,4G,0.0,2.13
R02-0001799,2,Capital-Metro,+1-889-608-1376,+1-985-819-3897,2026-06-01 00:20:47,29,VOICE,,4G,0.1,0.05
R02-0001800,2,Capital-Metro,+1-211-348-2084,+1-735-614-4601,2026-06-01 23:52:09,0,SMS,,4G,0.0,0.05
R02-0001801,2,Capital-Metro,+1-589-479-8497,+1-683-753-8444,2026-06-01 22:34:43,3374,VOICE,,4G,0.1,5.62
R02-0001802,2,Capital-Metro,+1-354-982-5626,,2026-06-01 07:30:26,3221,DATA,400388346,5G,0.0,4.0
R02-0001803,2,Capital-Metro,+1-399-492-8673,+1-855-332-4861,2026-06-01 14:08:38,0,SMS,,4G,0.0,0.05
R02-0001804,2,Capital-Metro,+1-946-958-1939,+1-672-875-6812,2026-06-01 06:40:58,2886,VOICE,,4G,0.1,4.81
R02-0001805,2,Capital-Metro,+1-280-965-8018,,2026-06-01 21:10:30,275,DATA,183149506,5G,0.0,1.83
R02-0001806,2,Capital-Metro,+1-536-614-2721,+1-747-312-1019,2026-06-01 11:33:05,3111,VOICE,,3G,0.12,6.22
R02-0001807,2,Capital-Metro,+1-320-921-5230,,2026-06-01 12:49:11,4237,DATA,154063727,5G,0.0,1.54
R02-0001808,2,Capital-Metro,+1-322-830-1737,,2026-06-01 18:32:39,964,DATA,227889618,5G,0.0,2.28
R02-0001809,2,Capital-Metro,+1-739-340-6043,,2026-06-01 07:01:59,87,DATA,258007968,4G,0.0,2.58
R02-0001810,2,Capital-Metro,+1-291-369-5619,+1-969-510-1574,2026-06-01 23:01:09,0,SMS,,4G,0.0,0.05
R02-0001811,2,Capital-Metro,+1-831-310-6978,+1-585-248-8566,2026-06-01 03:28:50,894,VOICE,,4G,0.1,1.49
R02-0001812,2,Capital-Metro,+1-390-365-7430,,2026-06-01 16:07:17,3682,DATA,42336058,4G,0.0,0.42
R02-0001813,2,Capital-Metro,+1-589-303-6563,+1-384-384-9111,2026-06-01 07:50:35,1144,VOICE,,5G,0.08,1.53
R02-0001814,2,Capital-Metro,+1-695-550-9077,+1-824-340-6013,2026-06-01 07:46:11,282,VOICE,,4G,0.1,0.47
R02-0001815,2,Capital-Metro,+1-712-459-5535,+1-763-209-4456,2026-06-01 08:45:08,0,VOICE,,5G,0.08,0.0
R02-0001816,2,Capital-Metro,+1-527-799-0437,+1-356-434-9678,2026-06-01 18:58:35,0,SMS,,5G,0.0,0.05
R02-0001817,2,Capital-Metro,+1-621-201-7057,+1-259-665-7323,2026-06-01 10:17:18,0,SMS,,4G,0.0,0.05
R02-0001818,2,Capital-Metro,+1-438-275-8473,+1-285-739-2180,2026-06-01 02:35:29,0,SMS,,4G,0.0,0.05
R02-0001819,2,Capital-Metro,+1-508-727-2515,+1-572-267-4747,2026-06-01 18:41:29,565,VOICE,,4G,0.1,0.94
R02-0001820,2,Capital-Metro,+1-720-991-3961,+1-298-917-4571,2026-06-01 00:32:15,0,SMS,,4G,0.0,0.05
