cdr_id,region_id,region_name,caller_number,callee_number,call_start,duration_seconds,call_type,bytes_transferred,network_type,rate_per_minute,charge_amount
R09-0000001,9,Goldfield,+1-791-971-1069,+1-935-325-1618,2026-06-01 04:18:00,0,SMS,,5G,0.0,0.05
R09-0000002,9,Goldfield,+1-604-530-5985,+1-919-749-7079,2026-06-01 22:14:04,0,VOICE,,5G,0.08,0.0
R09-0000003,9,Goldfield,+1-981-506-8131,+1-589-275-4167,2026-06-01 07:59:39,0,VOICE,,4G,0.1,0.0
R09-0000004,9,Goldfield,+1-251-269-2323,+1-903-785-1997,2026-06-01 13:37:14,1924,VOICE,,4G,0.1,3.21
R09-0000005,9,Goldfield,+1-676-358-0260,+1-518-683-4017,2026-06-01 17:10:17,0,SMS,,4G,0.0,0.05
R09-0000006,9,Goldfield,+1-812-327-6273,+1-768-674-7839,2026-06-01 06:54:57,0,SMS,,4G,0.0,0.05
R09-0000007,9,Goldfield,+1-513-873-1700,,2026-06-01 04:03:47,6857,DATA,331829466,4G,0.0,3.32
R09-0000008,9,Goldfield,+1-816-233-6025,+1-920-263-9328,2026-06-01 20:32:42,0,SMS,,4G,0.0,0.05
R09-0000009,9,Goldfield,+1-474-500-8442,+1-325-985-7066,2026-06-01 13:44:13,2096,VOICE,,4G,0.1,3.49
R09-0000010,9,Goldfield,+1-653-804-9710,+1-740-339-8450,2026-06-01 19:47:09,0,SMS,,4G,0.0,0.05
R09-0000011,9,Goldfield,+1-721-700-0927,+1-228-260-3299,2026-06-01 09:25:07,0,SMS,,5G,0.0,0.05
R09-0000012,9,Goldfield,+1-930-687-8123,+1-452-309-8757,2026-06-01 12:51:16,3386,VOICE,,4G,0.1,5.64
R09-0000013,9,Goldfield,+1-772-921-8208,+1-276-879-1906,2026-06-01 08:53:10,0,SMS,,4G,0.0,0.05
R09-0000014,9,Goldfield,+1-303-286-6056,+1-739-588-4321,2026-06-01 11:33:02,0,SMS,,4G,0.0,0.05
R09-0000015,9,Goldfield,+1-610-672-5565,,2026-06-01 22:09:21,2376,DATA,140479970,4G,0.0,1.4
R09-0000016,9,Goldfield,+1-299-852-0087,+1-971-643-6405,2026-06-01 07:02:37,3582,VOICE,,5G,0.08,4.78
R09-0000017,9,Goldfield,+1-355-302-1606,+1-753-211-8240,2026-06-01 11:57:06,0,SMS,,4G,0.0,0.05
R09-0000018,9,Goldfield,+1-454-551-8311,+1-201-756-2627,2026-06-01 21:52:36,0,VOICE,,3G,0.12,0.0
R09-0000019,9,Goldfield,+1-656-790-4986,,2026-06-01 04:06:38,1488,DATA,72182172,5G,0.0,0.72
R09-0000020,9,Goldfield,+1-568-572-9088,+1-918-821-9859,2026-06-01 12:26:54,0,SMS,,4G,0.0,0.05
R09-0000021,9,Goldfield,+1-972-657-6423,+1-600-927-9073,2026-06-01 19:17:32,0,SMS,,4G,0.0,0.05
R09-0000022,9,Goldfield,+1-595-287-1081,+1-677-463-0037,2026-06-01 01:46:10,2367,VOICE,,4G,0.1,3.95
R09-0000023,9,Goldfield,+1-957-256-6290,+1-247-873-9689,2026-06-01 11:51:37,0,SMS,,4G,0.0,0.05
R09-0000024,9,Goldfield,+1-565-750-3340,+1-473-306-5399,2026-06-01 14:13:02,2565,VOICE,,4G,0.1,4.28
R09-0000025,9,Goldfield,+1-982-662-1885,+1-699-549-0754,2026-06-01 08:23:46,2312,VOICE,,4G,0.1,3.85
R09-0000026,9,Goldfield,+1-271-398-1337,,2026-06-01 21:29:44,165,DATA,165234729,3G,0.0,1.65
R09-0000027,9,Goldfield,+1-702-811-7908,,2026-06-01 04:37:33,4578,DATA,73669992,4G,0.0,0.74
R09-0000028,9,Goldfield,+1-762-796-7148,+1-860-266-9325,2026-06-01 05:33:47,1416,VOICE,,5G,0.08,1.89
R09-0000029,9,Goldfield,+1-925-945-2812,+1-691-997-3014,2026-06-01 01:44:40,1527,VOICE,,3G,0.12,3.05
R09-0000030,9,Goldfield,+1-479-926-2628,,2026-06-01 11:59:01,3240,DATA,115419709,4G,0.0,1.15
R09-0000031,9,Goldfield,+1-319-743-0401,,2026-06-01 01:12:36,1766,DATA,340585564,3G,0.0,3.41
R09-0000032,9,Goldfield,+1-909-310-6591,+1-368-611-5797,2026-06-01 05:57:18,0,SMS,,5G,0.0,0.05
R09-0000033,9,Goldfield,+1-321-701-5471,+1-410-512-6679,2026-06-01 10:53:17,0,SMS,,4G,0.0,0.05
R09-0000034,9,Goldfield,+1-519-504-4225,,2026-06-01 00:50:25,2857,DATA,43025255,4G,0.0,0.43
R09-0000035,9,Goldfield,+1-528-865-1200,+1-906-267-6184,2026-06-01 13:45:43,0,SMS,,5G,0.0,0.05
R09-0000036,9,Goldfield,+1-880-415-1890,,2026-06-01 18:06:09,5479,DATA,317660624,3G,0.0,3.18
R09-0000037,9,Goldfield,+1-504-200-0499,,2026-06-01 10:58:17,972,DATA,56145123,4G,0.0,0.56
R09-0000038,9,Goldfield,+1-916-713-6260,+1-404-972-5484,2026-06-01 02:09:29,375,VOICE,,4G,0.1,0.62
R09-0000039,9,Goldfield,+1-769-343-8474,+1-947-310-1224,2026-06-01 01:10:44,873,VOICE,,5G,0.08,1.16
R09-0000040,9,Goldfield,+1-841-670-1075,+1-886-888-5223,2026-06-01 00:11:42,1337,VOICE,,4G,0.1,2.23
R09-0000041,9,Goldfield,+1-317-925-8279,+1-658-907-7815,2026-06-01 18:36:33,2140,VOICE,,4G,0.1,3.57
R09-0000042,9,Goldfield,+1-754-232-4424,+1-515-785-6329,2026-06-01 11:23:54,0,SMS,,4G,0.0,0.05
R09-0000043,9,Goldfield,+1-227-398-6135,+1-644-665-9598,2026-06-01 09:44:53,0,SMS,,4G,0.0,0.05
R09-0000044,9,Goldfield,+1-758-869-1510,+1-579-334-6053,2026-06-01 21:45:43,643,VOICE,,4G,0.1,1.07
R09-0000045,9,Goldfield,+1-750-473-0830,+1-781-567-5199,2026-06-01 04:40:23,3245,VOICE,,4G,0.1,5.41
R09-0000046,9,Goldfield,+1-703-933-5773,+1-750-247-4697,2026-06-01 22:05:04,0,SMS,,4G,0.0,0.05
R09-0000047,9,Goldfield,+1-378-458-1254,+1-975-205-3426,2026-06-01 12:06:22,725,VOICE,,3G,0.12,1.45
R09-0000048,9,Goldfield,+1-612-332-0646,+1-704-458-7566,2026-06-01 02:18:13,3168,VOICE,,4G,0.1,5.28
R09-0000049,9,Goldfield,+1-278-879-0189,+1-627-806-5509,2026-06-01 10:03:41,2938,VOICE,,5G,0.08,3.92
R09-0000050,9,Goldfield,+1-501-391-3505,+1-728-373-7559,2026-06-01 21:48:13,0,SMS,,4G,0.0,0.05
R09-0000051,9,Goldfield,+1-450-496-3249,+1-370-662-0452,2026-06-01 01:54:58,2656,VOICE,,5G,0.08,3.54
R09-0000052,9,Goldfield,+1-428-776-7467,,2026-06-01 05:33:33,435,DATA,124142741,4G,0.0,1.24
R09-0000053,9,Goldfield,+1-821-240-6167,+1-267-598-1268,2026-06-01 18:59:22,2993,VOICE,,4G,0.1,4.99
R09-0000054,9,Goldfield,+1-327-766-1338,,2026-06-01 16:43:05,5959,DATA,435692364,5G,0.0,4.36
R09-0000055,9,Goldfield,+1-493-419-2325,,2026-06-01 02:28:51,1681,DATA,458994661,5G,0.0,4.59
R09-0000056,9,Goldfield,+1-401-504-4114,+1-934-493-4973,2026-06-01 08:37:16,2303,VOICE,,4G,0.1,3.84
R09-0000057,9,Goldfield,+1-841-244-4046,+1-827-875-8742,2026-06-01 17:36:54,3115,VOICE,,4G,0.1,5.19
R09-0000058,9,Goldfield,+1-414-576-5500,+1-792-650-9791,2026-06-01 06:52:34,0,SMS,,5G,0.0,0.05
R09-0000059,9,Goldfield,+1-214-299-9389,+1-712-364-2897,2026-06-01 08:06:03,2195,VOICE,,4G,0.1,3.66
R09-0000060,9,Goldfield,+1-920-378-7904,+1-969-998-8994,2026-06-01 01:43:39,0,SMS,,4G,0.0,0.05
R09-0000061,9,Goldfield,+1-801-388-5147,,2026-06-01 05:33:29,1067,DATA,30282516,4G,0.0,0.3
R09-0000062,9,Goldfield,+1-883-410-5046,+1-247-999-6770,2026-06-01 10:01:19,0,SMS,,4G,0.0,0.05
R09-0000063,9,Goldfield,+1-961-439-6021,+1-852-454-4038,2026-06-01 07:24:50,0,SMS,,4G,0.0,0.05
R09-0000064,9,Goldfield,+1-714-201-0234,+1-942-971-1585,2026-06-01 22:38:01,0,SMS,,4G,0.0,0.05
R09-0000065,9,Goldfield,+1-709-512-8157,+1-207-373-7769,2026-06-01 04:12:36,2132,VOICE,,4G,0.1,3.55
R09-0000066,9,Goldfield,+1-805-887-8094,,2026-06-01 23:59:24,1246,DATA,432979425,4G,0.0,4.33
R09-0000067,9,Goldfield,+1-858-922-3336,+1-749-503-2825,2026-06-01 12:19:23,2988,VOICE,,5G,0.08,3.98
R09-0000068,9,Goldfield,+1-917-617-2489,+1-863-374-7389,2026-06-01 13:44:21,0,VOICE,,4G,0.1,0.0
R09-0000069,9,Goldfield,+1-904-470-2769,+1-590-405-1956,2026-06-01 12:13:42,0,SMS,,4G,0.0,0.05
R09-0000070,9,Goldfield,+1-642-696-4951,,2026-06-01 00:19:07,5928,DATA,45540134,3G,0.0,0.46
R09-0000071,9,Goldfield,+1-488-496-3600,+1-949-522-0093,2026-06-01 01:10:45,2386,VOICE,,3G,0.12,4.77
R09-0000072,9,Goldfield,+1-857-557-0244,+1-523-924-5236,2026-06-01 23:32:01,0,SMS,,5G,0.0,0.05
R09-0000073,9,Goldfield,+1-412-390-4405,+1-796-912-9536,2026-06-01 02:42:13,0,SMS,,3G,0.0,0.05
R09-0000074,9,Goldfield,+1-712-987-8409,+1-976-367-9091,2026-06-01 03:09:00,1278,VOICE,,5G,0.08,1.7
R09-0000075,9,Goldfield,+1-368-582-8184,+1-775-430-3559,2026-06-01 13:47:46,0,SMS,,3G,0.0,0.05
R09-0000076,9,Goldfield,+1-842-479-8951,+1-728-609-8425,2026-06-01 20:58:48,281,VOICE,,4G,0.1,0.47
R09-0000077,9,Goldfield,+1-476-296-9549,,2026-06-01 16:36:15,7066,DATA,388724627,4G,0.0,3.89
R09-0000078,9,Goldfield,+1-400-286-6450,+1-799-520-3402,2026-06-01 16:20:46,3516,VOICE,,5G,0.08,4.69
R09-0000079,9,Goldfield,+1-734-590-5921,+1-493-525-5579,2026-06-01 01:52:23,0,SMS,,4G,0.0,0.05
R09-0000080,9,Goldfield,+1-498-338-0695,,2026-06-01 15:51:17,6832,DATA,264035139,4G,0.0,2.64
R09-0000081,9,Goldfield,+1-597-569-8311,+1-465-689-1631,2026-06-01 09:13:45,582,VOICE,,4G,0.1,0.97
R09-0000082,9,Goldfield,+1-391-408-3403,+1-648-784-5597,2026-06-01 04:33:53,0,SMS,,4G,0.0,0.05
R09-0000083,9,Goldfield,+1-616-808-0962,+1-635-397-5263,2026-06-01 16:58:43,1626,VOICE,,4G,0.1,2.71
R09-0000084,9,Goldfield,+1-229-346-2192,,2026-06-01 01:09:21,4010,DATA,462848218,4G,0.0,4.63
R09-0000085,9,Goldfield,+1-914-585-4813,+1-868-462-8281,2026-06-01 10:36:19,2270,VOICE,,4G,0.1,3.78
R09-0000086,9,Goldfield,+1-511-297-4207,+1-248-221-5596,2026-06-01 13:28:39,56,VOICE,,4G,0.1,0.09
R09-0000087,9,Goldfield,+1-780-381-9286,+1-376-484-2118,2026-06-01 22:39:41,1936,VOICE,,5G,0.08,2.58
R09-0000088,9,Goldfield,+1-905-646-6582,+1-881-217-0617,2026-06-01 08:02:29,2153,VOICE,,3G,0.12,4.31
R09-0000089,9,Goldfield,+1-977-821-2743,+1-377-687-8985,2026-06-01 15:57:02,0,SMS,,4G,0.0,0.05
R09-0000090,9,Goldfield,+1-330-680-0069,+1-211-212-1815,2026-06-01 06:50:27,0,VOICE,,5G,0.08,0.0
R09-0000091,9,Goldfield,+1-981-419-5493,+1-376-787-5201,2026-06-01 18:12:17,2461,VOICE,,4G,0.1,4.1
R09-0000092,9,Goldfield,+1-827-596-6507,+1-675-668-7353,2026-06-01 12:13:55,3382,VOICE,,5G,0.08,4.51
R09-0000093,9,Goldfield,+1-809-419-9371,,2026-06-01 17:44:37,6307,DATA,100573351,4G,0.0,1.01
R09-0000094,9,Goldfield,+1-286-785-2148,+1-844-616-7959,2026-06-01 02:07:09,0,SMS,,5G,0.0,0.05
R09-0000095,9,Goldfield,+1-292-534-5263,,2026-06-01 08:13:03,2264,DATA,91899017,5G,0.0,0.92
R09-0000096,9,Goldfield,+1-547-324-6321,+1-442-605-1398,2026-06-01 06:18:28,3533,VOICE,,4G,0.1,5.89
R09-0000097,9,Goldfield,+1-286-710-0314,,2026-06-01 03:18:02,6016,DATA,264326354,4G,0.0,2.64
R09-0000098,9,Goldfield,+1-578-834-4996,+1-384-272-6436,2026-06-01 19:27:25,648,VOICE,,4G,0.1,1.08
R09-0000099,9,Goldfield,+1-507-726-4345,,2026-06-01 09:47:55,3655,DATA,228384620,4G,0.0,2.28
R09-0000100,9,Goldfield,+1-824-456-2096,+1-698-923-5322,2026-06-01 14:31:44,2218,VOICE,,5G,0.08,2.96
R09-0000101,9,Goldfield,+1-395-739-9449,+1-315-226-6860,2026-06-01 15:10:38,2294,VOICE,,5G,0.08,3.06
R09-0000102,9,Goldfield,+1-256-324-2528,+1-558-497-7965,2026-06-01 09:15:53,963,VOICE,,5G,0.08,1.28
R09-0000103,9,Goldfield,+1-343-974-7563,+1-331-811-9385,2026-06-01 02:01:08,0,SMS,,4G,0.0,0.05
R09-0000104,9,Goldfield,+1-837-999-9914,+1-966-799-4877,2026-06-01 14:45:24,2574,VOICE,,4G,0.1,4.29
R09-0000105,9,Goldfield,+1-679-646-4552,+1-790-918-5510,2026-06-01 17:35:04,0,VOICE,,5G,0.08,0.0
R09-0000106,9,Goldfield,+1-282-880-1934,+1-674-939-6797,2026-06-01 18:44:47,0,VOICE,,5G,0.08,0.0
R09-0000107,9,Goldfield,+1-459-940-6387,+1-928-813-8421,2026-06-01 08:19:14,1788,VOICE,,4G,0.1,2.98
R09-0000108,9,Goldfield,+1-238-217-7627,+1-209-303-3076,2026-06-01 06:53:11,0,SMS,,3G,0.0,0.05
R09-0000109,9,Goldfield,+1-353-899-8536,+1-665-442-8559,2026-06-01 12:14:06,0,SMS,,5G,0.0,0.05
R09-0000110,9,Goldfield,+1-715-244-2025,+1-875-662-5293,2026-06-01 02:50:09,2101,VOICE,,5G,0.08,2.8
R09-0000111,9,Goldfield,+1-761-427-9482,,2026-06-01 14:15:19,5564,DATA,490518730,4G,0.0,4.91
R09-0000112,9,Goldfield,+1-920-760-0568,,2026-06-01 04:18:42,81,DATA,357991517,5G,0.0,3.58
R09-0000113,9,Goldfield,+1-876-330-9224,+1-524-591-8063,2026-06-01 16:35:29,0,SMS,,4G,0.0,0.05
R09-0000114,9,Goldfield,+1-562-280-6124,+1-229-969-1023,2026-06-01 01:04:26,1834,VOICE,,3G,0.12,3.67
R09-0000115,9,Goldfield,+1-292-904-7977,,2026-06-01 23:12:47,2541,DATA,135054601,4G,0.0,1.35
R09-0000116,9,Goldfield,+1-748-683-2335,+1-908-345-9953,2026-06-01 07:14:36,0,SMS,,5G,0.0,0.05
R09-0000117,9,Goldfield,+1-688-339-5018,+1-876-455-5708,2026-06-01 09:28:21,716,VOICE,,4G,0.1,1.19
R09-0000118,9,Goldfield,+1-817-962-3202,+1-538-217-0157,2026-06-01 14:28:45,0,SMS,,3G,0.0,0.05
R09-0000119,9,Goldfield,+1-848-495-9994,+1-796-852-7130,2026-06-01 14:54:12,0,SMS,,4G,0.0,0.05
R09-0000120,9,Goldfield,+1-497-895-7808,+1-933-551-6727,2026-06-01 12:28:58,0,SMS,,5G,0.0,0.05
R09-0000121,9,Goldfield,+1-676-649-9746,+1-986-948-4073,2026-06-01 01:18:38,0,SMS,,4G,0.0,0.05
R09-0000122,9,Goldfield,+1-757-483-8683,+1-383-470-7503,2026-06-01 08:24:49,3598,VOICE,,4G,0.1,6.0
R09-0000123,9,Goldfield,+1-410-365-1647,+1-872-417-6151,2026-06-01 10:23:18,0,SMS,,4G,0.0,0.05
R09-0000124,9,Goldfield,+1-549-244-3156,+1-290-423-9454,2026-06-01 11:22:27,0,VOICE,,4G,0.1,0.0
R09-0000125,9,Goldfield,+1-937-391-8553,+1-762-405-9217,2026-06-01 08:17:31,0,SMS,,4G,0.0,0.05
R09-0000126,9,Goldfield,+1-987-555-3699,+1-614-748-6916,2026-06-01 23:45:34,2202,VOICE,,4G,0.1,3.67
R09-0000127,9,Goldfield,+1-677-894-7968,+1-866-984-8492,2026-06-01 08:54:43,0,SMS,,3G,0.0,0.05
R09-0000128,9,Goldfield,+1-864-331-3016,+1-892-589-2678,2026-06-01 09:03:40,1173,VOICE,,4G,0.1,1.96
R09-0000129,9,Goldfield,+1-534-831-6854,+1-526-333-5247,2026-06-01 07:42:53,0,SMS,,4G,0.0,0.05
R09-0000130,9,Goldfield,+1-817-760-1895,,2026-06-01 07:58:55,5638,DATA,113299479,4G,0.0,1.13
R09-0000131,9,Goldfield,+1-384-214-1975,+1-267-233-5676,2026-06-01 22:41:51,2238,VOICE,,4G,0.1,3.73
R09-0000132,9,Goldfield,+1-502-771-8571,+1-850-898-4344,2026-06-01 07:54:34,0,SMS,,5G,0.0,0.05
R09-0000133,9,Goldfield,+1-688-444-6660,+1-619-953-2254,2026-06-01 18:10:29,0,SMS,,3G,0.0,0.05
R09-0000134,9,Goldfield,+1-445-457-4768,+1-729-915-6499,2026-06-01 22:31:05,2917,VOICE,,3G,0.12,5.83
R09-0000135,9,Goldfield,+1-506-556-4687,+1-967-412-2951,2026-06-01 07:54:51,2913,VOICE,,5G,0.08,3.88
R09-0000136,9,Goldfield,+1-985-576-8276,+1-935-426-6988,2026-06-01 14:04:32,0,SMS,,5G,0.0,0.05
R09-0000137,9,Goldfield,+1-751-206-0116,+1-963-835-7771,2026-06-01 08:13:26,0,SMS,,5G,0.0,0.05
R09-0000138,9,Goldfield,+1-470-722-4446,+1-445-975-4908,2026-06-01 17:05:42,1895,VOICE,,3G,0.12,3.79
R09-0000139,9,Goldfield,+1-210-316-3708,+1-556-713-6662,2026-06-01 17:04:52,758,VOICE,,3G,0.12,1.52
R09-0000140,9,Goldfield,+1-737-849-3374,+1-922-706-9902,2026-06-01 12:27:41,865,VOICE,,5G,0.08,1.15
R09-0000141,9,Goldfield,+1-568-334-5200,+1-510-416-4459,2026-06-01 07:12:55,0,SMS,,5G,0.0,0.05
R09-0000142,9,Goldfield,+1-708-764-4822,+1-437-615-6892,2026-06-01 08:16:52,60,VOICE,,4G,0.1,0.1
R09-0000143,9,Goldfield,+1-316-840-4851,+1-585-491-8729,2026-06-01 10:35:20,2174,VOICE,,4G,0.1,3.62
R09-0000144,9,Goldfield,+1-238-941-1825,,2026-06-01 07:39:58,4405,DATA,299447238,4G,0.0,2.99
R09-0000145,9,Goldfield,+1-986-270-7721,+1-725-872-7904,2026-06-01 02:00:38,1106,VOICE,,4G,0.1,1.84
R09-0000146,9,Goldfield,+1-644-728-1652,+1-516-811-3091,2026-06-01 19:31:09,3404,VOICE,,4G,0.1,5.67
R09-0000147,9,Goldfield,+1-630-448-5739,,2026-06-01 19:44:39,6406,DATA,225456646,3G,0.0,2.25
R09-0000148,9,Goldfield,+1-512-678-9327,+1-206-873-8890,2026-06-01 23:58:40,1859,VOICE,,5G,0.08,2.48
R09-0000149,9,Goldfield,+1-717-598-2820,,2026-06-01 08:45:23,3915,DATA,91455556,4G,0.0,0.91
R09-0000150,9,Goldfield,+1-545-592-8421,+1-273-999-8710,2026-06-01 08:42:09,0,SMS,,4G,0.0,0.05
R09-0000151,9,Goldfield,+1-386-619-5948,+1-350-944-5750,2026-06-01 11:34:29,0,VOICE,,4G,0.1,0.0
R09-0000152,9,Goldfield,+1-958-606-4755,+1-690-264-0907,2026-06-01 23:26:29,0,SMS,,4G,0.0,0.05
R09-0000153,9,Goldfield,+1-748-444-7817,+1-447-433-2609,2026-06-01 06:50:28,339,VOICE,,4G,0.1,0.57
R09-0000154,9,Goldfield,+1-792-440-1098,+1-211-618-8418,2026-06-01 12:09:03,0,SMS,,4G,0.0,0.05
R09-0000155,9,Goldfield,+1-295-362-8465,+1-893-679-3525,2026-06-01 21:30:01,0,VOICE,,5G,0.08,0.0
R09-0000156,9,Goldfield,+1-613-642-4449,+1-204-614-1073,2026-06-01 14:31:42,0,SMS,,4G,0.0,0.05
R09-0000157,9,Goldfield,+1-828-622-2610,+1-206-904-2104,2026-06-01 01:54:29,0,SMS,,4G,0.0,0.05
R09-0000158,9,Goldfield,+1-559-830-6657,+1-848-428-7177,2026-06-01 22:03:36,1642,VOICE,,3G,0.12,3.28
R09-0000159,9,Goldfield,+1-872-455-0331,+1-416-298-2527,2026-06-01 15:51:02,623,VOICE,,3G,0.12,1.25
R09-0000160,9,Goldfield,+1-791-397-9043,+1-759-257-2278,2026-06-01 23:08:06,0,SMS,,4G,0.0,0.05
R09-0000161,9,Goldfield,+1-429-415-9693,,2026-06-01 13:22:32,4649,DATA,214313480,4G,0.0,2.14
R09-0000162,9,Goldfield,+1-391-329-4600,+1-288-989-1915,2026-06-01 16:14:58,0,VOICE,,4G,0.1,0.0
R09-0000163,9,Goldfield,+1-708-218-3673,+1-803-360-2701,2026-06-01 07:58:36,0,SMS,,4G,0.0,0.05
R09-0000164,9,Goldfield,+1-822-661-3224,+1-348-370-7472,2026-06-01 13:30:20,1917,VOICE,,4G,0.1,3.2
R09-0000165,9,Goldfield,+1-652-230-9890,,2026-06-01 20:22:16,592,DATA,9920590,4G,0.0,0.1
R09-0000166,9,Goldfield,+1-797-370-6703,+1-756-811-6278,2026-06-01 02:06:11,1092,VOICE,,5G,0.08,1.46
R09-0000167,9,Goldfield,+1-927-965-0439,+1-507-777-3293,2026-06-01 23:48:00,2411,VOICE,,4G,0.1,4.02
R09-0000168,9,Goldfield,+1-861-693-1382,+1-235-269-7087,2026-06-01 01:06:55,317,VOICE,,3G,0.12,0.63
R09-0000169,9,Goldfield,+1-692-331-2003,+1-630-620-3179,2026-06-01 19:48:38,0,SMS,,5G,0.0,0.05
R09-0000170,9,Goldfield,+1-849-636-8294,+1-206-961-3306,2026-06-01 20:16:11,1583,VOICE,,5G,0.08,2.11
R09-0000171,9,Goldfield,+1-684-878-8131,,2026-06-01 12:13:17,34,DATA,476197356,3G,0.0,4.76
R09-0000172,9,Goldfield,+1-847-377-6166,,2026-06-01 16:18:45,6128,DATA,310343398,4G,0.0,3.1
R09-0000173,9,Goldfield,+1-295-232-5945,+1-337-512-6227,2026-06-01 08:22:52,1479,VOICE,,5G,0.08,1.97
R09-0000174,9,Goldfield,+1-765-215-1295,+1-842-361-3422,2026-06-01 00:34:49,2536,VOICE,,3G,0.12,5.07
R09-0000175,9,Goldfield,+1-711-247-4602,,2026-06-01 05:22:05,247,DATA,477971406,5G,0.0,4.78
R09-0000176,9,Goldfield,+1-403-724-9458,+1-652-503-6893,2026-06-01 14:25:58,3175,VOICE,,4G,0.1,5.29
R09-0000177,9,Goldfield,+1-352-558-0719,+1-580-935-5358,2026-06-01 19:55:18,3432,VOICE,,4G,0.1,5.72
R09-0000178,9,Goldfield,+1-479-379-2987,+1-674-707-5051,2026-06-01 08:07:03,1055,VOICE,,4G,0.1,1.76
R09-0000179,9,Goldfield,+1-931-440-1803,+1-911-553-1172,2026-06-01 08:09:48,0,SMS,,4G,0.0,0.05
R09-0000180,9,Goldfield,+1-482-694-8898,,2026-06-01 14:42:26,69,DATA,234289158,4G,0.0,2.34
R09-0000181,9,Goldfield,+1-272-341-6366,+1-929-923-4173,2026-06-01 08:19:50,0,SMS,,4G,0.0,0.05
R09-0000182,9,Goldfield,+1-286-979-2063,+1-654-959-2882,2026-06-01 18:38:10,812,VOICE,,5G,0.08,1.08
R09-0000183,9,Goldfield,+1-754-670-7517,+1-826-837-5671,2026-06-01 04:11:19,0,SMS,,5G,0.0,0.05
R09-0000184,9,Goldfield,+1-693-532-8537,+1-721-699-2359,2026-06-01 21:59:36,3329,VOICE,,4G,0.1,5.55
R09-0000185,9,Goldfield,+1-732-925-0882,+1-593-901-0998,2026-06-01 00:48:05,0,SMS,,5G,0.0,0.05
R09-0000186,9,Goldfield,+1-861-951-9582,+1-941-733-9686,2026-06-01 00:15:54,0,SMS,,5G,0.0,0.05
R09-0000187,9,Goldfield,+1-441-698-0175,+1-886-878-3202,2026-06-01 03:19:52,505,VOICE,,4G,0.1,0.84
R09-0000188,9,Goldfield,+1-445-620-0979,+1-785-551-8020,2026-06-01 12:15:22,0,SMS,,5G,0.0,0.05
R09-0000189,9,Goldfield,+1-787-952-3648,+1-249-729-6447,2026-06-01 18:24:34,2837,VOICE,,4G,0.1,4.73
R09-0000190,9,Goldfield,+1-421-559-8229,+1-491-603-2757,2026-06-01 10:17:04,3340,VOICE,,5G,0.08,4.45
R09-0000191,9,Goldfield,+1-430-258-7139,+1-766-463-6578,2026-06-01 13:06:20,3391,VOICE,,4G,0.1,5.65
R09-0000192,9,Goldfield,+1-946-218-1929,+1-768-296-8958,2026-06-01 02:51:22,2119,VOICE,,4G,0.1,3.53
R09-0000193,9,Goldfield,+1-903-543-4433,+1-585-475-8975,2026-06-01 00:07:57,0,VOICE,,4G,0.1,0.0
R09-0000194,9,Goldfield,+1-792-734-7611,+1-394-403-9200,2026-06-01 01:40:08,3246,VOICE,,5G,0.08,4.33
R09-0000195,9,Goldfield,+1-811-394-8799,,2026-06-01 02:06:32,1552,DATA,296555175,5G,0.0,2.97
R09-0000196,9,Goldfield,+1-539-236-0586,+1-519-577-4924,2026-06-01 01:44:05,0,SMS,,3G,0.0,0.05
R09-0000197,9,Goldfield,+1-968-448-1095,,2026-06-01 18:52:43,3320,DATA,228457546,4G,0.0,2.28
R09-0000198,9,Goldfield,+1-832-350-9888,+1-925-460-1867,2026-06-01 12:05:17,1669,VOICE,,4G,0.1,2.78
R09-0000199,9,Goldfield,+1-849-548-8103,+1-250-948-1833,2026-06-01 22:29:30,1109,VOICE,,4G,0.1,1.85
R09-0000200,9,Goldfield,+1-958-450-5317,+1-390-734-2951,2026-06-01 11:39:10,0,SMS,,4G,0.0,0.05
R09-0000201,9,Goldfield,+1-646-554-3744,+1-764-331-9165,2026-06-01 11:13:20,1662,VOICE,,3G,0.12,3.32
R09-0000202,9,Goldfield,+1-503-988-4461,,2026-06-01 00:30:13,3147,DATA,287628415,5G,0.0,2.88
R09-0000203,9,Goldfield,+1-687-531-5824,+1-682-460-8583,2026-06-01 14:04:40,0,SMS,,4G,0.0,0.05
R09-0000204,9,Goldfield,+1-346-817-2459,+1-429-734-8182,2026-06-01 11:48:25,0,SMS,,4G,0.0,0.05
R09-0000205,9,Goldfield,+1-953-755-5960,+1-625-862-3518,2026-06-01 22:24:53,0,SMS,,4G,0.0,0.05
R09-0000206,9,Goldfield,+1-798-271-6114,+1-750-433-6532,2026-06-01 11:31:37,269,VOICE,,4G,0.1,0.45
R09-0000207,9,Goldfield,+1-877-425-7799,+1-751-836-6815,2026-06-01 15:24:45,0,SMS,,3G,0.0,0.05
R09-0000208,9,Goldfield,+1-921-838-7168,+1-513-989-1952,2026-06-01 07:53:48,570,VOICE,,5G,0.08,0.76
R09-0000209,9,Goldfield,+1-320-761-7909,+1-472-642-1262,2026-06-01 01:13:37,2573,VOICE,,4G,0.1,4.29
R09-0000210,9,Goldfield,+1-468-238-0677,+1-470-535-6539,2026-06-01 05:50:11,0,SMS,,5G,0.0,0.05
R09-0000211,9,Goldfield,+1-375-709-1775,+1-915-942-8694,2026-06-01 10:22:18,3556,VOICE,,5G,0.08,4.74
R09-0000212,9,Goldfield,+1-511-958-6918,+1-500-355-9220,2026-06-01 02:46:37,0,SMS,,3G,0.0,0.05
R09-0000213,9,Goldfield,+1-769-401-5978,+1-808-459-3546,2026-06-01 01:38:44,2018,VOICE,,4G,0.1,3.36
R09-0000214,9,Goldfield,+1-591-657-1950,+1-227-997-2568,2026-06-01 23:06:48,0,SMS,,5G,0.0,0.05
R09-0000215,9,Goldfield,+1-360-969-7685,,2026-06-01 17:46:46,6292,DATA,288485307,5G,0.0,2.88
R09-0000216,9,Goldfield,+1-503-995-5544,+1-819-594-7277,2026-06-01 18:23:26,1072,VOICE,,5G,0.08,1.43
R09-0000217,9,Goldfield,+1-631-755-3408,+1-801-419-7685,2026-06-01 00:52:06,0,SMS,,4G,0.0,0.05
R09-0000218,9,Goldfield,+1-237-960-8432,+1-269-700-4781,2026-06-01 01:31:23,3506,VOICE,,4G,0.1,5.84
R09-0000219,9,Goldfield,+1-311-994-5722,+1-542-319-9320,2026-06-01 21:04:13,0,SMS,,5G,0.0,0.05
R09-0000220,9,Goldfield,+1-470-567-7600,+1-338-435-3513,2026-06-01 07:56:09,0,SMS,,4G,0.0,0.05
R09-0000221,9,Goldfield,+1-732-665-8342,+1-976-640-0965,2026-06-01 19:17:01,3447,VOICE,,4G,0.1,5.75
R09-0000222,9,Goldfield,+1-309-865-1795,+1-959-999-1533,2026-06-01 14:54:43,1552,VOICE,,4G,0.1,2.59
R09-0000223,9,Goldfield,+1-393-344-9634,,2026-06-01 13:27:33,2627,DATA,49146121,4G,0.0,0.49
R09-0000224,9,Goldfield,+1-950-542-5587,+1-881-324-8837,2026-06-01 18:09:30,1526,VOICE,,3G,0.12,3.05
R09-0000225,9,Goldfield,+1-831-238-7254,+1-851-283-3292,2026-06-01 05:56:25,2178,VOICE,,5G,0.08,2.9
R09-0000226,9,Goldfield,+1-281-629-8945,+1-206-876-0191,2026-06-01 18:22:19,2898,VOICE,,4G,0.1,4.83
R09-0000227,9,Goldfield,+1-677-412-8931,+1-335-977-2987,2026-06-01 08:21:07,0,SMS,,4G,0.0,0.05
R09-0000228,9,Goldfield,+1-340-830-2139,+1-202-205-0610,2026-06-01 18:51:41,1369,VOICE,,5G,0.08,1.83
R09-0000229,9,Goldfield,+1-876-931-0989,+1-894-559-1330,2026-06-01 00:17:33,416,VOICE,,4G,0.1,0.69
R09-0000230,9,Goldfield,+1-789-701-5875,+1-686-851-0573,2026-06-01 00:36:14,2793,VOICE,,3G,0.12,5.59
R09-0000231,9,Goldfield,+1-982-715-0635,+1-666-220-7008,2026-06-01 02:19:53,2508,VOICE,,4G,0.1,4.18
R09-0000232,9,Goldfield,+1-855-990-2060,,2026-06-01 19:37:04,2429,DATA,360433026,5G,0.0,3.6
R09-0000233,9,Goldfield,+1-254-892-4061,+1-254-480-4514,2026-06-01 13:25:26,2698,VOICE,,3G,0.12,5.4
R09-0000234,9,Goldfield,+1-203-308-4431,,2026-06-01 14:23:03,89,DATA,366253569,4G,0.0,3.66
R09-0000235,9,Goldfield,+1-233-973-6686,+1-221-746-5064,2026-06-01 11:25:05,2455,VOICE,,5G,0.08,3.27
R09-0000236,9,Goldfield,+1-304-742-6999,+1-986-382-3306,2026-06-01 03:21:57,974,VOICE,,4G,0.1,1.62
R09-0000237,9,Goldfield,+1-547-819-2690,+1-710-926-5336,2026-06-01 02:20:41,18,VOICE,,4G,0.1,0.03
R09-0000238,9,Goldfield,+1-738-438-2158,+1-261-506-6548,2026-06-01 16:08:46,0,SMS,,3G,0.0,0.05
R09-0000239,9,Goldfield,+1-476-774-7323,+1-534-516-7134,2026-06-01 22:50:40,0,SMS,,4G,0.0,0.05
R09-0000240,9,Goldfield,+1-315-562-8701,+1-953-620-5409,2026-06-01 13:04:01,781,VOICE,,5G,0.08,1.04
R09-0000241,9,Goldfield,+1-456-625-4805,+1-321-418-4084,2026-06-01 04:43:58,0,SMS,,4G,0.0,0.05
R09-0000242,9,Goldfield,+1-897-542-9349,+1-250-860-5486,2026-06-01 17:52:15,1425,VOICE,,3G,0.12,2.85
R09-0000243,9,Goldfield,+1-254-918-3345,+1-482-571-4515,2026-06-01 03:24:02,557,VOICE,,4G,0.1,0.93
R09-0000244,9,Goldfield,+1-310-705-6083,+1-456-876-8622,2026-06-01 18:25:10,2445,VOICE,,4G,0.1,4.08
R09-0000245,9,Goldfield,+1-397-289-4290,+1-387-890-6884,2026-06-01 14:31:44,1300,VOICE,,4G,0.1,2.17
R09-0000246,9,Goldfield,+1-362-817-6482,+1-403-944-5115,2026-06-01 09:52:42,403,VOICE,,4G,0.1,0.67
R09-0000247,9,Goldfield,+1-498-796-5966,+1-707-755-0895,2026-06-01 01:38:45,0,SMS,,5G,0.0,0.05
R09-0000248,9,Goldfield,+1-214-223-7668,,2026-06-01 22:00:21,6868,DATA,232172926,4G,0.0,2.32
R09-0000249,9,Goldfield,+1-713-897-3938,+1-846-837-5924,2026-06-01 17:13:55,2663,VOICE,,5G,0.08,3.55
R09-0000250,9,Goldfield,+1-223-233-9507,+1-341-819-1562,2026-06-01 01:18:29,747,VOICE,,4G,0.1,1.25
R09-0000251,9,Goldfield,+1-975-465-7604,+1-636-924-2670,2026-06-01 12:14:49,893,VOICE,,4G,0.1,1.49
R09-0000252,9,Goldfield,+1-496-773-6262,+1-249-998-3229,2026-06-01 01:20:43,3102,VOICE,,4G,0.1,5.17
R09-0000253,9,Goldfield,+1-716-767-5396,,2026-06-01 15:51:16,6347,DATA,223855618,5G,0.0,2.24
R09-0000254,9,Goldfield,+1-716-968-6293,+1-829-200-2400,2026-06-01 15:57:42,2812,VOICE,,4G,0.1,4.69
R09-0000255,9,Goldfield,+1-757-656-5753,+1-395-557-0760,2026-06-01 02:11:38,0,SMS,,3G,0.0,0.05
R09-0000256,9,Goldfield,+1-317-726-5879,+1-781-896-3987,2026-06-01 10:52:51,3281,VOICE,,4G,0.1,5.47
R09-0000257,9,Goldfield,+1-473-315-8465,+1-711-599-4972,2026-06-01 12:37:36,2904,VOICE,,4G,0.1,4.84
R09-0000258,9,Goldfield,+1-711-991-4399,+1-660-423-9879,2026-06-01 09:40:42,2177,VOICE,,4G,0.1,3.63
R09-0000259,9,Goldfield,+1-473-463-3804,+1-226-828-9396,2026-06-01 13:12:17,2666,VOICE,,5G,0.08,3.55
R09-0000260,9,Goldfield,+1-396-887-2590,+1-356-902-7303,2026-06-01 05:43:09,256,VOICE,,4G,0.1,0.43
R09-0000261,9,Goldfield,+1-562-520-3919,+1-336-800-5558,2026-06-01 08:44:15,1958,VOICE,,4G,0.1,3.26
R09-0000262,9,Goldfield,+1-360-782-6287,+1-754-784-1349,2026-06-01 13:55:02,1156,VOICE,,3G,0.12,2.31
R09-0000263,9,Goldfield,+1-583-365-4008,+1-233-727-3601,2026-06-01 03:18:39,0,SMS,,4G,0.0,0.05
R09-0000264,9,Goldfield,+1-631-808-8810,+1-861-383-9142,2026-06-01 10:48:37,0,SMS,,4G,0.0,0.05
R09-0000265,9,Goldfield,+1-983-493-3822,+1-987-635-4531,2026-06-01 06:17:31,0,SMS,,5G,0.0,0.05
R09-0000266,9,Goldfield,+1-725-483-6619,+1-590-223-4870,2026-06-01 11:02:20,0,SMS,,4G,0.0,0.05
R09-0000267,9,Goldfield,+1-266-570-5738,+1-599-910-7327,2026-06-01 06:34:25,217,VOICE,,5G,0.08,0.29
R09-0000268,9,Goldfield,+1-507-958-8615,+1-717-557-0226,2026-06-01 14:59:11,1067,VOICE,,5G,0.08,1.42
R09-0000269,9,Goldfield,+1-628-965-5345,+1-592-850-7073,2026-06-01 11:41:16,2755,VOICE,,4G,0.1,4.59
R09-0000270,9,Goldfield,+1-932-379-1811,+1-233-494-1805,2026-06-01 07:28:19,0,SMS,,4G,0.0,0.05
R09-0000271,9,Goldfield,+1-244-278-8250,+1-765-315-0679,2026-06-01 16:40:15,0,SMS,,4G,0.0,0.05
R09-0000272,9,Goldfield,+1-710-517-6884,,2026-06-01 06:56:03,6945,DATA,62193055,5G,0.0,0.62
R09-0000273,9,Goldfield,+1-440-496-4571,,2026-06-01 16:14:59,5142,DATA,205310401,4G,0.0,2.05
R09-0000274,9,Goldfield,+1-361-555-0432,+1-384-640-2406,2026-06-01 06:25:46,2728,VOICE,,5G,0.08,3.64
R09-0000275,9,Goldfield,+1-449-689-6861,+1-490-486-8454,2026-06-01 16:53:41,2243,VOICE,,4G,0.1,3.74
R09-0000276,9,Goldfield,+1-704-800-1311,+1-206-620-7446,2026-06-01 07:56:50,1580,VOICE,,5G,0.08,2.11
R09-0000277,9,Goldfield,+1-928-376-1051,+1-792-562-0578,2026-06-01 09:57:19,785,VOICE,,4G,0.1,1.31
R09-0000278,9,Goldfield,+1-239-943-6723,+1-932-797-1053,2026-06-01 01:18:16,0,SMS,,4G,0.0,0.05
R09-0000279,9,Goldfield,+1-489-676-1463,+1-931-629-2657,2026-06-01 02:43:16,0,SMS,,4G,0.0,0.05
R09-0000280,9,Goldfield,+1-234-772-8236,+1-887-256-8647,2026-06-01 19:00:10,1537,VOICE,,3G,0.12,3.07
R09-0000281,9,Goldfield,+1-487-430-9507,+1-818-269-0817,2026-06-01 01:40:06,1904,VOICE,,4G,0.1,3.17
R09-0000282,9,Goldfield,+1-749-807-7038,+1-209-367-4120,2026-06-01 08:06:22,0,SMS,,3G,0.0,0.05
R09-0000283,9,Goldfield,+1-241-819-0304,+1-753-269-4592,2026-06-01 03:55:50,2436,VOICE,,4G,0.1,4.06
R09-0000284,9,Goldfield,+1-436-905-7710,+1-535-290-0706,2026-06-01 18:00:17,2835,VOICE,,3G,0.12,5.67
R09-0000285,9,Goldfield,+1-960-548-7156,+1-665-615-9052,2026-06-01 11:19:57,288,VOICE,,4G,0.1,0.48
R09-0000286,9,Goldfield,+1-258-686-6818,+1-440-781-3020,2026-06-01 10:52:22,0,SMS,,5G,0.0,0.05
R09-0000287,9,Goldfield,+1-216-361-5448,+1-409-769-1165,2026-06-01 21:55:58,1418,VOICE,,4G,0.1,2.36
R09-0000288,9,Goldfield,+1-756-439-9488,,2026-06-01 18:10:27,3959,DATA,235488753,4G,0.0,2.35
R09-0000289,9,Goldfield,+1-236-696-0359,+1-336-700-0055,2026-06-01 23:44:03,0,SMS,,4G,0.0,0.05
R09-0000290,9,Goldfield,+1-254-477-5731,,2026-06-01 15:11:35,3492,DATA,455529785,4G,0.0,4.56
R09-0000291,9,Goldfield,+1-702-546-2948,+1-294-887-1655,2026-06-01 09:07:23,2429,VOICE,,5G,0.08,3.24
R09-0000292,9,Goldfield,+1-656-459-5440,,2026-06-01 07:13:28,2384,DATA,182191769,4G,0.0,1.82
R09-0000293,9,Goldfield,+1-587-463-3732,+1-679-779-1065,2026-06-01 20:45:16,241,VOICE,,5G,0.08,0.32
R09-0000294,9,Goldfield,+1-939-264-6787,+1-492-507-5487,2026-06-01 23:07:59,3408,VOICE,,4G,0.1,5.68
R09-0000295,9,Goldfield,+1-908-349-8997,+1-321-383-0934,2026-06-01 10:44:52,0,SMS,,4G,0.0,0.05
R09-0000296,9,Goldfield,+1-673-839-3109,+1-841-454-6804,2026-06-01 09:16:36,3389,VOICE,,4G,0.1,5.65
R09-0000297,9,Goldfield,+1-408-971-3158,+1-666-633-4522,2026-06-01 21:39:09,868,VOICE,,4G,0.1,1.45
R09-0000298,9,Goldfield,+1-821-942-7123,+1-771-649-0847,2026-06-01 18:55:41,345,VOICE,,5G,0.08,0.46
R09-0000299,9,Goldfield,+1-765-468-1756,+1-528-903-5965,2026-06-01 19:57:16,2024,VOICE,,3G,0.12,4.05
R09-0000300,9,Goldfield,+1-574-735-5529,+1-458-353-8853,2026-06-01 07:17:25,3450,VOICE,,3G,0.12,6.9
R09-0000301,9,Goldfield,+1-616-238-8975,+1-776-457-0661,2026-06-01 05:07:32,1418,VOICE,,3G,0.12,2.84
R09-0000302,9,Goldfield,+1-872-414-5603,,2026-06-01 14:10:09,804,DATA,459234626,3G,0.0,4.59
R09-0000303,9,Goldfield,+1-720-917-2324,+1-559-820-0602,2026-06-01 05:51:03,0,SMS,,4G,0.0,0.05
R09-0000304,9,Goldfield,+1-830-826-8718,+1-638-486-1305,2026-06-01 17:09:46,0,SMS,,5G,0.0,0.05
R09-0000305,9,Goldfield,+1-811-280-1761,+1-263-736-3024,2026-06-01 00:49:09,0,SMS,,5G,0.0,0.05
R09-0000306,9,Goldfield,+1-536-613-6850,+1-214-284-4137,2026-06-01 04:14:17,2948,VOICE,,5G,0.08,3.93
R09-0000307,9,Goldfield,+1-957-869-7022,+1-516-200-8814,2026-06-01 19:14:53,2604,VOICE,,4G,0.1,4.34
R09-0000308,9,Goldfield,+1-723-361-1098,+1-434-732-0575,2026-06-01 07:42:21,3041,VOICE,,4G,0.1,5.07
R09-0000309,9,Goldfield,+1-882-855-5693,,2026-06-01 12:56:14,4347,DATA,380225449,5G,0.0,3.8
R09-0000310,9,Goldfield,+1-647-820-9756,+1-741-771-7109,2026-06-01 17:32:00,145,VOICE,,5G,0.08,0.19
R09-0000311,9,Goldfield,+1-822-627-7971,+1-639-658-7138,2026-06-01 10:23:04,2542,VOICE,,4G,0.1,4.24
R09-0000312,9,Goldfield,+1-769-627-7730,+1-892-280-4487,2026-06-01 20:23:56,634,VOICE,,4G,0.1,1.06
R09-0000313,9,Goldfield,+1-203-954-5418,+1-854-629-7251,2026-06-01 18:19:21,2166,VOICE,,4G,0.1,3.61
R09-0000314,9,Goldfield,+1-524-309-1770,+1-234-334-2146,2026-06-01 14:13:49,0,SMS,,5G,0.0,0.05
R09-0000315,9,Goldfield,+1-386-203-5909,+1-542-685-3731,2026-06-01 06:07:51,1441,VOICE,,4G,0.1,2.4
R09-0000316,9,Goldfield,+1-826-203-6357,+1-514-993-9540,2026-06-01 09:08:13,0,SMS,,4G,0.0,0.05
R09-0000317,9,Goldfield,+1-376-445-1141,+1-346-428-6439,2026-06-01 18:35:20,1086,VOICE,,5G,0.08,1.45
R09-0000318,9,Goldfield,+1-672-461-5240,,2026-06-01 03:25:08,5910,DATA,214380950,5G,0.0,2.14
R09-0000319,9,Goldfield,+1-521-482-2812,+1-770-650-7997,2026-06-01 23:34:54,1097,VOICE,,5G,0.08,1.46
R09-0000320,9,Goldfield,+1-895-997-6331,+1-636-474-2785,2026-06-01 19:35:21,1823,VOICE,,5G,0.08,2.43
R09-0000321,9,Goldfield,+1-916-715-9812,+1-358-707-5769,2026-06-01 07:47:18,268,VOICE,,4G,0.1,0.45
R09-0000322,9,Goldfield,+1-321-933-1095,+1-679-554-7897,2026-06-01 14:33:00,2387,VOICE,,5G,0.08,3.18
R09-0000323,9,Goldfield,+1-893-887-3194,+1-227-369-3544,2026-06-01 19:38:09,0,SMS,,3G,0.0,0.05
R09-0000324,9,Goldfield,+1-817-546-6170,+1-524-285-4693,2026-06-01 21:12:48,2983,VOICE,,4G,0.1,4.97
R09-0000325,9,Goldfield,+1-702-715-0094,,2026-06-01 18:05:40,5531,DATA,3446347,5G,0.0,0.03
R09-0000326,9,Goldfield,+1-934-697-5483,,2026-06-01 17:52:53,3325,DATA,489260964,4G,0.0,4.89
R09-0000327,9,Goldfield,+1-902-811-1000,+1-212-619-9359,2026-06-01 17:24:37,0,VOICE,,3G,0.12,0.0
R09-0000328,9,Goldfield,+1-623-913-7373,,2026-06-01 18:36:13,4278,DATA,91230230,5G,0.0,0.91
R09-0000329,9,Goldfield,+1-970-777-0344,+1-337-828-0235,2026-06-01 12:24:56,636,VOICE,,4G,0.1,1.06
R09-0000330,9,Goldfield,+1-787-245-0811,+1-377-444-9188,2026-06-01 04:33:46,0,SMS,,5G,0.0,0.05
R09-0000331,9,Goldfield,+1-904-998-8344,+1-282-858-9582,2026-06-01 01:45:42,0,SMS,,5G,0.0,0.05
R09-0000332,9,Goldfield,+1-245-915-2299,+1-962-804-7744,2026-06-01 20:55:36,1744,VOICE,,5G,0.08,2.33
R09-0000333,9,Goldfield,+1-457-537-8252,+1-372-996-5463,2026-06-01 16:50:33,551,VOICE,,3G,0.12,1.1
R09-0000334,9,Goldfield,+1-695-613-6794,+1-553-744-6593,2026-06-01 01:21:52,3030,VOICE,,5G,0.08,4.04
R09-0000335,9,Goldfield,+1-955-390-5390,+1-816-409-1737,2026-06-01 15:45:55,2928,VOICE,,3G,0.12,5.86
R09-0000336,9,Goldfield,+1-398-502-5867,+1-780-985-7198,2026-06-01 15:10:15,654,VOICE,,3G,0.12,1.31
R09-0000337,9,Goldfield,+1-303-874-2301,+1-561-747-8255,2026-06-01 21:12:01,0,VOICE,,4G,0.1,0.0
R09-0000338,9,Goldfield,+1-270-288-5089,+1-504-690-7241,2026-06-01 22:34:18,804,VOICE,,4G,0.1,1.34
R09-0000339,9,Goldfield,+1-669-267-3743,+1-241-961-9107,2026-06-01 19:34:21,978,VOICE,,5G,0.08,1.3
R09-0000340,9,Goldfield,+1-564-998-7312,+1-677-931-2709,2026-06-01 19:04:12,0,SMS,,5G,0.0,0.05
R09-0000341,9,Goldfield,+1-499-877-5236,+1-555-839-3761,2026-06-01 03:23:54,0,SMS,,5G,0.0,0.05
R09-0000342,9,Goldfield,+1-522-646-5331,+1-358-214-4225,2026-06-01 16:34:16,0,SMS,,5G,0.0,0.05
R09-0000343,9,Goldfield,+1-503-303-8794,+1-836-379-6245,2026-06-01 05:28:28,2716,VOICE,,5G,0.08,3.62
R09-0000344,9,Goldfield,+1-720-998-9761,+1-265-783-3880,2026-06-01 02:17:24,169,VOICE,,4G,0.1,0.28
R09-0000345,9,Goldfield,+1-928-325-1391,+1-534-548-7172,2026-06-01 12:55:17,0,SMS,,3G,0.0,0.05
R09-0000346,9,Goldfield,+1-519-797-9258,+1-741-514-6806,2026-06-01 16:39:16,0,SMS,,3G,0.0,0.05
R09-0000347,9,Goldfield,+1-910-871-7235,+1-930-760-4525,2026-06-01 09:39:36,0,SMS,,4G,0.0,0.05
R09-0000348,9,Goldfield,+1-405-427-0912,,2026-06-01 11:08:48,7047,DATA,34281811,5G,0.0,0.34
R09-0000349,9,Goldfield,+1-473-679-1663,+1-421-554-9015,2026-06-01 11:16:41,1949,VOICE,,4G,0.1,3.25
R09-0000350,9,Goldfield,+1-976-236-2089,+1-944-201-3370,2026-06-01 22:19:22,0,SMS,,4G,0.0,0.05
R09-0000351,9,Goldfield,+1-880-713-5167,+1-220-367-0973,2026-06-01 01:26:55,2808,VOICE,,4G,0.1,4.68
R09-0000352,9,Goldfield,+1-386-480-5548,,2026-06-01 01:05:45,5098,DATA,120073989,4G,0.0,1.2
R09-0000353,9,Goldfield,+1-908-894-2752,+1-801-722-7126,2026-06-01 22:04:58,1629,VOICE,,4G,0.1,2.71
R09-0000354,9,Goldfield,+1-856-441-9632,+1-605-881-6426,2026-06-01 15:57:28,0,SMS,,5G,0.0,0.05
R09-0000355,9,Goldfield,+1-815-795-0301,+1-680-496-2779,2026-06-01 17:56:24,0,SMS,,3G,0.0,0.05
R09-0000356,9,Goldfield,+1-210-704-6333,+1-700-992-9411,2026-06-01 08:44:31,2423,VOICE,,4G,0.1,4.04
R09-0000357,9,Goldfield,+1-353-811-9634,,2026-06-01 08:34:53,1733,DATA,113139462,4G,0.0,1.13
R09-0000358,9,Goldfield,+1-880-979-8274,,2026-06-01 23:40:30,5055,DATA,97553261,4G,0.0,0.98
R09-0000359,9,Goldfield,+1-549-603-9535,,2026-06-01 23:45:34,1005,DATA,14942667,4G,0.0,0.15
R09-0000360,9,Goldfield,+1-401-276-1711,+1-532-940-0230,2026-06-01 23:01:42,1569,VOICE,,4G,0.1,2.62
R09-0000361,9,Goldfield,+1-772-542-3175,+1-632-605-8182,2026-06-01 04:22:23,186,VOICE,,3G,0.12,0.37
R09-0000362,9,Goldfield,+1-683-513-1214,+1-676-950-8498,2026-06-01 07:28:12,3344,VOICE,,4G,0.1,5.57
R09-0000363,9,Goldfield,+1-226-621-6870,+1-673-918-7123,2026-06-01 22:22:02,0,VOICE,,4G,0.1,0.0
R09-0000364,9,Goldfield,+1-522-898-7940,+1-211-227-2754,2026-06-01 01:25:33,0,SMS,,5G,0.0,0.05
R09-0000365,9,Goldfield,+1-696-942-6002,,2026-06-01 07:25:48,708,DATA,66346474,4G,0.0,0.66
R09-0000366,9,Goldfield,+1-682-397-0595,+1-459-849-4506,2026-06-01 00:40:11,1007,VOICE,,5G,0.08,1.34
R09-0000367,9,Goldfield,+1-514-375-2507,,2026-06-01 20:43:14,3387,DATA,21115079,3G,0.0,0.21
R09-0000368,9,Goldfield,+1-819-864-9406,+1-514-308-9761,2026-06-01 12:16:49,0,SMS,,4G,0.0,0.05
R09-0000369,9,Goldfield,+1-299-607-0933,+1-652-751-6395,2026-06-01 14:29:47,0,SMS,,4G,0.0,0.05
R09-0000370,9,Goldfield,+1-726-766-5322,,2026-06-01 08:37:48,5132,DATA,46830896,5G,0.0,0.47
R09-0000371,9,Goldfield,+1-883-601-9093,+1-275-661-1121,2026-06-01 07:27:47,0,SMS,,4G,0.0,0.05
R09-0000372,9,Goldfield,+1-512-821-9815,+1-421-510-1091,2026-06-01 16:01:40,3353,VOICE,,5G,0.08,4.47
R09-0000373,9,Goldfield,+1-672-588-2296,+1-777-657-2482,2026-06-01 22:36:10,325,VOICE,,4G,0.1,0.54
R09-0000374,9,Goldfield,+1-976-301-5318,+1-571-989-0032,2026-06-01 12:34:33,1315,VOICE,,4G,0.1,2.19
R09-0000375,9,Goldfield,+1-253-827-9855,,2026-06-01 14:35:22,3156,DATA,390432550,5G,0.0,3.9
R09-0000376,9,Goldfield,+1-278-544-3161,+1-511-506-0917,2026-06-01 23:22:27,1703,VOICE,,5G,0.08,2.27
R09-0000377,9,Goldfield,+1-457-397-5776,,2026-06-01 00:56:08,1444,DATA,62777363,4G,0.0,0.63
R09-0000378,9,Goldfield,+1-255-505-5296,+1-310-891-1597,2026-06-01 08:49:27,728,VOICE,,4G,0.1,1.21
R09-0000379,9,Goldfield,+1-602-398-2220,+1-858-916-9240,2026-06-01 14:20:05,0,SMS,,5G,0.0,0.05
R09-0000380,9,Goldfield,+1-214-769-4617,+1-253-554-9845,2026-06-01 01:30:22,940,VOICE,,4G,0.1,1.57
R09-0000381,9,Goldfield,+1-458-873-8597,+1-777-488-3692,2026-06-01 01:39:57,1977,VOICE,,3G,0.12,3.95
R09-0000382,9,Goldfield,+1-485-431-4917,+1-335-377-0287,2026-06-01 15:52:01,0,SMS,,5G,0.0,0.05
R09-0000383,9,Goldfield,+1-514-763-1052,,2026-06-01 05:00:43,4245,DATA,236599498,4G,0.0,2.37
R09-0000384,9,Goldfield,+1-555-817-7190,+1-513-666-2480,2026-06-01 20:14:50,2525,VOICE,,4G,0.1,4.21
R09-0000385,9,Goldfield,+1-651-411-1392,+1-717-604-7166,2026-06-01 19:17:39,2499,VOICE,,5G,0.08,3.33
R09-0000386,9,Goldfield,+1-700-761-5286,+1-570-798-2275,2026-06-01 14:36:12,1496,VOICE,,4G,0.1,2.49
R09-0000387,9,Goldfield,+1-844-523-3557,,2026-06-01 05:57:52,930,DATA,219827177,4G,0.0,2.2
R09-0000388,9,Goldfield,+1-950-639-3451,+1-632-654-5267,2026-06-01 16:19:18,1530,VOICE,,3G,0.12,3.06
R09-0000389,9,Goldfield,+1-473-716-9124,+1-872-264-4828,2026-06-01 06:36:52,0,VOICE,,5G,0.08,0.0
R09-0000390,9,Goldfield,+1-449-738-2553,,2026-06-01 06:03:54,666,DATA,61588587,4G,0.0,0.62
R09-0000391,9,Goldfield,+1-362-724-2322,+1-546-694-8589,2026-06-01 23:47:26,221,VOICE,,5G,0.08,0.29
R09-0000392,9,Goldfield,+1-607-561-2916,+1-499-233-6874,2026-06-01 18:22:49,89,VOICE,,3G,0.12,0.18
R09-0000393,9,Goldfield,+1-379-870-2580,+1-235-895-7140,2026-06-01 14:23:01,0,SMS,,4G,0.0,0.05
R09-0000394,9,Goldfield,+1-610-492-7392,+1-308-516-8615,2026-06-01 16:36:38,0,SMS,,4G,0.0,0.05
R09-0000395,9,Goldfield,+1-308-269-0861,,2026-06-01 13:20:12,2971,DATA,251697264,3G,0.0,2.52
R09-0000396,9,Goldfield,+1-491-279-0020,+1-318-543-3662,2026-06-01 09:20:35,1491,VOICE,,5G,0.08,1.99
R09-0000397,9,Goldfield,+1-424-518-5942,,2026-06-01 04:30:04,619,DATA,255334143,4G,0.0,2.55
R09-0000398,9,Goldfield,+1-884-644-2972,+1-792-223-5715,2026-06-01 09:16:15,0,SMS,,3G,0.0,0.05
R09-0000399,9,Goldfield,+1-936-621-1216,+1-921-433-8844,2026-06-01 00:06:56,1997,VOICE,,3G,0.12,3.99
R09-0000400,9,Goldfield,+1-660-915-2949,,2026-06-01 12:14:19,337,DATA,238663901,5G,0.0,2.39
R09-0000401,9,Goldfield,+1-497-372-8647,+1-706-312-4999,2026-06-01 12:26:34,1951,VOICE,,4G,0.1,3.25
R09-0000402,9,Goldfield,+1-556-599-5509,+1-936-461-6029,2026-06-01 17:29:12,151,VOICE,,4G,0.1,0.25
R09-0000403,9,Goldfield,+1-814-580-9908,+1-674-476-2383,2026-06-01 06:55:34,1231,VOICE,,4G,0.1,2.05
R09-0000404,9,Goldfield,+1-535-324-5930,+1-893-916-3567,2026-06-01 20:02:27,2725,VOICE,,4G,0.1,4.54
R09-0000405,9,Goldfield,+1-586-506-4465,+1-561-923-1921,2026-06-01 07:32:42,277,VOICE,,3G,0.12,0.55
R09-0000406,9,Goldfield,+1-385-318-3004,+1-724-992-2651,2026-06-01 11:45:51,0,SMS,,4G,0.0,0.05
R09-0000407,9,Goldfield,+1-797-650-5204,,2026-06-01 18:34:21,87,DATA,216953955,4G,0.0,2.17
R09-0000408,9,Goldfield,+1-247-748-6153,+1-691-538-8678,2026-06-01 01:04:59,500,VOICE,,5G,0.08,0.67
R09-0000409,9,Goldfield,+1-281-667-1693,+1-542-239-7270,2026-06-01 09:21:09,0,SMS,,3G,0.0,0.05
R09-0000410,9,Goldfield,+1-479-789-0988,+1-438-809-1473,2026-06-01 11:13:06,2414,VOICE,,4G,0.1,4.02
R09-0000411,9,Goldfield,+1-620-880-2864,+1-217-240-9720,2026-06-01 16:39:08,0,SMS,,3G,0.0,0.05
R09-0000412,9,Goldfield,+1-238-534-4888,,2026-06-01 18:23:55,3884,DATA,243598437,5G,0.0,2.44
R09-0000413,9,Goldfield,+1-785-612-6877,+1-366-246-1668,2026-06-01 19:37:52,2097,VOICE,,4G,0.1,3.5
R09-0000414,9,Goldfield,+1-813-283-1705,+1-552-807-8839,2026-06-01 00:31:37,0,SMS,,5G,0.0,0.05
R09-0000415,9,Goldfield,+1-880-447-1077,+1-914-634-1231,2026-06-01 04:34:14,1396,VOICE,,3G,0.12,2.79
R09-0000416,9,Goldfield,+1-644-752-2653,+1-241-309-7534,2026-06-01 17:33:16,0,VOICE,,4G,0.1,0.0
R09-0000417,9,Goldfield,+1-891-513-6667,+1-771-688-9220,2026-06-01 12:13:10,275,VOICE,,5G,0.08,0.37
R09-0000418,9,Goldfield,+1-821-352-9477,+1-842-305-4230,2026-06-01 23:49:39,1374,VOICE,,4G,0.1,2.29
R09-0000419,9,Goldfield,+1-495-860-3476,+1-905-213-8077,2026-06-01 09:11:21,2019,VOICE,,4G,0.1,3.37
R09-0000420,9,Goldfield,+1-943-353-8778,+1-379-988-8852,2026-06-01 03:23:52,0,SMS,,5G,0.0,0.05
R09-0000421,9,Goldfield,+1-529-757-1640,+1-355-506-3719,2026-06-01 19:54:27,0,SMS,,5G,0.0,0.05
R09-0000422,9,Goldfield,+1-440-261-3200,,2026-06-01 13:57:46,354,DATA,477362539,5G,0.0,4.77
R09-0000423,9,Goldfield,+1-407-947-0729,+1-381-552-1211,2026-06-01 22:32:47,0,SMS,,4G,0.0,0.05
R09-0000424,9,Goldfield,+1-886-303-9657,+1-237-627-9654,2026-06-01 20:16:46,1771,VOICE,,3G,0.12,3.54
R09-0000425,9,Goldfield,+1-800-318-6775,+1-907-354-0484,2026-06-01 10:51:58,0,SMS,,4G,0.0,0.05
R09-0000426,9,Goldfield,+1-610-321-6449,+1-900-817-8046,2026-06-01 08:57:35,0,SMS,,5G,0.0,0.05
R09-0000427,9,Goldfield,+1-873-703-5358,+1-946-327-1751,2026-06-01 16:54:29,2548,VOICE,,5G,0.08,3.4
R09-0000428,9,Goldfield,+1-310-257-0044,+1-265-200-1348,2026-06-01 04:36:49,1030,VOICE,,4G,0.1,1.72
R09-0000429,9,Goldfield,+1-280-761-6909,+1-764-928-2831,2026-06-01 17:48:11,1965,VOICE,,3G,0.12,3.93
R09-0000430,9,Goldfield,+1-880-658-1462,+1-796-380-3232,2026-06-01 00:53:02,1567,VOICE,,4G,0.1,2.61
R09-0000431,9,Goldfield,+1-635-277-3568,+1-418-537-9779,2026-06-01 19:36:47,2950,VOICE,,3G,0.12,5.9
R09-0000432,9,Goldfield,+1-596-687-8636,+1-613-441-9821,2026-06-01 10:40:29,2567,VOICE,,4G,0.1,4.28
R09-0000433,9,Goldfield,+1-762-589-0875,+1-802-653-7654,2026-06-01 23:23:57,824,VOICE,,4G,0.1,1.37
R09-0000434,9,Goldfield,+1-465-959-9974,+1-608-415-5337,2026-06-01 03:16:22,3469,VOICE,,4G,0.1,5.78
R09-0000435,9,Goldfield,+1-246-417-0799,+1-399-397-7506,2026-06-01 21:16:13,0,SMS,,3G,0.0,0.05
R09-0000436,9,Goldfield,+1-404-710-3192,+1-344-897-7910,2026-06-01 07:25:19,2978,VOICE,,5G,0.08,3.97
R09-0000437,9,Goldfield,+1-515-972-2273,,2026-06-01 09:37:54,1314,DATA,254572893,4G,0.0,2.55
R09-0000438,9,Goldfield,+1-482-285-3891,+1-219-528-8300,2026-06-01 21:22:36,0,SMS,,5G,0.0,0.05
R09-0000439,9,Goldfield,+1-577-345-8488,+1-523-235-3326,2026-06-01 13:53:28,339,VOICE,,5G,0.08,0.45
R09-0000440,9,Goldfield,+1-381-997-8548,+1-813-798-3422,2026-06-01 09:53:51,2760,VOICE,,4G,0.1,4.6
R09-0000441,9,Goldfield,+1-396-814-9723,+1-683-452-9179,2026-06-01 12:46:19,0,SMS,,4G,0.0,0.05
R09-0000442,9,Goldfield,+1-374-502-5901,,2026-06-01 11:00:44,681,DATA,478607679,3G,0.0,4.79
R09-0000443,9,Goldfield,+1-720-501-8537,+1-743-254-6415,2026-06-01 09:54:33,0,SMS,,5G,0.0,0.05
R09-0000444,9,Goldfield,+1-437-358-7118,+1-977-326-2011,2026-06-01 22:34:39,0,SMS,,5G,0.0,0.05
R09-0000445,9,Goldfield,+1-938-990-0165,,2026-06-01 07:09:48,6958,DATA,170374602,5G,0.0,1.7
R09-0000446,9,Goldfield,+1-633-721-9020,,2026-06-01 00:49:37,4080,DATA,494934721,5G,0.0,4.95
R09-0000447,9,Goldfield,+1-356-844-7453,+1-656-986-7680,2026-06-01 16:05:29,452,VOICE,,4G,0.1,0.75
R09-0000448,9,Goldfield,+1-684-604-1125,+1-724-279-3430,2026-06-01 07:45:29,0,SMS,,3G,0.0,0.05
R09-0000449,9,Goldfield,+1-861-894-5145,+1-540-580-6492,2026-06-01 07:18:48,436,VOICE,,4G,0.1,0.73
R09-0000450,9,Goldfield,+1-460-283-6166,+1-436-714-6730,2026-06-01 14:55:44,0,SMS,,4G,0.0,0.05
R09-0000451,9,Goldfield,+1-928-611-7130,+1-443-607-1771,2026-06-01 07:43:58,1181,VOICE,,4G,0.1,1.97
R09-0000452,9,Goldfield,+1-641-830-4561,,2026-06-01 20:03:46,1530,DATA,122524575,5G,0.0,1.23
R09-0000453,9,Goldfield,+1-787-231-9327,+1-691-263-2286,2026-06-01 08:49:39,0,SMS,,4G,0.0,0.05
R09-0000454,9,Goldfield,+1-226-288-5054,+1-525-763-2912,2026-06-01 16:05:05,1179,VOICE,,4G,0.1,1.96
R09-0000455,9,Goldfield,+1-782-342-9545,+1-505-606-2078,2026-06-01 21:39:21,0,VOICE,,5G,0.08,0.0
R09-0000456,9,Goldfield,+1-476-621-5432,+1-961-676-7301,2026-06-01 08:49:26,0,SMS,,4G,0.0,0.05
R09-0000457,9,Goldfield,+1-591-276-9621,+1-332-747-7288,2026-06-01 11:18:05,585,VOICE,,5G,0.08,0.78
R09-0000458,9,Goldfield,+1-790-245-2223,+1-467-747-6201,2026-06-01 10:43:58,734,VOICE,,4G,0.1,1.22
R09-0000459,9,Goldfield,+1-245-618-2119,+1-711-512-6592,2026-06-01 13:22:57,0,SMS,,5G,0.0,0.05
R09-0000460,9,Goldfield,+1-719-520-2917,,2026-06-01 23:54:48,3892,DATA,83926698,5G,0.0,0.84
R09-0000461,9,Goldfield,+1-394-304-9136,+1-841-645-8417,2026-06-01 20:06:18,0,SMS,,4G,0.0,0.05
R09-0000462,9,Goldfield,+1-314-437-4492,+1-622-822-0392,2026-06-01 08:20:05,3074,VOICE,,4G,0.1,5.12
R09-0000463,9,Goldfield,+1-933-975-7660,,2026-06-01 06:11:43,4544,DATA,122722154,4G,0.0,1.23
R09-0000464,9,Goldfield,+1-922-706-2754,+1-822-344-5604,2026-06-01 13:34:11,0,SMS,,5G,0.0,0.05
R09-0000465,9,Goldfield,+1-513-887-2510,+1-238-613-6717,2026-06-01 19:44:19,886,VOICE,,5G,0.08,1.18
R09-0000466,9,Goldfield,+1-262-903-4290,,2026-06-01 23:01:20,1218,DATA,436990668,4G,0.0,4.37
R09-0000467,9,Goldfield,+1-248-310-0284,,2026-06-01 10:58:42,6479,DATA,369159587,4G,0.0,3.69
R09-0000468,9,Goldfield,+1-203-527-9157,+1-872-671-7275,2026-06-01 04:36:02,3562,VOICE,,4G,0.1,5.94
R09-0000469,9,Goldfield,+1-603-859-1084,+1-410-619-9298,2026-06-01 14:07:22,898,VOICE,,4G,0.1,1.5
R09-0000470,9,Goldfield,+1-676-262-6686,+1-603-335-5309,2026-06-01 14:25:32,3500,VOICE,,5G,0.08,4.67
R09-0000471,9,Goldfield,+1-437-351-1991,+1-330-517-3258,2026-06-01 06:16:19,0,SMS,,4G,0.0,0.05
R09-0000472,9,Goldfield,+1-708-771-4521,+1-340-633-6241,2026-06-01 06:07:45,2377,VOICE,,5G,0.08,3.17
R09-0000473,9,Goldfield,+1-249-930-0950,+1-710-986-2332,2026-06-01 11:05:57,0,SMS,,4G,0.0,0.05
R09-0000474,9,Goldfield,+1-347-976-1399,,2026-06-01 22:53:56,4440,DATA,8901078,5G,0.0,0.09
R09-0000475,9,Goldfield,+1-476-590-5269,+1-814-606-2016,2026-06-01 22:58:48,0,VOICE,,4G,0.1,0.0
R09-0000476,9,Goldfield,+1-446-926-1051,+1-223-992-9817,2026-06-01 12:53:58,1624,VOICE,,3G,0.12,3.25
R09-0000477,9,Goldfield,+1-283-609-9859,+1-474-455-2894,2026-06-01 04:51:38,0,SMS,,5G,0.0,0.05
R09-0000478,9,Goldfield,+1-591-834-6780,+1-985-432-4921,2026-06-01 20:16:43,0,SMS,,4G,0.0,0.05
R09-0000479,9,Goldfield,+1-435-862-2547,+1-554-223-4957,2026-06-01 17:09:28,0,SMS,,3G,0.0,0.05
R09-0000480,9,Goldfield,+1-239-589-8983,,2026-06-01 11:15:46,5545,DATA,420458908,5G,0.0,4.2
R09-0000481,9,Goldfield,+1-914-419-2783,+1-260-982-0938,2026-06-01 16:38:51,3032,VOICE,,4G,0.1,5.05
R09-0000482,9,Goldfield,+1-877-950-2207,+1-524-827-6479,2026-06-01 02:59:32,0,SMS,,5G,0.0,0.05
R09-0000483,9,Goldfield,+1-953-390-5667,+1-694-365-6097,2026-06-01 01:04:20,1160,VOICE,,5G,0.08,1.55
R09-0000484,9,Goldfield,+1-618-297-1930,+1-576-355-8821,2026-06-01 22:44:52,2833,VOICE,,4G,0.1,4.72
R09-0000485,9,Goldfield,+1-560-528-5289,+1-244-915-7528,2026-06-01 12:27:27,0,SMS,,3G,0.0,0.05
R09-0000486,9,Goldfield,+1-275-246-2842,+1-334-676-7900,2026-06-01 09:32:30,713,VOICE,,4G,0.1,1.19
R09-0000487,9,Goldfield,+1-779-214-4760,+1-756-496-8944,2026-06-01 21:21:50,2523,VOICE,,4G,0.1,4.21
R09-0000488,9,Goldfield,+1-848-872-0085,+1-494-954-0981,2026-06-01 15:55:45,0,SMS,,4G,0.0,0.05
R09-0000489,9,Goldfield,+1-322-474-7131,,2026-06-01 11:50:55,302,DATA,232027455,4G,0.0,2.32
R09-0000490,9,Goldfield,+1-367-915-8557,+1-435-877-6148,2026-06-01 18:00:18,1713,VOICE,,5G,0.08,2.28
R09-0000491,9,Goldfield,+1-489-941-3501,+1-782-442-6681,2026-06-01 02:44:42,0,SMS,,4G,0.0,0.05
R09-0000492,9,Goldfield,+1-285-930-4549,,2026-06-01 07:15:52,4154,DATA,156777023,3G,0.0,1.57
R09-0000493,9,Goldfield,+1-209-234-4943,+1-966-483-0465,2026-06-01 09:04:14,3500,VOICE,,4G,0.1,5.83
R09-0000494,9,Goldfield,+1-288-350-4052,,2026-06-01 22:01:20,598,DATA,307080578,4G,0.0,3.07
R09-0000495,9,Goldfield,+1-326-828-7509,+1-733-724-4570,2026-06-01 00:12:11,0,SMS,,3G,0.0,0.05
R09-0000496,9,Goldfield,+1-756-397-7203,+1-449-264-6763,2026-06-01 05:47:25,0,SMS,,4G,0.0,0.05
R09-0000497,9,Goldfield,+1-384-350-8749,,2026-06-01 10:57:21,4934,DATA,495083101,4G,0.0,4.95
R09-0000498,9,Goldfield,+1-284-689-7389,+1-454-952-8175,2026-06-01 15:08:42,210,VOICE,,4G,0.1,0.35
R09-0000499,9,Goldfield,+1-802-647-5787,,2026-06-01 07:30:27,3756,DATA,346148718,4G,0.0,3.46
R09-0000500,9,Goldfield,+1-920-853-9072,+1-246-339-0521,2026-06-01 02:34:17,0,SMS,,5G,0.0,0.05
R09-0000501,9,Goldfield,+1-240-604-3776,,2026-06-01 01:26:52,3432,DATA,422790754,4G,0.0,4.23
R09-0000502,9,Goldfield,+1-524-544-8337,+1-255-399-0552,2026-06-01 18:04:30,246,VOICE,,4G,0.1,0.41
R09-0000503,9,Goldfield,+1-216-255-5672,+1-328-320-4213,2026-06-01 19:38:15,2041,VOICE,,4G,0.1,3.4
R09-0000504,9,Goldfield,+1-393-271-5603,+1-899-481-7261,2026-06-01 20:37:06,2536,VOICE,,5G,0.08,3.38
R09-0000505,9,Goldfield,+1-857-962-9833,+1-443-550-6869,2026-06-01 13:33:07,0,SMS,,4G,0.0,0.05
R09-0000506,9,Goldfield,+1-231-485-0380,+1-745-775-2048,2026-06-01 06:34:17,0,SMS,,5G,0.0,0.05
R09-0000507,9,Goldfield,+1-546-660-1581,,2026-06-01 03:08:37,677,DATA,403462871,5G,0.0,4.03
R09-0000508,9,Goldfield,+1-338-465-2959,+1-906-505-8286,2026-06-01 11:10:49,594,VOICE,,4G,0.1,0.99
R09-0000509,9,Goldfield,+1-308-661-7995,+1-535-534-6887,2026-06-01 17:13:29,752,VOICE,,3G,0.12,1.5
R09-0000510,9,Goldfield,+1-591-739-2818,+1-594-846-6782,2026-06-01 19:36:02,0,SMS,,5G,0.0,0.05
R09-0000511,9,Goldfield,+1-650-536-9181,+1-547-539-2594,2026-06-01 14:33:52,1636,VOICE,,3G,0.12,3.27
R09-0000512,9,Goldfield,+1-328-736-7304,+1-459-301-1672,2026-06-01 09:05:24,2429,VOICE,,3G,0.12,4.86
R09-0000513,9,Goldfield,+1-501-457-7402,,2026-06-01 01:10:40,1684,DATA,438939627,4G,0.0,4.39
R09-0000514,9,Goldfield,+1-432-594-2829,+1-285-921-3808,2026-06-01 14:49:50,696,VOICE,,4G,0.1,1.16
R09-0000515,9,Goldfield,+1-248-975-2165,+1-374-274-0850,2026-06-01 12:42:55,222,VOICE,,5G,0.08,0.3
R09-0000516,9,Goldfield,+1-587-404-2550,,2026-06-01 20:34:47,6079,DATA,234615737,3G,0.0,2.35
R09-0000517,9,Goldfield,+1-659-461-2296,,2026-06-01 02:43:46,5550,DATA,375159342,4G,0.0,3.75
R09-0000518,9,Goldfield,+1-840-429-4447,+1-496-839-6317,2026-06-01 18:19:19,2360,VOICE,,5G,0.08,3.15
R09-0000519,9,Goldfield,+1-989-810-6862,+1-427-274-7797,2026-06-01 05:30:36,0,SMS,,3G,0.0,0.05
R09-0000520,9,Goldfield,+1-476-388-5109,,2026-06-01 17:10:24,3325,DATA,77869683,4G,0.0,0.78
R09-0000521,9,Goldfield,+1-214-241-7766,+1-626-567-3874,2026-06-01 20:04:22,3053,VOICE,,4G,0.1,5.09
R09-0000522,9,Goldfield,+1-220-328-4301,+1-726-506-2248,2026-06-01 06:50:58,2613,VOICE,,4G,0.1,4.35
R09-0000523,9,Goldfield,+1-341-471-8732,+1-713-775-5261,2026-06-01 18:06:21,3033,VOICE,,5G,0.08,4.04
R09-0000524,9,Goldfield,+1-829-756-8378,+1-266-344-1955,2026-06-01 23:13:44,0,VOICE,,5G,0.08,0.0
R09-0000525,9,Goldfield,+1-489-472-8167,+1-808-899-3831,2026-06-01 13:39:31,1814,VOICE,,4G,0.1,3.02
R09-0000526,9,Goldfield,+1-609-727-3407,+1-729-739-1409,2026-06-01 01:22:29,3549,VOICE,,4G,0.1,5.92
R09-0000527,9,Goldfield,+1-321-680-0741,+1-590-395-8382,2026-06-01 06:07:23,570,VOICE,,5G,0.08,0.76
R09-0000528,9,Goldfield,+1-703-345-4495,+1-847-736-5584,2026-06-01 16:32:04,2156,VOICE,,5G,0.08,2.87
R09-0000529,9,Goldfield,+1-390-203-4003,+1-446-314-9271,2026-06-01 02:50:10,2512,VOICE,,4G,0.1,4.19
R09-0000530,9,Goldfield,+1-959-990-8758,,2026-06-01 20:03:41,1410,DATA,126776100,4G,0.0,1.27
R09-0000531,9,Goldfield,+1-205-940-6366,+1-590-534-9540,2026-06-01 17:36:46,0,SMS,,5G,0.0,0.05
R09-0000532,9,Goldfield,+1-731-477-0640,+1-253-555-4203,2026-06-01 10:01:28,677,VOICE,,4G,0.1,1.13
R09-0000533,9,Goldfield,+1-946-213-3626,,2026-06-01 07:02:15,207,DATA,207709760,4G,0.0,2.08
R09-0000534,9,Goldfield,+1-980-497-3697,+1-878-902-3312,2026-06-01 18:06:56,0,SMS,,4G,0.0,0.05
R09-0000535,9,Goldfield,+1-349-870-7609,+1-400-870-3510,2026-06-01 05:08:33,0,VOICE,,5G,0.08,0.0
R09-0000536,9,Goldfield,+1-775-593-4656,,2026-06-01 07:43:03,2144,DATA,69919403,3G,0.0,0.7
R09-0000537,9,Goldfield,+1-384-768-8796,+1-401-960-5969,2026-06-01 23:26:15,472,VOICE,,4G,0.1,0.79
R09-0000538,9,Goldfield,+1-973-675-3474,+1-880-228-8422,2026-06-01 02:20:47,2749,VOICE,,3G,0.12,5.5
R09-0000539,9,Goldfield,+1-554-238-4819,+1-628-402-4286,2026-06-01 17:35:55,0,VOICE,,3G,0.12,0.0
R09-0000540,9,Goldfield,+1-270-275-3957,+1-274-601-2967,2026-06-01 00:49:01,2021,VOICE,,4G,0.1,3.37
R09-0000541,9,Goldfield,+1-678-516-4077,+1-233-533-6654,2026-06-01 00:26:57,0,SMS,,5G,0.0,0.05
R09-0000542,9,Goldfield,+1-249-996-3377,+1-390-898-9059,2026-06-01 22:57:01,0,SMS,,4G,0.0,0.05
R09-0000543,9,Goldfield,+1-255-899-2421,,2026-06-01 00:25:04,4181,DATA,309241355,5G,0.0,3.09
R09-0000544,9,Goldfield,+1-782-534-5918,+1-609-628-3930,2026-06-01 04:23:03,0,SMS,,4G,0.0,0.05
R09-0000545,9,Goldfield,+1-249-677-7845,+1-435-651-9206,2026-06-01 06:01:37,1993,VOICE,,4G,0.1,3.32
R09-0000546,9,Goldfield,+1-754-205-1823,,2026-06-01 05:46:45,2893,DATA,216840122,4G,0.0,2.17
R09-0000547,9,Goldfield,+1-341-362-4512,,2026-06-01 21:10:06,401,DATA,174662070,4G,0.0,1.75
R09-0000548,9,Goldfield,+1-976-741-8681,+1-405-916-8918,2026-06-01 19:51:39,785,VOICE,,4G,0.1,1.31
R09-0000549,9,Goldfield,+1-777-451-9175,+1-528-966-8413,2026-06-01 02:57:25,0,VOICE,,4G,0.1,0.0
R09-0000550,9,Goldfield,+1-511-425-8939,,2026-06-01 05:44:34,2354,DATA,95803493,5G,0.0,0.96
R09-0000551,9,Goldfield,+1-639-869-3332,+1-744-932-6442,2026-06-01 08:02:19,1494,VOICE,,4G,0.1,2.49
R09-0000552,9,Goldfield,+1-453-320-6646,+1-560-779-3520,2026-06-01 09:30:51,0,SMS,,4G,0.0,0.05
R09-0000553,9,Goldfield,+1-517-407-4762,+1-561-255-8344,2026-06-01 09:30:19,3347,VOICE,,4G,0.1,5.58
R09-0000554,9,Goldfield,+1-807-578-0719,,2026-06-01 19:26:45,4497,DATA,86330313,3G,0.0,0.86
R09-0000555,9,Goldfield,+1-475-288-9907,+1-887-224-2346,2026-06-01 23:12:44,0,SMS,,3G,0.0,0.05
R09-0000556,9,Goldfield,+1-954-679-6285,+1-553-692-8071,2026-06-01 20:38:56,3210,VOICE,,4G,0.1,5.35
R09-0000557,9,Goldfield,+1-437-931-4627,+1-831-529-9510,2026-06-01 17:45:31,0,SMS,,5G,0.0,0.05
R09-0000558,9,Goldfield,+1-319-703-4590,+1-765-223-7357,2026-06-01 08:01:14,1093,VOICE,,4G,0.1,1.82
R09-0000559,9,Goldfield,+1-672-491-0504,+1-299-750-8499,2026-06-01 19:46:38,0,SMS,,5G,0.0,0.05
R09-0000560,9,Goldfield,+1-331-714-4673,+1-907-212-2580,2026-06-01 23:15:28,0,SMS,,4G,0.0,0.05
R09-0000561,9,Goldfield,+1-401-458-7407,+1-356-570-4400,2026-06-01 23:55:53,0,SMS,,5G,0.0,0.05
R09-0000562,9,Goldfield,+1-333-476-6808,,2026-06-01 12:35:24,319,DATA,236369199,3G,0.0,2.36
R09-0000563,9,Goldfield,+1-881-600-6053,+1-915-266-7421,2026-06-01 16:52:43,0,SMS,,4G,0.0,0.05
R09-0000564,9,Goldfield,+1-202-829-6484,+1-942-615-1534,2026-06-01 17:20:18,1822,VOICE,,5G,0.08,2.43
R09-0000565,9,Goldfield,+1-634-898-9278,+1-492-232-9135,2026-06-01 15:05:42,2694,VOICE,,5G,0.08,3.59
R09-0000566,9,Goldfield,+1-499-346-7826,+1-390-918-1508,2026-06-01 16:18:19,0,SMS,,4G,0.0,0.05
R09-0000567,9,Goldfield,+1-975-978-8386,+1-728-410-4089,2026-06-01 15:13:26,0,SMS,,4G,0.0,0.05
R09-0000568,9,Goldfield,+1-876-669-4054,+1-804-831-7218,2026-06-01 00:45:28,767,VOICE,,4G,0.1,1.28
R09-0000569,9,Goldfield,+1-637-677-2890,+1-387-828-3061,2026-06-01 01:32:58,0,SMS,,4G,0.0,0.05
R09-0000570,9,Goldfield,+1-618-689-6047,+1-335-711-7883,2026-06-01 05:18:24,2780,VOICE,,5G,0.08,3.71
R09-0000571,9,Goldfield,+1-297-440-2021,+1-444-447-5851,2026-06-01 08:30:37,441,VOICE,,5G,0.08,0.59
R09-0000572,9,Goldfield,+1-682-257-2519,+1-754-676-2576,2026-06-01 02:49:24,0,SMS,,5G,0.0,0.05
R09-0000573,9,Goldfield,+1-922-389-4752,,2026-06-01 16:51:59,1284,DATA,20148089,3G,0.0,0.2
R09-0000574,9,Goldfield,+1-713-920-9531,+1-632-709-5863,2026-06-01 14:04:53,2487,VOICE,,4G,0.1,4.15
R09-0000575,9,Goldfield,+1-335-455-9724,+1-215-645-9854,2026-06-01 23:54:30,114,VOICE,,4G,0.1,0.19
R09-0000576,9,Goldfield,+1-707-773-0808,+1-868-375-9149,2026-06-01 12:00:07,1037,VOICE,,5G,0.08,1.38
R09-0000577,9,Goldfield,+1-817-586-2152,+1-844-959-4895,2026-06-01 21:04:29,1800,VOICE,,5G,0.08,2.4
R09-0000578,9,Goldfield,+1-828-689-4217,+1-940-260-3688,2026-06-01 08:29:20,0,SMS,,3G,0.0,0.05
R09-0000579,9,Goldfield,+1-437-254-1210,+1-867-361-6412,2026-06-01 04:33:12,1219,VOICE,,4G,0.1,2.03
R09-0000580,9,Goldfield,+1-616-941-8778,+1-911-617-8954,2026-06-01 14:58:16,0,SMS,,5G,0.0,0.05
R09-0000581,9,Goldfield,+1-628-926-4929,+1-434-594-8416,2026-06-01 01:20:00,1366,VOICE,,4G,0.1,2.28
R09-0000582,9,Goldfield,+1-710-756-5773,+1-871-278-3658,2026-06-01 08:56:52,2482,VOICE,,4G,0.1,4.14
R09-0000583,9,Goldfield,+1-722-375-5979,+1-677-301-0819,2026-06-01 23:25:41,3272,VOICE,,5G,0.08,4.36
R09-0000584,9,Goldfield,+1-628-992-3857,,2026-06-01 22:18:16,98,DATA,352372465,4G,0.0,3.52
R09-0000585,9,Goldfield,+1-914-646-5531,+1-811-854-6838,2026-06-01 23:54:53,646,VOICE,,4G,0.1,1.08
R09-0000586,9,Goldfield,+1-817-688-8874,,2026-06-01 05:45:34,1525,DATA,352281866,5G,0.0,3.52
R09-0000587,9,Goldfield,+1-845-965-0318,+1-563-777-9046,2026-06-01 14:05:36,0,SMS,,4G,0.0,0.05
R09-0000588,9,Goldfield,+1-260-446-9279,+1-685-380-9337,2026-06-01 11:57:08,2135,VOICE,,5G,0.08,2.85
R09-0000589,9,Goldfield,+1-554-529-6985,,2026-06-01 02:10:30,2160,DATA,167271147,5G,0.0,1.67
R09-0000590,9,Goldfield,+1-553-340-9170,+1-602-990-9746,2026-06-01 03:02:36,0,SMS,,3G,0.0,0.05
R09-0000591,9,Goldfield,+1-597-831-2230,+1-658-371-8836,2026-06-01 12:53:46,0,SMS,,4G,0.0,0.05
R09-0000592,9,Goldfield,+1-864-506-8006,+1-952-403-2239,2026-06-01 16:38:58,0,SMS,,4G,0.0,0.05
R09-0000593,9,Goldfield,+1-616-293-5902,+1-336-858-9096,2026-06-01 11:14:31,2117,VOICE,,4G,0.1,3.53
R09-0000594,9,Goldfield,+1-259-580-9533,,2026-06-01 12:09:53,1437,DATA,368339296,4G,0.0,3.68
R09-0000595,9,Goldfield,+1-783-568-4042,+1-247-662-0999,2026-06-01 21:23:54,1456,VOICE,,4G,0.1,2.43
R09-0000596,9,Goldfield,+1-687-569-1663,+1-726-276-8462,2026-06-01 02:35:54,870,VOICE,,4G,0.1,1.45
R09-0000597,9,Goldfield,+1-621-925-6213,+1-553-451-7646,2026-06-01 15:55:01,2476,VOICE,,5G,0.08,3.3
R09-0000598,9,Goldfield,+1-751-853-2862,+1-762-833-1645,2026-06-01 14:07:13,0,SMS,,5G,0.0,0.05
R09-0000599,9,Goldfield,+1-384-218-5328,+1-629-287-4884,2026-06-01 10:45:21,2914,VOICE,,4G,0.1,4.86
R09-0000600,9,Goldfield,+1-263-405-0008,+1-882-666-9788,2026-06-01 16:35:15,0,SMS,,4G,0.0,0.05
R09-0000601,9,Goldfield,+1-255-348-9310,+1-668-276-6973,2026-06-01 04:31:04,1664,VOICE,,4G,0.1,2.77
R09-0000602,9,Goldfield,+1-889-321-2804,+1-974-772-1856,2026-06-01 09:22:36,0,SMS,,4G,0.0,0.05
R09-0000603,9,Goldfield,+1-921-966-4447,+1-734-875-5727,2026-06-01 00:50:29,0,SMS,,4G,0.0,0.05
R09-0000604,9,Goldfield,+1-664-855-7461,+1-615-368-6777,2026-06-01 07:44:26,0,VOICE,,3G,0.12,0.0
R09-0000605,9,Goldfield,+1-978-745-6139,+1-549-262-1462,2026-06-01 08:53:27,2459,VOICE,,4G,0.1,4.1
R09-0000606,9,Goldfield,+1-546-802-9495,+1-641-527-2664,2026-06-01 03:51:25,0,SMS,,5G,0.0,0.05
R09-0000607,9,Goldfield,+1-563-794-5744,+1-220-210-3600,2026-06-01 00:30:43,0,SMS,,4G,0.0,0.05
R09-0000608,9,Goldfield,+1-865-333-3877,+1-821-647-2131,2026-06-01 18:13:25,0,SMS,,4G,0.0,0.05
R09-0000609,9,Goldfield,+1-893-608-3855,+1-724-672-1141,2026-06-01 15:22:13,789,VOICE,,4G,0.1,1.32
R09-0000610,9,Goldfield,+1-943-222-9065,,2026-06-01 10:23:25,4291,DATA,344306617,5G,0.0,3.44
R09-0000611,9,Goldfield,+1-874-694-0077,+1-676-406-5578,2026-06-01 03:43:55,0,SMS,,5G,0.0,0.05
R09-0000612,9,Goldfield,+1-601-837-7191,+1-381-268-9976,2026-06-01 14:14:58,0,SMS,,5G,0.0,0.05
R09-0000613,9,Goldfield,+1-759-376-8295,+1-488-661-9816,2026-06-01 19:04:22,0,SMS,,5G,0.0,0.05
R09-0000614,9,Goldfield,+1-804-997-3696,+1-927-468-9734,2026-06-01 19:16:54,267,VOICE,,5G,0.08,0.36
R09-0000615,9,Goldfield,+1-486-733-8197,+1-932-592-9935,2026-06-01 20:41:38,0,SMS,,4G,0.0,0.05
R09-0000616,9,Goldfield,+1-264-234-7138,+1-379-455-9454,2026-06-01 18:14:11,0,SMS,,4G,0.0,0.05
R09-0000617,9,Goldfield,+1-279-457-9371,+1-913-873-5006,2026-06-01 04:37:46,2423,VOICE,,5G,0.08,3.23
R09-0000618,9,Goldfield,+1-940-548-5730,,2026-06-01 14:23:03,6299,DATA,314514151,4G,0.0,3.15
R09-0000619,9,Goldfield,+1-965-283-6151,+1-887-597-2624,2026-06-01 08:06:56,3376,VOICE,,3G,0.12,6.75
R09-0000620,9,Goldfield,+1-903-824-3823,+1-815-826-6353,2026-06-01 20:24:46,1573,VOICE,,3G,0.12,3.15
R09-0000621,9,Goldfield,+1-630-721-8233,+1-960-693-3750,2026-06-01 10:29:03,3186,VOICE,,4G,0.1,5.31
R09-0000622,9,Goldfield,+1-624-880-1848,+1-487-848-7321,2026-06-01 14:02:13,1612,VOICE,,3G,0.12,3.22
R09-0000623,9,Goldfield,+1-676-882-6236,+1-537-677-6993,2026-06-01 22:33:18,1736,VOICE,,5G,0.08,2.31
R09-0000624,9,Goldfield,+1-325-524-8338,+1-220-673-9238,2026-06-01 23:05:13,0,SMS,,4G,0.0,0.05
R09-0000625,9,Goldfield,+1-402-631-3807,,2026-06-01 13:33:54,1609,DATA,189852275,4G,0.0,1.9
R09-0000626,9,Goldfield,+1-473-522-9438,,2026-06-01 20:48:03,794,DATA,429536355,5G,0.0,4.3
R09-0000627,9,Goldfield,+1-850-872-6116,+1-335-920-2887,2026-06-01 19:38:57,528,VOICE,,5G,0.08,0.7
R09-0000628,9,Goldfield,+1-590-879-7847,+1-694-565-7660,2026-06-01 22:14:27,152,VOICE,,5G,0.08,0.2
R09-0000629,9,Goldfield,+1-940-613-2816,,2026-06-01 21:02:37,4457,DATA,252677299,4G,0.0,2.53
R09-0000630,9,Goldfield,+1-572-614-3537,+1-246-480-4280,2026-06-01 07:13:16,0,SMS,,4G,0.0,0.05
R09-0000631,9,Goldfield,+1-299-485-4460,+1-611-549-7441,2026-06-01 01:34:32,3548,VOICE,,5G,0.08,4.73
R09-0000632,9,Goldfield,+1-335-623-1734,+1-298-966-5817,2026-06-01 17:03:20,2623,VOICE,,4G,0.1,4.37
R09-0000633,9,Goldfield,+1-557-898-0765,+1-475-567-2151,2026-06-01 03:06:30,1744,VOICE,,4G,0.1,2.91
R09-0000634,9,Goldfield,+1-369-987-6311,,2026-06-01 04:25:18,2944,DATA,62101573,3G,0.0,0.62
R09-0000635,9,Goldfield,+1-316-566-4430,+1-521-910-3749,2026-06-01 13:36:39,3383,VOICE,,5G,0.08,4.51
R09-0000636,9,Goldfield,+1-926-803-6992,+1-838-202-0980,2026-06-01 02:45:18,84,VOICE,,3G,0.12,0.17
R09-0000637,9,Goldfield,+1-970-707-4684,+1-333-828-9306,2026-06-01 01:47:56,1568,VOICE,,4G,0.1,2.61
R09-0000638,9,Goldfield,+1-575-661-7871,,2026-06-01 21:02:23,6748,DATA,339165798,5G,0.0,3.39
R09-0000639,9,Goldfield,+1-470-625-9864,+1-629-241-8898,2026-06-01 21:07:24,1026,VOICE,,5G,0.08,1.37
R09-0000640,9,Goldfield,+1-452-320-4149,,2026-06-01 23:43:42,6211,DATA,86013238,4G,0.0,0.86
R09-0000641,9,Goldfield,+1-626-619-2496,+1-699-232-5660,2026-06-01 03:52:39,0,SMS,,4G,0.0,0.05
R09-0000642,9,Goldfield,+1-931-331-1493,+1-762-872-2247,2026-06-01 12:09:25,2437,VOICE,,5G,0.08,3.25
R09-0000643,9,Goldfield,+1-328-864-6759,+1-656-432-9765,2026-06-01 05:32:03,3412,VOICE,,4G,0.1,5.69
R09-0000644,9,Goldfield,+1-536-216-7312,+1-296-211-8836,2026-06-01 18:10:57,2892,VOICE,,5G,0.08,3.86
R09-0000645,9,Goldfield,+1-402-682-8192,+1-891-486-0959,2026-06-01 17:07:42,0,SMS,,4G,0.0,0.05
R09-0000646,9,Goldfield,+1-228-779-9050,+1-428-226-7412,2026-06-01 06:56:52,2146,VOICE,,4G,0.1,3.58
R09-0000647,9,Goldfield,+1-565-399-6732,+1-658-708-2386,2026-06-01 17:57:04,0,SMS,,4G,0.0,0.05
R09-0000648,9,Goldfield,+1-401-766-3428,+1-626-555-4657,2026-06-01 22:42:38,2264,VOICE,,4G,0.1,3.77
R09-0000649,9,Goldfield,+1-526-382-4139,+1-452-791-6407,2026-06-01 09:09:47,0,VOICE,,5G,0.08,0.0
R09-0000650,9,Goldfield,+1-915-929-7856,+1-881-421-4350,2026-06-01 13:34:26,2728,VOICE,,4G,0.1,4.55
R09-0000651,9,Goldfield,+1-392-284-3078,,2026-06-01 18:12:47,584,DATA,157433924,5G,0.0,1.57
R09-0000652,9,Goldfield,+1-556-956-1101,+1-282-652-5136,2026-06-01 13:09:10,0,SMS,,4G,0.0,0.05
R09-0000653,9,Goldfield,+1-929-459-2682,+1-419-578-1728,2026-06-01 10:56:34,0,SMS,,5G,0.0,0.05
R09-0000654,9,Goldfield,+1-809-736-3594,+1-456-627-6248,2026-06-01 02:09:06,1151,VOICE,,5G,0.08,1.53
R09-0000655,9,Goldfield,+1-804-871-0129,+1-409-691-0602,2026-06-01 09:14:42,0,SMS,,5G,0.0,0.05
R09-0000656,9,Goldfield,+1-963-919-2534,+1-668-823-1058,2026-06-01 16:04:35,2089,VOICE,,4G,0.1,3.48
R09-0000657,9,Goldfield,+1-811-432-9584,+1-505-518-9799,2026-06-01 17:51:08,1293,VOICE,,5G,0.08,1.72
R09-0000658,9,Goldfield,+1-363-507-0342,+1-602-395-1050,2026-06-01 23:43:56,0,SMS,,5G,0.0,0.05
R09-0000659,9,Goldfield,+1-736-595-1971,+1-917-422-8823,2026-06-01 14:50:41,0,SMS,,4G,0.0,0.05
R09-0000660,9,Goldfield,+1-268-739-9743,+1-544-590-3554,2026-06-01 04:59:32,2580,VOICE,,5G,0.08,3.44
R09-0000661,9,Goldfield,+1-885-830-6821,+1-521-576-4496,2026-06-01 15:50:55,0,SMS,,4G,0.0,0.05
R09-0000662,9,Goldfield,+1-792-538-6385,+1-370-275-8701,2026-06-01 03:32:42,3180,VOICE,,3G,0.12,6.36
R09-0000663,9,Goldfield,+1-787-640-9443,,2026-06-01 09:41:23,2698,DATA,292561459,4G,0.0,2.93
R09-0000664,9,Goldfield,+1-980-457-5590,+1-645-324-1168,2026-06-01 03:32:42,2058,VOICE,,5G,0.08,2.74
R09-0000665,9,Goldfield,+1-923-992-6817,+1-746-279-0229,2026-06-01 10:06:46,2287,VOICE,,4G,0.1,3.81
R09-0000666,9,Goldfield,+1-536-406-7442,+1-812-780-0925,2026-06-01 10:07:39,2712,VOICE,,3G,0.12,5.42
R09-0000667,9,Goldfield,+1-282-297-8924,+1-952-529-6399,2026-06-01 16:36:40,0,SMS,,4G,0.0,0.05
R09-0000668,9,Goldfield,+1-386-608-6694,+1-964-395-4850,2026-06-01 06:16:17,387,VOICE,,4G,0.1,0.65
R09-0000669,9,Goldfield,+1-517-451-9887,+1-617-509-0224,2026-06-01 04:15:55,1434,VOICE,,4G,0.1,2.39
R09-0000670,9,Goldfield,+1-545-365-2466,+1-393-303-2015,2026-06-01 00:43:10,0,SMS,,4G,0.0,0.05
R09-0000671,9,Goldfield,+1-224-332-1784,+1-712-819-7848,2026-06-01 02:02:47,900,VOICE,,4G,0.1,1.5
R09-0000672,9,Goldfield,+1-543-683-6073,,2026-06-01 05:15:10,5312,DATA,65203291,4G,0.0,0.65
R09-0000673,9,Goldfield,+1-566-632-9531,,2026-06-01 19:39:30,905,DATA,99462629,4G,0.0,0.99
R09-0000674,9,Goldfield,+1-907-629-3797,+1-645-383-2294,2026-06-01 06:38:43,327,VOICE,,3G,0.12,0.65
R09-0000675,9,Goldfield,+1-972-691-6122,+1-582-670-9924,2026-06-01 08:27:20,900,VOICE,,5G,0.08,1.2
R09-0000676,9,Goldfield,+1-270-948-1165,+1-918-359-5062,2026-06-01 02:18:06,0,SMS,,5G,0.0,0.05
R09-0000677,9,Goldfield,+1-261-510-1073,+1-688-613-6339,2026-06-01 07:41:10,0,SMS,,4G,0.0,0.05
R09-0000678,9,Goldfield,+1-762-283-0363,+1-952-469-3535,2026-06-01 04:05:36,0,SMS,,5G,0.0,0.05
R09-0000679,9,Goldfield,+1-786-382-6598,,2026-06-01 20:41:48,6839,DATA,127684456,5G,0.0,1.28
R09-0000680,9,Goldfield,+1-536-977-4696,+1-797-555-4984,2026-06-01 19:45:40,130,VOICE,,5G,0.08,0.17
R09-0000681,9,Goldfield,+1-212-852-9060,+1-477-873-2777,2026-06-01 14:02:33,0,SMS,,5G,0.0,0.05
R09-0000682,9,Goldfield,+1-918-373-8020,+1-739-637-0628,2026-06-01 09:18:05,2804,VOICE,,4G,0.1,4.67
R09-0000683,9,Goldfield,+1-858-559-1345,,2026-06-01 00:19:55,5881,DATA,11862994,4G,0.0,0.12
R09-0000684,9,Goldfield,+1-733-569-8222,+1-729-720-0192,2026-06-01 13:50:55,0,SMS,,5G,0.0,0.05
R09-0000685,9,Goldfield,+1-252-676-7339,,2026-06-01 15:22:57,6609,DATA,202246800,4G,0.0,2.02
R09-0000686,9,Goldfield,+1-612-463-5523,+1-357-240-0462,2026-06-01 20:00:32,3476,VOICE,,5G,0.08,4.63
R09-0000687,9,Goldfield,+1-593-667-2722,+1-906-732-0462,2026-06-01 20:44:20,0,SMS,,4G,0.0,0.05
R09-0000688,9,Goldfield,+1-626-409-7055,+1-553-779-9573,2026-06-01 20:40:35,39,VOICE,,3G,0.12,0.08
R09-0000689,9,Goldfield,+1-376-695-1118,+1-353-636-6899,2026-06-01 00:53:24,0,SMS,,5G,0.0,0.05
R09-0000690,9,Goldfield,+1-587-931-1028,+1-699-810-8614,2026-06-01 07:40:37,0,SMS,,3G,0.0,0.05
R09-0000691,9,Goldfield,+1-674-685-3051,+1-604-584-6235,2026-06-01 13:07:49,1633,VOICE,,5G,0.08,2.18
R09-0000692,9,Goldfield,+1-317-996-2246,+1-386-762-3702,2026-06-01 21:19:27,0,SMS,,4G,0.0,0.05
R09-0000693,9,Goldfield,+1-666-668-2533,+1-495-939-2255,2026-06-01 06:11:15,1626,VOICE,,5G,0.08,2.17
R09-0000694,9,Goldfield,+1-896-567-0362,+1-981-906-5827,2026-06-01 06:27:56,0,SMS,,3G,0.0,0.05
R09-0000695,9,Goldfield,+1-324-977-4854,+1-882-207-4114,2026-06-01 13:32:46,0,SMS,,4G,0.0,0.05
R09-0000696,9,Goldfield,+1-612-956-6668,+1-622-547-0832,2026-06-01 18:20:02,0,SMS,,5G,0.0,0.05
R09-0000697,9,Goldfield,+1-547-557-8270,+1-419-608-0836,2026-06-01 15:39:59,3088,VOICE,,4G,0.1,5.15
R09-0000698,9,Goldfield,+1-963-876-5437,+1-391-288-6832,2026-06-01 17:21:55,0,SMS,,3G,0.0,0.05
R09-0000699,9,Goldfield,+1-819-951-1868,+1-287-485-6949,2026-06-01 18:37:38,3313,VOICE,,4G,0.1,5.52
R09-0000700,9,Goldfield,+1-531-229-3021,+1-890-439-1289,2026-06-01 20:15:33,776,VOICE,,4G,0.1,1.29
R09-0000701,9,Goldfield,+1-793-399-1488,,2026-06-01 15:07:04,3213,DATA,414867266,4G,0.0,4.15
R09-0000702,9,Goldfield,+1-353-952-0752,+1-844-725-8962,2026-06-01 05:28:31,0,SMS,,3G,0.0,0.05
R09-0000703,9,Goldfield,+1-797-833-9490,+1-855-880-5925,2026-06-01 01:22:16,0,SMS,,3G,0.0,0.05
R09-0000704,9,Goldfield,+1-823-892-2184,+1-627-509-4327,2026-06-01 01:50:46,1852,VOICE,,5G,0.08,2.47
R09-0000705,9,Goldfield,+1-640-229-7477,+1-390-628-6590,2026-06-01 06:35:44,0,SMS,,4G,0.0,0.05
R09-0000706,9,Goldfield,+1-467-215-3640,,2026-06-01 06:27:18,6442,DATA,29284737,5G,0.0,0.29
R09-0000707,9,Goldfield,+1-814-331-8565,+1-613-890-4741,2026-06-01 19:12:19,0,SMS,,4G,0.0,0.05
R09-0000708,9,Goldfield,+1-346-713-2269,+1-924-630-7665,2026-06-01 11:00:39,3399,VOICE,,4G,0.1,5.67
R09-0000709,9,Goldfield,+1-204-734-6269,+1-251-361-3257,2026-06-01 14:27:30,2303,VOICE,,4G,0.1,3.84
R09-0000710,9,Goldfield,+1-309-492-3671,+1-884-877-6897,2026-06-01 21:04:26,2545,VOICE,,5G,0.08,3.39
R09-0000711,9,Goldfield,+1-464-896-3793,+1-642-430-3921,2026-06-01 21:37:08,0,SMS,,3G,0.0,0.05
R09-0000712,9,Goldfield,+1-816-630-3193,,2026-06-01 13:08:56,1825,DATA,486576699,4G,0.0,4.87
R09-0000713,9,Goldfield,+1-835-352-7356,,2026-06-01 13:38:55,5597,DATA,398480399,5G,0.0,3.98
R09-0000714,9,Goldfield,+1-346-943-7793,,2026-06-01 18:20:11,2977,DATA,452005235,3G,0.0,4.52
R09-0000715,9,Goldfield,+1-480-206-0644,+1-411-581-3306,2026-06-01 02:46:20,2073,VOICE,,4G,0.1,3.46
R09-0000716,9,Goldfield,+1-513-658-8109,+1-792-725-7265,2026-06-01 15:46:40,0,SMS,,5G,0.0,0.05
R09-0000717,9,Goldfield,+1-656-895-4624,+1-754-877-4389,2026-06-01 18:26:42,3276,VOICE,,3G,0.12,6.55
R09-0000718,9,Goldfield,+1-899-613-2123,+1-802-887-5101,2026-06-01 04:54:43,0,SMS,,4G,0.0,0.05
R09-0000719,9,Goldfield,+1-249-638-5763,,2026-06-01 12:27:34,5777,DATA,389191557,5G,0.0,3.89
R09-0000720,9,Goldfield,+1-449-569-8323,+1-974-859-4950,2026-06-01 09:17:56,0,SMS,,3G,0.0,0.05
R09-0000721,9,Goldfield,+1-861-774-9386,+1-408-229-4609,2026-06-01 10:05:10,1983,VOICE,,4G,0.1,3.3
R09-0000722,9,Goldfield,+1-319-702-6760,+1-903-259-6263,2026-06-01 08:23:24,0,SMS,,4G,0.0,0.05
R09-0000723,9,Goldfield,+1-494-880-2903,+1-564-620-5891,2026-06-01 18:29:37,3289,VOICE,,4G,0.1,5.48
R09-0000724,9,Goldfield,+1-354-854-5660,+1-695-387-9248,2026-06-01 18:02:57,2930,VOICE,,3G,0.12,5.86
R09-0000725,9,Goldfield,+1-406-997-6973,+1-816-870-2632,2026-06-01 21:49:54,3192,VOICE,,5G,0.08,4.26
R09-0000726,9,Goldfield,+1-596-297-3722,,2026-06-01 21:41:29,6392,DATA,113123182,3G,0.0,1.13
R09-0000727,9,Goldfield,+1-330-589-6152,+1-477-968-8095,2026-06-01 17:28:51,406,VOICE,,5G,0.08,0.54
R09-0000728,9,Goldfield,+1-240-905-4863,,2026-06-01 11:41:34,3912,DATA,270672571,4G,0.0,2.71
R09-0000729,9,Goldfield,+1-202-976-7376,+1-752-486-3972,2026-06-01 12:06:26,0,SMS,,4G,0.0,0.05
R09-0000730,9,Goldfield,+1-836-469-6950,+1-560-280-2371,2026-06-01 08:54:29,0,SMS,,4G,0.0,0.05
R09-0000731,9,Goldfield,+1-501-468-3880,+1-309-951-4065,2026-06-01 02:48:20,1172,VOICE,,4G,0.1,1.95
R09-0000732,9,Goldfield,+1-688-815-5859,+1-792-860-2226,2026-06-01 06:04:05,314,VOICE,,3G,0.12,0.63
R09-0000733,9,Goldfield,+1-488-388-0212,+1-665-873-3730,2026-06-01 12:46:15,0,SMS,,5G,0.0,0.05
R09-0000734,9,Goldfield,+1-562-540-5791,+1-851-645-4750,2026-06-01 23:38:09,0,SMS,,4G,0.0,0.05
R09-0000735,9,Goldfield,+1-946-889-3630,+1-652-349-9175,2026-06-01 04:28:01,1299,VOICE,,5G,0.08,1.73
R09-0000736,9,Goldfield,+1-720-322-9140,+1-546-955-1530,2026-06-01 01:45:04,3498,VOICE,,3G,0.12,7.0
R09-0000737,9,Goldfield,+1-783-865-8029,+1-880-483-4759,2026-06-01 19:02:42,0,SMS,,3G,0.0,0.05
R09-0000738,9,Goldfield,+1-351-508-0984,+1-969-261-4467,2026-06-01 17:07:56,0,SMS,,5G,0.0,0.05
R09-0000739,9,Goldfield,+1-638-837-5826,,2026-06-01 15:46:22,1762,DATA,491775208,4G,0.0,4.92
R09-0000740,9,Goldfield,+1-684-645-1790,+1-713-810-1377,2026-06-01 17:18:27,0,SMS,,4G,0.0,0.05
R09-0000741,9,Goldfield,+1-852-782-1913,,2026-06-01 22:07:17,1696,DATA,399077337,4G,0.0,3.99
R09-0000742,9,Goldfield,+1-381-923-2726,,2026-06-01 00:06:44,7188,DATA,277607539,5G,0.0,2.78
R09-0000743,9,Goldfield,+1-373-819-8033,+1-826-708-4324,2026-06-01 06:27:29,0,SMS,,5G,0.0,0.05
R09-0000744,9,Goldfield,+1-357-492-2673,+1-420-414-4460,2026-06-01 20:02:20,415,VOICE,,5G,0.08,0.55
R09-0000745,9,Goldfield,+1-206-356-3361,+1-501-482-8086,2026-06-01 12:25:39,0,SMS,,5G,0.0,0.05
R09-0000746,9,Goldfield,+1-650-230-1355,+1-540-854-2120,2026-06-01 05:00:47,115,VOICE,,3G,0.12,0.23
R09-0000747,9,Goldfield,+1-658-566-3744,+1-638-647-5139,2026-06-01 20:16:46,1309,VOICE,,5G,0.08,1.75
R09-0000748,9,Goldfield,+1-507-361-9797,,2026-06-01 21:17:43,6589,DATA,65321331,4G,0.0,0.65
R09-0000749,9,Goldfield,+1-794-518-8775,+1-834-431-4415,2026-06-01 15:56:33,0,SMS,,5G,0.0,0.05
R09-0000750,9,Goldfield,+1-291-984-6675,+1-476-864-1012,2026-06-01 17:06:38,3589,VOICE,,5G,0.08,4.79
R09-0000751,9,Goldfield,+1-560-924-6825,+1-510-331-9881,2026-06-01 04:33:10,0,SMS,,4G,0.0,0.05
R09-0000752,9,Goldfield,+1-489-307-5029,,2026-06-01 12:31:36,1875,DATA,21929861,4G,0.0,0.22
R09-0000753,9,Goldfield,+1-345-781-3151,,2026-06-01 08:19:34,4741,DATA,338421382,4G,0.0,3.38
R09-0000754,9,Goldfield,+1-450-532-8233,+1-275-419-1316,2026-06-01 23:01:49,2825,VOICE,,4G,0.1,4.71
R09-0000755,9,Goldfield,+1-549-754-4593,+1-382-254-0981,2026-06-01 19:00:50,0,VOICE,,4G,0.1,0.0
R09-0000756,9,Goldfield,+1-212-236-5193,+1-684-265-1949,2026-06-01 08:19:38,0,VOICE,,4G,0.1,0.0
R09-0000757,9,Goldfield,+1-940-957-2273,+1-582-332-5895,2026-06-01 23:28:46,0,SMS,,5G,0.0,0.05
R09-0000758,9,Goldfield,+1-539-690-5523,+1-772-886-1926,2026-06-01 23:52:51,0,VOICE,,4G,0.1,0.0
R09-0000759,9,Goldfield,+1-849-778-8584,,2026-06-01 10:42:09,3359,DATA,496821546,4G,0.0,4.97
R09-0000760,9,Goldfield,+1-371-395-5312,+1-224-718-6575,2026-06-01 07:03:37,3415,VOICE,,5G,0.08,4.55
R09-0000761,9,Goldfield,+1-663-511-8715,,2026-06-01 20:13:16,3352,DATA,4560760,4G,0.0,0.05
R09-0000762,9,Goldfield,+1-341-722-8937,+1-595-987-0351,2026-06-01 20:33:44,2929,VOICE,,4G,0.1,4.88
R09-0000763,9,Goldfield,+1-476-364-3294,+1-680-437-7542,2026-06-01 23:21:06,0,SMS,,4G,0.0,0.05
R09-0000764,9,Goldfield,+1-894-478-0677,,2026-06-01 01:55:56,1256,DATA,158268257,4G,0.0,1.58
R09-0000765,9,Goldfield,+1-568-643-2158,+1-508-794-6383,2026-06-01 09:16:08,0,SMS,,5G,0.0,0.05
R09-0000766,9,Goldfield,+1-755-360-0157,+1-546-658-7197,2026-06-01 11:35:31,2284,VOICE,,3G,0.12,4.57
R09-0000767,9,Goldfield,+1-397-653-9133,+1-334-451-5784,2026-06-01 17:32:41,2740,VOICE,,4G,0.1,4.57
R09-0000768,9,Goldfield,+1-707-859-2214,+1-404-208-4518,2026-06-01 17:37:11,1853,VOICE,,4G,0.1,3.09
R09-0000769,9,Goldfield,+1-368-840-1582,+1-784-418-0595,2026-06-01 07:12:59,2604,VOICE,,3G,0.12,5.21
R09-0000770,9,Goldfield,+1-639-595-5138,+1-357-535-0244,2026-06-01 05:21:41,937,VOICE,,5G,0.08,1.25
R09-0000771,9,Goldfield,+1-781-845-3738,+1-583-237-7718,2026-06-01 19:38:15,0,SMS,,4G,0.0,0.05
R09-0000772,9,Goldfield,+1-604-456-3496,,2026-06-01 23:03:38,411,DATA,299968188,4G,0.0,3.0
R09-0000773,9,Goldfield,+1-837-335-0480,,2026-06-01 00:48:58,5574,DATA,266482145,5G,0.0,2.66
R09-0000774,9,Goldfield,+1-416-272-9831,+1-649-269-6346,2026-06-01 17:30:58,3075,VOICE,,4G,0.1,5.12
R09-0000775,9,Goldfield,+1-438-826-2781,,2026-06-01 14:10:05,4492,DATA,479555505,4G,0.0,4.8
R09-0000776,9,Goldfield,+1-971-391-7787,+1-818-927-9292,2026-06-01 01:31:27,2467,VOICE,,4G,0.1,4.11
R09-0000777,9,Goldfield,+1-899-676-3739,+1-598-206-9870,2026-06-01 05:39:01,3209,VOICE,,5G,0.08,4.28
R09-0000778,9,Goldfield,+1-287-640-1764,+1-965-427-8836,2026-06-01 18:10:55,650,VOICE,,3G,0.12,1.3
R09-0000779,9,Goldfield,+1-569-626-5797,+1-208-869-9338,2026-06-01 17:30:18,700,VOICE,,5G,0.08,0.93
R09-0000780,9,Goldfield,+1-392-358-2869,+1-260-954-8841,2026-06-01 19:41:45,0,SMS,,5G,0.0,0.05
R09-0000781,9,Goldfield,+1-434-845-1826,,2026-06-01 13:44:27,7062,DATA,20118455,4G,0.0,0.2
R09-0000782,9,Goldfield,+1-796-257-4992,+1-889-787-9512,2026-06-01 08:36:20,0,SMS,,5G,0.0,0.05
R09-0000783,9,Goldfield,+1-651-341-6912,,2026-06-01 18:15:20,3031,DATA,207770520,5G,0.0,2.08
R09-0000784,9,Goldfield,+1-858-886-2599,,2026-06-01 08:35:41,2870,DATA,45629682,4G,0.0,0.46
R09-0000785,9,Goldfield,+1-418-635-9187,,2026-06-01 14:51:41,6815,DATA,6989482,4G,0.0,0.07
R09-0000786,9,Goldfield,+1-644-920-2142,+1-480-544-0588,2026-06-01 13:56:55,645,VOICE,,5G,0.08,0.86
R09-0000787,9,Goldfield,+1-757-451-0159,,2026-06-01 19:31:02,3868,DATA,154526919,4G,0.0,1.55
R09-0000788,9,Goldfield,+1-940-372-5411,,2026-06-01 02:32:15,4465,DATA,386434660,4G,0.0,3.86
R09-0000789,9,Goldfield,+1-735-554-3442,,2026-06-01 04:57:21,2356,DATA,154891994,3G,0.0,1.55
R09-0000790,9,Goldfield,+1-668-344-0072,+1-428-637-7612,2026-06-01 07:00:50,382,VOICE,,4G,0.1,0.64
R09-0000791,9,Goldfield,+1-967-462-6953,+1-354-276-5780,2026-06-01 21:35:50,1061,VOICE,,5G,0.08,1.41
R09-0000792,9,Goldfield,+1-456-622-2677,+1-988-360-7230,2026-06-01 19:23:16,473,VOICE,,3G,0.12,0.95
R09-0000793,9,Goldfield,+1-530-874-6448,+1-883-415-2220,2026-06-01 16:24:34,3021,VOICE,,5G,0.08,4.03
R09-0000794,9,Goldfield,+1-762-642-7966,+1-670-519-2009,2026-06-01 10:47:03,89,VOICE,,3G,0.12,0.18
R09-0000795,9,Goldfield,+1-428-241-9455,+1-426-735-4497,2026-06-01 22:17:36,0,SMS,,4G,0.0,0.05
R09-0000796,9,Goldfield,+1-774-538-3676,+1-493-815-2703,2026-06-01 12:00:30,2212,VOICE,,5G,0.08,2.95
R09-0000797,9,Goldfield,+1-343-931-3368,+1-751-279-6349,2026-06-01 05:25:45,1054,VOICE,,5G,0.08,1.41
R09-0000798,9,Goldfield,+1-365-291-3579,+1-955-921-9082,2026-06-01 08:52:21,0,SMS,,4G,0.0,0.05
R09-0000799,9,Goldfield,+1-643-287-2521,+1-955-689-4096,2026-06-01 13:29:28,0,SMS,,4G,0.0,0.05
R09-0000800,9,Goldfield,+1-342-377-9885,,2026-06-01 15:47:10,4290,DATA,79257751,4G,0.0,0.79
R09-0000801,9,Goldfield,+1-275-841-0446,,2026-06-01 08:32:02,979,DATA,377786862,5G,0.0,3.78
R09-0000802,9,Goldfield,+1-215-764-7333,+1-697-685-0524,2026-06-01 01:35:24,0,SMS,,4G,0.0,0.05
R09-0000803,9,Goldfield,+1-490-439-0746,+1-226-823-5695,2026-06-01 01:52:14,2510,VOICE,,5G,0.08,3.35
R09-0000804,9,Goldfield,+1-854-982-2359,,2026-06-01 12:16:19,5622,DATA,149392799,5G,0.0,1.49
R09-0000805,9,Goldfield,+1-625-600-8684,+1-296-951-9996,2026-06-01 04:02:11,1241,VOICE,,3G,0.12,2.48
R09-0000806,9,Goldfield,+1-792-723-2037,,2026-06-01 16:57:09,3966,DATA,170612896,3G,0.0,1.71
R09-0000807,9,Goldfield,+1-370-359-3549,+1-541-258-8523,2026-06-01 23:27:55,3307,VOICE,,5G,0.08,4.41
R09-0000808,9,Goldfield,+1-243-354-8527,+1-630-378-3156,2026-06-01 20:14:56,0,SMS,,4G,0.0,0.05
R09-0000809,9,Goldfield,+1-411-870-4457,+1-693-498-7515,2026-06-01 20:54:03,2425,VOICE,,5G,0.08,3.23
R09-0000810,9,Goldfield,+1-404-859-8240,,2026-06-01 02:48:28,4481,DATA,131669055,5G,0.0,1.32
R09-0000811,9,Goldfield,+1-221-387-5967,+1-655-434-1502,2026-06-01 20:07:29,0,SMS,,4G,0.0,0.05
R09-0000812,9,Goldfield,+1-286-455-9127,,2026-06-01 23:39:22,6958,DATA,389407035,3G,0.0,3.89
R09-0000813,9,Goldfield,+1-646-507-3595,+1-955-982-4891,2026-06-01 23:36:03,0,SMS,,4G,0.0,0.05
R09-0000814,9,Goldfield,+1-733-745-7795,+1-273-735-7747,2026-06-01 05:54:40,0,SMS,,5G,0.0,0.05
R09-0000815,9,Goldfield,+1-589-921-4169,+1-938-429-7014,2026-06-01 08:28:51,1019,VOICE,,4G,0.1,1.7
R09-0000816,9,Goldfield,+1-403-483-6093,+1-863-379-1135,2026-06-01 19:15:20,0,SMS,,4G,0.0,0.05
R09-0000817,9,Goldfield,+1-894-512-2925,+1-532-413-1986,2026-06-01 21:33:02,2372,VOICE,,4G,0.1,3.95
R09-0000818,9,Goldfield,+1-735-996-3448,,2026-06-01 04:06:24,116,DATA,173315798,4G,0.0,1.73
R09-0000819,9,Goldfield,+1-668-765-0289,+1-270-683-9845,2026-06-01 13:55:14,0,VOICE,,4G,0.1,0.0
R09-0000820,9,Goldfield,+1-950-302-4829,+1-647-287-4183,2026-06-01 17:15:21,0,SMS,,3G,0.0,0.05
R09-0000821,9,Goldfield,+1-403-714-2560,+1-942-972-6272,2026-06-01 17:59:48,2513,VOICE,,3G,0.12,5.03
R09-0000822,9,Goldfield,+1-584-273-6541,+1-661-473-1610,2026-06-01 12:15:36,1023,VOICE,,4G,0.1,1.71
R09-0000823,9,Goldfield,+1-579-224-1236,+1-979-480-7593,2026-06-01 12:50:08,0,SMS,,5G,0.0,0.05
R09-0000824,9,Goldfield,+1-366-303-6945,,2026-06-01 23:20:59,6116,DATA,118990931,3G,0.0,1.19
R09-0000825,9,Goldfield,+1-282-960-0244,+1-880-223-7531,2026-06-01 04:12:27,1954,VOICE,,4G,0.1,3.26
R09-0000826,9,Goldfield,+1-527-322-1923,+1-829-879-1662,2026-06-01 12:51:13,2777,VOICE,,4G,0.1,4.63
R09-0000827,9,Goldfield,+1-689-751-9179,+1-486-367-2697,2026-06-01 21:52:44,0,VOICE,,5G,0.08,0.0
R09-0000828,9,Goldfield,+1-583-896-6222,+1-791-302-7623,2026-06-01 20:48:36,2275,VOICE,,4G,0.1,3.79
R09-0000829,9,Goldfield,+1-494-746-8947,,2026-06-01 11:50:49,72,DATA,161519011,4G,0.0,1.62
R09-0000830,9,Goldfield,+1-229-476-9022,+1-533-520-3035,2026-06-01 16:53:10,0,VOICE,,4G,0.1,0.0
R09-0000831,9,Goldfield,+1-671-683-6198,,2026-06-01 06:27:15,5361,DATA,327315980,5G,0.0,3.27
R09-0000832,9,Goldfield,+1-311-909-3872,+1-413-995-4648,2026-06-01 03:44:47,1086,VOICE,,4G,0.1,1.81
R09-0000833,9,Goldfield,+1-928-910-7543,+1-543-515-7120,2026-06-01 17:47:17,3479,VOICE,,5G,0.08,4.64
R09-0000834,9,Goldfield,+1-428-438-5155,+1-316-385-7781,2026-06-01 08:03:08,3111,VOICE,,4G,0.1,5.19
R09-0000835,9,Goldfield,+1-482-580-7904,+1-472-396-1507,2026-06-01 16:18:45,0,SMS,,5G,0.0,0.05
R09-0000836,9,Goldfield,+1-685-362-2894,+1-631-253-4773,2026-06-01 20:21:31,0,SMS,,5G,0.0,0.05
R09-0000837,9,Goldfield,+1-218-615-5380,+1-640-593-5051,2026-06-01 01:45:42,0,SMS,,4G,0.0,0.05
R09-0000838,9,Goldfield,+1-466-626-7969,+1-622-857-0886,2026-06-01 20:58:49,0,SMS,,3G,0.0,0.05
R09-0000839,9,Goldfield,+1-245-608-2367,+1-549-221-0387,2026-06-01 18:26:16,0,SMS,,4G,0.0,0.05
R09-0000840,9,Goldfield,+1-379-267-0029,+1-878-880-7976,2026-06-01 14:02:00,1938,VOICE,,3G,0.12,3.88
R09-0000841,9,Goldfield,+1-492-985-2246,+1-313-304-9544,2026-06-01 21:19:58,0,SMS,,3G,0.0,0.05
R09-0000842,9,Goldfield,+1-415-237-4643,+1-562-212-9692,2026-06-01 10:33:04,0,VOICE,,4G,0.1,0.0
R09-0000843,9,Goldfield,+1-549-383-6337,+1-589-575-3112,2026-06-01 13:50:40,357,VOICE,,3G,0.12,0.71
R09-0000844,9,Goldfield,+1-542-994-8481,+1-657-638-4441,2026-06-01 12:27:27,0,SMS,,3G,0.0,0.05
R09-0000845,9,Goldfield,+1-457-886-8455,+1-703-850-8895,2026-06-01 09:06:29,1908,VOICE,,4G,0.1,3.18
R09-0000846,9,Goldfield,+1-948-752-5691,,2026-06-01 07:13:00,6958,DATA,24600638,5G,0.0,0.25
R09-0000847,9,Goldfield,+1-785-291-5359,,2026-06-01 20:12:20,1219,DATA,287777279,4G,0.0,2.88
R09-0000848,9,Goldfield,+1-574-273-7607,,2026-06-01 15:11:42,2152,DATA,361019629,5G,0.0,3.61
R09-0000849,9,Goldfield,+1-630-930-5284,,2026-06-01 13:54:30,5091,DATA,381299160,3G,0.0,3.81
R09-0000850,9,Goldfield,+1-544-995-1231,,2026-06-01 05:34:51,4320,DATA,305296987,3G,0.0,3.05
R09-0000851,9,Goldfield,+1-826-686-6548,,2026-06-01 09:24:14,4928,DATA,312021923,3G,0.0,3.12
R09-0000852,9,Goldfield,+1-784-831-9776,,2026-06-01 15:36:14,2448,DATA,138520288,4G,0.0,1.39
R09-0000853,9,Goldfield,+1-945-570-8759,+1-750-387-7398,2026-06-01 17:16:15,1410,VOICE,,4G,0.1,2.35
R09-0000854,9,Goldfield,+1-900-225-5794,+1-701-564-9933,2026-06-01 16:18:39,3361,VOICE,,5G,0.08,4.48
R09-0000855,9,Goldfield,+1-507-990-1817,,2026-06-01 03:41:02,6722,DATA,259602199,4G,0.0,2.6
R09-0000856,9,Goldfield,+1-510-655-3031,+1-577-782-0230,2026-06-01 21:28:13,489,VOICE,,4G,0.1,0.82
R09-0000857,9,Goldfield,+1-595-500-6633,+1-549-783-4581,2026-06-01 20:06:54,1836,VOICE,,5G,0.08,2.45
R09-0000858,9,Goldfield,+1-577-385-2747,+1-427-800-6105,2026-06-01 10:51:51,2417,VOICE,,4G,0.1,4.03
R09-0000859,9,Goldfield,+1-665-206-7688,+1-378-457-8241,2026-06-01 00:20:40,0,SMS,,4G,0.0,0.05
R09-0000860,9,Goldfield,+1-409-265-6587,,2026-06-01 20:07:45,6644,DATA,259708533,5G,0.0,2.6
R09-0000861,9,Goldfield,+1-760-267-2288,+1-889-415-0180,2026-06-01 02:17:41,635,VOICE,,4G,0.1,1.06
R09-0000862,9,Goldfield,+1-321-768-0227,+1-712-220-3271,2026-06-01 08:05:44,3565,VOICE,,4G,0.1,5.94
R09-0000863,9,Goldfield,+1-696-243-0476,+1-446-988-1931,2026-06-01 03:29:00,0,SMS,,4G,0.0,0.05
R09-0000864,9,Goldfield,+1-636-915-8818,+1-489-624-3958,2026-06-01 04:49:44,1287,VOICE,,4G,0.1,2.15
R09-0000865,9,Goldfield,+1-690-587-1542,+1-519-923-9328,2026-06-01 01:35:05,0,SMS,,4G,0.0,0.05
R09-0000866,9,Goldfield,+1-928-959-6222,+1-758-801-0800,2026-06-01 18:57:09,1755,VOICE,,4G,0.1,2.93
R09-0000867,9,Goldfield,+1-696-440-5978,+1-946-583-3657,2026-06-01 17:10:38,0,SMS,,5G,0.0,0.05
R09-0000868,9,Goldfield,+1-540-749-4797,+1-329-883-7623,2026-06-01 20:37:20,1488,VOICE,,5G,0.08,1.98
R09-0000869,9,Goldfield,+1-722-358-3188,+1-985-706-2829,2026-06-01 20:52:40,59,VOICE,,3G,0.12,0.12
R09-0000870,9,Goldfield,+1-605-272-8898,+1-309-300-5616,2026-06-01 19:17:29,0,SMS,,4G,0.0,0.05
R09-0000871,9,Goldfield,+1-324-849-1444,+1-386-898-0751,2026-06-01 02:58:28,0,SMS,,4G,0.0,0.05
R09-0000872,9,Goldfield,+1-354-769-9828,+1-666-226-3220,2026-06-01 06:43:51,477,VOICE,,4G,0.1,0.8
R09-0000873,9,Goldfield,+1-326-642-2108,+1-225-460-0619,2026-06-01 21:32:42,0,SMS,,4G,0.0,0.05
R09-0000874,9,Goldfield,+1-237-911-0791,+1-491-241-4791,2026-06-01 15:26:31,0,SMS,,4G,0.0,0.05
R09-0000875,9,Goldfield,+1-742-265-1034,+1-967-588-4029,2026-06-01 10:37:54,2848,VOICE,,4G,0.1,4.75
R09-0000876,9,Goldfield,+1-306-952-5804,+1-888-998-7129,2026-06-01 19:06:08,805,VOICE,,4G,0.1,1.34
R09-0000877,9,Goldfield,+1-282-692-0006,+1-673-308-5826,2026-06-01 16:50:15,75,VOICE,,5G,0.08,0.1
R09-0000878,9,Goldfield,+1-331-219-2884,+1-481-910-4571,2026-06-01 06:07:30,2082,VOICE,,5G,0.08,2.78
R09-0000879,9,Goldfield,+1-478-904-6263,+1-522-816-3397,2026-06-01 16:34:54,1608,VOICE,,4G,0.1,2.68
R09-0000880,9,Goldfield,+1-925-965-4012,+1-231-754-6626,2026-06-01 00:41:59,1965,VOICE,,4G,0.1,3.28
R09-0000881,9,Goldfield,+1-386-904-9152,+1-407-809-0515,2026-06-01 17:08:09,272,VOICE,,5G,0.08,0.36
R09-0000882,9,Goldfield,+1-758-509-9421,+1-247-977-5665,2026-06-01 02:31:55,0,SMS,,4G,0.0,0.05
R09-0000883,9,Goldfield,+1-777-828-1872,+1-918-911-4021,2026-06-01 22:13:08,1792,VOICE,,4G,0.1,2.99
R09-0000884,9,Goldfield,+1-216-844-5860,,2026-06-01 07:32:49,1893,DATA,105684769,4G,0.0,1.06
R09-0000885,9,Goldfield,+1-931-401-4121,+1-826-653-0775,2026-06-01 19:04:59,0,SMS,,3G,0.0,0.05
R09-0000886,9,Goldfield,+1-970-675-7542,+1-492-391-6813,2026-06-01 02:27:08,0,SMS,,4G,0.0,0.05
R09-0000887,9,Goldfield,+1-471-584-4558,+1-457-887-2239,2026-06-01 21:54:13,0,SMS,,4G,0.0,0.05
R09-0000888,9,Goldfield,+1-681-484-0271,+1-408-381-3139,2026-06-01 22:00:36,2644,VOICE,,4G,0.1,4.41
R09-0000889,9,Goldfield,+1-211-603-2211,,2026-06-01 23:17:54,4239,DATA,345290172,4G,0.0,3.45
R09-0000890,9,Goldfield,+1-483-202-5647,+1-346-885-8329,2026-06-01 00:29:08,0,SMS,,3G,0.0,0.05
R09-0000891,9,Goldfield,+1-428-264-6782,+1-289-213-8670,2026-06-01 09:27:01,2587,VOICE,,4G,0.1,4.31
R09-0000892,9,Goldfield,+1-916-562-8053,+1-215-308-5286,2026-06-01 11:50:15,2515,VOICE,,5G,0.08,3.35
R09-0000893,9,Goldfield,+1-244-926-4305,+1-516-751-9632,2026-06-01 04:16:57,1071,VOICE,,5G,0.08,1.43
R09-0000894,9,Goldfield,+1-273-268-3224,+1-942-632-8707,2026-06-01 03:35:07,2995,VOICE,,3G,0.12,5.99
R09-0000895,9,Goldfield,+1-976-201-9765,+1-526-863-0322,2026-06-01 03:52:13,0,SMS,,3G,0.0,0.05
R09-0000896,9,Goldfield,+1-858-561-3587,+1-322-751-2862,2026-06-01 16:37:46,0,SMS,,5G,0.0,0.05
R09-0000897,9,Goldfield,+1-452-444-5482,+1-373-947-9684,2026-06-01 17:38:36,0,VOICE,,3G,0.12,0.0
R09-0000898,9,Goldfield,+1-216-846-1063,+1-907-856-4165,2026-06-01 17:07:04,1678,VOICE,,3G,0.12,3.36
R09-0000899,9,Goldfield,+1-272-369-2486,+1-964-614-0609,2026-06-01 23:53:51,1325,VOICE,,4G,0.1,2.21
R09-0000900,9,Goldfield,+1-576-311-9709,+1-946-952-3679,2026-06-01 16:48:59,2405,VOICE,,4G,0.1,4.01
R09-0000901,9,Goldfield,+1-910-662-9942,+1-583-931-3043,2026-06-01 00:31:52,0,SMS,,4G,0.0,0.05
R09-0000902,9,Goldfield,+1-677-407-3566,+1-258-873-8666,2026-06-01 13:02:08,3322,VOICE,,4G,0.1,5.54
R09-0000903,9,Goldfield,+1-923-871-3486,+1-751-303-2691,2026-06-01 05:54:26,636,VOICE,,3G,0.12,1.27
R09-0000904,9,Goldfield,+1-338-597-0554,,2026-06-01 07:11:46,4461,DATA,237740690,3G,0.0,2.38
R09-0000905,9,Goldfield,+1-302-500-1874,+1-621-302-1198,2026-06-01 13:52:58,1143,VOICE,,5G,0.08,1.52
R09-0000906,9,Goldfield,+1-202-631-9497,+1-428-695-4330,2026-06-01 10:27:46,0,SMS,,5G,0.0,0.05
R09-0000907,9,Goldfield,+1-511-925-3351,+1-478-497-2920,2026-06-01 22:14:02,1069,VOICE,,4G,0.1,1.78
R09-0000908,9,Goldfield,+1-622-388-4412,+1-795-859-3528,2026-06-01 12:48:36,3599,VOICE,,3G,0.12,7.2
R09-0000909,9,Goldfield,+1-557-841-1868,+1-747-660-5924,2026-06-01 04:22:08,0,VOICE,,4G,0.1,0.0
R09-0000910,9,Goldfield,+1-387-352-1901,+1-239-476-8117,2026-06-01 08:38:00,0,SMS,,4G,0.0,0.05
R09-0000911,9,Goldfield,+1-639-486-3058,+1-784-750-4900,2026-06-01 18:14:26,2973,VOICE,,3G,0.12,5.95
R09-0000912,9,Goldfield,+1-743-830-8465,,2026-06-01 23:27:31,1578,DATA,65532445,5G,0.0,0.66
R09-0000913,9,Goldfield,+1-662-306-2322,,2026-06-01 05:53:03,4735,DATA,72500429,5G,0.0,0.73
R09-0000914,9,Goldfield,+1-224-915-2375,+1-433-939-4017,2026-06-01 13:50:46,1063,VOICE,,5G,0.08,1.42
R09-0000915,9,Goldfield,+1-698-308-4415,+1-589-599-5971,2026-06-01 13:51:26,0,SMS,,4G,0.0,0.05
R09-0000916,9,Goldfield,+1-975-578-4550,+1-691-944-9656,2026-06-01 02:01:26,2848,VOICE,,3G,0.12,5.7
R09-0000917,9,Goldfield,+1-748-382-7623,+1-317-840-5225,2026-06-01 07:13:37,2834,VOICE,,5G,0.08,3.78
R09-0000918,9,Goldfield,+1-473-509-4537,+1-581-293-0956,2026-06-01 04:48:46,544,VOICE,,5G,0.08,0.73
R09-0000919,9,Goldfield,+1-885-824-8173,+1-476-665-4109,2026-06-01 21:07:38,0,SMS,,5G,0.0,0.05
R09-0000920,9,Goldfield,+1-543-562-5492,+1-542-792-6504,2026-06-01 00:06:26,204,VOICE,,5G,0.08,0.27
R09-0000921,9,Goldfield,+1-299-650-0042,+1-560-396-6649,2026-06-01 12:15:24,1650,VOICE,,5G,0.08,2.2
R09-0000922,9,Goldfield,+1-732-596-3406,+1-215-440-3279,2026-06-01 10:37:05,2973,VOICE,,4G,0.1,4.96
R09-0000923,9,Goldfield,+1-393-259-1466,+1-444-635-9381,2026-06-01 13:41:46,0,SMS,,5G,0.0,0.05
R09-0000924,9,Goldfield,+1-823-973-5373,+1-874-653-8166,2026-06-01 07:15:43,0,SMS,,5G,0.0,0.05
R09-0000925,9,Goldfield,+1-587-282-8489,+1-297-341-5767,2026-06-01 12:51:47,838,VOICE,,4G,0.1,1.4
R09-0000926,9,Goldfield,+1-396-806-3858,,2026-06-01 02:23:47,612,DATA,396574295,4G,0.0,3.97
R09-0000927,9,Goldfield,+1-839-296-8552,+1-307-387-9466,2026-06-01 10:18:04,0,SMS,,3G,0.0,0.05
R09-0000928,9,Goldfield,+1-726-611-5742,+1-966-360-5698,2026-06-01 16:43:19,0,SMS,,4G,0.0,0.05
R09-0000929,9,Goldfield,+1-563-525-7193,+1-784-920-0028,2026-06-01 15:51:03,0,SMS,,4G,0.0,0.05
R09-0000930,9,Goldfield,+1-828-555-2309,+1-315-539-3939,2026-06-01 21:16:10,2270,VOICE,,4G,0.1,3.78
R09-0000931,9,Goldfield,+1-709-440-9573,+1-459-220-2700,2026-06-01 22:15:33,0,SMS,,4G,0.0,0.05
R09-0000932,9,Goldfield,+1-539-268-9288,,2026-06-01 21:02:02,2606,DATA,5267235,4G,0.0,0.05
R09-0000933,9,Goldfield,+1-854-749-2750,+1-229-383-6837,2026-06-01 13:52:52,3344,VOICE,,5G,0.08,4.46
R09-0000934,9,Goldfield,+1-717-966-7522,+1-878-618-7865,2026-06-01 20:27:38,2592,VOICE,,4G,0.1,4.32
R09-0000935,9,Goldfield,+1-258-620-7514,+1-246-915-5670,2026-06-01 00:44:23,775,VOICE,,4G,0.1,1.29
R09-0000936,9,Goldfield,+1-768-303-4285,+1-894-886-5395,2026-06-01 10:43:12,3464,VOICE,,4G,0.1,5.77
R09-0000937,9,Goldfield,+1-480-848-1516,,2026-06-01 07:23:28,2692,DATA,185958980,4G,0.0,1.86
R09-0000938,9,Goldfield,+1-967-622-0084,+1-216-742-0527,2026-06-01 18:31:48,0,SMS,,5G,0.0,0.05
R09-0000939,9,Goldfield,+1-565-332-3936,,2026-06-01 22:00:26,6713,DATA,339411001,3G,0.0,3.39
R09-0000940,9,Goldfield,+1-336-390-6541,+1-236-358-4631,2026-06-01 02:44:37,2728,VOICE,,4G,0.1,4.55
R09-0000941,9,Goldfield,+1-768-790-4562,+1-233-868-7578,2026-06-01 10:12:15,1150,VOICE,,4G,0.1,1.92
R09-0000942,9,Goldfield,+1-748-638-5144,+1-752-562-4989,2026-06-01 18:39:16,1367,VOICE,,4G,0.1,2.28
R09-0000943,9,Goldfield,+1-855-951-2394,+1-365-414-5926,2026-06-01 20:02:55,517,VOICE,,3G,0.12,1.03
R09-0000944,9,Goldfield,+1-934-962-8290,+1-706-800-7836,2026-06-01 19:48:46,2766,VOICE,,4G,0.1,4.61
R09-0000945,9,Goldfield,+1-720-621-0915,+1-968-392-9664,2026-06-01 10:26:44,0,SMS,,3G,0.0,0.05
R09-0000946,9,Goldfield,+1-530-339-3545,,2026-06-01 05:10:07,2291,DATA,183005366,5G,0.0,1.83
R09-0000947,9,Goldfield,+1-729-785-5158,,2026-06-01 14:35:00,4084,DATA,191637822,5G,0.0,1.92
R09-0000948,9,Goldfield,+1-244-520-6835,+1-613-458-5702,2026-06-01 06:02:24,146,VOICE,,5G,0.08,0.19
R09-0000949,9,Goldfield,+1-540-715-6853,+1-422-219-9941,2026-06-01 09:38:42,0,SMS,,5G,0.0,0.05
R09-0000950,9,Goldfield,+1-349-638-2063,,2026-06-01 03:03:36,4167,DATA,123954981,4G,0.0,1.24
R09-0000951,9,Goldfield,+1-792-812-9609,+1-209-218-7301,2026-06-01 05:49:28,630,VOICE,,4G,0.1,1.05
R09-0000952,9,Goldfield,+1-611-854-2880,+1-939-444-3279,2026-06-01 22:57:17,2368,VOICE,,5G,0.08,3.16
R09-0000953,9,Goldfield,+1-518-743-5865,+1-848-972-0155,2026-06-01 10:48:43,0,SMS,,5G,0.0,0.05
R09-0000954,9,Goldfield,+1-784-992-4452,,2026-06-01 21:03:47,68,DATA,445633582,4G,0.0,4.46
R09-0000955,9,Goldfield,+1-503-481-2149,,2026-06-01 07:33:53,2400,DATA,3789294,5G,0.0,0.04
R09-0000956,9,Goldfield,+1-925-672-5700,+1-913-692-7007,2026-06-01 09:41:58,0,SMS,,4G,0.0,0.05
R09-0000957,9,Goldfield,+1-895-220-2677,+1-932-967-8856,2026-06-01 06:57:38,0,SMS,,4G,0.0,0.05
R09-0000958,9,Goldfield,+1-479-622-4596,+1-387-322-2276,2026-06-01 19:06:41,2288,VOICE,,4G,0.1,3.81
R09-0000959,9,Goldfield,+1-545-602-4107,+1-221-422-4805,2026-06-01 09:19:47,2399,VOICE,,4G,0.1,4.0
R09-0000960,9,Goldfield,+1-866-625-5275,+1-537-358-1346,2026-06-01 23:04:48,1959,VOICE,,4G,0.1,3.27
R09-0000961,9,Goldfield,+1-460-936-9213,+1-798-321-3071,2026-06-01 07:27:26,3327,VOICE,,5G,0.08,4.44
R09-0000962,9,Goldfield,+1-708-348-1877,+1-553-502-5788,2026-06-01 04:36:59,3158,VOICE,,3G,0.12,6.32
R09-0000963,9,Goldfield,+1-353-687-7502,+1-966-858-4252,2026-06-01 12:11:31,2212,VOICE,,4G,0.1,3.69
R09-0000964,9,Goldfield,+1-795-719-0026,+1-881-396-6357,2026-06-01 20:24:52,674,VOICE,,5G,0.08,0.9
R09-0000965,9,Goldfield,+1-400-732-4132,+1-608-853-6168,2026-06-01 02:14:30,2987,VOICE,,4G,0.1,4.98
R09-0000966,9,Goldfield,+1-512-286-2075,+1-397-801-4420,2026-06-01 09:32:43,0,SMS,,3G,0.0,0.05
R09-0000967,9,Goldfield,+1-781-756-1552,+1-375-436-9368,2026-06-01 18:15:24,0,VOICE,,4G,0.1,0.0
R09-0000968,9,Goldfield,+1-440-633-0862,+1-864-309-0592,2026-06-01 07:51:02,0,SMS,,5G,0.0,0.05
R09-0000969,9,Goldfield,+1-378-795-5440,+1-786-579-5626,2026-06-01 05:40:46,775,VOICE,,4G,0.1,1.29
R09-0000970,9,Goldfield,+1-374-568-3080,+1-533-718-6203,2026-06-01 04:40:44,1620,VOICE,,4G,0.1,2.7
R09-0000971,9,Goldfield,+1-712-257-5508,,2026-06-01 11:08:55,4366,DATA,86548229,4G,0.0,0.87
R09-0000972,9,Goldfield,+1-556-846-6297,+1-420-713-9575,2026-06-01 04:30:37,1178,VOICE,,4G,0.1,1.96
R09-0000973,9,Goldfield,+1-727-596-1193,+1-914-233-2840,2026-06-01 13:55:11,0,SMS,,3G,0.0,0.05
R09-0000974,9,Goldfield,+1-323-409-1760,+1-676-660-6622,2026-06-01 09:17:02,2792,VOICE,,4G,0.1,4.65
R09-0000975,9,Goldfield,+1-316-781-7357,+1-683-247-8480,2026-06-01 12:18:58,0,SMS,,4G,0.0,0.05
R09-0000976,9,Goldfield,+1-229-745-0727,+1-626-623-0920,2026-06-01 21:05:22,2151,VOICE,,5G,0.08,2.87
R09-0000977,9,Goldfield,+1-664-282-8413,,2026-06-01 07:15:04,4472,DATA,136854972,5G,0.0,1.37
R09-0000978,9,Goldfield,+1-612-926-5283,+1-829-521-5616,2026-06-01 18:07:07,0,SMS,,3G,0.0,0.05
R09-0000979,9,Goldfield,+1-812-788-9738,+1-601-668-7217,2026-06-01 19:13:51,161,VOICE,,3G,0.12,0.32
R09-0000980,9,Goldfield,+1-493-547-9957,,2026-06-01 23:39:32,2888,DATA,366530768,5G,0.0,3.67
R09-0000981,9,Goldfield,+1-598-579-5366,+1-798-853-8111,2026-06-01 05:10:46,0,SMS,,5G,0.0,0.05
R09-0000982,9,Goldfield,+1-259-503-0273,+1-757-326-8780,2026-06-01 04:56:22,0,SMS,,5G,0.0,0.05
R09-0000983,9,Goldfield,+1-797-397-6539,+1-626-684-2227,2026-06-01 16:32:10,0,SMS,,5G,0.0,0.05
R09-0000984,9,Goldfield,+1-928-940-3536,,2026-06-01 18:33:16,230,DATA,251581443,4G,0.0,2.52
R09-0000985,9,Goldfield,+1-385-632-0741,+1-398-852-3161,2026-06-01 05:00:42,2151,VOICE,,5G,0.08,2.87
R09-0000986,9,Goldfield,+1-631-955-2426,+1-348-587-6585,2026-06-01 12:17:03,3231,VOICE,,3G,0.12,6.46
R09-0000987,9,Goldfield,+1-489-488-5327,+1-701-512-1387,2026-06-01 05:35:00,3215,VOICE,,4G,0.1,5.36
R09-0000988,9,Goldfield,+1-503-805-8161,+1-745-267-9019,2026-06-01 01:39:08,2435,VOICE,,5G,0.08,3.25
R09-0000989,9,Goldfield,+1-561-624-4623,+1-257-656-7365,2026-06-01 10:21:49,1873,VOICE,,5G,0.08,2.5
R09-0000990,9,Goldfield,+1-920-866-6483,+1-425-846-0371,2026-06-01 19:00:48,0,SMS,,4G,0.0,0.05
R09-0000991,9,Goldfield,+1-203-661-0175,,2026-06-01 13:10:00,2297,DATA,258182846,3G,0.0,2.58
R09-0000992,9,Goldfield,+1-782-921-2810,+1-295-528-3388,2026-06-01 05:10:12,0,SMS,,5G,0.0,0.05
R09-0000993,9,Goldfield,+1-716-221-8586,,2026-06-01 05:29:36,1462,DATA,21062294,5G,0.0,0.21
R09-0000994,9,Goldfield,+1-834-918-1650,+1-585-234-0004,2026-06-01 02:19:16,2098,VOICE,,5G,0.08,2.8
R09-0000995,9,Goldfield,+1-845-439-7286,,2026-06-01 01:05:52,1328,DATA,194871359,3G,0.0,1.95
R09-0000996,9,Goldfield,+1-977-722-2100,+1-359-539-9483,2026-06-01 05:48:32,2323,VOICE,,5G,0.08,3.1
R09-0000997,9,Goldfield,+1-623-586-7938,+1-781-511-4950,2026-06-01 11:18:37,3020,VOICE,,5G,0.08,4.03
R09-0000998,9,Goldfield,+1-520-724-0179,+1-828-633-8515,2026-06-01 04:13:30,1397,VOICE,,5G,0.08,1.86
R09-0000999,9,Goldfield,+1-228-508-8177,+1-840-870-7233,2026-06-01 14:06:54,1076,VOICE,,5G,0.08,1.43
R09-0001000,9,Goldfield,+1-492-569-2371,+1-863-707-9314,2026-06-01 19:03:22,1165,VOICE,,4G,0.1,1.94
R09-0001001,9,Goldfield,+1-223-348-3503,+1-223-568-2882,2026-06-01 18:30:38,0,SMS,,5G,0.0,0.05
R09-0001002,9,Goldfield,+1-357-253-7955,+1-748-961-2445,2026-06-01 14:11:21,0,SMS,,4G,0.0,0.05
R09-0001003,9,Goldfield,+1-708-951-2985,+1-968-596-5248,2026-06-01 16:37:20,0,SMS,,4G,0.0,0.05
R09-0001004,9,Goldfield,+1-203-236-9609,+1-808-618-4843,2026-06-01 02:35:44,2055,VOICE,,4G,0.1,3.43
R09-0001005,9,Goldfield,+1-925-475-5326,+1-515-533-6158,2026-06-01 20:12:20,2501,VOICE,,5G,0.08,3.33
R09-0001006,9,Goldfield,+1-227-394-2143,+1-935-777-7578,2026-06-01 22:24:15,727,VOICE,,5G,0.08,0.97
R09-0001007,9,Goldfield,+1-925-602-1351,,2026-06-01 13:11:26,3969,DATA,64661330,5G,0.0,0.65
R09-0001008,9,Goldfield,+1-919-702-6568,+1-579-937-0695,2026-06-01 07:40:08,0,SMS,,5G,0.0,0.05
R09-0001009,9,Goldfield,+1-480-624-7997,,2026-06-01 09:59:28,7010,DATA,331090014,4G,0.0,3.31
R09-0001010,9,Goldfield,+1-742-263-9663,,2026-06-01 12:51:59,6364,DATA,110696606,4G,0.0,1.11
R09-0001011,9,Goldfield,+1-321-987-1828,+1-516-248-3307,2026-06-01 11:09:06,1336,VOICE,,4G,0.1,2.23
R09-0001012,9,Goldfield,+1-878-320-8586,+1-887-861-7905,2026-06-01 01:58:32,1989,VOICE,,4G,0.1,3.31
R09-0001013,9,Goldfield,+1-902-498-6079,+1-275-941-7519,2026-06-01 11:16:57,2804,VOICE,,4G,0.1,4.67
R09-0001014,9,Goldfield,+1-593-603-8011,+1-379-401-1275,2026-06-01 16:58:56,1306,VOICE,,4G,0.1,2.18
R09-0001015,9,Goldfield,+1-427-338-5615,+1-567-568-7047,2026-06-01 20:54:08,0,SMS,,3G,0.0,0.05
R09-0001016,9,Goldfield,+1-691-768-6805,+1-355-355-1690,2026-06-01 20:23:32,1494,VOICE,,5G,0.08,1.99
R09-0001017,9,Goldfield,+1-912-683-2019,+1-963-494-4576,2026-06-01 17:16:16,1338,VOICE,,4G,0.1,2.23
R09-0001018,9,Goldfield,+1-965-672-5313,+1-461-339-6239,2026-06-01 10:32:44,981,VOICE,,4G,0.1,1.64
R09-0001019,9,Goldfield,+1-987-670-0560,+1-750-948-8221,2026-06-01 15:53:03,785,VOICE,,3G,0.12,1.57
R09-0001020,9,Goldfield,+1-471-502-2463,,2026-06-01 16:55:29,4834,DATA,412053184,4G,0.0,4.12
R09-0001021,9,Goldfield,+1-331-663-8476,+1-352-380-7897,2026-06-01 03:51:09,0,SMS,,3G,0.0,0.05
R09-0001022,9,Goldfield,+1-444-620-0534,+1-935-844-0052,2026-06-01 03:43:56,0,VOICE,,4G,0.1,0.0
R09-0001023,9,Goldfield,+1-948-877-7839,+1-637-919-1662,2026-06-01 03:08:55,2105,VOICE,,4G,0.1,3.51
R09-0001024,9,Goldfield,+1-359-476-8017,+1-791-510-6501,2026-06-01 02:34:24,1483,VOICE,,4G,0.1,2.47
R09-0001025,9,Goldfield,+1-815-251-6579,+1-381-927-6473,2026-06-01 09:44:01,2740,VOICE,,4G,0.1,4.57
R09-0001026,9,Goldfield,+1-468-682-4227,+1-559-945-8111,2026-06-01 07:42:48,1774,VOICE,,4G,0.1,2.96
R09-0001027,9,Goldfield,+1-480-431-7478,+1-273-558-6869,2026-06-01 15:02:13,0,SMS,,5G,0.0,0.05
R09-0001028,9,Goldfield,+1-722-864-7395,+1-513-902-4273,2026-06-01 00:14:32,3423,VOICE,,4G,0.1,5.71
R09-0001029,9,Goldfield,+1-451-308-3350,+1-798-987-5764,2026-06-01 23:29:03,0,SMS,,4G,0.0,0.05
R09-0001030,9,Goldfield,+1-510-710-3937,+1-587-520-0644,2026-06-01 03:10:43,2884,VOICE,,5G,0.08,3.85
R09-0001031,9,Goldfield,+1-752-532-8850,+1-310-643-0926,2026-06-01 15:16:29,924,VOICE,,4G,0.1,1.54
R09-0001032,9,Goldfield,+1-564-207-2072,+1-202-295-1495,2026-06-01 10:48:20,0,SMS,,5G,0.0,0.05
R09-0001033,9,Goldfield,+1-493-203-9310,+1-636-325-8395,2026-06-01 00:54:56,0,SMS,,4G,0.0,0.05
R09-0001034,9,Goldfield,+1-773-665-5122,+1-436-509-6907,2026-06-01 22:48:30,1111,VOICE,,3G,0.12,2.22
R09-0001035,9,Goldfield,+1-313-261-2484,+1-661-488-5074,2026-06-01 02:27:47,2703,VOICE,,3G,0.12,5.41
R09-0001036,9,Goldfield,+1-958-537-5925,+1-927-969-4713,2026-06-01 20:40:38,89,VOICE,,5G,0.08,0.12
R09-0001037,9,Goldfield,+1-834-896-0127,+1-260-742-8686,2026-06-01 23:41:31,0,SMS,,4G,0.0,0.05
R09-0001038,9,Goldfield,+1-234-582-3621,,2026-06-01 07:25:43,2141,DATA,468766139,4G,0.0,4.69
R09-0001039,9,Goldfield,+1-805-321-4435,,2026-06-01 01:06:55,4310,DATA,264128604,4G,0.0,2.64
R09-0001040,9,Goldfield,+1-478-652-9958,+1-618-988-1627,2026-06-01 06:47:04,0,SMS,,5G,0.0,0.05
R09-0001041,9,Goldfield,+1-558-782-1610,+1-970-460-4276,2026-06-01 09:05:23,3051,VOICE,,4G,0.1,5.09
R09-0001042,9,Goldfield,+1-639-891-1324,,2026-06-01 07:39:48,1554,DATA,125787120,4G,0.0,1.26
R09-0001043,9,Goldfield,+1-277-954-8593,+1-541-814-9066,2026-06-01 12:12:10,0,SMS,,5G,0.0,0.05
R09-0001044,9,Goldfield,+1-690-718-5295,,2026-06-01 22:51:31,5963,DATA,393221172,3G,0.0,3.93
R09-0001045,9,Goldfield,+1-464-623-8257,+1-362-775-3676,2026-06-01 01:42:45,0,SMS,,5G,0.0,0.05
R09-0001046,9,Goldfield,+1-333-845-2618,+1-680-998-3903,2026-06-01 19:28:17,0,SMS,,4G,0.0,0.05
R09-0001047,9,Goldfield,+1-374-784-1985,+1-915-505-4824,2026-06-01 01:46:11,0,SMS,,4G,0.0,0.05
R09-0001048,9,Goldfield,+1-402-630-3571,+1-434-863-6857,2026-06-01 16:15:11,811,VOICE,,4G,0.1,1.35
R09-0001049,9,Goldfield,+1-465-895-2181,+1-550-525-2221,2026-06-01 07:33:03,0,SMS,,3G,0.0,0.05
R09-0001050,9,Goldfield,+1-406-876-2576,+1-321-674-1608,2026-06-01 13:20:14,324,VOICE,,5G,0.08,0.43
R09-0001051,9,Goldfield,+1-290-812-3055,+1-789-719-0283,2026-06-01 14:56:51,840,VOICE,,4G,0.1,1.4
R09-0001052,9,Goldfield,+1-678-718-5458,+1-540-201-0519,2026-06-01 23:28:36,2125,VOICE,,4G,0.1,3.54
R09-0001053,9,Goldfield,+1-396-817-4805,+1-799-221-7915,2026-06-01 01:30:12,3059,VOICE,,4G,0.1,5.1
R09-0001054,9,Goldfield,+1-214-619-7902,,2026-06-01 18:33:26,4442,DATA,374929637,3G,0.0,3.75
R09-0001055,9,Goldfield,+1-867-312-5456,+1-571-200-7788,2026-06-01 18:56:03,625,VOICE,,4G,0.1,1.04
R09-0001056,9,Goldfield,+1-769-453-4641,+1-553-280-9781,2026-06-01 02:47:35,0,SMS,,4G,0.0,0.05
R09-0001057,9,Goldfield,+1-838-304-8354,+1-956-233-8569,2026-06-01 00:48:34,395,VOICE,,5G,0.08,0.53
R09-0001058,9,Goldfield,+1-706-400-4389,,2026-06-01 05:21:11,2694,DATA,131296649,4G,0.0,1.31
R09-0001059,9,Goldfield,+1-404-587-6669,+1-576-529-2549,2026-06-01 08:49:40,0,SMS,,4G,0.0,0.05
R09-0001060,9,Goldfield,+1-733-512-2825,,2026-06-01 14:46:09,4972,DATA,25518096,4G,0.0,0.26
R09-0001061,9,Goldfield,+1-847-981-2308,+1-270-278-9103,2026-06-01 10:07:02,0,SMS,,5G,0.0,0.05
R09-0001062,9,Goldfield,+1-974-637-0683,+1-338-436-5038,2026-06-01 22:25:09,0,SMS,,5G,0.0,0.05
R09-0001063,9,Goldfield,+1-646-606-5527,+1-525-214-4523,2026-06-01 13:26:20,3516,VOICE,,5G,0.08,4.69
R09-0001064,9,Goldfield,+1-900-793-8839,,2026-06-01 00:34:04,1262,DATA,350959128,4G,0.0,3.51
R09-0001065,9,Goldfield,+1-556-375-5867,+1-277-666-8493,2026-06-01 21:54:05,0,SMS,,5G,0.0,0.05
R09-0001066,9,Goldfield,+1-497-764-1417,+1-469-622-6220,2026-06-01 17:07:16,186,VOICE,,3G,0.12,0.37
R09-0001067,9,Goldfield,+1-876-773-3622,+1-856-650-2693,2026-06-01 07:40:48,0,SMS,,3G,0.0,0.05
R09-0001068,9,Goldfield,+1-314-818-8501,,2026-06-01 22:26:45,6353,DATA,344489598,5G,0.0,3.44
R09-0001069,9,Goldfield,+1-447-247-1748,+1-399-839-6526,2026-06-01 08:08:09,0,SMS,,4G,0.0,0.05
R09-0001070,9,Goldfield,+1-911-720-5518,+1-827-874-9485,2026-06-01 08:38:06,520,VOICE,,4G,0.1,0.87
R09-0001071,9,Goldfield,+1-786-803-0699,+1-565-500-6938,2026-06-01 00:44:29,0,SMS,,4G,0.0,0.05
R09-0001072,9,Goldfield,+1-351-531-8367,+1-762-941-4232,2026-06-01 22:20:17,0,SMS,,5G,0.0,0.05
R09-0001073,9,Goldfield,+1-296-989-3073,+1-811-452-0550,2026-06-01 16:08:17,1603,VOICE,,4G,0.1,2.67
R09-0001074,9,Goldfield,+1-430-381-7474,+1-243-703-7971,2026-06-01 10:15:05,2975,VOICE,,4G,0.1,4.96
R09-0001075,9,Goldfield,+1-754-550-5293,+1-629-598-3026,2026-06-01 07:32:07,98,VOICE,,4G,0.1,0.16
R09-0001076,9,Goldfield,+1-752-617-3349,+1-333-579-2998,2026-06-01 22:05:17,0,SMS,,4G,0.0,0.05
R09-0001077,9,Goldfield,+1-978-650-9356,,2026-06-01 03:49:01,2275,DATA,493379815,4G,0.0,4.93
R09-0001078,9,Goldfield,+1-438-578-1205,+1-419-755-6657,2026-06-01 04:55:25,0,SMS,,5G,0.0,0.05
R09-0001079,9,Goldfield,+1-408-414-8157,+1-877-446-9587,2026-06-01 00:23:59,3411,VOICE,,4G,0.1,5.69
R09-0001080,9,Goldfield,+1-301-481-1505,,2026-06-01 02:49:04,885,DATA,422838700,4G,0.0,4.23
R09-0001081,9,Goldfield,+1-344-987-0144,+1-498-273-6771,2026-06-01 18:55:04,918,VOICE,,5G,0.08,1.22
R09-0001082,9,Goldfield,+1-542-206-3706,,2026-06-01 00:55:07,5563,DATA,368532948,4G,0.0,3.69
R09-0001083,9,Goldfield,+1-424-523-3935,+1-297-761-2330,2026-06-01 23:26:38,2178,VOICE,,5G,0.08,2.9
R09-0001084,9,Goldfield,+1-314-700-9092,,2026-06-01 14:21:30,3864,DATA,397853211,4G,0.0,3.98
R09-0001085,9,Goldfield,+1-856-967-6758,+1-504-243-8899,2026-06-01 12:25:27,525,VOICE,,5G,0.08,0.7
R09-0001086,9,Goldfield,+1-732-257-0451,+1-907-395-5652,2026-06-01 04:04:19,0,SMS,,4G,0.0,0.05
R09-0001087,9,Goldfield,+1-987-238-5320,+1-358-445-4182,2026-06-01 22:08:22,0,SMS,,5G,0.0,0.05
R09-0001088,9,Goldfield,+1-735-205-3069,+1-838-539-6024,2026-06-01 10:01:45,0,SMS,,4G,0.0,0.05
R09-0001089,9,Goldfield,+1-323-398-5805,,2026-06-01 19:50:50,3788,DATA,267705375,4G,0.0,2.68
R09-0001090,9,Goldfield,+1-848-278-8201,+1-696-702-9525,2026-06-01 01:03:44,1603,VOICE,,4G,0.1,2.67
R09-0001091,9,Goldfield,+1-774-251-5485,,2026-06-01 22:07:12,3253,DATA,395699446,5G,0.0,3.96
R09-0001092,9,Goldfield,+1-456-888-7636,+1-862-920-7301,2026-06-01 02:39:06,0,SMS,,4G,0.0,0.05
R09-0001093,9,Goldfield,+1-354-765-3491,+1-343-686-0169,2026-06-01 15:07:54,533,VOICE,,4G,0.1,0.89
R09-0001094,9,Goldfield,+1-615-833-5278,,2026-06-01 10:20:42,2733,DATA,218213555,4G,0.0,2.18
R09-0001095,9,Goldfield,+1-224-819-0114,+1-843-365-2604,2026-06-01 05:06:37,2910,VOICE,,5G,0.08,3.88
R09-0001096,9,Goldfield,+1-235-899-2004,+1-313-962-5321,2026-06-01 01:25:29,1204,VOICE,,4G,0.1,2.01
R09-0001097,9,Goldfield,+1-324-953-3211,+1-749-829-0923,2026-06-01 13:00:27,2283,VOICE,,4G,0.1,3.8
R09-0001098,9,Goldfield,+1-622-658-7139,+1-918-717-6223,2026-06-01 15:33:30,0,SMS,,4G,0.0,0.05
R09-0001099,9,Goldfield,+1-810-280-5973,+1-487-629-3665,2026-06-01 19:44:03,0,SMS,,5G,0.0,0.05
R09-0001100,9,Goldfield,+1-820-766-8450,+1-621-373-0739,2026-06-01 15:20:26,313,VOICE,,5G,0.08,0.42
R09-0001101,9,Goldfield,+1-359-762-6962,,2026-06-01 23:23:02,7105,DATA,178655339,5G,0.0,1.79
R09-0001102,9,Goldfield,+1-789-295-8447,+1-502-775-3259,2026-06-01 02:58:52,1169,VOICE,,5G,0.08,1.56
R09-0001103,9,Goldfield,+1-583-921-5300,+1-960-564-9242,2026-06-01 10:42:59,0,VOICE,,5G,0.08,0.0
R09-0001104,9,Goldfield,+1-621-243-6490,+1-931-281-7884,2026-06-01 13:33:24,0,SMS,,5G,0.0,0.05
R09-0001105,9,Goldfield,+1-587-367-8744,+1-295-861-9383,2026-06-01 13:15:26,1383,VOICE,,5G,0.08,1.84
R09-0001106,9,Goldfield,+1-338-391-8323,,2026-06-01 01:27:42,4186,DATA,492093110,3G,0.0,4.92
R09-0001107,9,Goldfield,+1-237-234-1828,+1-336-708-6259,2026-06-01 23:45:01,868,VOICE,,5G,0.08,1.16
R09-0001108,9,Goldfield,+1-610-580-0602,,2026-06-01 21:55:13,4276,DATA,198119757,3G,0.0,1.98
R09-0001109,9,Goldfield,+1-707-515-0572,,2026-06-01 14:51:14,993,DATA,488594627,4G,0.0,4.89
R09-0001110,9,Goldfield,+1-893-673-7522,+1-726-646-4316,2026-06-01 18:43:17,0,SMS,,4G,0.0,0.05
R09-0001111,9,Goldfield,+1-703-416-5556,+1-672-700-4871,2026-06-01 23:30:31,0,SMS,,3G,0.0,0.05
R09-0001112,9,Goldfield,+1-600-505-5655,+1-921-800-7419,2026-06-01 03:31:11,0,SMS,,4G,0.0,0.05
R09-0001113,9,Goldfield,+1-747-397-2416,+1-776-715-6875,2026-06-01 14:49:31,2065,VOICE,,5G,0.08,2.75
R09-0001114,9,Goldfield,+1-468-671-9301,,2026-06-01 03:01:38,79,DATA,144342931,5G,0.0,1.44
R09-0001115,9,Goldfield,+1-434-452-1193,+1-466-259-5338,2026-06-01 21:05:16,0,SMS,,5G,0.0,0.05
R09-0001116,9,Goldfield,+1-357-304-3975,+1-928-391-1914,2026-06-01 15:03:48,0,SMS,,4G,0.0,0.05
R09-0001117,9,Goldfield,+1-467-891-4217,+1-426-242-7357,2026-06-01 18:10:33,0,SMS,,5G,0.0,0.05
R09-0001118,9,Goldfield,+1-977-488-5421,+1-294-852-5079,2026-06-01 07:49:10,327,VOICE,,4G,0.1,0.55
R09-0001119,9,Goldfield,+1-373-937-7834,+1-418-506-0999,2026-06-01 01:28:53,0,VOICE,,5G,0.08,0.0
R09-0001120,9,Goldfield,+1-633-387-7269,+1-203-724-0946,2026-06-01 10:37:52,1762,VOICE,,5G,0.08,2.35
R09-0001121,9,Goldfield,+1-810-524-8096,+1-627-412-7840,2026-06-01 09:40:45,0,SMS,,4G,0.0,0.05
R09-0001122,9,Goldfield,+1-618-668-0686,+1-960-546-0494,2026-06-01 07:13:41,0,SMS,,5G,0.0,0.05
R09-0001123,9,Goldfield,+1-763-814-5362,+1-361-290-7284,2026-06-01 15:38:26,3239,VOICE,,5G,0.08,4.32
R09-0001124,9,Goldfield,+1-899-452-1217,+1-561-769-6654,2026-06-01 20:46:19,795,VOICE,,5G,0.08,1.06
R09-0001125,9,Goldfield,+1-678-769-0561,,2026-06-01 00:27:43,1136,DATA,439258106,4G,0.0,4.39
R09-0001126,9,Goldfield,+1-440-653-2681,+1-855-694-3248,2026-06-01 14:04:49,569,VOICE,,5G,0.08,0.76
R09-0001127,9,Goldfield,+1-739-200-2062,+1-314-223-0025,2026-06-01 15:56:11,0,SMS,,4G,0.0,0.05
R09-0001128,9,Goldfield,+1-930-465-9389,+1-548-401-6367,2026-06-01 06:42:23,2499,VOICE,,3G,0.12,5.0
R09-0001129,9,Goldfield,+1-442-363-4590,+1-572-766-3414,2026-06-01 00:31:28,1159,VOICE,,5G,0.08,1.55
R09-0001130,9,Goldfield,+1-611-828-0725,+1-334-439-7091,2026-06-01 02:40:02,0,SMS,,4G,0.0,0.05
R09-0001131,9,Goldfield,+1-873-261-1280,+1-522-423-6503,2026-06-01 21:54:03,0,SMS,,4G,0.0,0.05
R09-0001132,9,Goldfield,+1-870-674-6309,+1-513-408-2458,2026-06-01 15:53:41,883,VOICE,,5G,0.08,1.18
R09-0001133,9,Goldfield,+1-615-399-4889,+1-520-258-2362,2026-06-01 04:00:17,1642,VOICE,,4G,0.1,2.74
R09-0001134,9,Goldfield,+1-780-215-9679,+1-879-834-6676,2026-06-01 22:52:34,1513,VOICE,,5G,0.08,2.02
R09-0001135,9,Goldfield,+1-256-330-8406,,2026-06-01 04:04:04,5304,DATA,494775566,5G,0.0,4.95
R09-0001136,9,Goldfield,+1-790-851-0560,,2026-06-01 17:34:39,3179,DATA,484125434,4G,0.0,4.84
R09-0001137,9,Goldfield,+1-237-292-0349,+1-699-792-5837,2026-06-01 03:14:36,0,SMS,,4G,0.0,0.05
R09-0001138,9,Goldfield,+1-804-823-3957,+1-292-209-6449,2026-06-01 05:12:55,2055,VOICE,,5G,0.08,2.74
R09-0001139,9,Goldfield,+1-662-365-9089,+1-528-418-6759,2026-06-01 08:50:59,1314,VOICE,,3G,0.12,2.63
R09-0001140,9,Goldfield,+1-339-924-6550,,2026-06-01 14:24:53,1845,DATA,437572561,4G,0.0,4.38
R09-0001141,9,Goldfield,+1-450-703-5392,+1-503-267-4507,2026-06-01 18:05:59,0,SMS,,3G,0.0,0.05
R09-0001142,9,Goldfield,+1-871-881-0822,+1-732-740-6174,2026-06-01 00:14:50,2320,VOICE,,5G,0.08,3.09
R09-0001143,9,Goldfield,+1-981-839-4191,+1-255-299-2443,2026-06-01 21:54:03,0,SMS,,4G,0.0,0.05
R09-0001144,9,Goldfield,+1-451-982-1986,,2026-06-01 14:37:18,667,DATA,44210358,4G,0.0,0.44
R09-0001145,9,Goldfield,+1-312-933-1752,+1-916-220-0076,2026-06-01 23:57:12,2204,VOICE,,5G,0.08,2.94
R09-0001146,9,Goldfield,+1-810-205-3654,+1-542-404-4750,2026-06-01 23:06:30,0,SMS,,5G,0.0,0.05
R09-0001147,9,Goldfield,+1-491-897-5805,,2026-06-01 18:35:36,225,DATA,427981393,4G,0.0,4.28
R09-0001148,9,Goldfield,+1-222-206-5000,,2026-06-01 05:59:35,1785,DATA,50103279,5G,0.0,0.5
R09-0001149,9,Goldfield,+1-912-563-0345,+1-261-534-1454,2026-06-01 23:55:06,3487,VOICE,,4G,0.1,5.81
R09-0001150,9,Goldfield,+1-522-813-6515,+1-860-786-3470,2026-06-01 15:35:10,332,VOICE,,5G,0.08,0.44
R09-0001151,9,Goldfield,+1-644-264-7232,+1-395-881-0555,2026-06-01 06:24:32,0,SMS,,4G,0.0,0.05
R09-0001152,9,Goldfield,+1-724-457-9011,+1-320-621-6792,2026-06-01 08:10:37,3119,VOICE,,3G,0.12,6.24
R09-0001153,9,Goldfield,+1-282-290-5920,,2026-06-01 19:38:02,5088,DATA,225887925,5G,0.0,2.26
R09-0001154,9,Goldfield,+1-828-463-9860,+1-952-374-2507,2026-06-01 19:21:59,3287,VOICE,,4G,0.1,5.48
R09-0001155,9,Goldfield,+1-235-670-2909,+1-796-829-8093,2026-06-01 13:32:30,2491,VOICE,,5G,0.08,3.32
R09-0001156,9,Goldfield,+1-900-820-3783,+1-979-429-1478,2026-06-01 21:12:58,3239,VOICE,,5G,0.08,4.32
R09-0001157,9,Goldfield,+1-525-298-5801,+1-556-445-4753,2026-06-01 16:50:36,0,SMS,,4G,0.0,0.05
R09-0001158,9,Goldfield,+1-780-367-9532,+1-605-407-5056,2026-06-01 06:47:43,184,VOICE,,3G,0.12,0.37
R09-0001159,9,Goldfield,+1-889-273-2041,+1-498-880-4187,2026-06-01 12:55:48,2674,VOICE,,4G,0.1,4.46
R09-0001160,9,Goldfield,+1-686-895-0615,,2026-06-01 19:20:06,356,DATA,375967404,5G,0.0,3.76
R09-0001161,9,Goldfield,+1-277-871-9717,,2026-06-01 17:54:12,4985,DATA,221923513,4G,0.0,2.22
R09-0001162,9,Goldfield,+1-690-414-7668,+1-327-824-2028,2026-06-01 04:58:33,1902,VOICE,,3G,0.12,3.8
R09-0001163,9,Goldfield,+1-727-741-4230,,2026-06-01 05:28:49,4596,DATA,63188787,5G,0.0,0.63
R09-0001164,9,Goldfield,+1-773-820-8703,+1-318-624-5755,2026-06-01 19:15:02,2800,VOICE,,4G,0.1,4.67
R09-0001165,9,Goldfield,+1-666-218-1920,+1-823-964-0744,2026-06-01 14:44:43,281,VOICE,,5G,0.08,0.37
R09-0001166,9,Goldfield,+1-528-279-8046,+1-489-682-5180,2026-06-01 12:29:00,1766,VOICE,,3G,0.12,3.53
R09-0001167,9,Goldfield,+1-388-859-6092,+1-734-212-5627,2026-06-01 11:30:37,636,VOICE,,4G,0.1,1.06
R09-0001168,9,Goldfield,+1-357-446-7600,+1-583-336-3423,2026-06-01 04:07:16,1377,VOICE,,3G,0.12,2.75
R09-0001169,9,Goldfield,+1-608-953-4531,+1-982-753-5929,2026-06-01 17:37:46,1088,VOICE,,4G,0.1,1.81
R09-0001170,9,Goldfield,+1-520-639-5181,+1-304-999-8707,2026-06-01 20:56:11,1813,VOICE,,5G,0.08,2.42
R09-0001171,9,Goldfield,+1-709-805-3027,+1-908-686-9070,2026-06-01 00:12:05,2596,VOICE,,5G,0.08,3.46
R09-0001172,9,Goldfield,+1-864-702-6400,,2026-06-01 02:04:12,5525,DATA,378054144,5G,0.0,3.78
R09-0001173,9,Goldfield,+1-775-540-3725,,2026-06-01 05:00:43,5508,DATA,138235621,4G,0.0,1.38
R09-0001174,9,Goldfield,+1-732-356-9754,,2026-06-01 04:25:36,5925,DATA,84611390,5G,0.0,0.85
R09-0001175,9,Goldfield,+1-540-218-9250,+1-618-824-0891,2026-06-01 23:28:22,0,SMS,,5G,0.0,0.05
R09-0001176,9,Goldfield,+1-491-656-0375,+1-810-951-8605,2026-06-01 22:41:33,3373,VOICE,,3G,0.12,6.75
R09-0001177,9,Goldfield,+1-767-689-7196,+1-424-732-7272,2026-06-01 10:29:52,1087,VOICE,,3G,0.12,2.17
R09-0001178,9,Goldfield,+1-748-895-5478,+1-292-490-0652,2026-06-01 07:18:20,1779,VOICE,,5G,0.08,2.37
R09-0001179,9,Goldfield,+1-778-818-8608,,2026-06-01 19:50:35,4642,DATA,343156954,4G,0.0,3.43
R09-0001180,9,Goldfield,+1-818-552-1870,+1-264-886-3087,2026-06-01 18:05:59,2567,VOICE,,4G,0.1,4.28
R09-0001181,9,Goldfield,+1-401-515-7890,,2026-06-01 05:09:56,2360,DATA,271998401,4G,0.0,2.72
R09-0001182,9,Goldfield,+1-530-667-2049,+1-728-319-4837,2026-06-01 17:21:34,0,SMS,,4G,0.0,0.05
R09-0001183,9,Goldfield,+1-874-929-8557,+1-626-248-4706,2026-06-01 06:42:57,227,VOICE,,4G,0.1,0.38
R09-0001184,9,Goldfield,+1-691-264-0564,+1-764-215-5801,2026-06-01 12:19:35,0,SMS,,4G,0.0,0.05
R09-0001185,9,Goldfield,+1-346-209-2786,+1-265-408-6432,2026-06-01 18:43:31,0,SMS,,4G,0.0,0.05
R09-0001186,9,Goldfield,+1-412-474-1797,+1-825-815-1597,2026-06-01 10:43:49,1043,VOICE,,4G,0.1,1.74
R09-0001187,9,Goldfield,+1-775-254-8757,+1-854-394-7618,2026-06-01 07:35:32,2357,VOICE,,3G,0.12,4.71
R09-0001188,9,Goldfield,+1-337-795-9216,+1-442-250-0022,2026-06-01 00:28:39,0,SMS,,5G,0.0,0.05
R09-0001189,9,Goldfield,+1-467-648-3805,+1-835-949-3952,2026-06-01 20:07:06,0,SMS,,3G,0.0,0.05
R09-0001190,9,Goldfield,+1-530-360-2583,+1-453-785-1244,2026-06-01 03:48:38,0,SMS,,3G,0.0,0.05
R09-0001191,9,Goldfield,+1-742-586-4176,+1-894-933-2382,2026-06-01 13:53:53,90,VOICE,,5G,0.08,0.12
R09-0001192,9,Goldfield,+1-282-277-2697,+1-587-904-7317,2026-06-01 13:17:47,3486,VOICE,,4G,0.1,5.81
R09-0001193,9,Goldfield,+1-778-837-9941,+1-217-950-8257,2026-06-01 10:20:02,0,SMS,,5G,0.0,0.05
R09-0001194,9,Goldfield,+1-981-510-8094,+1-504-882-0161,2026-06-01 00:47:16,2782,VOICE,,4G,0.1,4.64
R09-0001195,9,Goldfield,+1-224-355-8618,+1-834-606-2983,2026-06-01 18:39:29,0,SMS,,4G,0.0,0.05
R09-0001196,9,Goldfield,+1-331-921-8476,+1-397-361-0822,2026-06-01 16:19:09,2406,VOICE,,5G,0.08,3.21
R09-0001197,9,Goldfield,+1-223-658-7788,+1-437-386-9748,2026-06-01 23:25:28,3110,VOICE,,5G,0.08,4.15
R09-0001198,9,Goldfield,+1-554-379-7132,+1-787-355-7007,2026-06-01 17:31:39,0,SMS,,5G,0.0,0.05
R09-0001199,9,Goldfield,+1-770-901-4608,,2026-06-01 16:46:17,5084,DATA,257425842,4G,0.0,2.57
R09-0001200,9,Goldfield,+1-826-465-3169,+1-655-279-2966,2026-06-01 16:10:34,0,SMS,,5G,0.0,0.05
R09-0001201,9,Goldfield,+1-314-437-9873,,2026-06-01 05:28:45,6785,DATA,114979500,5G,0.0,1.15
R09-0001202,9,Goldfield,+1-638-388-1872,+1-363-201-3798,2026-06-01 08:01:13,1161,VOICE,,4G,0.1,1.94
R09-0001203,9,Goldfield,+1-778-576-6644,,2026-06-01 19:28:39,4625,DATA,356784154,4G,0.0,3.57
R09-0001204,9,Goldfield,+1-974-468-7740,+1-638-867-5961,2026-06-01 13:27:58,0,SMS,,5G,0.0,0.05
R09-0001205,9,Goldfield,+1-944-882-2100,+1-771-667-5136,2026-06-01 09:02:28,0,SMS,,4G,0.0,0.05
R09-0001206,9,Goldfield,+1-756-491-0895,+1-232-654-2129,2026-06-01 01:37:56,0,SMS,,5G,0.0,0.05
R09-0001207,9,Goldfield,+1-286-377-0783,+1-206-874-8124,2026-06-01 06:52:05,1311,VOICE,,4G,0.1,2.19
R09-0001208,9,Goldfield,+1-344-322-9487,+1-914-445-3639,2026-06-01 19:58:54,3303,VOICE,,5G,0.08,4.4
R09-0001209,9,Goldfield,+1-567-247-6865,+1-654-674-3971,2026-06-01 00:09:05,0,SMS,,4G,0.0,0.05
R09-0001210,9,Goldfield,+1-788-811-6955,+1-637-484-2771,2026-06-01 12:02:40,2268,VOICE,,4G,0.1,3.78
R09-0001211,9,Goldfield,+1-662-402-7967,+1-335-949-7980,2026-06-01 06:40:32,0,SMS,,4G,0.0,0.05
R09-0001212,9,Goldfield,+1-823-218-4843,+1-824-210-3095,2026-06-01 09:11:19,2433,VOICE,,5G,0.08,3.24
R09-0001213,9,Goldfield,+1-595-715-4552,,2026-06-01 22:49:19,3318,DATA,221497502,4G,0.0,2.21
R09-0001214,9,Goldfield,+1-286-650-5367,+1-282-281-4853,2026-06-01 12:13:53,623,VOICE,,5G,0.08,0.83
R09-0001215,9,Goldfield,+1-558-993-6853,,2026-06-01 13:02:47,5465,DATA,18418813,4G,0.0,0.18
R09-0001216,9,Goldfield,+1-318-643-5489,+1-621-527-1489,2026-06-01 22:42:18,711,VOICE,,5G,0.08,0.95
R09-0001217,9,Goldfield,+1-333-740-5755,+1-926-611-9712,2026-06-01 04:16:33,943,VOICE,,4G,0.1,1.57
R09-0001218,9,Goldfield,+1-455-957-4345,+1-903-402-7359,2026-06-01 05:53:51,0,SMS,,3G,0.0,0.05
R09-0001219,9,Goldfield,+1-281-233-8482,+1-695-724-2042,2026-06-01 20:11:45,0,SMS,,5G,0.0,0.05
R09-0001220,9,Goldfield,+1-565-837-4364,+1-849-954-1898,2026-06-01 13:47:47,2624,VOICE,,4G,0.1,4.37
R09-0001221,9,Goldfield,+1-253-541-8897,,2026-06-01 16:51:13,1530,DATA,107823888,4G,0.0,1.08
R09-0001222,9,Goldfield,+1-382-829-5448,+1-579-670-1938,2026-06-01 01:52:17,0,SMS,,4G,0.0,0.05
R09-0001223,9,Goldfield,+1-725-890-0882,+1-772-887-1299,2026-06-01 06:22:53,2701,VOICE,,3G,0.12,5.4
R09-0001224,9,Goldfield,+1-895-315-5464,,2026-06-01 15:24:17,1605,DATA,452959168,5G,0.0,4.53
R09-0001225,9,Goldfield,+1-216-269-6585,,2026-06-01 22:12:14,3631,DATA,261353727,5G,0.0,2.61
R09-0001226,9,Goldfield,+1-227-300-0599,+1-598-852-8875,2026-06-01 20:30:31,0,SMS,,4G,0.0,0.05
R09-0001227,9,Goldfield,+1-674-366-2104,,2026-06-01 11:29:40,7061,DATA,414387087,5G,0.0,4.14
R09-0001228,9,Goldfield,+1-588-465-1209,+1-747-832-3284,2026-06-01 21:20:07,201,VOICE,,5G,0.08,0.27
R09-0001229,9,Goldfield,+1-756-306-1261,+1-916-672-4918,2026-06-01 23:13:13,2520,VOICE,,5G,0.08,3.36
R09-0001230,9,Goldfield,+1-287-973-8463,+1-603-577-5014,2026-06-01 18:10:05,3455,VOICE,,5G,0.08,4.61
R09-0001231,9,Goldfield,+1-877-660-4588,+1-586-917-2127,2026-06-01 19:49:33,137,VOICE,,5G,0.08,0.18
R09-0001232,9,Goldfield,+1-417-773-2697,+1-727-338-6973,2026-06-01 16:28:35,3341,VOICE,,4G,0.1,5.57
R09-0001233,9,Goldfield,+1-333-371-7547,+1-630-496-7846,2026-06-01 15:27:50,1298,VOICE,,5G,0.08,1.73
R09-0001234,9,Goldfield,+1-223-481-5240,,2026-06-01 15:06:20,115,DATA,194962827,5G,0.0,1.95
R09-0001235,9,Goldfield,+1-943-938-9126,,2026-06-01 23:39:16,1209,DATA,393339112,3G,0.0,3.93
R09-0001236,9,Goldfield,+1-217-638-3016,+1-558-291-8117,2026-06-01 14:09:42,0,VOICE,,3G,0.12,0.0
R09-0001237,9,Goldfield,+1-790-803-3546,+1-687-215-6080,2026-06-01 18:40:07,0,SMS,,4G,0.0,0.05
R09-0001238,9,Goldfield,+1-392-888-0482,,2026-06-01 23:30:28,4690,DATA,43404383,3G,0.0,0.43
R09-0001239,9,Goldfield,+1-215-492-5379,+1-971-267-0034,2026-06-01 00:26:53,0,SMS,,4G,0.0,0.05
R09-0001240,9,Goldfield,+1-526-663-9137,,2026-06-01 00:14:57,4511,DATA,82558816,4G,0.0,0.83
R09-0001241,9,Goldfield,+1-729-589-4982,+1-631-222-8297,2026-06-01 21:41:30,0,SMS,,4G,0.0,0.05
R09-0001242,9,Goldfield,+1-742-838-1571,,2026-06-01 06:37:04,3881,DATA,287926460,5G,0.0,2.88
R09-0001243,9,Goldfield,+1-943-979-4362,,2026-06-01 15:41:55,3420,DATA,470662484,3G,0.0,4.71
R09-0001244,9,Goldfield,+1-837-720-5296,+1-875-222-5189,2026-06-01 11:01:34,2957,VOICE,,4G,0.1,4.93
R09-0001245,9,Goldfield,+1-855-878-4386,,2026-06-01 00:34:19,2915,DATA,314273568,4G,0.0,3.14
R09-0001246,9,Goldfield,+1-432-236-6648,,2026-06-01 17:58:32,859,DATA,306932236,5G,0.0,3.07
R09-0001247,9,Goldfield,+1-483-284-8138,+1-432-351-2203,2026-06-01 04:42:04,2716,VOICE,,4G,0.1,4.53
R09-0001248,9,Goldfield,+1-404-740-0377,+1-805-540-7697,2026-06-01 19:36:11,1727,VOICE,,4G,0.1,2.88
R09-0001249,9,Goldfield,+1-475-366-1844,,2026-06-01 21:16:12,4016,DATA,434903697,5G,0.0,4.35
R09-0001250,9,Goldfield,+1-900-856-8176,,2026-06-01 21:34:49,6648,DATA,274711492,3G,0.0,2.75
R09-0001251,9,Goldfield,+1-937-426-0029,+1-934-858-1782,2026-06-01 14:23:16,339,VOICE,,5G,0.08,0.45
R09-0001252,9,Goldfield,+1-713-453-7985,+1-220-326-8468,2026-06-01 11:41:31,89,VOICE,,3G,0.12,0.18
R09-0001253,9,Goldfield,+1-485-397-3609,,2026-06-01 01:37:14,1468,DATA,440662146,5G,0.0,4.41
R09-0001254,9,Goldfield,+1-780-948-4191,,2026-06-01 00:16:16,6121,DATA,40166410,3G,0.0,0.4
R09-0001255,9,Goldfield,+1-782-449-4812,+1-961-434-0991,2026-06-01 11:21:59,0,SMS,,3G,0.0,0.05
R09-0001256,9,Goldfield,+1-942-536-5801,+1-724-983-0847,2026-06-01 04:03:58,0,VOICE,,5G,0.08,0.0
R09-0001257,9,Goldfield,+1-200-580-0549,,2026-06-01 17:07:24,5155,DATA,400611739,4G,0.0,4.01
R09-0001258,9,Goldfield,+1-919-590-8535,,2026-06-01 10:32:00,1382,DATA,377503026,3G,0.0,3.78
R09-0001259,9,Goldfield,+1-453-560-6554,+1-910-435-2519,2026-06-01 00:46:26,0,SMS,,4G,0.0,0.05
R09-0001260,9,Goldfield,+1-764-589-8670,+1-688-768-5118,2026-06-01 17:46:21,475,VOICE,,5G,0.08,0.63
R09-0001261,9,Goldfield,+1-705-350-5840,+1-973-904-7089,2026-06-01 20:26:30,0,SMS,,3G,0.0,0.05
R09-0001262,9,Goldfield,+1-723-895-2688,,2026-06-01 16:15:47,6180,DATA,157054940,4G,0.0,1.57
R09-0001263,9,Goldfield,+1-495-432-6017,+1-484-891-1692,2026-06-01 15:27:51,544,VOICE,,3G,0.12,1.09
R09-0001264,9,Goldfield,+1-846-203-8515,+1-560-883-5262,2026-06-01 21:38:48,167,VOICE,,4G,0.1,0.28
R09-0001265,9,Goldfield,+1-357-376-0400,,2026-06-01 09:22:51,2645,DATA,277895620,3G,0.0,2.78
R09-0001266,9,Goldfield,+1-358-707-1301,+1-457-708-5976,2026-06-01 01:05:16,0,SMS,,3G,0.0,0.05
R09-0001267,9,Goldfield,+1-749-314-1566,+1-603-930-5747,2026-06-01 09:18:11,780,VOICE,,4G,0.1,1.3
R09-0001268,9,Goldfield,+1-567-388-1162,+1-559-501-3710,2026-06-01 22:07:53,130,VOICE,,5G,0.08,0.17
R09-0001269,9,Goldfield,+1-576-643-2951,+1-836-631-1586,2026-06-01 23:17:32,1648,VOICE,,4G,0.1,2.75
R09-0001270,9,Goldfield,+1-869-818-0096,+1-679-483-8660,2026-06-01 23:21:20,0,SMS,,5G,0.0,0.05
R09-0001271,9,Goldfield,+1-429-535-2862,+1-800-949-8694,2026-06-01 13:35:59,0,SMS,,5G,0.0,0.05
R09-0001272,9,Goldfield,+1-509-772-8783,+1-779-879-4725,2026-06-01 21:41:22,0,SMS,,4G,0.0,0.05
R09-0001273,9,Goldfield,+1-929-503-5261,+1-325-475-0888,2026-06-01 00:04:37,1245,VOICE,,4G,0.1,2.08
R09-0001274,9,Goldfield,+1-302-979-5582,+1-967-720-6728,2026-06-01 18:25:41,599,VOICE,,4G,0.1,1.0
R09-0001275,9,Goldfield,+1-223-656-3284,,2026-06-01 20:56:36,416,DATA,358462124,3G,0.0,3.58
R09-0001276,9,Goldfield,+1-935-544-0492,+1-937-345-8370,2026-06-01 07:59:50,1913,VOICE,,4G,0.1,3.19
R09-0001277,9,Goldfield,+1-588-267-5821,+1-941-310-4152,2026-06-01 15:02:49,0,SMS,,4G,0.0,0.05
R09-0001278,9,Goldfield,+1-537-489-7587,+1-924-657-8181,2026-06-01 01:09:00,2773,VOICE,,5G,0.08,3.7
R09-0001279,9,Goldfield,+1-900-958-1298,+1-711-370-8459,2026-06-01 18:54:47,305,VOICE,,4G,0.1,0.51
R09-0001280,9,Goldfield,+1-615-554-3399,+1-495-211-1768,2026-06-01 15:40:18,1412,VOICE,,3G,0.12,2.82
R09-0001281,9,Goldfield,+1-513-650-3657,+1-277-304-6022,2026-06-01 09:46:49,1645,VOICE,,5G,0.08,2.19
R09-0001282,9,Goldfield,+1-282-542-0107,+1-647-462-5405,2026-06-01 18:50:42,0,SMS,,3G,0.0,0.05
R09-0001283,9,Goldfield,+1-516-997-7431,+1-859-256-3983,2026-06-01 04:51:24,1775,VOICE,,3G,0.12,3.55
R09-0001284,9,Goldfield,+1-579-945-4177,+1-480-644-2668,2026-06-01 09:51:58,40,VOICE,,5G,0.08,0.05
R09-0001285,9,Goldfield,+1-230-707-3300,+1-778-522-0195,2026-06-01 22:50:18,1643,VOICE,,5G,0.08,2.19
R09-0001286,9,Goldfield,+1-871-638-3164,+1-237-958-7619,2026-06-01 03:59:40,941,VOICE,,5G,0.08,1.25
R09-0001287,9,Goldfield,+1-346-385-0380,,2026-06-01 01:39:06,7126,DATA,432775257,5G,0.0,4.33
R09-0001288,9,Goldfield,+1-702-503-7991,+1-287-901-4147,2026-06-01 11:47:36,0,SMS,,4G,0.0,0.05
R09-0001289,9,Goldfield,+1-460-890-5369,,2026-06-01 03:09:27,6427,DATA,414734905,4G,0.0,4.15
R09-0001290,9,Goldfield,+1-598-751-3965,+1-615-364-6306,2026-06-01 12:19:08,1234,VOICE,,4G,0.1,2.06
R09-0001291,9,Goldfield,+1-941-248-0087,+1-480-514-9866,2026-06-01 04:29:57,0,SMS,,5G,0.0,0.05
R09-0001292,9,Goldfield,+1-840-523-7497,+1-710-428-3938,2026-06-01 03:58:19,844,VOICE,,3G,0.12,1.69
R09-0001293,9,Goldfield,+1-457-785-5282,+1-495-734-1048,2026-06-01 02:49:41,378,VOICE,,5G,0.08,0.5
R09-0001294,9,Goldfield,+1-932-659-3929,+1-294-434-5998,2026-06-01 00:59:58,0,SMS,,5G,0.0,0.05
R09-0001295,9,Goldfield,+1-459-787-2106,+1-890-555-7833,2026-06-01 02:43:32,0,SMS,,4G,0.0,0.05
R09-0001296,9,Goldfield,+1-318-289-8200,+1-420-293-6956,2026-06-01 04:35:20,3016,VOICE,,4G,0.1,5.03
R09-0001297,9,Goldfield,+1-635-336-1858,+1-815-312-3559,2026-06-01 20:50:24,0,SMS,,4G,0.0,0.05
R09-0001298,9,Goldfield,+1-611-391-3496,+1-886-565-6794,2026-06-01 23:07:18,2285,VOICE,,4G,0.1,3.81
R09-0001299,9,Goldfield,+1-482-960-3894,+1-712-329-4470,2026-06-01 09:31:09,2755,VOICE,,3G,0.12,5.51
R09-0001300,9,Goldfield,+1-332-844-1413,,2026-06-01 14:58:04,3771,DATA,300347637,3G,0.0,3.0
R09-0001301,9,Goldfield,+1-588-914-8796,+1-295-238-1324,2026-06-01 06:52:18,2968,VOICE,,5G,0.08,3.96
R09-0001302,9,Goldfield,+1-986-863-2385,+1-362-870-7083,2026-06-01 05:53:58,2912,VOICE,,3G,0.12,5.82
R09-0001303,9,Goldfield,+1-667-935-9198,+1-222-514-6610,2026-06-01 13:14:45,0,VOICE,,3G,0.12,0.0
R09-0001304,9,Goldfield,+1-256-548-2877,+1-896-506-0322,2026-06-01 12:31:14,3368,VOICE,,4G,0.1,5.61
R09-0001305,9,Goldfield,+1-833-241-9789,+1-894-269-3179,2026-06-01 04:48:36,0,SMS,,4G,0.0,0.05
R09-0001306,9,Goldfield,+1-738-474-7334,,2026-06-01 14:33:51,5878,DATA,133400302,4G,0.0,1.33
R09-0001307,9,Goldfield,+1-668-309-1773,,2026-06-01 06:15:58,6212,DATA,227351442,5G,0.0,2.27
R09-0001308,9,Goldfield,+1-786-763-3773,+1-494-953-4049,2026-06-01 20:18:40,2726,VOICE,,3G,0.12,5.45
R09-0001309,9,Goldfield,+1-810-641-2099,+1-359-238-6597,2026-06-01 16:08:56,2780,VOICE,,4G,0.1,4.63
R09-0001310,9,Goldfield,+1-770-453-1011,+1-261-716-7067,2026-06-01 21:18:04,0,SMS,,5G,0.0,0.05
R09-0001311,9,Goldfield,+1-342-684-4075,+1-244-952-5213,2026-06-01 02:41:30,0,SMS,,4G,0.0,0.05
R09-0001312,9,Goldfield,+1-705-798-1341,+1-229-897-6415,2026-06-01 17:12:15,2672,VOICE,,5G,0.08,3.56
R09-0001313,9,Goldfield,+1-215-987-2547,+1-400-694-1604,2026-06-01 06:09:11,0,SMS,,4G,0.0,0.05
R09-0001314,9,Goldfield,+1-945-472-9240,+1-421-858-5124,2026-06-01 18:43:30,661,VOICE,,4G,0.1,1.1
R09-0001315,9,Goldfield,+1-787-698-4340,+1-820-542-2247,2026-06-01 23:08:00,0,SMS,,5G,0.0,0.05
R09-0001316,9,Goldfield,+1-585-751-7207,+1-808-241-7552,2026-06-01 07:55:20,229,VOICE,,4G,0.1,0.38
R09-0001317,9,Goldfield,+1-366-314-9715,+1-494-827-8360,2026-06-01 21:28:22,3070,VOICE,,4G,0.1,5.12
R09-0001318,9,Goldfield,+1-617-943-4618,+1-874-610-0009,2026-06-01 04:40:34,0,SMS,,4G,0.0,0.05
R09-0001319,9,Goldfield,+1-408-455-1733,+1-344-547-6953,2026-06-01 11:02:55,752,VOICE,,3G,0.12,1.5
R09-0001320,9,Goldfield,+1-369-717-4809,,2026-06-01 05:52:13,1092,DATA,389795252,4G,0.0,3.9
R09-0001321,9,Goldfield,+1-817-844-8482,+1-345-838-2523,2026-06-01 23:10:51,501,VOICE,,3G,0.12,1.0
R09-0001322,9,Goldfield,+1-247-913-8646,+1-845-657-6675,2026-06-01 12:13:50,2008,VOICE,,4G,0.1,3.35
R09-0001323,9,Goldfield,+1-323-446-3148,,2026-06-01 19:07:32,1779,DATA,370266522,4G,0.0,3.7
R09-0001324,9,Goldfield,+1-554-642-6440,+1-449-219-6997,2026-06-01 04:37:06,0,SMS,,5G,0.0,0.05
R09-0001325,9,Goldfield,+1-657-884-1951,+1-490-393-0831,2026-06-01 12:28:24,0,SMS,,4G,0.0,0.05
R09-0001326,9,Goldfield,+1-254-318-7637,+1-935-971-8730,2026-06-01 19:17:34,1244,VOICE,,4G,0.1,2.07
R09-0001327,9,Goldfield,+1-956-394-2330,,2026-06-01 15:40:17,5469,DATA,165082501,5G,0.0,1.65
R09-0001328,9,Goldfield,+1-868-246-1638,+1-393-535-2601,2026-06-01 09:12:17,0,SMS,,5G,0.0,0.05
R09-0001329,9,Goldfield,+1-297-697-1840,+1-899-846-0071,2026-06-01 14:30:10,0,SMS,,4G,0.0,0.05
R09-0001330,9,Goldfield,+1-430-986-6273,+1-706-870-3511,2026-06-01 00:06:15,0,SMS,,5G,0.0,0.05
R09-0001331,9,Goldfield,+1-636-688-0504,+1-879-752-1997,2026-06-01 18:38:42,1767,VOICE,,4G,0.1,2.95
R09-0001332,9,Goldfield,+1-557-977-9415,+1-906-930-7415,2026-06-01 12:12:11,2322,VOICE,,5G,0.08,3.1
R09-0001333,9,Goldfield,+1-250-967-7107,+1-503-572-8014,2026-06-01 08:17:42,0,SMS,,4G,0.0,0.05
R09-0001334,9,Goldfield,+1-924-396-0428,+1-343-326-4241,2026-06-01 22:09:20,0,SMS,,5G,0.0,0.05
R09-0001335,9,Goldfield,+1-411-223-3306,+1-511-848-6861,2026-06-01 17:14:10,1298,VOICE,,5G,0.08,1.73
R09-0001336,9,Goldfield,+1-338-615-9117,+1-812-825-5607,2026-06-01 22:48:01,3218,VOICE,,4G,0.1,5.36
R09-0001337,9,Goldfield,+1-521-627-5556,,2026-06-01 16:28:53,3833,DATA,13202934,4G,0.0,0.13
R09-0001338,9,Goldfield,+1-658-562-8435,+1-243-966-3441,2026-06-01 15:54:19,0,SMS,,3G,0.0,0.05
R09-0001339,9,Goldfield,+1-218-515-7010,+1-985-432-2694,2026-06-01 04:12:13,0,SMS,,5G,0.0,0.05
R09-0001340,9,Goldfield,+1-309-201-4847,,2026-06-01 13:10:39,3647,DATA,397725068,5G,0.0,3.98
R09-0001341,9,Goldfield,+1-784-987-0130,+1-323-364-7033,2026-06-01 03:05:57,0,SMS,,3G,0.0,0.05
R09-0001342,9,Goldfield,+1-424-411-7866,,2026-06-01 01:46:06,5628,DATA,462465434,4G,0.0,4.62
R09-0001343,9,Goldfield,+1-447-225-0255,+1-973-970-6603,2026-06-01 09:46:34,0,SMS,,3G,0.0,0.05
R09-0001344,9,Goldfield,+1-368-417-6160,,2026-06-01 16:55:43,4872,DATA,69974533,4G,0.0,0.7
R09-0001345,9,Goldfield,+1-499-316-5330,+1-297-256-6833,2026-06-01 10:37:45,2334,VOICE,,4G,0.1,3.89
R09-0001346,9,Goldfield,+1-526-810-6466,,2026-06-01 17:43:28,5845,DATA,287317250,3G,0.0,2.87
R09-0001347,9,Goldfield,+1-859-697-7657,+1-729-558-3129,2026-06-01 04:20:55,0,SMS,,4G,0.0,0.05
R09-0001348,9,Goldfield,+1-950-290-7301,+1-520-449-6590,2026-06-01 17:09:40,1166,VOICE,,5G,0.08,1.55
R09-0001349,9,Goldfield,+1-856-813-2208,+1-655-668-3433,2026-06-01 16:38:07,0,SMS,,3G,0.0,0.05
R09-0001350,9,Goldfield,+1-545-399-0547,+1-617-942-8097,2026-06-01 18:09:21,1956,VOICE,,4G,0.1,3.26
R09-0001351,9,Goldfield,+1-686-205-3340,+1-766-637-8758,2026-06-01 08:41:40,0,SMS,,5G,0.0,0.05
R09-0001352,9,Goldfield,+1-527-631-7369,+1-525-692-4980,2026-06-01 09:20:10,1635,VOICE,,4G,0.1,2.73
R09-0001353,9,Goldfield,+1-695-253-0121,,2026-06-01 15:10:04,1817,DATA,21333226,4G,0.0,0.21
R09-0001354,9,Goldfield,+1-349-469-8683,+1-364-999-9602,2026-06-01 03:14:04,1451,VOICE,,3G,0.12,2.9
R09-0001355,9,Goldfield,+1-960-251-4668,+1-466-513-8427,2026-06-01 16:55:12,1485,VOICE,,3G,0.12,2.97
R09-0001356,9,Goldfield,+1-597-966-3912,+1-852-823-5732,2026-06-01 20:28:49,0,SMS,,4G,0.0,0.05
R09-0001357,9,Goldfield,+1-335-793-4125,+1-765-732-9775,2026-06-01 23:04:44,289,VOICE,,5G,0.08,0.39
R09-0001358,9,Goldfield,+1-224-653-7402,+1-962-307-4990,2026-06-01 04:13:51,0,SMS,,3G,0.0,0.05
R09-0001359,9,Goldfield,+1-852-536-7489,+1-861-672-6791,2026-06-01 04:05:27,2395,VOICE,,3G,0.12,4.79
R09-0001360,9,Goldfield,+1-203-385-5054,+1-588-535-7884,2026-06-01 22:22:47,141,VOICE,,5G,0.08,0.19
R09-0001361,9,Goldfield,+1-318-421-6493,+1-770-937-5236,2026-06-01 10:45:57,0,SMS,,4G,0.0,0.05
R09-0001362,9,Goldfield,+1-364-213-1836,+1-732-696-6929,2026-06-01 03:29:36,3536,VOICE,,3G,0.12,7.07
R09-0001363,9,Goldfield,+1-727-357-2757,+1-428-729-3924,2026-06-01 13:50:04,2731,VOICE,,4G,0.1,4.55
R09-0001364,9,Goldfield,+1-559-252-4500,+1-576-541-7837,2026-06-01 07:24:05,0,SMS,,4G,0.0,0.05
R09-0001365,9,Goldfield,+1-572-687-9188,,2026-06-01 23:32:59,3744,DATA,276641032,4G,0.0,2.77
R09-0001366,9,Goldfield,+1-952-752-2000,+1-473-906-1582,2026-06-01 15:43:21,1607,VOICE,,4G,0.1,2.68
R09-0001367,9,Goldfield,+1-887-659-2150,+1-335-707-1016,2026-06-01 02:03:44,0,SMS,,3G,0.0,0.05
R09-0001368,9,Goldfield,+1-426-329-5347,+1-853-656-3658,2026-06-01 19:59:33,2638,VOICE,,4G,0.1,4.4
R09-0001369,9,Goldfield,+1-210-359-6383,,2026-06-01 04:32:34,2340,DATA,299796039,4G,0.0,3.0
R09-0001370,9,Goldfield,+1-870-470-9134,+1-898-323-3959,2026-06-01 01:22:05,0,SMS,,4G,0.0,0.05
R09-0001371,9,Goldfield,+1-795-653-0289,+1-334-812-6363,2026-06-01 11:28:24,69,VOICE,,4G,0.1,0.11
R09-0001372,9,Goldfield,+1-548-615-7158,+1-549-966-7054,2026-06-01 06:42:07,2162,VOICE,,4G,0.1,3.6
R09-0001373,9,Goldfield,+1-560-603-2003,+1-368-827-5869,2026-06-01 12:50:57,3365,VOICE,,4G,0.1,5.61
R09-0001374,9,Goldfield,+1-957-660-2018,+1-552-634-1952,2026-06-01 03:26:51,700,VOICE,,4G,0.1,1.17
R09-0001375,9,Goldfield,+1-632-448-0430,+1-935-490-0713,2026-06-01 08:34:43,0,SMS,,5G,0.0,0.05
R09-0001376,9,Goldfield,+1-442-473-1769,+1-918-897-3102,2026-06-01 18:47:40,2697,VOICE,,5G,0.08,3.6
R09-0001377,9,Goldfield,+1-964-828-2739,+1-757-715-1155,2026-06-01 09:31:47,0,SMS,,4G,0.0,0.05
R09-0001378,9,Goldfield,+1-971-295-1632,+1-639-509-7995,2026-06-01 04:55:43,1875,VOICE,,4G,0.1,3.12
R09-0001379,9,Goldfield,+1-758-936-2523,,2026-06-01 14:11:47,3985,DATA,477788676,5G,0.0,4.78
R09-0001380,9,Goldfield,+1-708-443-9820,+1-724-986-2032,2026-06-01 02:50:55,0,SMS,,4G,0.0,0.05
R09-0001381,9,Goldfield,+1-306-726-2631,+1-886-709-4150,2026-06-01 11:04:16,3551,VOICE,,4G,0.1,5.92
R09-0001382,9,Goldfield,+1-729-675-5089,+1-782-260-0164,2026-06-01 00:47:10,0,SMS,,4G,0.0,0.05
R09-0001383,9,Goldfield,+1-521-648-6085,+1-652-398-7897,2026-06-01 18:47:35,1296,VOICE,,5G,0.08,1.73
R09-0001384,9,Goldfield,+1-333-213-0059,+1-892-536-9724,2026-06-01 19:32:31,1245,VOICE,,4G,0.1,2.08
R09-0001385,9,Goldfield,+1-945-812-6903,+1-788-333-5164,2026-06-01 21:47:17,0,SMS,,4G,0.0,0.05
R09-0001386,9,Goldfield,+1-558-866-9885,+1-717-421-1437,2026-06-01 07:38:28,0,SMS,,5G,0.0,0.05
R09-0001387,9,Goldfield,+1-515-930-7688,+1-374-741-2450,2026-06-01 04:12:39,0,SMS,,5G,0.0,0.05
R09-0001388,9,Goldfield,+1-933-681-0462,+1-273-394-8932,2026-06-01 11:34:22,2042,VOICE,,4G,0.1,3.4
R09-0001389,9,Goldfield,+1-482-239-9064,+1-596-658-4398,2026-06-01 02:21:44,2671,VOICE,,4G,0.1,4.45
R09-0001390,9,Goldfield,+1-459-938-5171,+1-327-441-7214,2026-06-01 11:14:48,3346,VOICE,,4G,0.1,5.58
R09-0001391,9,Goldfield,+1-593-506-8321,,2026-06-01 11:16:25,1949,DATA,482185438,5G,0.0,4.82
R09-0001392,9,Goldfield,+1-203-798-2831,+1-477-782-4028,2026-06-01 01:09:28,0,VOICE,,4G,0.1,0.0
R09-0001393,9,Goldfield,+1-846-953-6220,+1-706-639-0069,2026-06-01 18:17:26,3320,VOICE,,4G,0.1,5.53
R09-0001394,9,Goldfield,+1-944-462-8302,+1-596-756-9805,2026-06-01 15:44:08,0,VOICE,,5G,0.08,0.0
R09-0001395,9,Goldfield,+1-874-323-2140,+1-370-757-0271,2026-06-01 14:37:02,1256,VOICE,,4G,0.1,2.09
R09-0001396,9,Goldfield,+1-824-460-6427,+1-707-221-9076,2026-06-01 13:48:59,2567,VOICE,,3G,0.12,5.13
R09-0001397,9,Goldfield,+1-810-703-1058,+1-247-947-9539,2026-06-01 17:33:08,0,SMS,,3G,0.0,0.05
R09-0001398,9,Goldfield,+1-850-629-6427,+1-303-591-0062,2026-06-01 17:10:41,0,SMS,,5G,0.0,0.05
R09-0001399,9,Goldfield,+1-453-622-0828,+1-243-979-4697,2026-06-01 22:12:08,2423,VOICE,,4G,0.1,4.04
R09-0001400,9,Goldfield,+1-788-804-6642,+1-816-519-6563,2026-06-01 02:56:37,1910,VOICE,,4G,0.1,3.18
R09-0001401,9,Goldfield,+1-458-940-9653,+1-318-216-1700,2026-06-01 21:51:09,3248,VOICE,,4G,0.1,5.41
R09-0001402,9,Goldfield,+1-681-859-5497,+1-808-675-8389,2026-06-01 00:30:43,1148,VOICE,,3G,0.12,2.3
R09-0001403,9,Goldfield,+1-899-829-2217,+1-935-539-9844,2026-06-01 20:50:33,0,SMS,,5G,0.0,0.05
R09-0001404,9,Goldfield,+1-858-901-2300,+1-771-259-8660,2026-06-01 00:49:19,0,SMS,,4G,0.0,0.05
R09-0001405,9,Goldfield,+1-592-304-0886,+1-937-519-4747,2026-06-01 22:14:11,2197,VOICE,,4G,0.1,3.66
R09-0001406,9,Goldfield,+1-797-690-4050,+1-862-611-8391,2026-06-01 22:22:38,1491,VOICE,,4G,0.1,2.49
R09-0001407,9,Goldfield,+1-273-343-7359,+1-812-968-4566,2026-06-01 23:14:18,0,SMS,,5G,0.0,0.05
R09-0001408,9,Goldfield,+1-916-423-0388,+1-749-642-7099,2026-06-01 00:17:44,1178,VOICE,,5G,0.08,1.57
R09-0001409,9,Goldfield,+1-295-375-3583,+1-394-211-5356,2026-06-01 12:12:12,0,SMS,,4G,0.0,0.05
R09-0001410,9,Goldfield,+1-867-882-7531,+1-208-230-0786,2026-06-01 17:13:38,3290,VOICE,,3G,0.12,6.58
R09-0001411,9,Goldfield,+1-799-321-0389,+1-673-207-9747,2026-06-01 01:31:15,2109,VOICE,,4G,0.1,3.52
R09-0001412,9,Goldfield,+1-682-593-7144,+1-817-208-4658,2026-06-01 20:04:33,1063,VOICE,,4G,0.1,1.77
R09-0001413,9,Goldfield,+1-432-339-8313,,2026-06-01 22:15:33,6138,DATA,464274812,4G,0.0,4.64
R09-0001414,9,Goldfield,+1-935-997-7017,+1-986-483-3520,2026-06-01 10:44:48,3022,VOICE,,4G,0.1,5.04
R09-0001415,9,Goldfield,+1-383-781-4601,+1-447-889-4677,2026-06-01 17:20:07,681,VOICE,,4G,0.1,1.14
R09-0001416,9,Goldfield,+1-225-905-7631,+1-435-253-6643,2026-06-01 18:27:09,0,SMS,,3G,0.0,0.05
R09-0001417,9,Goldfield,+1-587-748-2664,,2026-06-01 02:34:52,3591,DATA,423137329,4G,0.0,4.23
R09-0001418,9,Goldfield,+1-314-678-0799,+1-521-377-1859,2026-06-01 23:28:58,0,SMS,,4G,0.0,0.05
R09-0001419,9,Goldfield,+1-483-845-2456,+1-546-755-9507,2026-06-01 19:02:38,1656,VOICE,,5G,0.08,2.21
R09-0001420,9,Goldfield,+1-358-876-7288,,2026-06-01 04:37:54,5903,DATA,50959846,5G,0.0,0.51
R09-0001421,9,Goldfield,+1-286-566-0690,+1-365-394-5748,2026-06-01 00:12:53,1421,VOICE,,3G,0.12,2.84
R09-0001422,9,Goldfield,+1-691-282-7423,,2026-06-01 18:22:51,2713,DATA,353376287,5G,0.0,3.53
R09-0001423,9,Goldfield,+1-873-768-5906,+1-579-544-9787,2026-06-01 18:27:01,699,VOICE,,4G,0.1,1.17
R09-0001424,9,Goldfield,+1-324-333-1222,,2026-06-01 20:46:18,4333,DATA,340717976,4G,0.0,3.41
R09-0001425,9,Goldfield,+1-342-496-5754,,2026-06-01 19:40:26,6180,DATA,208617066,4G,0.0,2.09
R09-0001426,9,Goldfield,+1-236-618-3435,+1-504-645-7257,2026-06-01 01:59:57,1788,VOICE,,3G,0.12,3.58
R09-0001427,9,Goldfield,+1-645-672-3344,+1-561-682-1669,2026-06-01 09:05:03,0,SMS,,4G,0.0,0.05
R09-0001428,9,Goldfield,+1-870-992-5936,,2026-06-01 22:10:33,5826,DATA,274988721,4G,0.0,2.75
R09-0001429,9,Goldfield,+1-487-556-3493,+1-762-630-9524,2026-06-01 04:40:15,2402,VOICE,,4G,0.1,4.0
R09-0001430,9,Goldfield,+1-356-578-2972,+1-892-592-5065,2026-06-01 20:15:43,1105,VOICE,,3G,0.12,2.21
R09-0001431,9,Goldfield,+1-473-566-3579,+1-855-925-6403,2026-06-01 12:12:34,2034,VOICE,,4G,0.1,3.39
R09-0001432,9,Goldfield,+1-399-839-8829,+1-486-687-5371,2026-06-01 22:22:54,0,SMS,,4G,0.0,0.05
R09-0001433,9,Goldfield,+1-584-957-4692,+1-259-632-6414,2026-06-01 13:19:18,0,SMS,,5G,0.0,0.05
R09-0001434,9,Goldfield,+1-777-315-8673,,2026-06-01 11:48:38,3816,DATA,494360879,4G,0.0,4.94
R09-0001435,9,Goldfield,+1-278-768-5216,,2026-06-01 21:31:59,3935,DATA,85211390,4G,0.0,0.85
R09-0001436,9,Goldfield,+1-596-297-3633,+1-334-534-8585,2026-06-01 01:55:41,600,VOICE,,4G,0.1,1.0
R09-0001437,9,Goldfield,+1-317-738-7544,+1-367-590-0722,2026-06-01 02:09:00,0,SMS,,4G,0.0,0.05
R09-0001438,9,Goldfield,+1-700-851-5193,+1-405-410-3988,2026-06-01 13:38:31,0,SMS,,3G,0.0,0.05
R09-0001439,9,Goldfield,+1-935-647-2183,+1-315-853-9074,2026-06-01 17:48:08,0,SMS,,5G,0.0,0.05
R09-0001440,9,Goldfield,+1-652-286-9434,+1-208-428-3398,2026-06-01 12:18:51,141,VOICE,,3G,0.12,0.28
R09-0001441,9,Goldfield,+1-539-816-1077,+1-792-400-6544,2026-06-01 07:46:04,589,VOICE,,4G,0.1,0.98
R09-0001442,9,Goldfield,+1-635-961-6957,+1-599-626-6257,2026-06-01 02:07:42,3411,VOICE,,5G,0.08,4.55
R09-0001443,9,Goldfield,+1-668-829-2102,+1-883-638-0559,2026-06-01 20:50:15,1825,VOICE,,5G,0.08,2.43
R09-0001444,9,Goldfield,+1-842-298-6148,+1-277-668-8734,2026-06-01 21:58:28,0,VOICE,,4G,0.1,0.0
R09-0001445,9,Goldfield,+1-208-229-6096,+1-789-456-1717,2026-06-01 12:23:32,2430,VOICE,,3G,0.12,4.86
R09-0001446,9,Goldfield,+1-665-551-7016,,2026-06-01 16:49:44,5906,DATA,180358326,3G,0.0,1.8
R09-0001447,9,Goldfield,+1-819-640-4914,+1-522-650-3231,2026-06-01 21:43:15,0,SMS,,5G,0.0,0.05
R09-0001448,9,Goldfield,+1-467-791-3336,+1-842-513-9190,2026-06-01 11:14:45,0,SMS,,4G,0.0,0.05
R09-0001449,9,Goldfield,+1-548-536-5448,+1-965-914-5758,2026-06-01 17:58:49,2140,VOICE,,4G,0.1,3.57
R09-0001450,9,Goldfield,+1-656-599-2034,+1-334-982-6232,2026-06-01 16:01:19,3065,VOICE,,4G,0.1,5.11
R09-0001451,9,Goldfield,+1-884-852-2557,+1-974-316-8260,2026-06-01 01:42:02,0,SMS,,5G,0.0,0.05
R09-0001452,9,Goldfield,+1-856-978-8170,+1-248-401-4653,2026-06-01 23:00:20,3010,VOICE,,4G,0.1,5.02
R09-0001453,9,Goldfield,+1-277-794-9167,+1-959-552-5474,2026-06-01 19:43:44,530,VOICE,,4G,0.1,0.88
R09-0001454,9,Goldfield,+1-582-938-3410,,2026-06-01 22:38:52,5437,DATA,344301897,4G,0.0,3.44
R09-0001455,9,Goldfield,+1-767-983-1102,+1-922-437-7475,2026-06-01 04:01:35,3354,VOICE,,4G,0.1,5.59
R09-0001456,9,Goldfield,+1-386-788-2742,+1-621-549-9114,2026-06-01 10:32:07,0,SMS,,3G,0.0,0.05
R09-0001457,9,Goldfield,+1-713-921-1303,+1-845-793-2518,2026-06-01 23:11:39,1265,VOICE,,5G,0.08,1.69
R09-0001458,9,Goldfield,+1-921-783-1780,,2026-06-01 04:19:46,6521,DATA,167234080,5G,0.0,1.67
R09-0001459,9,Goldfield,+1-272-848-5390,,2026-06-01 04:19:59,1697,DATA,292269012,4G,0.0,2.92
R09-0001460,9,Goldfield,+1-624-725-5855,+1-544-207-4358,2026-06-01 14:19:26,1064,VOICE,,3G,0.12,2.13
R09-0001461,9,Goldfield,+1-321-735-2078,+1-918-713-8453,2026-06-01 04:05:56,1487,VOICE,,4G,0.1,2.48
R09-0001462,9,Goldfield,+1-471-404-3869,+1-586-754-8930,2026-06-01 04:51:28,0,SMS,,5G,0.0,0.05
R09-0001463,9,Goldfield,+1-773-929-2276,+1-713-638-1553,2026-06-01 18:42:27,3402,VOICE,,5G,0.08,4.54
R09-0001464,9,Goldfield,+1-345-297-2039,,2026-06-01 16:48:34,430,DATA,82210086,4G,0.0,0.82
R09-0001465,9,Goldfield,+1-423-987-4009,,2026-06-01 01:07:09,434,DATA,151191126,5G,0.0,1.51
R09-0001466,9,Goldfield,+1-923-830-1789,+1-654-216-7877,2026-06-01 23:04:56,2015,VOICE,,4G,0.1,3.36
R09-0001467,9,Goldfield,+1-601-681-7159,+1-746-986-5329,2026-06-01 18:41:42,3560,VOICE,,5G,0.08,4.75
R09-0001468,9,Goldfield,+1-807-336-5903,+1-240-374-8911,2026-06-01 15:19:08,357,VOICE,,3G,0.12,0.71
R09-0001469,9,Goldfield,+1-694-257-2119,+1-660-327-5919,2026-06-01 13:34:58,2677,VOICE,,3G,0.12,5.35
R09-0001470,9,Goldfield,+1-638-829-0862,+1-361-380-8836,2026-06-01 19:22:05,0,SMS,,5G,0.0,0.05
R09-0001471,9,Goldfield,+1-736-231-9563,+1-369-623-4672,2026-06-01 21:04:24,0,SMS,,5G,0.0,0.05
R09-0001472,9,Goldfield,+1-823-228-6662,+1-576-412-1358,2026-06-01 14:34:48,0,SMS,,4G,0.0,0.05
R09-0001473,9,Goldfield,+1-936-873-2928,+1-799-414-9441,2026-06-01 17:23:56,2146,VOICE,,5G,0.08,2.86
R09-0001474,9,Goldfield,+1-260-460-0989,,2026-06-01 22:45:05,3605,DATA,299066558,4G,0.0,2.99
R09-0001475,9,Goldfield,+1-770-702-5529,+1-525-391-2297,2026-06-01 13:54:46,2721,VOICE,,5G,0.08,3.63
R09-0001476,9,Goldfield,+1-452-330-7028,+1-905-708-1611,2026-06-01 07:19:36,0,SMS,,4G,0.0,0.05
R09-0001477,9,Goldfield,+1-360-219-5595,+1-730-339-4586,2026-06-01 01:20:31,922,VOICE,,4G,0.1,1.54
R09-0001478,9,Goldfield,+1-753-632-7933,,2026-06-01 00:12:34,5973,DATA,44345710,4G,0.0,0.44
R09-0001479,9,Goldfield,+1-773-828-2680,+1-312-908-8579,2026-06-01 23:06:39,0,SMS,,3G,0.0,0.05
R09-0001480,9,Goldfield,+1-362-485-9038,+1-337-783-1793,2026-06-01 18:40:50,375,VOICE,,5G,0.08,0.5
R09-0001481,9,Goldfield,+1-906-544-1088,+1-387-828-3495,2026-06-01 04:15:17,0,VOICE,,4G,0.1,0.0
R09-0001482,9,Goldfield,+1-929-532-2677,,2026-06-01 12:56:49,2420,DATA,126161273,4G,0.0,1.26
R09-0001483,9,Goldfield,+1-409-336-5621,+1-778-769-0351,2026-06-01 10:01:53,314,VOICE,,3G,0.12,0.63
R09-0001484,9,Goldfield,+1-847-874-9715,,2026-06-01 02:39:49,5008,DATA,23981009,4G,0.0,0.24
R09-0001485,9,Goldfield,+1-216-222-5918,+1-305-586-8782,2026-06-01 07:22:32,1704,VOICE,,4G,0.1,2.84
R09-0001486,9,Goldfield,+1-840-986-1448,,2026-06-01 22:11:21,5396,DATA,172899298,4G,0.0,1.73
R09-0001487,9,Goldfield,+1-474-680-9317,+1-768-313-6900,2026-06-01 03:39:52,833,VOICE,,3G,0.12,1.67
R09-0001488,9,Goldfield,+1-715-444-4708,,2026-06-01 19:57:25,2096,DATA,115605014,5G,0.0,1.16
R09-0001489,9,Goldfield,+1-261-364-7371,,2026-06-01 22:08:21,1881,DATA,1197533,4G,0.0,0.01
R09-0001490,9,Goldfield,+1-202-923-3863,+1-728-622-3207,2026-06-01 03:00:37,0,SMS,,4G,0.0,0.05
R09-0001491,9,Goldfield,+1-264-957-8501,+1-455-771-7158,2026-06-01 18:59:30,2524,VOICE,,4G,0.1,4.21
R09-0001492,9,Goldfield,+1-700-837-9132,+1-574-982-2718,2026-06-01 05:51:28,0,SMS,,4G,0.0,0.05
R09-0001493,9,Goldfield,+1-424-757-8703,,2026-06-01 08:15:27,4778,DATA,145724632,4G,0.0,1.46
R09-0001494,9,Goldfield,+1-437-797-9764,+1-529-891-1449,2026-06-01 01:06:06,1401,VOICE,,5G,0.08,1.87
R09-0001495,9,Goldfield,+1-819-458-7339,+1-552-887-6714,2026-06-01 18:17:25,1708,VOICE,,4G,0.1,2.85
R09-0001496,9,Goldfield,+1-401-676-4253,+1-826-691-7879,2026-06-01 05:19:17,3096,VOICE,,3G,0.12,6.19
R09-0001497,9,Goldfield,+1-868-713-5042,+1-867-730-5644,2026-06-01 12:04:05,92,VOICE,,4G,0.1,0.15
R09-0001498,9,Goldfield,+1-819-379-8128,+1-888-805-5445,2026-06-01 06:06:51,2638,VOICE,,5G,0.08,3.52
R09-0001499,9,Goldfield,+1-621-850-8647,+1-947-414-7523,2026-06-01 14:49:46,747,VOICE,,5G,0.08,1.0
R09-0001500,9,Goldfield,+1-430-856-8517,+1-768-310-8194,2026-06-01 09:55:21,3027,VOICE,,5G,0.08,4.04
R09-0001501,9,Goldfield,+1-547-471-5386,,2026-06-01 11:14:34,5721,DATA,33086958,5G,0.0,0.33
R09-0001502,9,Goldfield,+1-707-679-5888,+1-644-934-6146,2026-06-01 22:35:38,2403,VOICE,,4G,0.1,4.0
R09-0001503,9,Goldfield,+1-212-687-8686,+1-836-513-1092,2026-06-01 15:35:32,1090,VOICE,,5G,0.08,1.45
R09-0001504,9,Goldfield,+1-287-706-6012,+1-364-878-9312,2026-06-01 10:32:08,3474,VOICE,,4G,0.1,5.79
R09-0001505,9,Goldfield,+1-640-621-8417,+1-400-416-7487,2026-06-01 15:42:56,769,VOICE,,3G,0.12,1.54
R09-0001506,9,Goldfield,+1-818-423-7023,+1-397-378-5876,2026-06-01 01:36:42,0,SMS,,5G,0.0,0.05
R09-0001507,9,Goldfield,+1-617-222-8377,+1-252-853-3125,2026-06-01 04:31:59,2604,VOICE,,4G,0.1,4.34
R09-0001508,9,Goldfield,+1-276-735-4699,+1-730-938-1942,2026-06-01 01:14:43,0,SMS,,5G,0.0,0.05
R09-0001509,9,Goldfield,+1-220-938-8756,+1-203-445-8188,2026-06-01 07:35:29,1676,VOICE,,5G,0.08,2.23
R09-0001510,9,Goldfield,+1-321-806-5918,+1-904-361-1372,2026-06-01 15:09:02,0,SMS,,4G,0.0,0.05
R09-0001511,9,Goldfield,+1-225-589-0454,+1-474-792-5749,2026-06-01 23:27:30,0,VOICE,,4G,0.1,0.0
R09-0001512,9,Goldfield,+1-922-275-5086,+1-962-483-4375,2026-06-01 17:13:43,2411,VOICE,,4G,0.1,4.02
R09-0001513,9,Goldfield,+1-852-650-3077,+1-542-325-0822,2026-06-01 02:08:02,1448,VOICE,,4G,0.1,2.41
R09-0001514,9,Goldfield,+1-517-385-2212,,2026-06-01 14:08:52,2171,DATA,11547639,4G,0.0,0.12
R09-0001515,9,Goldfield,+1-487-488-5192,+1-272-669-7970,2026-06-01 07:58:06,0,SMS,,4G,0.0,0.05
R09-0001516,9,Goldfield,+1-313-377-2362,+1-263-234-6573,2026-06-01 20:41:09,273,VOICE,,4G,0.1,0.46
R09-0001517,9,Goldfield,+1-702-737-2156,+1-985-887-3550,2026-06-01 11:30:59,1533,VOICE,,4G,0.1,2.56
R09-0001518,9,Goldfield,+1-558-537-2253,+1-319-862-5775,2026-06-01 06:47:45,3068,VOICE,,3G,0.12,6.14
R09-0001519,9,Goldfield,+1-636-678-5752,+1-490-598-7229,2026-06-01 16:38:11,719,VOICE,,4G,0.1,1.2
R09-0001520,9,Goldfield,+1-865-725-3153,+1-856-663-8837,2026-06-01 12:06:25,3587,VOICE,,5G,0.08,4.78
R09-0001521,9,Goldfield,+1-325-786-8310,+1-645-801-2554,2026-06-01 13:00:52,0,SMS,,4G,0.0,0.05
R09-0001522,9,Goldfield,+1-303-352-9757,+1-463-361-0374,2026-06-01 12:41:41,1300,VOICE,,5G,0.08,1.73
R09-0001523,9,Goldfield,+1-738-444-0085,+1-228-828-2623,2026-06-01 15:44:50,2627,VOICE,,4G,0.1,4.38
R09-0001524,9,Goldfield,+1-473-647-8349,+1-277-696-9147,2026-06-01 13:31:06,0,SMS,,5G,0.0,0.05
R09-0001525,9,Goldfield,+1-300-333-3180,+1-830-276-7970,2026-06-01 07:05:12,2566,VOICE,,4G,0.1,4.28
R09-0001526,9,Goldfield,+1-512-635-6821,+1-306-324-0304,2026-06-01 20:49:29,2223,VOICE,,5G,0.08,2.96
R09-0001527,9,Goldfield,+1-970-366-7809,,2026-06-01 11:00:31,5744,DATA,418971462,5G,0.0,4.19
R09-0001528,9,Goldfield,+1-491-761-3985,+1-536-575-0417,2026-06-01 11:48:47,2115,VOICE,,4G,0.1,3.53
R09-0001529,9,Goldfield,+1-300-509-5758,,2026-06-01 23:50:42,4436,DATA,93163542,4G,0.0,0.93
R09-0001530,9,Goldfield,+1-563-473-4205,+1-758-918-0942,2026-06-01 13:53:24,2193,VOICE,,5G,0.08,2.92
R09-0001531,9,Goldfield,+1-586-324-6631,+1-687-552-3087,2026-06-01 18:15:28,1050,VOICE,,4G,0.1,1.75
R09-0001532,9,Goldfield,+1-257-359-0907,+1-692-324-2984,2026-06-01 19:50:49,144,VOICE,,4G,0.1,0.24
R09-0001533,9,Goldfield,+1-538-426-9338,+1-862-629-5876,2026-06-01 23:20:18,2247,VOICE,,3G,0.12,4.49
R09-0001534,9,Goldfield,+1-454-963-2156,+1-891-878-1680,2026-06-01 16:58:47,1492,VOICE,,4G,0.1,2.49
R09-0001535,9,Goldfield,+1-745-504-0591,+1-226-720-2106,2026-06-01 05:09:38,2042,VOICE,,5G,0.08,2.72
R09-0001536,9,Goldfield,+1-441-344-7064,,2026-06-01 03:19:28,5417,DATA,274074692,5G,0.0,2.74
R09-0001537,9,Goldfield,+1-657-551-9674,,2026-06-01 07:38:08,899,DATA,391604543,5G,0.0,3.92
R09-0001538,9,Goldfield,+1-464-565-6009,+1-701-203-2293,2026-06-01 19:59:23,1878,VOICE,,4G,0.1,3.13
R09-0001539,9,Goldfield,+1-781-313-3944,+1-714-562-4402,2026-06-01 23:08:25,2412,VOICE,,4G,0.1,4.02
R09-0001540,9,Goldfield,+1-633-653-9000,+1-843-433-2541,2026-06-01 11:33:58,0,SMS,,3G,0.0,0.05
R09-0001541,9,Goldfield,+1-548-913-9435,+1-250-633-6006,2026-06-01 18:37:54,0,SMS,,5G,0.0,0.05
R09-0001542,9,Goldfield,+1-902-508-0502,+1-713-764-4833,2026-06-01 19:46:26,2683,VOICE,,5G,0.08,3.58
R09-0001543,9,Goldfield,+1-747-997-8569,+1-609-345-4470,2026-06-01 10:05:40,1050,VOICE,,4G,0.1,1.75
R09-0001544,9,Goldfield,+1-749-996-3455,+1-244-694-3468,2026-06-01 09:56:59,1415,VOICE,,4G,0.1,2.36
R09-0001545,9,Goldfield,+1-976-938-2470,+1-286-659-9928,2026-06-01 04:55:18,1947,VOICE,,4G,0.1,3.25
R09-0001546,9,Goldfield,+1-527-420-8719,+1-263-693-5611,2026-06-01 17:12:15,3177,VOICE,,3G,0.12,6.35
R09-0001547,9,Goldfield,+1-971-392-9771,+1-660-893-3080,2026-06-01 22:21:23,0,SMS,,3G,0.0,0.05
R09-0001548,9,Goldfield,+1-561-234-9710,+1-981-946-9601,2026-06-01 01:08:04,0,SMS,,4G,0.0,0.05
R09-0001549,9,Goldfield,+1-463-256-4458,+1-511-903-2107,2026-06-01 04:09:53,1558,VOICE,,5G,0.08,2.08
R09-0001550,9,Goldfield,+1-281-203-7779,+1-763-279-3531,2026-06-01 19:18:07,3036,VOICE,,5G,0.08,4.05
R09-0001551,9,Goldfield,+1-268-961-4809,+1-546-955-3015,2026-06-01 14:11:46,1274,VOICE,,3G,0.12,2.55
R09-0001552,9,Goldfield,+1-846-671-8304,,2026-06-01 00:27:52,1109,DATA,477532067,4G,0.0,4.78
R09-0001553,9,Goldfield,+1-543-379-3485,+1-957-969-8015,2026-06-01 08:24:47,0,SMS,,5G,0.0,0.05
R09-0001554,9,Goldfield,+1-368-906-9152,+1-466-273-4643,2026-06-01 21:32:37,1194,VOICE,,5G,0.08,1.59
R09-0001555,9,Goldfield,+1-703-790-9810,,2026-06-01 19:07:36,1283,DATA,185912665,5G,0.0,1.86
R09-0001556,9,Goldfield,+1-712-661-5849,+1-362-578-1520,2026-06-01 02:25:30,2799,VOICE,,5G,0.08,3.73
R09-0001557,9,Goldfield,+1-849-687-1738,+1-326-303-9431,2026-06-01 00:12:13,2692,VOICE,,5G,0.08,3.59
R09-0001558,9,Goldfield,+1-829-347-2920,+1-467-262-5495,2026-06-01 23:36:58,0,SMS,,5G,0.0,0.05
R09-0001559,9,Goldfield,+1-310-222-6330,+1-905-904-6427,2026-06-01 21:21:09,373,VOICE,,5G,0.08,0.5
R09-0001560,9,Goldfield,+1-394-403-2010,+1-283-978-4692,2026-06-01 00:21:24,1410,VOICE,,4G,0.1,2.35
R09-0001561,9,Goldfield,+1-656-515-1455,+1-894-640-1033,2026-06-01 21:06:09,0,SMS,,4G,0.0,0.05
R09-0001562,9,Goldfield,+1-615-393-2434,,2026-06-01 07:31:34,5609,DATA,270697341,5G,0.0,2.71
R09-0001563,9,Goldfield,+1-707-383-5687,+1-310-479-2268,2026-06-01 06:35:46,2589,VOICE,,5G,0.08,3.45
R09-0001564,9,Goldfield,+1-554-205-4201,+1-777-740-5376,2026-06-01 14:29:24,0,SMS,,3G,0.0,0.05
R09-0001565,9,Goldfield,+1-311-838-9288,+1-879-554-2010,2026-06-01 14:32:53,2497,VOICE,,4G,0.1,4.16
R09-0001566,9,Goldfield,+1-473-807-9925,+1-668-666-8529,2026-06-01 10:08:59,0,SMS,,3G,0.0,0.05
R09-0001567,9,Goldfield,+1-910-723-8487,+1-400-516-1593,2026-06-01 22:06:07,1808,VOICE,,5G,0.08,2.41
R09-0001568,9,Goldfield,+1-395-286-1452,+1-385-737-6948,2026-06-01 22:34:30,0,SMS,,4G,0.0,0.05
R09-0001569,9,Goldfield,+1-982-823-0621,+1-246-202-9573,2026-06-01 10:28:54,0,SMS,,5G,0.0,0.05
R09-0001570,9,Goldfield,+1-658-459-9551,,2026-06-01 00:58:16,2834,DATA,211567143,5G,0.0,2.12
R09-0001571,9,Goldfield,+1-665-204-3470,+1-906-650-4526,2026-06-01 02:06:14,1167,VOICE,,4G,0.1,1.95
R09-0001572,9,Goldfield,+1-561-225-0077,+1-660-416-5397,2026-06-01 08:36:47,0,SMS,,4G,0.0,0.05
R09-0001573,9,Goldfield,+1-719-872-1613,,2026-06-01 09:40:35,6771,DATA,123530961,5G,0.0,1.24
R09-0001574,9,Goldfield,+1-526-361-2302,+1-975-364-5250,2026-06-01 20:21:58,2226,VOICE,,4G,0.1,3.71
R09-0001575,9,Goldfield,+1-421-574-0878,+1-642-807-5141,2026-06-01 10:20:49,3081,VOICE,,5G,0.08,4.11
R09-0001576,9,Goldfield,+1-283-616-5329,,2026-06-01 01:09:49,1566,DATA,338109812,4G,0.0,3.38
R09-0001577,9,Goldfield,+1-816-819-4589,+1-985-881-9265,2026-06-01 17:54:29,3542,VOICE,,4G,0.1,5.9
R09-0001578,9,Goldfield,+1-516-597-6997,+1-758-253-6008,2026-06-01 06:38:30,3351,VOICE,,5G,0.08,4.47
R09-0001579,9,Goldfield,+1-409-885-6623,,2026-06-01 13:17:51,5329,DATA,459383379,3G,0.0,4.59
R09-0001580,9,Goldfield,+1-638-299-0693,+1-642-222-4872,2026-06-01 15:05:26,0,SMS,,4G,0.0,0.05
R09-0001581,9,Goldfield,+1-526-664-7013,,2026-06-01 20:56:31,3794,DATA,352411169,5G,0.0,3.52
R09-0001582,9,Goldfield,+1-837-582-5481,+1-447-658-8171,2026-06-01 09:27:47,3278,VOICE,,4G,0.1,5.46
R09-0001583,9,Goldfield,+1-755-450-2458,+1-272-588-3482,2026-06-01 02:30:58,3011,VOICE,,4G,0.1,5.02
R09-0001584,9,Goldfield,+1-894-561-6071,+1-781-754-8265,2026-06-01 06:14:49,0,SMS,,5G,0.0,0.05
R09-0001585,9,Goldfield,+1-545-568-1581,,2026-06-01 10:14:38,466,DATA,206568133,3G,0.0,2.07
R09-0001586,9,Goldfield,+1-952-540-0685,+1-498-539-4891,2026-06-01 02:30:01,1046,VOICE,,5G,0.08,1.39
R09-0001587,9,Goldfield,+1-854-649-5274,+1-321-561-8115,2026-06-01 21:48:30,0,SMS,,4G,0.0,0.05
R09-0001588,9,Goldfield,+1-337-806-3631,+1-661-675-2852,2026-06-01 21:20:26,2089,VOICE,,4G,0.1,3.48
R09-0001589,9,Goldfield,+1-914-764-4145,+1-539-681-5624,2026-06-01 04:01:08,1690,VOICE,,4G,0.1,2.82
R09-0001590,9,Goldfield,+1-364-440-6518,+1-791-316-2851,2026-06-01 02:48:01,769,VOICE,,3G,0.12,1.54
R09-0001591,9,Goldfield,+1-845-561-1759,+1-452-401-7300,2026-06-01 01:42:49,817,VOICE,,5G,0.08,1.09
R09-0001592,9,Goldfield,+1-932-379-2535,+1-656-755-9386,2026-06-01 15:42:35,0,SMS,,3G,0.0,0.05
R09-0001593,9,Goldfield,+1-238-605-2142,+1-789-397-1730,2026-06-01 03:29:14,0,SMS,,5G,0.0,0.05
R09-0001594,9,Goldfield,+1-453-379-8507,+1-860-296-3004,2026-06-01 01:38:15,0,SMS,,4G,0.0,0.05
R09-0001595,9,Goldfield,+1-706-883-5786,+1-444-454-5678,2026-06-01 05:48:07,0,SMS,,4G,0.0,0.05
R09-0001596,9,Goldfield,+1-872-924-8923,+1-816-552-4789,2026-06-01 06:51:01,981,VOICE,,3G,0.12,1.96
R09-0001597,9,Goldfield,+1-657-667-7266,,2026-06-01 05:29:18,3133,DATA,490115872,3G,0.0,4.9
R09-0001598,9,Goldfield,+1-494-563-1418,+1-774-246-2021,2026-06-01 18:55:55,1398,VOICE,,5G,0.08,1.86
R09-0001599,9,Goldfield,+1-485-531-7821,+1-540-658-7344,2026-06-01 04:20:14,0,VOICE,,5G,0.08,0.0
R09-0001600,9,Goldfield,+1-343-236-3278,,2026-06-01 17:42:01,3427,DATA,164296206,4G,0.0,1.64
R09-0001601,9,Goldfield,+1-731-444-9093,+1-862-337-1245,2026-06-01 16:44:04,2545,VOICE,,5G,0.08,3.39
R09-0001602,9,Goldfield,+1-658-468-1265,+1-765-849-2663,2026-06-01 03:53:40,2956,VOICE,,3G,0.12,5.91
R09-0001603,9,Goldfield,+1-384-321-6045,+1-972-477-9058,2026-06-01 07:27:30,1098,VOICE,,5G,0.08,1.46
R09-0001604,9,Goldfield,+1-639-234-8598,,2026-06-01 17:01:45,6849,DATA,256702523,5G,0.0,2.57
R09-0001605,9,Goldfield,+1-289-552-4950,+1-318-447-3763,2026-06-01 15:31:48,0,SMS,,5G,0.0,0.05
R09-0001606,9,Goldfield,+1-918-483-7804,+1-237-993-1930,2026-06-01 09:44:54,2433,VOICE,,4G,0.1,4.05
R09-0001607,9,Goldfield,+1-381-996-8298,+1-328-503-5937,2026-06-01 07:55:27,2955,VOICE,,4G,0.1,4.93
R09-0001608,9,Goldfield,+1-989-817-5361,,2026-06-01 08:57:35,5558,DATA,398839563,3G,0.0,3.99
R09-0001609,9,Goldfield,+1-519-753-8062,+1-566-451-1799,2026-06-01 18:02:49,0,SMS,,5G,0.0,0.05
R09-0001610,9,Goldfield,+1-253-516-2573,,2026-06-01 09:30:52,2332,DATA,88954976,4G,0.0,0.89
R09-0001611,9,Goldfield,+1-371-439-2313,+1-352-244-1382,2026-06-01 07:34:19,399,VOICE,,4G,0.1,0.67
R09-0001612,9,Goldfield,+1-682-305-0013,+1-823-202-4433,2026-06-01 15:18:18,1072,VOICE,,5G,0.08,1.43
R09-0001613,9,Goldfield,+1-796-837-9953,+1-417-810-6126,2026-06-01 22:13:47,1288,VOICE,,5G,0.08,1.72
R09-0001614,9,Goldfield,+1-928-250-6866,+1-548-901-0056,2026-06-01 15:02:27,0,SMS,,4G,0.0,0.05
R09-0001615,9,Goldfield,+1-631-677-1820,,2026-06-01 01:01:15,2688,DATA,173479485,5G,0.0,1.73
R09-0001616,9,Goldfield,+1-276-674-5596,,2026-06-01 02:57:57,4487,DATA,425979197,5G,0.0,4.26
R09-0001617,9,Goldfield,+1-744-749-9714,+1-360-204-6408,2026-06-01 05:35:49,0,SMS,,4G,0.0,0.05
R09-0001618,9,Goldfield,+1-212-338-1770,+1-325-346-5115,2026-06-01 16:01:02,0,SMS,,4G,0.0,0.05
R09-0001619,9,Goldfield,+1-383-952-0148,,2026-06-01 09:21:36,7124,DATA,32499778,4G,0.0,0.32
R09-0001620,9,Goldfield,+1-813-628-6743,+1-883-990-4947,2026-06-01 17:44:10,188,VOICE,,4G,0.1,0.31
R09-0001621,9,Goldfield,+1-874-613-3439,,2026-06-01 13:18:33,4070,DATA,39381598,4G,0.0,0.39
R09-0001622,9,Goldfield,+1-719-813-7844,+1-398-991-5278,2026-06-01 20:24:41,0,SMS,,4G,0.0,0.05
R09-0001623,9,Goldfield,+1-303-343-9548,+1-217-930-8198,2026-06-01 16:57:53,0,SMS,,5G,0.0,0.05
R09-0001624,9,Goldfield,+1-321-348-2193,+1-923-909-3473,2026-06-01 16:13:50,1938,VOICE,,4G,0.1,3.23
R09-0001625,9,Goldfield,+1-708-480-7527,+1-948-319-6355,2026-06-01 02:21:39,0,SMS,,4G,0.0,0.05
R09-0001626,9,Goldfield,+1-395-505-2180,,2026-06-01 11:06:41,6563,DATA,181246239,4G,0.0,1.81
R09-0001627,9,Goldfield,+1-850-656-5350,+1-690-472-1949,2026-06-01 20:35:24,0,SMS,,4G,0.0,0.05
R09-0001628,9,Goldfield,+1-629-825-3745,,2026-06-01 19:30:31,5468,DATA,239330153,4G,0.0,2.39
R09-0001629,9,Goldfield,+1-306-396-6633,,2026-06-01 01:20:57,1548,DATA,429923053,4G,0.0,4.3
R09-0001630,9,Goldfield,+1-456-720-6174,+1-789-717-4282,2026-06-01 04:16:38,1722,VOICE,,4G,0.1,2.87
R09-0001631,9,Goldfield,+1-774-880-9080,+1-841-814-3374,2026-06-01 00:46:51,1477,VOICE,,4G,0.1,2.46
R09-0001632,9,Goldfield,+1-266-538-5020,,2026-06-01 07:47:58,1695,DATA,5861953,5G,0.0,0.06
R09-0001633,9,Goldfield,+1-824-789-5247,+1-788-912-2453,2026-06-01 03:15:04,0,SMS,,5G,0.0,0.05
R09-0001634,9,Goldfield,+1-538-278-2354,+1-604-404-4940,2026-06-01 16:10:36,0,SMS,,4G,0.0,0.05
R09-0001635,9,Goldfield,+1-294-478-9453,+1-590-337-8472,2026-06-01 00:37:32,1752,VOICE,,4G,0.1,2.92
R09-0001636,9,Goldfield,+1-330-571-4173,,2026-06-01 04:42:16,7036,DATA,100634005,4G,0.0,1.01
R09-0001637,9,Goldfield,+1-870-539-5868,+1-544-347-1420,2026-06-01 19:56:44,1733,VOICE,,4G,0.1,2.89
R09-0001638,9,Goldfield,+1-690-916-2756,+1-930-419-4811,2026-06-01 06:43:16,0,SMS,,3G,0.0,0.05
R09-0001639,9,Goldfield,+1-669-762-7630,+1-815-829-8990,2026-06-01 14:05:20,1711,VOICE,,3G,0.12,3.42
R09-0001640,9,Goldfield,+1-497-295-9474,+1-678-710-5538,2026-06-01 21:24:26,2266,VOICE,,4G,0.1,3.78
R09-0001641,9,Goldfield,+1-416-359-2932,+1-776-313-2067,2026-06-01 17:32:31,1364,VOICE,,4G,0.1,2.27
R09-0001642,9,Goldfield,+1-565-340-4408,+1-566-211-4117,2026-06-01 10:34:25,799,VOICE,,4G,0.1,1.33
R09-0001643,9,Goldfield,+1-546-294-8777,+1-930-395-5094,2026-06-01 09:01:18,3217,VOICE,,4G,0.1,5.36
R09-0001644,9,Goldfield,+1-663-382-4057,+1-281-956-3008,2026-06-01 18:32:03,0,SMS,,4G,0.0,0.05
R09-0001645,9,Goldfield,+1-884-295-8730,+1-332-394-8176,2026-06-01 19:00:23,612,VOICE,,4G,0.1,1.02
R09-0001646,9,Goldfield,+1-595-780-4859,+1-786-915-8771,2026-06-01 22:24:19,0,SMS,,5G,0.0,0.05
R09-0001647,9,Goldfield,+1-363-213-3338,,2026-06-01 20:27:26,81,DATA,297401896,5G,0.0,2.97
R09-0001648,9,Goldfield,+1-759-593-5951,+1-699-625-4553,2026-06-01 10:55:32,0,SMS,,4G,0.0,0.05
R09-0001649,9,Goldfield,+1-313-323-4593,+1-355-469-8842,2026-06-01 23:33:08,0,SMS,,3G,0.0,0.05
R09-0001650,9,Goldfield,+1-226-541-3867,,2026-06-01 06:16:28,1613,DATA,277831721,4G,0.0,2.78
R09-0001651,9,Goldfield,+1-885-902-3580,+1-806-421-1480,2026-06-01 01:59:38,0,SMS,,4G,0.0,0.05
R09-0001652,9,Goldfield,+1-546-905-0775,+1-482-799-1112,2026-06-01 00:58:45,323,VOICE,,4G,0.1,0.54
R09-0001653,9,Goldfield,+1-541-729-8205,+1-789-903-5624,2026-06-01 23:59:56,184,VOICE,,5G,0.08,0.25
R09-0001654,9,Goldfield,+1-251-435-4996,+1-880-574-3851,2026-06-01 12:12:34,29,VOICE,,5G,0.08,0.04
R09-0001655,9,Goldfield,+1-945-803-5879,+1-508-875-2809,2026-06-01 12:48:46,2870,VOICE,,5G,0.08,3.83
R09-0001656,9,Goldfield,+1-505-980-2468,+1-454-898-0948,2026-06-01 01:26:16,0,SMS,,4G,0.0,0.05
R09-0001657,9,Goldfield,+1-842-925-5362,+1-444-602-9423,2026-06-01 12:27:11,0,SMS,,5G,0.0,0.05
R09-0001658,9,Goldfield,+1-376-715-5286,+1-646-528-3600,2026-06-01 12:51:35,0,SMS,,4G,0.0,0.05
R09-0001659,9,Goldfield,+1-379-709-4819,,2026-06-01 18:30:06,5925,DATA,352307852,3G,0.0,3.52
R09-0001660,9,Goldfield,+1-975-991-2821,+1-461-329-3914,2026-06-01 12:58:01,0,SMS,,5G,0.0,0.05
R09-0001661,9,Goldfield,+1-395-587-5622,+1-679-826-8219,2026-06-01 11:50:03,0,SMS,,4G,0.0,0.05
R09-0001662,9,Goldfield,+1-896-967-7175,+1-910-470-5365,2026-06-01 11:02:17,0,SMS,,5G,0.0,0.05
R09-0001663,9,Goldfield,+1-848-771-1255,+1-816-889-7526,2026-06-01 08:52:05,1920,VOICE,,4G,0.1,3.2
R09-0001664,9,Goldfield,+1-508-673-8020,,2026-06-01 08:34:31,6944,DATA,356273058,3G,0.0,3.56
R09-0001665,9,Goldfield,+1-439-402-8604,+1-210-426-9779,2026-06-01 09:55:23,2352,VOICE,,3G,0.12,4.7
R09-0001666,9,Goldfield,+1-752-561-3512,+1-625-771-8708,2026-06-01 00:20:14,0,SMS,,4G,0.0,0.05
R09-0001667,9,Goldfield,+1-498-787-5200,+1-529-785-9540,2026-06-01 18:44:57,0,SMS,,5G,0.0,0.05
R09-0001668,9,Goldfield,+1-652-501-6151,,2026-06-01 20:45:29,3190,DATA,298410679,3G,0.0,2.98
R09-0001669,9,Goldfield,+1-540-426-8239,+1-760-747-6637,2026-06-01 12:32:30,2049,VOICE,,4G,0.1,3.42
R09-0001670,9,Goldfield,+1-829-278-8673,+1-959-458-6893,2026-06-01 02:54:15,0,SMS,,4G,0.0,0.05
R09-0001671,9,Goldfield,+1-339-273-0584,+1-347-447-0741,2026-06-01 15:18:32,0,SMS,,3G,0.0,0.05
R09-0001672,9,Goldfield,+1-396-800-0126,+1-347-634-6172,2026-06-01 19:30:31,0,VOICE,,5G,0.08,0.0
R09-0001673,9,Goldfield,+1-536-993-5254,+1-795-518-8563,2026-06-01 08:08:24,648,VOICE,,4G,0.1,1.08
R09-0001674,9,Goldfield,+1-509-760-1595,+1-720-283-4965,2026-06-01 01:15:08,3478,VOICE,,4G,0.1,5.8
R09-0001675,9,Goldfield,+1-420-781-3990,+1-735-474-6034,2026-06-01 13:44:13,2071,VOICE,,5G,0.08,2.76
R09-0001676,9,Goldfield,+1-228-243-5952,+1-349-617-4302,2026-06-01 22:02:53,0,VOICE,,4G,0.1,0.0
R09-0001677,9,Goldfield,+1-285-417-7679,+1-489-695-1628,2026-06-01 23:00:18,0,SMS,,5G,0.0,0.05
R09-0001678,9,Goldfield,+1-417-932-7893,+1-268-832-6798,2026-06-01 15:53:28,1570,VOICE,,5G,0.08,2.09
R09-0001679,9,Goldfield,+1-704-423-1674,,2026-06-01 02:54:03,1621,DATA,204226340,3G,0.0,2.04
R09-0001680,9,Goldfield,+1-340-620-2159,+1-435-303-8050,2026-06-01 17:16:15,872,VOICE,,4G,0.1,1.45
R09-0001681,9,Goldfield,+1-266-236-6588,+1-389-903-8975,2026-06-01 20:15:41,2062,VOICE,,4G,0.1,3.44
R09-0001682,9,Goldfield,+1-953-508-6718,,2026-06-01 12:35:30,4209,DATA,167648916,4G,0.0,1.68
R09-0001683,9,Goldfield,+1-592-228-7317,,2026-06-01 14:58:28,3858,DATA,467253432,4G,0.0,4.67
R09-0001684,9,Goldfield,+1-269-410-4530,+1-430-238-8135,2026-06-01 17:25:10,0,SMS,,5G,0.0,0.05
R09-0001685,9,Goldfield,+1-719-747-3937,,2026-06-01 07:34:27,5130,DATA,215612015,5G,0.0,2.16
R09-0001686,9,Goldfield,+1-254-946-7003,+1-622-406-4150,2026-06-01 09:54:52,37,VOICE,,4G,0.1,0.06
R09-0001687,9,Goldfield,+1-556-889-4561,,2026-06-01 06:37:14,317,DATA,56990654,4G,0.0,0.57
R09-0001688,9,Goldfield,+1-683-849-9306,+1-200-568-0101,2026-06-01 22:11:10,0,SMS,,4G,0.0,0.05
R09-0001689,9,Goldfield,+1-943-403-8939,+1-577-441-0549,2026-06-01 13:24:06,0,SMS,,5G,0.0,0.05
R09-0001690,9,Goldfield,+1-912-556-3301,+1-827-606-7204,2026-06-01 03:27:17,0,SMS,,4G,0.0,0.05
R09-0001691,9,Goldfield,+1-654-434-6308,+1-660-768-7727,2026-06-01 21:35:58,0,SMS,,5G,0.0,0.05
R09-0001692,9,Goldfield,+1-832-608-0628,+1-630-559-5036,2026-06-01 01:48:40,2084,VOICE,,3G,0.12,4.17
R09-0001693,9,Goldfield,+1-293-343-0308,+1-308-819-1035,2026-06-01 11:24:28,0,SMS,,4G,0.0,0.05
R09-0001694,9,Goldfield,+1-253-646-0449,+1-633-575-4369,2026-06-01 02:43:54,765,VOICE,,5G,0.08,1.02
R09-0001695,9,Goldfield,+1-528-801-2033,+1-989-310-4447,2026-06-01 04:31:02,811,VOICE,,3G,0.12,1.62
R09-0001696,9,Goldfield,+1-474-960-7066,+1-605-740-3539,2026-06-01 17:48:24,937,VOICE,,3G,0.12,1.87
R09-0001697,9,Goldfield,+1-564-775-5266,+1-678-756-2948,2026-06-01 21:39:49,0,SMS,,3G,0.0,0.05
R09-0001698,9,Goldfield,+1-958-556-1735,+1-433-774-7663,2026-06-01 17:02:40,0,SMS,,3G,0.0,0.05
R09-0001699,9,Goldfield,+1-402-312-6395,+1-540-382-2361,2026-06-01 17:00:27,957,VOICE,,4G,0.1,1.59
R09-0001700,9,Goldfield,+1-515-884-3878,+1-622-411-4342,2026-06-01 18:50:53,0,SMS,,4G,0.0,0.05
R09-0001701,9,Goldfield,+1-384-316-2297,+1-759-607-9851,2026-06-01 20:43:31,3557,VOICE,,5G,0.08,4.74
R09-0001702,9,Goldfield,+1-646-205-5678,+1-288-872-6437,2026-06-01 09:11:13,0,VOICE,,4G,0.1,0.0
R09-0001703,9,Goldfield,+1-815-658-1004,+1-206-777-9742,2026-06-01 00:36:08,3405,VOICE,,4G,0.1,5.68
R09-0001704,9,Goldfield,+1-691-380-7531,+1-789-767-1514,2026-06-01 17:39:41,0,SMS,,4G,0.0,0.05
R09-0001705,9,Goldfield,+1-724-209-5935,,2026-06-01 22:35:10,5828,DATA,471716402,4G,0.0,4.72
R09-0001706,9,Goldfield,+1-408-268-6446,,2026-06-01 17:07:31,5428,DATA,169954882,4G,0.0,1.7
R09-0001707,9,Goldfield,+1-691-917-6854,+1-594-415-3172,2026-06-01 00:09:54,0,SMS,,4G,0.0,0.05
R09-0001708,9,Goldfield,+1-460-363-5931,,2026-06-01 16:08:36,661,DATA,783831,4G,0.0,0.01
R09-0001709,9,Goldfield,+1-910-982-3497,+1-290-467-5729,2026-06-01 17:06:30,0,SMS,,3G,0.0,0.05
R09-0001710,9,Goldfield,+1-719-356-9068,+1-220-949-6333,2026-06-01 08:42:25,0,SMS,,5G,0.0,0.05
R09-0001711,9,Goldfield,+1-637-639-5843,+1-889-476-8204,2026-06-01 14:14:42,0,SMS,,4G,0.0,0.05
R09-0001712,9,Goldfield,+1-253-286-4009,+1-295-951-6675,2026-06-01 03:52:19,1571,VOICE,,4G,0.1,2.62
R09-0001713,9,Goldfield,+1-936-677-3493,+1-400-260-2237,2026-06-01 15:56:23,1098,VOICE,,4G,0.1,1.83
R09-0001714,9,Goldfield,+1-425-297-7365,+1-551-530-6505,2026-06-01 16:43:32,2682,VOICE,,3G,0.12,5.36
R09-0001715,9,Goldfield,+1-591-997-0062,+1-953-906-2518,2026-06-01 10:52:58,3512,VOICE,,5G,0.08,4.68
R09-0001716,9,Goldfield,+1-809-351-0735,+1-269-963-1942,2026-06-01 07:07:57,1299,VOICE,,4G,0.1,2.17
R09-0001717,9,Goldfield,+1-454-378-2893,+1-906-376-3384,2026-06-01 20:48:10,1927,VOICE,,5G,0.08,2.57
R09-0001718,9,Goldfield,+1-209-738-9024,+1-946-275-6290,2026-06-01 21:55:43,1253,VOICE,,4G,0.1,2.09
R09-0001719,9,Goldfield,+1-515-297-2124,+1-578-842-5374,2026-06-01 00:18:08,2203,VOICE,,3G,0.12,4.41
R09-0001720,9,Goldfield,+1-327-984-2424,+1-282-916-3486,2026-06-01 13:29:13,0,SMS,,4G,0.0,0.05
R09-0001721,9,Goldfield,+1-302-312-9722,+1-216-899-6134,2026-06-01 01:18:36,0,SMS,,4G,0.0,0.05
R09-0001722,9,Goldfield,+1-451-368-1979,+1-548-234-8813,2026-06-01 08:22:37,3382,VOICE,,5G,0.08,4.51
R09-0001723,9,Goldfield,+1-759-267-6732,+1-886-212-8703,2026-06-01 22:52:19,439,VOICE,,5G,0.08,0.59
R09-0001724,9,Goldfield,+1-221-938-1400,+1-209-559-2838,2026-06-01 19:08:41,0,SMS,,4G,0.0,0.05
R09-0001725,9,Goldfield,+1-759-822-2889,+1-428-563-8170,2026-06-01 13:42:07,1854,VOICE,,5G,0.08,2.47
R09-0001726,9,Goldfield,+1-608-514-2454,+1-377-575-9546,2026-06-01 07:08:41,3003,VOICE,,4G,0.1,5.0
R09-0001727,9,Goldfield,+1-854-581-3569,+1-641-471-6279,2026-06-01 09:09:10,1606,VOICE,,4G,0.1,2.68
R09-0001728,9,Goldfield,+1-706-837-7958,+1-259-671-0752,2026-06-01 16:13:20,0,SMS,,4G,0.0,0.05
R09-0001729,9,Goldfield,+1-978-876-4050,+1-499-932-0313,2026-06-01 12:45:53,0,SMS,,5G,0.0,0.05
R09-0001730,9,Goldfield,+1-788-671-4728,+1-412-738-3919,2026-06-01 20:13:30,2873,VOICE,,4G,0.1,4.79
R09-0001731,9,Goldfield,+1-913-739-5547,+1-911-628-0628,2026-06-01 09:52:28,0,SMS,,5G,0.0,0.05
R09-0001732,9,Goldfield,+1-891-239-1781,+1-520-287-4518,2026-06-01 01:38:43,0,SMS,,4G,0.0,0.05
R09-0001733,9,Goldfield,+1-607-763-1234,+1-548-861-6634,2026-06-01 02:15:22,0,SMS,,3G,0.0,0.05
R09-0001734,9,Goldfield,+1-325-265-3410,+1-426-253-2048,2026-06-01 03:34:09,3439,VOICE,,5G,0.08,4.59
R09-0001735,9,Goldfield,+1-626-643-5625,+1-524-575-4171,2026-06-01 00:04:59,747,VOICE,,5G,0.08,1.0
R09-0001736,9,Goldfield,+1-905-332-7968,+1-347-396-7821,2026-06-01 08:54:46,0,SMS,,4G,0.0,0.05
R09-0001737,9,Goldfield,+1-478-986-2364,+1-592-347-1384,2026-06-01 05:14:06,3053,VOICE,,4G,0.1,5.09
R09-0001738,9,Goldfield,+1-365-730-2714,+1-468-911-9274,2026-06-01 15:23:24,2690,VOICE,,4G,0.1,4.48
R09-0001739,9,Goldfield,+1-737-870-2485,+1-949-279-2568,2026-06-01 11:13:11,1873,VOICE,,5G,0.08,2.5
R09-0001740,9,Goldfield,+1-878-942-6903,,2026-06-01 01:52:10,3026,DATA,488555233,4G,0.0,4.89
R09-0001741,9,Goldfield,+1-268-761-8080,+1-662-385-3409,2026-06-01 01:40:11,0,SMS,,4G,0.0,0.05
R09-0001742,9,Goldfield,+1-286-412-6611,+1-744-960-5434,2026-06-01 22:36:01,261,VOICE,,4G,0.1,0.43
R09-0001743,9,Goldfield,+1-394-831-4042,,2026-06-01 01:26:05,5043,DATA,335561308,4G,0.0,3.36
R09-0001744,9,Goldfield,+1-776-666-3108,,2026-06-01 19:47:02,4710,DATA,227666953,4G,0.0,2.28
R09-0001745,9,Goldfield,+1-386-950-8186,,2026-06-01 17:26:39,4526,DATA,249178408,5G,0.0,2.49
R09-0001746,9,Goldfield,+1-647-507-1254,+1-413-607-4519,2026-06-01 23:22:25,3101,VOICE,,3G,0.12,6.2
R09-0001747,9,Goldfield,+1-411-567-2112,+1-707-598-3764,2026-06-01 15:10:45,0,SMS,,4G,0.0,0.05
R09-0001748,9,Goldfield,+1-525-329-9460,+1-253-328-4399,2026-06-01 15:09:45,0,VOICE,,4G,0.1,0.0
R09-0001749,9,Goldfield,+1-431-533-3555,,2026-06-01 09:02:27,1928,DATA,146081971,4G,0.0,1.46
R09-0001750,9,Goldfield,+1-766-293-2604,+1-523-532-8356,2026-06-01 02:16:53,0,SMS,,4G,0.0,0.05
R09-0001751,9,Goldfield,+1-368-288-9777,+1-377-923-0665,2026-06-01 02:01:04,0,SMS,,5G,0.0,0.05
R09-0001752,9,Goldfield,+1-725-846-4091,,2026-06-01 06:10:09,7092,DATA,367611200,4G,0.0,3.68
R09-0001753,9,Goldfield,+1-442-338-8652,,2026-06-01 13:49:49,4071,DATA,168599176,4G,0.0,1.69
R09-0001754,9,Goldfield,+1-827-947-8861,+1-504-577-5370,2026-06-01 20:13:37,0,SMS,,4G,0.0,0.05
R09-0001755,9,Goldfield,+1-876-751-7210,+1-238-526-2025,2026-06-01 07:38:06,3370,VOICE,,5G,0.08,4.49
R09-0001756,9,Goldfield,+1-564-900-7685,+1-710-905-4355,2026-06-01 12:17:05,0,SMS,,4G,0.0,0.05
R09-0001757,9,Goldfield,+1-752-606-3349,,2026-06-01 04:38:20,1590,DATA,145103707,4G,0.0,1.45
R09-0001758,9,Goldfield,+1-836-552-5791,+1-212-747-8176,2026-06-01 20:19:34,0,SMS,,5G,0.0,0.05
R09-0001759,9,Goldfield,+1-234-771-8935,+1-603-931-1217,2026-06-01 02:01:52,0,SMS,,3G,0.0,0.05
R09-0001760,9,Goldfield,+1-398-219-1409,,2026-06-01 22:22:52,4152,DATA,224713979,4G,0.0,2.25
R09-0001761,9,Goldfield,+1-913-346-1654,+1-480-908-1509,2026-06-01 03:07:23,399,VOICE,,5G,0.08,0.53
R09-0001762,9,Goldfield,+1-566-646-7688,+1-934-410-6829,2026-06-01 21:52:47,0,SMS,,5G,0.0,0.05
R09-0001763,9,Goldfield,+1-541-951-2056,+1-982-265-4736,2026-06-01 11:19:25,1670,VOICE,,4G,0.1,2.78
R09-0001764,9,Goldfield,+1-804-833-4554,+1-440-961-4499,2026-06-01 14:41:54,0,SMS,,3G,0.0,0.05
R09-0001765,9,Goldfield,+1-937-810-8230,+1-220-334-3416,2026-06-01 23:41:49,1568,VOICE,,4G,0.1,2.61
R09-0001766,9,Goldfield,+1-389-218-1920,+1-688-320-8735,2026-06-01 12:36:08,0,SMS,,4G,0.0,0.05
R09-0001767,9,Goldfield,+1-376-514-8206,+1-571-867-6787,2026-06-01 00:05:49,1364,VOICE,,4G,0.1,2.27
R09-0001768,9,Goldfield,+1-401-373-1247,+1-336-263-0131,2026-06-01 14:54:41,125,VOICE,,3G,0.12,0.25
R09-0001769,9,Goldfield,+1-434-436-1751,+1-608-951-0603,2026-06-01 04:49:42,0,SMS,,3G,0.0,0.05
R09-0001770,9,Goldfield,+1-298-380-4494,,2026-06-01 08:07:03,1996,DATA,484929894,4G,0.0,4.85
R09-0001771,9,Goldfield,+1-687-374-0848,+1-802-254-8593,2026-06-01 03:00:36,3508,VOICE,,3G,0.12,7.02
R09-0001772,9,Goldfield,+1-315-526-4589,+1-979-850-7907,2026-06-01 04:36:17,3139,VOICE,,5G,0.08,4.19
R09-0001773,9,Goldfield,+1-795-848-9598,+1-441-928-5890,2026-06-01 13:54:25,0,SMS,,5G,0.0,0.05
R09-0001774,9,Goldfield,+1-915-481-3652,+1-927-643-9665,2026-06-01 02:41:59,78,VOICE,,4G,0.1,0.13
R09-0001775,9,Goldfield,+1-837-233-2920,+1-463-920-5574,2026-06-01 21:27:03,0,SMS,,4G,0.0,0.05
R09-0001776,9,Goldfield,+1-590-971-7019,+1-871-260-2166,2026-06-01 15:08:19,0,SMS,,4G,0.0,0.05
R09-0001777,9,Goldfield,+1-785-880-1189,+1-226-837-9054,2026-06-01 10:11:16,0,SMS,,5G,0.0,0.05
R09-0001778,9,Goldfield,+1-857-637-7644,+1-945-713-9610,2026-06-01 19:11:59,1020,VOICE,,4G,0.1,1.7
R09-0001779,9,Goldfield,+1-228-638-9813,,2026-06-01 22:13:23,1017,DATA,94847897,5G,0.0,0.95
R09-0001780,9,Goldfield,+1-684-377-7138,+1-349-269-1258,2026-06-01 21:27:07,2401,VOICE,,3G,0.12,4.8
R09-0001781,9,Goldfield,+1-914-406-1482,+1-861-899-4753,2026-06-01 04:34:54,0,SMS,,5G,0.0,0.05
R09-0001782,9,Goldfield,+1-870-601-0306,+1-549-410-7886,2026-06-01 15:56:09,2528,VOICE,,4G,0.1,4.21
R09-0001783,9,Goldfield,+1-874-461-2142,+1-294-662-1444,2026-06-01 05:42:29,0,SMS,,4G,0.0,0.05
R09-0001784,9,Goldfield,+1-891-266-9705,+1-459-895-6630,2026-06-01 11:44:22,0,SMS,,4G,0.0,0.05
R09-0001785,9,Goldfield,+1-967-690-6267,,2026-06-01 03:43:54,3852,DATA,215324514,4G,0.0,2.15
R09-0001786,9,Goldfield,+1-648-593-3376,+1-250-215-7197,2026-06-01 07:28:04,0,SMS,,5G,0.0,0.05
R09-0001787,9,Goldfield,+1-957-788-1740,+1-476-291-5112,2026-06-01 11:13:13,704,VOICE,,3G,0.12,1.41
R09-0001788,9,Goldfield,+1-495-332-1114,+1-311-787-1542,2026-06-01 21:21:18,852,VOICE,,3G,0.12,1.7
R09-0001789,9,Goldfield,+1-893-521-7739,,2026-06-01 08:52:22,811,DATA,215404234,5G,0.0,2.15
R09-0001790,9,Goldfield,+1-589-214-0664,+1-243-902-9895,2026-06-01 06:38:42,470,VOICE,,5G,0.08,0.63
R09-0001791,9,Goldfield,+1-606-912-4643,+1-808-903-6311,2026-06-01 23:58:23,854,VOICE,,4G,0.1,1.42
R09-0001792,9,Goldfield,+1-506-589-1151,+1-235-694-1171,2026-06-01 02:12:53,0,SMS,,5G,0.0,0.05
R09-0001793,9,Goldfield,+1-737-718-7517,+1-431-784-2214,2026-06-01 10:03:43,0,SMS,,4G,0.0,0.05
R09-0001794,9,Goldfield,+1-795-315-4351,+1-473-327-4928,2026-06-01 22:00:39,1542,VOICE,,5G,0.08,2.06
R09-0001795,9,Goldfield,+1-870-574-6567,+1-433-635-1183,2026-06-01 05:54:07,0,SMS,,4G,0.0,0.05
R09-0001796,9,Goldfield,+1-612-801-1180,,2026-06-01 02:06:29,6976,DATA,428032607,4G,0.0,4.28
R09-0001797,9,Goldfield,+1-436-799-7320,,2026-06-01 07:33:08,2662,DATA,477108870,4G,0.0,4.77
R09-0001798,9,Goldfield,+1-373-295-0881,+1-557-766-1055,2026-06-01 01:28:57,628,VOICE,,5G,0.08,0.84
R09-0001799,9,Goldfield,+1-955-263-9728,+1-833-501-7169,2026-06-01 09:12:52,2428,VOICE,,3G,0.12,4.86
R09-0001800,9,Goldfield,+1-392-575-6475,,2026-06-01 10:32:54,6456,DATA,13534877,4G,0.0,0.14
R09-0001801,9,Goldfield,+1-927-222-2499,+1-800-530-6844,2026-06-01 11:25:10,1820,VOICE,,5G,0.08,2.43
R09-0001802,9,Goldfield,+1-208-302-4066,+1-643-880-8209,2026-06-01 02:46:47,2623,VOICE,,5G,0.08,3.5
R09-0001803,9,Goldfield,+1-285-868-1532,+1-550-245-0235,2026-06-01 05:26:30,2189,VOICE,,5G,0.08,2.92
R09-0001804,9,Goldfield,+1-770-223-2348,+1-277-883-1209,2026-06-01 21:56:46,275,VOICE,,4G,0.1,0.46
R09-0001805,9,Goldfield,+1-868-725-7727,+1-731-521-2653,2026-06-01 09:10:20,654,VOICE,,5G,0.08,0.87
R09-0001806,9,Goldfield,+1-569-984-5421,+1-877-582-6320,2026-06-01 20:47:58,3469,VOICE,,4G,0.1,5.78
R09-0001807,9,Goldfield,+1-790-423-0287,+1-575-351-2717,2026-06-01 13:00:58,0,SMS,,4G,0.0,0.05
R09-0001808,9,Goldfield,+1-332-702-3184,,2026-06-01 11:45:46,4287,DATA,426925333,3G,0.0,4.27
R09-0001809,9,Goldfield,+1-981-365-0030,+1-636-647-7258,2026-06-01 18:26:39,108,VOICE,,4G,0.1,0.18
R09-0001810,9,Goldfield,+1-956-431-3390,+1-862-442-2335,2026-06-01 21:29:51,0,SMS,,4G,0.0,0.05
R09-0001811,9,Goldfield,+1-281-237-5741,+1-288-720-9305,2026-06-01 10:09:10,751,VOICE,,4G,0.1,1.25
R09-0001812,9,Goldfield,+1-539-613-8901,,2026-06-01 10:43:00,2392,DATA,188920781,4G,0.0,1.89
R09-0001813,9,Goldfield,+1-349-206-0006,+1-949-204-7543,2026-06-01 05:40:59,657,VOICE,,5G,0.08,0.88
R09-0001814,9,Goldfield,+1-356-454-7797,+1-227-541-6576,2026-06-01 11:22:45,323,VOICE,,4G,0.1,0.54
R09-0001815,9,Goldfield,+1-694-553-9641,+1-227-256-7237,2026-06-01 17:33:07,1483,VOICE,,4G,0.1,2.47
R09-0001816,9,Goldfield,+1-583-374-1747,,2026-06-01 08:20:09,5326,DATA,177374154,4G,0.0,1.77
R09-0001817,9,Goldfield,+1-848-711-6297,,2026-06-01 04:49:09,4360,DATA,263150384,5G,0.0,2.63
R09-0001818,9,Goldfield,+1-912-526-4911,+1-208-321-1507,2026-06-01 08:39:37,2959,VOICE,,5G,0.08,3.95
R09-0001819,9,Goldfield,+1-587-783-2538,+1-419-352-3752,2026-06-01 08:30:06,3291,VOICE,,5G,0.08,4.39
R09-0001820,9,Goldfield,+1-721-256-7420,,2026-06-01 08:38:50,4999,DATA,495251017,4G,0.0,4.95
R09-0001821,9,Goldfield,+1-837-588-1717,+1-980-591-6586,2026-06-01 02:18:29,3260,VOICE,,5G,0.08,4.35
R09-0001822,9,Goldfield,+1-623-829-8713,+1-443-434-1918,2026-06-01 11:16:41,614,VOICE,,4G,0.1,1.02
R09-0001823,9,Goldfield,+1-590-347-5390,+1-965-540-9355,2026-06-01 10:46:30,822,VOICE,,3G,0.12,1.64
R09-0001824,9,Goldfield,+1-603-816-5858,,2026-06-01 07:02:53,6951,DATA,419804961,4G,0.0,4.2
R09-0001825,9,Goldfield,+1-968-391-0603,+1-640-662-8877,2026-06-01 11:31:27,0,SMS,,4G,0.0,0.05
R09-0001826,9,Goldfield,+1-588-205-4663,+1-319-868-3634,2026-06-01 04:24:58,0,SMS,,4G,0.0,0.05
R09-0001827,9,Goldfield,+1-491-512-8548,+1-505-501-9148,2026-06-01 12:31:17,0,SMS,,5G,0.0,0.05
R09-0001828,9,Goldfield,+1-607-725-4812,+1-888-533-0941,2026-06-01 07:15:25,2864,VOICE,,4G,0.1,4.77
R09-0001829,9,Goldfield,+1-691-389-5455,,2026-06-01 11:48:14,3071,DATA,295301377,4G,0.0,2.95
R09-0001830,9,Goldfield,+1-871-840-4582,+1-494-208-2616,2026-06-01 16:54:49,1393,VOICE,,4G,0.1,2.32
R09-0001831,9,Goldfield,+1-526-805-7808,+1-694-463-4393,2026-06-01 02:08:53,2553,VOICE,,5G,0.08,3.4
R09-0001832,9,Goldfield,+1-426-262-4604,+1-554-399-4902,2026-06-01 18:00:32,0,SMS,,4G,0.0,0.05
R09-0001833,9,Goldfield,+1-306-907-0753,+1-966-549-1547,2026-06-01 13:49:10,0,SMS,,4G,0.0,0.05
R09-0001834,9,Goldfield,+1-512-349-6094,+1-535-759-3179,2026-06-01 03:20:54,2041,VOICE,,5G,0.08,2.72
R09-0001835,9,Goldfield,+1-621-859-5300,,2026-06-01 15:26:44,807,DATA,360133883,4G,0.0,3.6
R09-0001836,9,Goldfield,+1-827-942-4858,+1-660-860-7939,2026-06-01 16:14:19,1535,VOICE,,4G,0.1,2.56
R09-0001837,9,Goldfield,+1-829-986-0370,+1-452-296-1411,2026-06-01 16:39:22,0,VOICE,,5G,0.08,0.0
R09-0001838,9,Goldfield,+1-883-760-9054,+1-949-997-1023,2026-06-01 05:18:39,1845,VOICE,,4G,0.1,3.08
R09-0001839,9,Goldfield,+1-615-773-6383,+1-844-332-4619,2026-06-01 22:11:07,660,VOICE,,3G,0.12,1.32
R09-0001840,9,Goldfield,+1-537-793-1960,+1-325-446-0837,2026-06-01 01:10:59,2446,VOICE,,5G,0.08,3.26
R09-0001841,9,Goldfield,+1-379-211-1699,,2026-06-01 07:06:32,2709,DATA,104531325,4G,0.0,1.05
R09-0001842,9,Goldfield,+1-617-280-4381,,2026-06-01 17:50:58,3365,DATA,149977437,4G,0.0,1.5
R09-0001843,9,Goldfield,+1-631-659-4821,+1-896-665-1703,2026-06-01 05:46:19,3097,VOICE,,4G,0.1,5.16
R09-0001844,9,Goldfield,+1-729-337-3234,+1-615-571-8903,2026-06-01 11:49:18,0,SMS,,4G,0.0,0.05
R09-0001845,9,Goldfield,+1-443-215-0097,,2026-06-01 09:33:50,2184,DATA,13055365,4G,0.0,0.13
R09-0001846,9,Goldfield,+1-552-354-2422,+1-695-418-3470,2026-06-01 11:09:50,0,SMS,,4G,0.0,0.05
R09-0001847,9,Goldfield,+1-574-776-5194,+1-910-378-0241,2026-06-01 18:19:00,0,SMS,,4G,0.0,0.05
R09-0001848,9,Goldfield,+1-765-556-7919,+1-856-729-4136,2026-06-01 15:54:21,1297,VOICE,,4G,0.1,2.16
R09-0001849,9,Goldfield,+1-627-804-9586,+1-241-385-1202,2026-06-01 22:40:17,267,VOICE,,4G,0.1,0.45
R09-0001850,9,Goldfield,+1-436-760-4545,+1-216-733-2895,2026-06-01 03:26:04,553,VOICE,,4G,0.1,0.92
R09-0001851,9,Goldfield,+1-938-752-4444,,2026-06-01 05:11:21,2516,DATA,461606904,4G,0.0,4.62
R09-0001852,9,Goldfield,+1-327-412-2439,+1-725-622-2795,2026-06-01 18:25:49,423,VOICE,,4G,0.1,0.71
R09-0001853,9,Goldfield,+1-764-550-7940,+1-409-767-6789,2026-06-01 04:50:25,3511,VOICE,,4G,0.1,5.85
R09-0001854,9,Goldfield,+1-978-326-8154,,2026-06-01 17:05:08,618,DATA,17331958,3G,0.0,0.17
R09-0001855,9,Goldfield,+1-921-472-4075,+1-218-967-3951,2026-06-01 18:49:40,358,VOICE,,5G,0.08,0.48
R09-0001856,9,Goldfield,+1-846-821-4107,+1-736-554-4140,2026-06-01 16:04:56,3305,VOICE,,5G,0.08,4.41
R09-0001857,9,Goldfield,+1-570-421-8127,+1-364-261-1946,2026-06-01 10:26:36,3048,VOICE,,3G,0.12,6.1
R09-0001858,9,Goldfield,+1-623-212-6457,+1-679-903-7319,2026-06-01 19:04:28,137,VOICE,,4G,0.1,0.23
R09-0001859,9,Goldfield,+1-836-836-5922,+1-669-920-8691,2026-06-01 09:18:55,0,SMS,,4G,0.0,0.05
R09-0001860,9,Goldfield,+1-855-892-6351,+1-425-469-7329,2026-06-01 03:11:43,0,SMS,,5G,0.0,0.05
R09-0001861,9,Goldfield,+1-331-382-1287,+1-249-380-3083,2026-06-01 18:54:38,785,VOICE,,4G,0.1,1.31
R09-0001862,9,Goldfield,+1-459-470-3850,+1-519-726-1010,2026-06-01 01:30:59,921,VOICE,,3G,0.12,1.84
R09-0001863,9,Goldfield,+1-612-383-7162,+1-556-225-0052,2026-06-01 19:36:54,612,VOICE,,5G,0.08,0.82
R09-0001864,9,Goldfield,+1-966-542-9903,+1-316-516-9398,2026-06-01 19:47:09,2438,VOICE,,4G,0.1,4.06
R09-0001865,9,Goldfield,+1-781-393-0343,+1-952-532-5151,2026-06-01 11:05:40,1743,VOICE,,4G,0.1,2.91
R09-0001866,9,Goldfield,+1-736-493-0466,+1-358-449-9480,2026-06-01 15:58:05,1663,VOICE,,3G,0.12,3.33
R09-0001867,9,Goldfield,+1-579-558-4694,,2026-06-01 17:46:28,1492,DATA,389615357,5G,0.0,3.9
R09-0001868,9,Goldfield,+1-525-694-0053,+1-837-906-2453,2026-06-01 09:43:19,2704,VOICE,,5G,0.08,3.61
R09-0001869,9,Goldfield,+1-867-760-1763,+1-964-909-8370,2026-06-01 09:41:20,1350,VOICE,,4G,0.1,2.25
R09-0001870,9,Goldfield,+1-643-967-7579,+1-413-687-5877,2026-06-01 04:48:19,0,VOICE,,4G,0.1,0.0
R09-0001871,9,Goldfield,+1-546-670-0799,+1-529-233-3356,2026-06-01 00:18:08,125,VOICE,,4G,0.1,0.21
R09-0001872,9,Goldfield,+1-634-640-3201,+1-637-257-0822,2026-06-01 08:23:47,192,VOICE,,4G,0.1,0.32
R09-0001873,9,Goldfield,+1-602-949-9930,+1-837-557-1120,2026-06-01 18:38:34,0,SMS,,5G,0.0,0.05
R09-0001874,9,Goldfield,+1-538-896-3118,+1-766-876-4861,2026-06-01 04:13:28,3371,VOICE,,4G,0.1,5.62
R09-0001875,9,Goldfield,+1-567-764-7621,+1-341-475-7708,2026-06-01 08:08:11,1593,VOICE,,3G,0.12,3.19
R09-0001876,9,Goldfield,+1-484-297-6000,+1-798-228-8438,2026-06-01 20:02:39,665,VOICE,,4G,0.1,1.11
R09-0001877,9,Goldfield,+1-389-460-8816,+1-564-715-6601,2026-06-01 18:26:50,1445,VOICE,,4G,0.1,2.41
R09-0001878,9,Goldfield,+1-700-641-2745,+1-869-622-9731,2026-06-01 05:14:30,1707,VOICE,,5G,0.08,2.28
R09-0001879,9,Goldfield,+1-275-362-9699,+1-479-396-3737,2026-06-01 04:25:34,1159,VOICE,,4G,0.1,1.93
R09-0001880,9,Goldfield,+1-611-235-2622,+1-413-634-5588,2026-06-01 10:21:03,0,SMS,,5G,0.0,0.05
R09-0001881,9,Goldfield,+1-458-709-2428,+1-499-510-3694,2026-06-01 02:51:09,1536,VOICE,,4G,0.1,2.56
R09-0001882,9,Goldfield,+1-763-960-7941,+1-520-712-6459,2026-06-01 18:50:23,3529,VOICE,,4G,0.1,5.88
R09-0001883,9,Goldfield,+1-590-476-5908,+1-298-936-1442,2026-06-01 12:11:10,0,SMS,,3G,0.0,0.05
R09-0001884,9,Goldfield,+1-421-727-2769,+1-885-958-3980,2026-06-01 23:12:22,1483,VOICE,,5G,0.08,1.98
R09-0001885,9,Goldfield,+1-518-607-5082,,2026-06-01 15:52:03,3932,DATA,198517671,3G,0.0,1.99
R09-0001886,9,Goldfield,+1-513-364-0050,+1-894-801-9025,2026-06-01 08:53:27,1593,VOICE,,5G,0.08,2.12
R09-0001887,9,Goldfield,+1-299-417-4225,+1-273-891-7863,2026-06-01 05:15:36,1955,VOICE,,5G,0.08,2.61
R09-0001888,9,Goldfield,+1-553-979-7976,+1-694-684-9193,2026-06-01 13:18:44,0,SMS,,3G,0.0,0.05
R09-0001889,9,Goldfield,+1-894-245-3295,+1-791-368-5981,2026-06-01 00:46:59,2394,VOICE,,4G,0.1,3.99
R09-0001890,9,Goldfield,+1-647-802-3116,+1-766-704-7424,2026-06-01 21:08:11,870,VOICE,,5G,0.08,1.16
R09-0001891,9,Goldfield,+1-373-351-6801,+1-609-851-6611,2026-06-01 05:07:14,72,VOICE,,4G,0.1,0.12
R09-0001892,9,Goldfield,+1-845-654-0285,+1-871-418-6905,2026-06-01 04:37:12,1793,VOICE,,5G,0.08,2.39
R09-0001893,9,Goldfield,+1-332-519-3328,,2026-06-01 10:09:50,6042,DATA,82432688,4G,0.0,0.82
R09-0001894,9,Goldfield,+1-533-613-9857,+1-907-528-5326,2026-06-01 16:30:45,2671,VOICE,,4G,0.1,4.45
R09-0001895,9,Goldfield,+1-897-374-0576,+1-248-527-2820,2026-06-01 23:04:54,0,SMS,,4G,0.0,0.05
R09-0001896,9,Goldfield,+1-641-484-2459,+1-431-815-2392,2026-06-01 15:52:52,0,VOICE,,5G,0.08,0.0
R09-0001897,9,Goldfield,+1-755-559-7710,+1-394-944-1480,2026-06-01 15:49:01,0,SMS,,4G,0.0,0.05
R09-0001898,9,Goldfield,+1-558-834-6805,+1-542-420-0905,2026-06-01 18:30:19,2535,VOICE,,4G,0.1,4.23
R09-0001899,9,Goldfield,+1-241-778-3592,+1-595-747-0022,2026-06-01 18:17:55,1484,VOICE,,4G,0.1,2.47
R09-0001900,9,Goldfield,+1-225-384-2953,,2026-06-01 04:47:53,807,DATA,41585508,4G,0.0,0.42
R09-0001901,9,Goldfield,+1-954-295-6608,+1-298-578-5992,2026-06-01 18:42:33,819,VOICE,,4G,0.1,1.37
R09-0001902,9,Goldfield,+1-842-324-9643,+1-434-404-1428,2026-06-01 03:10:40,1252,VOICE,,5G,0.08,1.67
R09-0001903,9,Goldfield,+1-229-991-5966,+1-974-377-5024,2026-06-01 13:47:35,1500,VOICE,,3G,0.12,3.0
R09-0001904,9,Goldfield,+1-321-887-0695,+1-787-320-3638,2026-06-01 14:53:59,0,SMS,,4G,0.0,0.05
R09-0001905,9,Goldfield,+1-742-698-7007,+1-217-423-6805,2026-06-01 18:25:44,0,VOICE,,5G,0.08,0.0
R09-0001906,9,Goldfield,+1-229-380-1740,+1-357-404-4502,2026-06-01 18:53:49,0,SMS,,3G,0.0,0.05
R09-0001907,9,Goldfield,+1-631-383-0856,,2026-06-01 22:47:49,7150,DATA,172597417,4G,0.0,1.73
R09-0001908,9,Goldfield,+1-457-682-8656,+1-490-763-7414,2026-06-01 12:21:27,2538,VOICE,,4G,0.1,4.23
R09-0001909,9,Goldfield,+1-847-323-2555,+1-435-636-6174,2026-06-01 03:13:46,1525,VOICE,,4G,0.1,2.54
R09-0001910,9,Goldfield,+1-293-320-1031,+1-841-982-1058,2026-06-01 14:05:54,0,VOICE,,4G,0.1,0.0
R09-0001911,9,Goldfield,+1-346-521-5068,+1-353-634-2775,2026-06-01 23:09:51,0,SMS,,4G,0.0,0.05
R09-0001912,9,Goldfield,+1-821-561-2050,+1-213-317-6961,2026-06-01 20:30:28,856,VOICE,,3G,0.12,1.71
R09-0001913,9,Goldfield,+1-591-837-5845,+1-424-808-0425,2026-06-01 17:39:46,96,VOICE,,5G,0.08,0.13
R09-0001914,9,Goldfield,+1-410-509-3345,+1-719-259-9626,2026-06-01 01:16:07,2481,VOICE,,3G,0.12,4.96
R09-0001915,9,Goldfield,+1-811-282-9821,+1-765-871-1074,2026-06-01 07:34:09,453,VOICE,,4G,0.1,0.76
R09-0001916,9,Goldfield,+1-876-914-6006,+1-916-819-8351,2026-06-01 11:03:04,228,VOICE,,3G,0.12,0.46
R09-0001917,9,Goldfield,+1-784-361-5256,+1-609-953-7531,2026-06-01 12:58:40,2047,VOICE,,5G,0.08,2.73
R09-0001918,9,Goldfield,+1-507-444-8383,+1-594-339-7263,2026-06-01 04:42:12,0,SMS,,4G,0.0,0.05
R09-0001919,9,Goldfield,+1-782-638-7973,+1-842-730-0097,2026-06-01 04:32:57,0,SMS,,5G,0.0,0.05
R09-0001920,9,Goldfield,+1-473-636-4644,+1-720-697-1808,2026-06-01 12:31:05,2403,VOICE,,4G,0.1,4.0
R09-0001921,9,Goldfield,+1-445-775-2041,+1-668-813-7381,2026-06-01 23:18:30,0,SMS,,4G,0.0,0.05
R09-0001922,9,Goldfield,+1-852-676-7417,+1-628-466-4146,2026-06-01 17:29:55,0,SMS,,3G,0.0,0.05
R09-0001923,9,Goldfield,+1-795-739-9887,+1-548-694-2672,2026-06-01 13:00:19,2943,VOICE,,5G,0.08,3.92
R09-0001924,9,Goldfield,+1-230-398-6928,+1-442-563-4023,2026-06-01 21:47:19,2642,VOICE,,4G,0.1,4.4
R09-0001925,9,Goldfield,+1-393-697-8512,+1-406-647-6239,2026-06-01 09:49:05,943,VOICE,,3G,0.12,1.89
R09-0001926,9,Goldfield,+1-557-300-9702,,2026-06-01 04:34:50,81,DATA,404250436,5G,0.0,4.04
R09-0001927,9,Goldfield,+1-451-981-9110,+1-640-579-7472,2026-06-01 00:12:27,2208,VOICE,,5G,0.08,2.94
R09-0001928,9,Goldfield,+1-732-637-6179,+1-376-463-6737,2026-06-01 18:40:50,0,SMS,,4G,0.0,0.05
R09-0001929,9,Goldfield,+1-429-359-2410,+1-241-894-6866,2026-06-01 11:45:31,0,SMS,,4G,0.0,0.05
R09-0001930,9,Goldfield,+1-301-312-7581,+1-353-978-3553,2026-06-01 06:30:31,0,SMS,,5G,0.0,0.05
R09-0001931,9,Goldfield,+1-884-923-1248,,2026-06-01 17:12:23,6219,DATA,183968240,4G,0.0,1.84
R09-0001932,9,Goldfield,+1-982-269-7354,,2026-06-01 05:24:39,3675,DATA,50062871,4G,0.0,0.5
R09-0001933,9,Goldfield,+1-505-993-3747,+1-436-993-7395,2026-06-01 07:46:52,1565,VOICE,,4G,0.1,2.61
R09-0001934,9,Goldfield,+1-682-251-8465,+1-750-804-3630,2026-06-01 01:04:55,1845,VOICE,,4G,0.1,3.08
R09-0001935,9,Goldfield,+1-427-657-2762,+1-898-312-7196,2026-06-01 12:08:43,0,SMS,,4G,0.0,0.05
R09-0001936,9,Goldfield,+1-295-727-1584,+1-592-563-5033,2026-06-01 11:36:23,0,SMS,,3G,0.0,0.05
R09-0001937,9,Goldfield,+1-498-438-2002,+1-760-483-8932,2026-06-01 14:47:46,0,SMS,,4G,0.0,0.05
R09-0001938,9,Goldfield,+1-886-804-0670,+1-566-883-6742,2026-06-01 08:42:46,595,VOICE,,5G,0.08,0.79
R09-0001939,9,Goldfield,+1-652-769-9038,+1-910-848-2175,2026-06-01 10:10:49,1830,VOICE,,4G,0.1,3.05
R09-0001940,9,Goldfield,+1-532-702-4104,,2026-06-01 21:16:37,6984,DATA,379565701,4G,0.0,3.8
