cdr_id,region_id,region_name,caller_number,callee_number,call_start,duration_seconds,call_type,bytes_transferred,network_type,rate_per_minute,charge_amount
R06-0000001,6,Eastport,+1-539-301-6901,+1-768-953-4740,2026-06-01 23:24:48,0,SMS,,4G,0.0,0.05
R06-0000002,6,Eastport,+1-915-435-0619,+1-684-348-2930,2026-06-01 10:16:48,0,SMS,,3G,0.0,0.05
R06-0000003,6,Eastport,+1-202-923-9636,,2026-06-01 02:42:02,7128,DATA,427846640,4G,0.0,4.28
R06-0000004,6,Eastport,+1-331-833-1394,+1-601-221-9738,2026-06-01 16:24:59,0,SMS,,5G,0.0,0.05
R06-0000005,6,Eastport,+1-905-247-2243,+1-216-676-5770,2026-06-01 07:35:09,1248,VOICE,,3G,0.12,2.5
R06-0000006,6,Eastport,+1-694-747-3665,+1-336-261-4292,2026-06-01 01:04:13,2647,VOICE,,4G,0.1,4.41
R06-0000007,6,Eastport,+1-805-248-9467,,2026-06-01 04:24:57,3944,DATA,457684116,5G,0.0,4.58
R06-0000008,6,Eastport,+1-902-618-3574,+1-658-945-3522,2026-06-01 05:05:42,38,VOICE,,4G,0.1,0.06
R06-0000009,6,Eastport,+1-934-865-0481,+1-904-801-3480,2026-06-01 13:08:24,1272,VOICE,,5G,0.08,1.7
R06-0000010,6,Eastport,+1-231-774-0660,+1-692-455-7055,2026-06-01 15:25:51,0,SMS,,3G,0.0,0.05
R06-0000011,6,Eastport,+1-416-405-4029,+1-721-206-6352,2026-06-01 07:07:16,2592,VOICE,,4G,0.1,4.32
R06-0000012,6,Eastport,+1-863-655-4591,+1-682-642-5903,2026-06-01 18:27:33,0,SMS,,3G,0.0,0.05
R06-0000013,6,Eastport,+1-887-848-8556,+1-470-476-0349,2026-06-01 18:29:20,2354,VOICE,,5G,0.08,3.14
R06-0000014,6,Eastport,+1-920-787-9481,+1-428-878-1925,2026-06-01 08:54:10,0,SMS,,3G,0.0,0.05
R06-0000015,6,Eastport,+1-630-665-6005,+1-708-917-7201,2026-06-01 13:10:57,0,SMS,,4G,0.0,0.05
R06-0000016,6,Eastport,+1-328-731-9551,+1-633-453-3026,2026-06-01 19:06:52,1946,VOICE,,4G,0.1,3.24
R06-0000017,6,Eastport,+1-687-651-8618,+1-389-723-8682,2026-06-01 14:54:24,1193,VOICE,,4G,0.1,1.99
R06-0000018,6,Eastport,+1-727-275-4307,+1-905-448-9296,2026-06-01 16:57:07,1411,VOICE,,4G,0.1,2.35
R06-0000019,6,Eastport,+1-715-358-6897,+1-413-229-4491,2026-06-01 13:50:47,3109,VOICE,,4G,0.1,5.18
R06-0000020,6,Eastport,+1-620-685-1031,+1-697-236-6390,2026-06-01 21:43:25,1380,VOICE,,4G,0.1,2.3
R06-0000021,6,Eastport,+1-636-630-9113,,2026-06-01 08:08:11,1460,DATA,274789203,3G,0.0,2.75
R06-0000022,6,Eastport,+1-316-648-7727,+1-398-962-2782,2026-06-01 08:27:37,2493,VOICE,,4G,0.1,4.16
R06-0000023,6,Eastport,+1-831-243-5003,,2026-06-01 11:33:06,4865,DATA,443597070,4G,0.0,4.44
R06-0000024,6,Eastport,+1-312-597-1348,+1-264-265-5853,2026-06-01 00:00:09,714,VOICE,,5G,0.08,0.95
R06-0000025,6,Eastport,+1-230-501-3870,+1-570-211-6021,2026-06-01 11:27:26,997,VOICE,,4G,0.1,1.66
R06-0000026,6,Eastport,+1-485-220-5147,+1-861-821-4215,2026-06-01 12:50:53,1414,VOICE,,4G,0.1,2.36
R06-0000027,6,Eastport,+1-486-481-4424,+1-300-947-3743,2026-06-01 21:04:21,0,SMS,,4G,0.0,0.05
R06-0000028,6,Eastport,+1-963-732-1407,+1-365-404-7861,2026-06-01 09:11:36,0,SMS,,4G,0.0,0.05
R06-0000029,6,Eastport,+1-375-771-7260,+1-210-603-5034,2026-06-01 10:32:50,0,SMS,,5G,0.0,0.05
R06-0000030,6,Eastport,+1-750-580-1513,+1-790-951-5925,2026-06-01 20:16:07,0,SMS,,4G,0.0,0.05
R06-0000031,6,Eastport,+1-598-874-0206,+1-221-918-5494,2026-06-01 02:23:18,1751,VOICE,,5G,0.08,2.33
R06-0000032,6,Eastport,+1-420-263-9565,,2026-06-01 18:50:45,6379,DATA,81636201,4G,0.0,0.82
R06-0000033,6,Eastport,+1-304-686-2443,+1-622-392-2048,2026-06-01 16:47:07,0,SMS,,5G,0.0,0.05
R06-0000034,6,Eastport,+1-291-259-4148,+1-753-767-5440,2026-06-01 00:21:48,296,VOICE,,3G,0.12,0.59
R06-0000035,6,Eastport,+1-517-747-3004,+1-672-840-8688,2026-06-01 19:19:44,0,SMS,,3G,0.0,0.05
R06-0000036,6,Eastport,+1-468-727-8855,+1-205-550-6652,2026-06-01 03:58:19,3265,VOICE,,4G,0.1,5.44
R06-0000037,6,Eastport,+1-485-721-6039,+1-225-544-5877,2026-06-01 03:39:25,0,SMS,,4G,0.0,0.05
R06-0000038,6,Eastport,+1-918-726-0269,+1-446-853-0289,2026-06-01 20:19:49,926,VOICE,,3G,0.12,1.85
R06-0000039,6,Eastport,+1-612-660-1419,+1-828-648-1549,2026-06-01 17:20:28,3287,VOICE,,4G,0.1,5.48
R06-0000040,6,Eastport,+1-344-952-5097,+1-379-350-1442,2026-06-01 17:21:39,1546,VOICE,,4G,0.1,2.58
R06-0000041,6,Eastport,+1-609-884-5447,+1-629-710-5075,2026-06-01 12:13:22,0,SMS,,3G,0.0,0.05
R06-0000042,6,Eastport,+1-523-731-4614,,2026-06-01 18:42:11,3702,DATA,138263999,4G,0.0,1.38
R06-0000043,6,Eastport,+1-220-455-7371,,2026-06-01 15:28:42,6981,DATA,138613205,4G,0.0,1.39
R06-0000044,6,Eastport,+1-402-705-1262,+1-263-862-6273,2026-06-01 09:18:39,3042,VOICE,,5G,0.08,4.06
R06-0000045,6,Eastport,+1-921-205-7488,+1-501-256-4893,2026-06-01 23:29:24,0,SMS,,4G,0.0,0.05
R06-0000046,6,Eastport,+1-616-575-7722,+1-578-983-7885,2026-06-01 14:32:11,569,VOICE,,5G,0.08,0.76
R06-0000047,6,Eastport,+1-270-342-5033,+1-762-803-0410,2026-06-01 03:29:26,0,SMS,,3G,0.0,0.05
R06-0000048,6,Eastport,+1-854-963-4910,+1-786-945-0754,2026-06-01 21:59:22,578,VOICE,,5G,0.08,0.77
R06-0000049,6,Eastport,+1-811-359-7235,+1-633-746-5290,2026-06-01 05:52:03,966,VOICE,,4G,0.1,1.61
R06-0000050,6,Eastport,+1-792-477-1981,+1-954-489-0089,2026-06-01 14:23:25,400,VOICE,,5G,0.08,0.53
R06-0000051,6,Eastport,+1-478-527-5850,+1-839-915-1099,2026-06-01 11:17:28,61,VOICE,,5G,0.08,0.08
R06-0000052,6,Eastport,+1-266-901-2919,+1-710-450-3814,2026-06-01 05:40:46,0,SMS,,4G,0.0,0.05
R06-0000053,6,Eastport,+1-383-574-7851,+1-895-551-5101,2026-06-01 22:22:31,0,SMS,,4G,0.0,0.05
R06-0000054,6,Eastport,+1-515-845-3367,+1-516-661-7120,2026-06-01 02:35:39,0,VOICE,,4G,0.1,0.0
R06-0000055,6,Eastport,+1-331-514-5754,+1-327-974-7855,2026-06-01 23:31:07,2462,VOICE,,3G,0.12,4.92
R06-0000056,6,Eastport,+1-408-866-9334,,2026-06-01 23:31:31,5034,DATA,74226537,3G,0.0,0.74
R06-0000057,6,Eastport,+1-781-509-5310,,2026-06-01 13:11:55,3201,DATA,87415177,3G,0.0,0.87
R06-0000058,6,Eastport,+1-723-744-4599,,2026-06-01 07:00:18,4193,DATA,114147745,3G,0.0,1.14
R06-0000059,6,Eastport,+1-879-866-9973,+1-881-673-9048,2026-06-01 07:13:10,0,SMS,,4G,0.0,0.05
R06-0000060,6,Eastport,+1-782-649-6508,,2026-06-01 15:47:01,5919,DATA,155753703,4G,0.0,1.56
R06-0000061,6,Eastport,+1-357-577-9628,+1-686-279-1504,2026-06-01 17:00:57,2903,VOICE,,5G,0.08,3.87
R06-0000062,6,Eastport,+1-954-616-5045,+1-227-223-2400,2026-06-01 06:03:04,0,SMS,,3G,0.0,0.05
R06-0000063,6,Eastport,+1-540-324-5454,+1-218-478-5886,2026-06-01 06:57:39,0,SMS,,4G,0.0,0.05
R06-0000064,6,Eastport,+1-606-528-3398,+1-359-831-3428,2026-06-01 08:40:56,0,SMS,,5G,0.0,0.05
R06-0000065,6,Eastport,+1-576-374-4185,+1-936-364-7306,2026-06-01 06:34:21,1718,VOICE,,5G,0.08,2.29
R06-0000066,6,Eastport,+1-665-251-4418,+1-469-302-6570,2026-06-01 02:37:40,2636,VOICE,,4G,0.1,4.39
R06-0000067,6,Eastport,+1-245-914-7802,+1-878-278-3046,2026-06-01 00:53:34,3576,VOICE,,4G,0.1,5.96
R06-0000068,6,Eastport,+1-565-493-6580,+1-219-801-4638,2026-06-01 16:19:26,0,SMS,,4G,0.0,0.05
R06-0000069,6,Eastport,+1-515-993-5693,+1-853-980-1335,2026-06-01 12:24:41,1249,VOICE,,4G,0.1,2.08
R06-0000070,6,Eastport,+1-312-719-8538,+1-939-669-4453,2026-06-01 14:25:23,0,SMS,,4G,0.0,0.05
R06-0000071,6,Eastport,+1-811-740-5018,+1-230-798-0333,2026-06-01 07:59:07,3033,VOICE,,4G,0.1,5.05
R06-0000072,6,Eastport,+1-403-652-4142,+1-610-939-0338,2026-06-01 12:03:06,0,SMS,,4G,0.0,0.05
R06-0000073,6,Eastport,+1-686-810-6431,+1-331-551-1179,2026-06-01 19:09:54,413,VOICE,,5G,0.08,0.55
R06-0000074,6,Eastport,+1-517-576-9534,+1-720-610-6048,2026-06-01 05:58:06,0,SMS,,4G,0.0,0.05
R06-0000075,6,Eastport,+1-494-408-6002,+1-881-577-9388,2026-06-01 16:58:13,1794,VOICE,,4G,0.1,2.99
R06-0000076,6,Eastport,+1-820-394-3997,+1-655-399-4603,2026-06-01 05:17:00,1535,VOICE,,5G,0.08,2.05
R06-0000077,6,Eastport,+1-857-981-4954,+1-381-614-3461,2026-06-01 15:40:37,3277,VOICE,,3G,0.12,6.55
R06-0000078,6,Eastport,+1-634-770-3076,+1-213-587-3159,2026-06-01 03:16:47,2543,VOICE,,4G,0.1,4.24
R06-0000079,6,Eastport,+1-474-823-4887,+1-392-226-9666,2026-06-01 05:40:38,1122,VOICE,,4G,0.1,1.87
R06-0000080,6,Eastport,+1-470-349-3783,+1-811-950-9129,2026-06-01 15:31:00,572,VOICE,,4G,0.1,0.95
R06-0000081,6,Eastport,+1-411-399-0695,+1-233-307-8843,2026-06-01 07:59:02,0,SMS,,4G,0.0,0.05
R06-0000082,6,Eastport,+1-956-220-9293,+1-753-660-6634,2026-06-01 01:14:01,0,SMS,,4G,0.0,0.05
R06-0000083,6,Eastport,+1-840-689-0260,+1-250-778-3358,2026-06-01 17:07:42,928,VOICE,,5G,0.08,1.24
R06-0000084,6,Eastport,+1-422-823-6135,+1-412-992-1681,2026-06-01 11:19:19,3327,VOICE,,3G,0.12,6.65
R06-0000085,6,Eastport,+1-268-782-2285,+1-898-654-9708,2026-06-01 08:32:04,0,SMS,,5G,0.0,0.05
R06-0000086,6,Eastport,+1-517-709-0906,+1-452-603-5775,2026-06-01 09:38:50,0,VOICE,,4G,0.1,0.0
R06-0000087,6,Eastport,+1-440-986-2440,+1-846-814-8172,2026-06-01 19:34:31,1595,VOICE,,4G,0.1,2.66
R06-0000088,6,Eastport,+1-939-535-1637,+1-741-421-5509,2026-06-01 01:49:00,3305,VOICE,,3G,0.12,6.61
R06-0000089,6,Eastport,+1-685-467-8938,+1-859-708-7760,2026-06-01 08:55:46,2100,VOICE,,5G,0.08,2.8
R06-0000090,6,Eastport,+1-359-370-7696,+1-773-835-7382,2026-06-01 14:30:30,1032,VOICE,,5G,0.08,1.38
R06-0000091,6,Eastport,+1-965-258-3533,+1-591-289-9319,2026-06-01 18:21:15,0,SMS,,4G,0.0,0.05
R06-0000092,6,Eastport,+1-258-707-1121,+1-268-281-4390,2026-06-01 22:25:20,1801,VOICE,,5G,0.08,2.4
R06-0000093,6,Eastport,+1-261-544-0106,+1-839-259-5625,2026-06-01 12:54:29,561,VOICE,,4G,0.1,0.94
R06-0000094,6,Eastport,+1-345-429-8388,+1-645-619-2174,2026-06-01 01:09:59,0,SMS,,4G,0.0,0.05
R06-0000095,6,Eastport,+1-781-768-6771,+1-365-880-6003,2026-06-01 02:11:30,618,VOICE,,3G,0.12,1.24
R06-0000096,6,Eastport,+1-969-777-1653,+1-226-639-7252,2026-06-01 19:05:51,0,SMS,,5G,0.0,0.05
R06-0000097,6,Eastport,+1-404-646-4652,+1-456-221-8953,2026-06-01 12:32:53,0,SMS,,4G,0.0,0.05
R06-0000098,6,Eastport,+1-671-464-0691,+1-945-830-5427,2026-06-01 08:09:55,1748,VOICE,,3G,0.12,3.5
R06-0000099,6,Eastport,+1-445-317-4988,+1-223-900-1388,2026-06-01 16:44:53,659,VOICE,,4G,0.1,1.1
R06-0000100,6,Eastport,+1-812-550-2625,,2026-06-01 18:16:10,6352,DATA,391757404,5G,0.0,3.92
R06-0000101,6,Eastport,+1-497-215-8195,+1-654-619-9018,2026-06-01 07:08:55,1939,VOICE,,5G,0.08,2.59
R06-0000102,6,Eastport,+1-653-605-3097,,2026-06-01 01:20:20,3560,DATA,224655475,4G,0.0,2.25
R06-0000103,6,Eastport,+1-286-255-5926,+1-532-389-8214,2026-06-01 12:24:53,1787,VOICE,,5G,0.08,2.38
R06-0000104,6,Eastport,+1-445-306-4822,+1-550-822-1886,2026-06-01 19:24:15,0,SMS,,5G,0.0,0.05
R06-0000105,6,Eastport,+1-959-882-6785,+1-538-356-1375,2026-06-01 11:56:15,0,SMS,,3G,0.0,0.05
R06-0000106,6,Eastport,+1-916-273-9087,+1-583-630-6682,2026-06-01 05:02:34,0,SMS,,3G,0.0,0.05
R06-0000107,6,Eastport,+1-332-473-5794,+1-491-418-7881,2026-06-01 12:16:07,0,SMS,,5G,0.0,0.05
R06-0000108,6,Eastport,+1-318-637-1509,,2026-06-01 21:05:10,3676,DATA,421159103,4G,0.0,4.21
R06-0000109,6,Eastport,+1-779-404-9737,,2026-06-01 23:45:47,6262,DATA,89390437,4G,0.0,0.89
R06-0000110,6,Eastport,+1-619-607-2303,+1-729-947-1789,2026-06-01 19:01:52,0,SMS,,5G,0.0,0.05
R06-0000111,6,Eastport,+1-231-797-5243,+1-475-915-7519,2026-06-01 01:27:28,0,SMS,,4G,0.0,0.05
R06-0000112,6,Eastport,+1-711-404-3428,+1-858-353-2366,2026-06-01 14:43:12,0,SMS,,3G,0.0,0.05
R06-0000113,6,Eastport,+1-529-786-6189,+1-474-497-8802,2026-06-01 03:39:07,0,VOICE,,5G,0.08,0.0
R06-0000114,6,Eastport,+1-595-595-8465,,2026-06-01 16:23:39,6238,DATA,290498682,5G,0.0,2.9
R06-0000115,6,Eastport,+1-279-316-2078,+1-426-237-7003,2026-06-01 06:02:12,0,SMS,,4G,0.0,0.05
R06-0000116,6,Eastport,+1-341-311-7053,,2026-06-01 16:51:31,3945,DATA,403146035,3G,0.0,4.03
R06-0000117,6,Eastport,+1-444-869-3791,,2026-06-01 07:16:44,5618,DATA,381697696,4G,0.0,3.82
R06-0000118,6,Eastport,+1-322-417-8466,+1-776-918-0266,2026-06-01 06:11:34,24,VOICE,,4G,0.1,0.04
R06-0000119,6,Eastport,+1-334-925-7970,+1-875-795-9221,2026-06-01 13:17:59,0,SMS,,4G,0.0,0.05
R06-0000120,6,Eastport,+1-657-660-1612,+1-611-654-2451,2026-06-01 21:04:26,0,SMS,,3G,0.0,0.05
R06-0000121,6,Eastport,+1-402-682-7756,+1-565-603-6469,2026-06-01 12:23:45,2870,VOICE,,4G,0.1,4.78
R06-0000122,6,Eastport,+1-752-909-2762,+1-963-719-8996,2026-06-01 00:02:17,2371,VOICE,,4G,0.1,3.95
R06-0000123,6,Eastport,+1-700-807-4428,+1-264-893-9855,2026-06-01 13:03:59,2008,VOICE,,3G,0.12,4.02
R06-0000124,6,Eastport,+1-203-787-0478,+1-699-611-8595,2026-06-01 13:29:40,3344,VOICE,,4G,0.1,5.57
R06-0000125,6,Eastport,+1-588-683-1235,+1-853-622-6177,2026-06-01 20:56:25,1371,VOICE,,3G,0.12,2.74
R06-0000126,6,Eastport,+1-740-543-6560,+1-275-322-6924,2026-06-01 11:13:56,373,VOICE,,5G,0.08,0.5
R06-0000127,6,Eastport,+1-633-992-7095,,2026-06-01 21:26:50,4658,DATA,226651425,5G,0.0,2.27
R06-0000128,6,Eastport,+1-264-311-7495,+1-848-901-6016,2026-06-01 06:18:33,0,SMS,,5G,0.0,0.05
R06-0000129,6,Eastport,+1-894-751-3910,,2026-06-01 13:51:22,3736,DATA,447379747,4G,0.0,4.47
R06-0000130,6,Eastport,+1-579-972-5145,+1-918-958-6163,2026-06-01 13:29:05,3396,VOICE,,4G,0.1,5.66
R06-0000131,6,Eastport,+1-571-375-5847,+1-577-468-9757,2026-06-01 05:27:44,1007,VOICE,,3G,0.12,2.01
R06-0000132,6,Eastport,+1-320-308-8819,,2026-06-01 18:50:34,1533,DATA,72296202,4G,0.0,0.72
R06-0000133,6,Eastport,+1-241-941-6319,+1-955-704-3687,2026-06-01 17:22:10,0,SMS,,3G,0.0,0.05
R06-0000134,6,Eastport,+1-954-672-1830,+1-313-862-7357,2026-06-01 10:13:17,1158,VOICE,,3G,0.12,2.32
R06-0000135,6,Eastport,+1-893-841-3721,+1-352-313-4058,2026-06-01 17:44:27,0,SMS,,4G,0.0,0.05
R06-0000136,6,Eastport,+1-852-815-8668,+1-228-349-8556,2026-06-01 12:05:05,0,SMS,,4G,0.0,0.05
R06-0000137,6,Eastport,+1-683-281-4703,+1-880-903-6548,2026-06-01 00:23:03,62,VOICE,,5G,0.08,0.08
R06-0000138,6,Eastport,+1-274-998-8319,+1-499-394-0335,2026-06-01 04:37:19,1844,VOICE,,4G,0.1,3.07
R06-0000139,6,Eastport,+1-256-871-2629,+1-287-355-9205,2026-06-01 18:04:44,1284,VOICE,,4G,0.1,2.14
R06-0000140,6,Eastport,+1-659-458-5091,,2026-06-01 10:56:06,489,DATA,80378268,4G,0.0,0.8
R06-0000141,6,Eastport,+1-395-731-8526,+1-406-478-4588,2026-06-01 20:42:53,0,SMS,,5G,0.0,0.05
R06-0000142,6,Eastport,+1-892-858-7790,,2026-06-01 14:38:02,2535,DATA,189641074,4G,0.0,1.9
R06-0000143,6,Eastport,+1-613-778-6347,,2026-06-01 09:44:20,2538,DATA,114678071,5G,0.0,1.15
R06-0000144,6,Eastport,+1-587-244-4680,,2026-06-01 11:45:46,729,DATA,667640,4G,0.0,0.01
R06-0000145,6,Eastport,+1-824-963-1380,+1-907-726-1157,2026-06-01 13:52:32,0,SMS,,3G,0.0,0.05
R06-0000146,6,Eastport,+1-799-560-8219,+1-307-570-7776,2026-06-01 16:58:31,1906,VOICE,,4G,0.1,3.18
R06-0000147,6,Eastport,+1-651-537-8310,+1-610-920-3163,2026-06-01 12:14:10,0,SMS,,3G,0.0,0.05
R06-0000148,6,Eastport,+1-410-641-5055,+1-613-941-0289,2026-06-01 18:53:00,107,VOICE,,5G,0.08,0.14
R06-0000149,6,Eastport,+1-426-476-3882,+1-893-538-8287,2026-06-01 16:19:33,0,SMS,,5G,0.0,0.05
R06-0000150,6,Eastport,+1-592-870-2661,+1-368-551-7761,2026-06-01 09:22:37,0,SMS,,3G,0.0,0.05
R06-0000151,6,Eastport,+1-417-630-4562,,2026-06-01 19:03:26,1903,DATA,20998044,5G,0.0,0.21
R06-0000152,6,Eastport,+1-414-969-1885,+1-774-240-7924,2026-06-01 01:09:22,2551,VOICE,,4G,0.1,4.25
R06-0000153,6,Eastport,+1-234-830-7740,+1-610-374-3230,2026-06-01 10:34:25,317,VOICE,,4G,0.1,0.53
R06-0000154,6,Eastport,+1-291-836-4159,+1-834-622-3632,2026-06-01 03:56:32,2404,VOICE,,4G,0.1,4.01
R06-0000155,6,Eastport,+1-647-997-5610,,2026-06-01 23:36:08,4225,DATA,419594871,4G,0.0,4.2
R06-0000156,6,Eastport,+1-872-624-5144,,2026-06-01 14:47:49,3483,DATA,349582093,5G,0.0,3.5
R06-0000157,6,Eastport,+1-330-347-4001,+1-218-751-8845,2026-06-01 08:50:36,888,VOICE,,3G,0.12,1.78
R06-0000158,6,Eastport,+1-910-705-9281,+1-752-801-4473,2026-06-01 11:01:32,742,VOICE,,4G,0.1,1.24
R06-0000159,6,Eastport,+1-641-303-2815,+1-491-901-2041,2026-06-01 04:01:06,626,VOICE,,4G,0.1,1.04
R06-0000160,6,Eastport,+1-236-474-0844,+1-249-808-5873,2026-06-01 11:34:49,0,SMS,,4G,0.0,0.05
R06-0000161,6,Eastport,+1-587-378-4837,+1-543-586-0757,2026-06-01 17:11:14,0,SMS,,5G,0.0,0.05
R06-0000162,6,Eastport,+1-958-282-2746,,2026-06-01 03:36:03,5465,DATA,308956607,5G,0.0,3.09
R06-0000163,6,Eastport,+1-624-531-5428,+1-822-942-0263,2026-06-01 10:47:41,1538,VOICE,,3G,0.12,3.08
R06-0000164,6,Eastport,+1-804-936-1070,+1-548-447-2661,2026-06-01 23:55:43,0,SMS,,4G,0.0,0.05
R06-0000165,6,Eastport,+1-467-534-4196,+1-255-427-6107,2026-06-01 23:48:01,3121,VOICE,,4G,0.1,5.2
R06-0000166,6,Eastport,+1-273-576-4438,+1-428-855-4686,2026-06-01 08:22:04,208,VOICE,,4G,0.1,0.35
R06-0000167,6,Eastport,+1-313-765-5265,,2026-06-01 16:55:43,3597,DATA,174257927,3G,0.0,1.74
R06-0000168,6,Eastport,+1-732-876-5696,+1-532-576-6797,2026-06-01 03:04:39,0,VOICE,,4G,0.1,0.0
R06-0000169,6,Eastport,+1-306-636-4607,+1-363-312-6986,2026-06-01 01:27:23,1129,VOICE,,4G,0.1,1.88
R06-0000170,6,Eastport,+1-687-519-9725,+1-541-433-3455,2026-06-01 15:02:54,0,SMS,,5G,0.0,0.05
R06-0000171,6,Eastport,+1-543-892-3139,+1-642-616-8720,2026-06-01 07:53:16,0,SMS,,5G,0.0,0.05
R06-0000172,6,Eastport,+1-317-954-9738,+1-265-629-0692,2026-06-01 06:07:32,0,SMS,,5G,0.0,0.05
R06-0000173,6,Eastport,+1-264-629-8150,+1-761-489-6499,2026-06-01 01:17:56,1472,VOICE,,4G,0.1,2.45
R06-0000174,6,Eastport,+1-257-394-4070,+1-350-626-4128,2026-06-01 21:58:13,2331,VOICE,,4G,0.1,3.89
R06-0000175,6,Eastport,+1-315-870-1785,,2026-06-01 00:03:48,4939,DATA,243316097,5G,0.0,2.43
R06-0000176,6,Eastport,+1-803-613-4709,,2026-06-01 04:37:19,1100,DATA,102116337,5G,0.0,1.02
R06-0000177,6,Eastport,+1-226-558-5174,,2026-06-01 19:43:31,794,DATA,367122396,4G,0.0,3.67
R06-0000178,6,Eastport,+1-983-553-9424,+1-938-576-1864,2026-06-01 14:40:07,3212,VOICE,,4G,0.1,5.35
R06-0000179,6,Eastport,+1-863-653-0628,+1-760-578-5899,2026-06-01 12:49:02,150,VOICE,,5G,0.08,0.2
R06-0000180,6,Eastport,+1-806-586-0783,+1-261-435-5849,2026-06-01 08:46:39,631,VOICE,,4G,0.1,1.05
R06-0000181,6,Eastport,+1-739-492-1537,+1-405-932-0821,2026-06-01 23:26:56,0,SMS,,5G,0.0,0.05
R06-0000182,6,Eastport,+1-349-757-8692,+1-234-201-9439,2026-06-01 11:07:49,375,VOICE,,4G,0.1,0.62
R06-0000183,6,Eastport,+1-983-446-2867,+1-582-383-4576,2026-06-01 04:09:12,0,SMS,,5G,0.0,0.05
R06-0000184,6,Eastport,+1-943-930-4691,+1-932-628-6558,2026-06-01 11:53:01,3553,VOICE,,4G,0.1,5.92
R06-0000185,6,Eastport,+1-564-775-7408,,2026-06-01 18:03:48,3742,DATA,83720958,4G,0.0,0.84
R06-0000186,6,Eastport,+1-434-924-5726,+1-825-868-2991,2026-06-01 14:12:01,0,SMS,,5G,0.0,0.05
R06-0000187,6,Eastport,+1-508-293-2462,,2026-06-01 01:32:03,770,DATA,254865858,3G,0.0,2.55
R06-0000188,6,Eastport,+1-914-367-1362,+1-827-508-1327,2026-06-01 22:55:29,0,SMS,,4G,0.0,0.05
R06-0000189,6,Eastport,+1-941-616-3645,+1-508-529-5497,2026-06-01 20:35:44,0,SMS,,3G,0.0,0.05
R06-0000190,6,Eastport,+1-584-654-5052,+1-545-248-2943,2026-06-01 07:12:42,704,VOICE,,5G,0.08,0.94
R06-0000191,6,Eastport,+1-736-545-9938,+1-410-806-8215,2026-06-01 21:51:41,0,SMS,,4G,0.0,0.05
R06-0000192,6,Eastport,+1-424-253-3128,+1-627-779-8600,2026-06-01 18:26:45,3239,VOICE,,3G,0.12,6.48
R06-0000193,6,Eastport,+1-602-370-4647,,2026-06-01 03:14:07,3257,DATA,308879903,5G,0.0,3.09
R06-0000194,6,Eastport,+1-860-773-1220,+1-727-674-9472,2026-06-01 22:24:55,0,SMS,,5G,0.0,0.05
R06-0000195,6,Eastport,+1-251-485-8723,+1-295-301-0745,2026-06-01 19:16:54,0,SMS,,3G,0.0,0.05
R06-0000196,6,Eastport,+1-479-794-6436,+1-505-593-4419,2026-06-01 09:16:46,0,SMS,,5G,0.0,0.05
R06-0000197,6,Eastport,+1-796-406-8964,,2026-06-01 20:39:31,1021,DATA,442278482,3G,0.0,4.42
R06-0000198,6,Eastport,+1-212-203-7573,,2026-06-01 22:48:30,4657,DATA,44291798,4G,0.0,0.44
R06-0000199,6,Eastport,+1-889-859-5854,+1-801-687-0422,2026-06-01 13:49:25,946,VOICE,,5G,0.08,1.26
R06-0000200,6,Eastport,+1-665-978-8905,+1-355-801-9646,2026-06-01 19:16:35,2148,VOICE,,4G,0.1,3.58
R06-0000201,6,Eastport,+1-566-887-0193,+1-894-771-5487,2026-06-01 11:25:21,2130,VOICE,,4G,0.1,3.55
R06-0000202,6,Eastport,+1-426-991-8767,+1-973-303-7874,2026-06-01 04:12:39,0,SMS,,4G,0.0,0.05
R06-0000203,6,Eastport,+1-954-254-6442,,2026-06-01 13:45:43,6187,DATA,144863068,3G,0.0,1.45
R06-0000204,6,Eastport,+1-360-401-7096,+1-878-893-2103,2026-06-01 18:38:43,3035,VOICE,,4G,0.1,5.06
R06-0000205,6,Eastport,+1-448-722-8576,+1-458-267-4602,2026-06-01 00:15:48,1301,VOICE,,5G,0.08,1.73
R06-0000206,6,Eastport,+1-691-750-0105,+1-949-686-9591,2026-06-01 02:24:42,0,SMS,,4G,0.0,0.05
R06-0000207,6,Eastport,+1-454-482-5338,+1-927-208-4190,2026-06-01 12:27:39,0,SMS,,4G,0.0,0.05
R06-0000208,6,Eastport,+1-443-535-4404,+1-788-909-5169,2026-06-01 04:47:50,128,VOICE,,3G,0.12,0.26
R06-0000209,6,Eastport,+1-965-502-3966,+1-795-494-2699,2026-06-01 09:32:22,1210,VOICE,,5G,0.08,1.61
R06-0000210,6,Eastport,+1-237-304-0281,+1-602-413-0196,2026-06-01 15:44:17,643,VOICE,,4G,0.1,1.07
R06-0000211,6,Eastport,+1-279-766-1553,+1-521-501-4092,2026-06-01 16:53:15,0,SMS,,4G,0.0,0.05
R06-0000212,6,Eastport,+1-404-719-1379,,2026-06-01 13:12:53,5154,DATA,153891414,3G,0.0,1.54
R06-0000213,6,Eastport,+1-784-871-4360,+1-781-265-4573,2026-06-01 07:47:58,0,SMS,,4G,0.0,0.05
R06-0000214,6,Eastport,+1-653-906-9379,+1-935-882-1858,2026-06-01 19:58:53,3286,VOICE,,4G,0.1,5.48
R06-0000215,6,Eastport,+1-416-670-7519,,2026-06-01 03:28:18,5926,DATA,397713273,3G,0.0,3.98
R06-0000216,6,Eastport,+1-503-727-1046,+1-205-578-7859,2026-06-01 02:34:08,0,SMS,,4G,0.0,0.05
R06-0000217,6,Eastport,+1-789-471-4971,+1-869-844-3427,2026-06-01 07:15:03,2649,VOICE,,5G,0.08,3.53
R06-0000218,6,Eastport,+1-208-221-1331,+1-473-319-1390,2026-06-01 01:08:30,0,SMS,,5G,0.0,0.05
R06-0000219,6,Eastport,+1-211-256-5183,,2026-06-01 19:22:41,1782,DATA,343710151,5G,0.0,3.44
R06-0000220,6,Eastport,+1-572-476-3949,+1-291-693-5802,2026-06-01 15:30:28,3337,VOICE,,4G,0.1,5.56
R06-0000221,6,Eastport,+1-366-390-8114,+1-881-374-3491,2026-06-01 08:22:48,3353,VOICE,,3G,0.12,6.71
R06-0000222,6,Eastport,+1-466-931-0090,+1-764-204-4736,2026-06-01 19:13:18,305,VOICE,,5G,0.08,0.41
R06-0000223,6,Eastport,+1-480-693-3400,+1-912-503-3038,2026-06-01 14:31:38,0,SMS,,4G,0.0,0.05
R06-0000224,6,Eastport,+1-471-926-5971,+1-453-561-0313,2026-06-01 19:10:48,915,VOICE,,4G,0.1,1.53
R06-0000225,6,Eastport,+1-590-568-9476,+1-931-705-7066,2026-06-01 15:08:13,304,VOICE,,4G,0.1,0.51
R06-0000226,6,Eastport,+1-567-414-4005,+1-248-669-5169,2026-06-01 08:09:53,3439,VOICE,,4G,0.1,5.73
R06-0000227,6,Eastport,+1-363-670-1286,+1-782-557-0315,2026-06-01 05:40:01,2966,VOICE,,5G,0.08,3.95
R06-0000228,6,Eastport,+1-820-824-5164,+1-236-816-9421,2026-06-01 08:22:16,3413,VOICE,,5G,0.08,4.55
R06-0000229,6,Eastport,+1-771-722-1041,+1-826-221-9796,2026-06-01 14:34:08,2077,VOICE,,3G,0.12,4.15
R06-0000230,6,Eastport,+1-236-865-3493,,2026-06-01 13:14:39,2244,DATA,28659364,4G,0.0,0.29
R06-0000231,6,Eastport,+1-946-219-4887,+1-936-912-2368,2026-06-01 20:24:57,0,SMS,,3G,0.0,0.05
R06-0000232,6,Eastport,+1-915-853-5463,+1-938-982-3565,2026-06-01 03:11:01,3505,VOICE,,5G,0.08,4.67
R06-0000233,6,Eastport,+1-401-612-2888,+1-519-873-2329,2026-06-01 17:05:29,0,SMS,,4G,0.0,0.05
R06-0000234,6,Eastport,+1-685-595-1963,+1-766-277-7266,2026-06-01 03:11:34,554,VOICE,,5G,0.08,0.74
R06-0000235,6,Eastport,+1-740-553-6337,+1-816-534-6769,2026-06-01 20:50:52,631,VOICE,,4G,0.1,1.05
R06-0000236,6,Eastport,+1-710-525-7632,+1-610-394-4085,2026-06-01 20:41:34,0,SMS,,4G,0.0,0.05
R06-0000237,6,Eastport,+1-974-621-3871,+1-629-783-8623,2026-06-01 09:33:23,2382,VOICE,,4G,0.1,3.97
R06-0000238,6,Eastport,+1-642-741-3289,+1-686-262-3584,2026-06-01 23:23:28,2531,VOICE,,5G,0.08,3.37
R06-0000239,6,Eastport,+1-299-577-0755,,2026-06-01 13:41:08,3056,DATA,51357057,5G,0.0,0.51
R06-0000240,6,Eastport,+1-219-964-1814,,2026-06-01 00:28:16,6071,DATA,100099468,4G,0.0,1.0
R06-0000241,6,Eastport,+1-213-639-2534,+1-673-618-1966,2026-06-01 13:46:43,2838,VOICE,,5G,0.08,3.78
R06-0000242,6,Eastport,+1-713-708-7273,+1-310-575-7627,2026-06-01 11:29:21,0,SMS,,5G,0.0,0.05
R06-0000243,6,Eastport,+1-735-408-8953,,2026-06-01 14:19:19,629,DATA,420876356,5G,0.0,4.21
R06-0000244,6,Eastport,+1-469-249-6364,+1-390-329-3597,2026-06-01 23:06:03,0,SMS,,5G,0.0,0.05
R06-0000245,6,Eastport,+1-321-807-6719,+1-711-312-0420,2026-06-01 12:26:34,2452,VOICE,,5G,0.08,3.27
R06-0000246,6,Eastport,+1-457-240-4707,,2026-06-01 11:51:11,4480,DATA,336632420,4G,0.0,3.37
R06-0000247,6,Eastport,+1-970-466-0520,+1-295-219-0048,2026-06-01 03:18:09,0,SMS,,5G,0.0,0.05
R06-0000248,6,Eastport,+1-280-501-4642,,2026-06-01 09:11:09,6909,DATA,449295506,5G,0.0,4.49
R06-0000249,6,Eastport,+1-311-477-0830,+1-800-867-8004,2026-06-01 06:48:22,0,SMS,,5G,0.0,0.05
R06-0000250,6,Eastport,+1-873-512-5529,+1-428-986-4952,2026-06-01 13:07:27,0,SMS,,4G,0.0,0.05
R06-0000251,6,Eastport,+1-215-997-9487,+1-936-480-8970,2026-06-01 08:49:30,0,SMS,,5G,0.0,0.05
R06-0000252,6,Eastport,+1-373-531-2396,+1-860-653-4363,2026-06-01 23:40:20,0,SMS,,4G,0.0,0.05
R06-0000253,6,Eastport,+1-348-226-6293,+1-317-362-0284,2026-06-01 00:03:08,362,VOICE,,4G,0.1,0.6
R06-0000254,6,Eastport,+1-909-926-2468,+1-419-791-8999,2026-06-01 09:51:12,2478,VOICE,,4G,0.1,4.13
R06-0000255,6,Eastport,+1-946-692-8535,+1-949-391-4160,2026-06-01 07:36:07,0,SMS,,4G,0.0,0.05
R06-0000256,6,Eastport,+1-924-889-2707,+1-383-213-2537,2026-06-01 16:12:34,1194,VOICE,,4G,0.1,1.99
R06-0000257,6,Eastport,+1-424-610-9004,+1-263-678-9284,2026-06-01 20:13:47,0,SMS,,4G,0.0,0.05
R06-0000258,6,Eastport,+1-313-566-9739,+1-356-209-7094,2026-06-01 20:06:41,0,SMS,,3G,0.0,0.05
R06-0000259,6,Eastport,+1-606-757-3351,+1-452-904-0381,2026-06-01 06:04:08,0,SMS,,4G,0.0,0.05
R06-0000260,6,Eastport,+1-611-797-0607,+1-283-352-2600,2026-06-01 00:24:55,0,SMS,,4G,0.0,0.05
R06-0000261,6,Eastport,+1-929-294-8021,,2026-06-01 23:19:30,3547,DATA,56389423,4G,0.0,0.56
R06-0000262,6,Eastport,+1-591-995-6378,,2026-06-01 08:02:24,6748,DATA,248306326,4G,0.0,2.48
R06-0000263,6,Eastport,+1-367-343-7018,,2026-06-01 22:19:57,2343,DATA,435569130,4G,0.0,4.36
R06-0000264,6,Eastport,+1-933-543-9893,,2026-06-01 22:01:46,671,DATA,459902146,5G,0.0,4.6
R06-0000265,6,Eastport,+1-915-327-3952,,2026-06-01 20:47:23,1219,DATA,237228439,5G,0.0,2.37
R06-0000266,6,Eastport,+1-829-639-3693,+1-759-449-0484,2026-06-01 22:06:41,885,VOICE,,5G,0.08,1.18
R06-0000267,6,Eastport,+1-910-324-0713,+1-862-389-9041,2026-06-01 11:59:52,2902,VOICE,,4G,0.1,4.84
R06-0000268,6,Eastport,+1-523-365-4974,+1-941-898-4658,2026-06-01 00:40:02,1546,VOICE,,5G,0.08,2.06
R06-0000269,6,Eastport,+1-632-548-4072,+1-835-382-7068,2026-06-01 16:50:34,689,VOICE,,3G,0.12,1.38
R06-0000270,6,Eastport,+1-816-659-3222,,2026-06-01 12:39:03,6254,DATA,104415209,3G,0.0,1.04
R06-0000271,6,Eastport,+1-737-386-7841,+1-516-842-1620,2026-06-01 10:41:07,0,SMS,,5G,0.0,0.05
R06-0000272,6,Eastport,+1-359-528-4290,+1-434-375-1964,2026-06-01 12:00:23,2806,VOICE,,3G,0.12,5.61
R06-0000273,6,Eastport,+1-512-875-8165,,2026-06-01 00:42:01,1312,DATA,20109586,4G,0.0,0.2
R06-0000274,6,Eastport,+1-971-565-2748,+1-613-272-5845,2026-06-01 20:57:33,618,VOICE,,4G,0.1,1.03
R06-0000275,6,Eastport,+1-747-870-8069,+1-591-890-7831,2026-06-01 16:40:49,0,SMS,,4G,0.0,0.05
R06-0000276,6,Eastport,+1-467-348-5380,+1-432-456-2205,2026-06-01 18:07:24,0,SMS,,4G,0.0,0.05
R06-0000277,6,Eastport,+1-366-533-0303,+1-954-395-2925,2026-06-01 05:22:46,3153,VOICE,,3G,0.12,6.31
R06-0000278,6,Eastport,+1-317-677-8973,+1-915-933-2259,2026-06-01 16:26:17,643,VOICE,,4G,0.1,1.07
R06-0000279,6,Eastport,+1-282-776-3731,+1-270-370-8902,2026-06-01 11:42:46,0,SMS,,4G,0.0,0.05
R06-0000280,6,Eastport,+1-647-766-1145,,2026-06-01 08:37:23,4684,DATA,304944498,4G,0.0,3.05
R06-0000281,6,Eastport,+1-851-581-8632,+1-270-668-4187,2026-06-01 04:54:43,0,SMS,,4G,0.0,0.05
R06-0000282,6,Eastport,+1-653-395-8349,+1-306-669-6016,2026-06-01 19:45:39,92,VOICE,,4G,0.1,0.15
R06-0000283,6,Eastport,+1-401-709-9482,+1-488-878-3067,2026-06-01 13:43:20,1112,VOICE,,5G,0.08,1.48
R06-0000284,6,Eastport,+1-525-910-2349,+1-938-372-1784,2026-06-01 00:26:46,2418,VOICE,,4G,0.1,4.03
R06-0000285,6,Eastport,+1-333-905-6068,+1-927-992-4059,2026-06-01 09:41:24,114,VOICE,,3G,0.12,0.23
R06-0000286,6,Eastport,+1-550-959-3034,+1-944-470-4957,2026-06-01 00:19:21,3084,VOICE,,4G,0.1,5.14
R06-0000287,6,Eastport,+1-931-475-4397,+1-693-631-2359,2026-06-01 12:45:45,2737,VOICE,,4G,0.1,4.56
R06-0000288,6,Eastport,+1-496-822-2837,+1-423-329-2995,2026-06-01 20:00:30,1306,VOICE,,5G,0.08,1.74
R06-0000289,6,Eastport,+1-803-203-8456,+1-671-459-9135,2026-06-01 00:18:37,0,SMS,,4G,0.0,0.05
R06-0000290,6,Eastport,+1-704-997-9758,+1-612-804-2025,2026-06-01 13:04:07,0,SMS,,4G,0.0,0.05
R06-0000291,6,Eastport,+1-943-493-6690,+1-274-836-3314,2026-06-01 11:48:12,3506,VOICE,,4G,0.1,5.84
R06-0000292,6,Eastport,+1-973-757-9250,,2026-06-01 21:04:20,5043,DATA,484771818,3G,0.0,4.85
R06-0000293,6,Eastport,+1-784-868-0978,,2026-06-01 23:27:19,1808,DATA,474594843,5G,0.0,4.75
R06-0000294,6,Eastport,+1-355-446-6765,+1-659-557-7875,2026-06-01 20:28:27,0,SMS,,3G,0.0,0.05
R06-0000295,6,Eastport,+1-661-885-8574,+1-776-476-9114,2026-06-01 21:52:55,951,VOICE,,4G,0.1,1.58
R06-0000296,6,Eastport,+1-972-640-7106,,2026-06-01 18:32:06,6891,DATA,105353253,3G,0.0,1.05
R06-0000297,6,Eastport,+1-402-307-4741,+1-543-700-0292,2026-06-01 08:52:06,0,SMS,,4G,0.0,0.05
R06-0000298,6,Eastport,+1-409-987-3219,,2026-06-01 05:12:42,1621,DATA,300146927,3G,0.0,3.0
R06-0000299,6,Eastport,+1-745-298-0275,+1-420-763-8623,2026-06-01 05:32:00,0,SMS,,5G,0.0,0.05
R06-0000300,6,Eastport,+1-508-392-0759,+1-578-956-9599,2026-06-01 11:02:49,0,SMS,,4G,0.0,0.05
R06-0000301,6,Eastport,+1-690-521-5098,+1-329-959-0121,2026-06-01 20:42:37,0,SMS,,4G,0.0,0.05
R06-0000302,6,Eastport,+1-265-728-2490,+1-958-572-3802,2026-06-01 16:18:03,2901,VOICE,,3G,0.12,5.8
R06-0000303,6,Eastport,+1-369-631-4991,+1-398-867-7806,2026-06-01 19:15:17,298,VOICE,,4G,0.1,0.5
R06-0000304,6,Eastport,+1-215-926-1000,+1-901-534-2669,2026-06-01 06:25:24,1817,VOICE,,5G,0.08,2.42
R06-0000305,6,Eastport,+1-781-333-6908,+1-515-517-4786,2026-06-01 21:14:05,2526,VOICE,,3G,0.12,5.05
R06-0000306,6,Eastport,+1-359-399-7905,+1-559-600-1627,2026-06-01 20:36:39,3423,VOICE,,4G,0.1,5.71
R06-0000307,6,Eastport,+1-865-381-9720,+1-621-670-2999,2026-06-01 10:39:57,2657,VOICE,,4G,0.1,4.43
R06-0000308,6,Eastport,+1-362-725-1501,+1-590-335-3834,2026-06-01 12:38:10,3600,VOICE,,4G,0.1,6.0
R06-0000309,6,Eastport,+1-390-586-2897,+1-940-961-6168,2026-06-01 00:21:31,1049,VOICE,,5G,0.08,1.4
R06-0000310,6,Eastport,+1-942-699-8412,+1-509-691-8226,2026-06-01 09:26:23,0,VOICE,,4G,0.1,0.0
R06-0000311,6,Eastport,+1-459-617-7491,+1-456-367-6963,2026-06-01 19:06:49,2546,VOICE,,4G,0.1,4.24
R06-0000312,6,Eastport,+1-853-388-3585,,2026-06-01 19:30:57,3938,DATA,277189211,4G,0.0,2.77
R06-0000313,6,Eastport,+1-848-873-9753,+1-748-584-8696,2026-06-01 03:51:59,3417,VOICE,,5G,0.08,4.56
R06-0000314,6,Eastport,+1-901-243-3555,,2026-06-01 03:40:55,6827,DATA,102601830,4G,0.0,1.03
R06-0000315,6,Eastport,+1-816-794-1949,+1-965-516-5805,2026-06-01 06:43:04,3292,VOICE,,4G,0.1,5.49
R06-0000316,6,Eastport,+1-602-419-4416,,2026-06-01 23:24:40,1127,DATA,27557799,5G,0.0,0.28
R06-0000317,6,Eastport,+1-403-216-8546,+1-296-649-2787,2026-06-01 13:34:06,0,SMS,,3G,0.0,0.05
R06-0000318,6,Eastport,+1-526-840-4359,+1-213-866-7234,2026-06-01 11:27:59,429,VOICE,,4G,0.1,0.72
R06-0000319,6,Eastport,+1-803-629-2824,+1-280-734-7773,2026-06-01 09:35:11,634,VOICE,,4G,0.1,1.06
R06-0000320,6,Eastport,+1-911-440-6712,+1-430-262-4662,2026-06-01 10:41:02,1852,VOICE,,3G,0.12,3.7
R06-0000321,6,Eastport,+1-708-863-9945,+1-345-597-8681,2026-06-01 05:05:39,610,VOICE,,5G,0.08,0.81
R06-0000322,6,Eastport,+1-479-943-5237,+1-386-232-4211,2026-06-01 11:02:31,0,VOICE,,4G,0.1,0.0
R06-0000323,6,Eastport,+1-738-467-3925,+1-798-531-6325,2026-06-01 16:02:18,1841,VOICE,,4G,0.1,3.07
R06-0000324,6,Eastport,+1-425-920-5876,+1-296-788-7935,2026-06-01 22:36:15,2042,VOICE,,4G,0.1,3.4
R06-0000325,6,Eastport,+1-742-394-9476,+1-753-789-6096,2026-06-01 19:24:35,0,SMS,,5G,0.0,0.05
R06-0000326,6,Eastport,+1-353-731-5066,+1-420-419-8178,2026-06-01 13:12:53,53,VOICE,,4G,0.1,0.09
R06-0000327,6,Eastport,+1-896-404-6373,+1-588-964-6647,2026-06-01 11:29:28,732,VOICE,,4G,0.1,1.22
R06-0000328,6,Eastport,+1-455-275-6170,,2026-06-01 03:55:37,360,DATA,268765255,4G,0.0,2.69
R06-0000329,6,Eastport,+1-546-251-8935,+1-904-761-8801,2026-06-01 05:11:49,591,VOICE,,5G,0.08,0.79
R06-0000330,6,Eastport,+1-375-407-7866,+1-938-259-5777,2026-06-01 23:38:36,2218,VOICE,,4G,0.1,3.7
R06-0000331,6,Eastport,+1-562-665-7292,,2026-06-01 03:19:32,5129,DATA,81916070,4G,0.0,0.82
R06-0000332,6,Eastport,+1-705-806-1997,+1-304-213-5792,2026-06-01 05:12:32,0,SMS,,4G,0.0,0.05
R06-0000333,6,Eastport,+1-955-428-5753,+1-219-776-4187,2026-06-01 03:12:47,313,VOICE,,4G,0.1,0.52
R06-0000334,6,Eastport,+1-531-579-9005,+1-347-682-3992,2026-06-01 21:40:54,1793,VOICE,,5G,0.08,2.39
R06-0000335,6,Eastport,+1-521-676-4837,+1-486-825-1283,2026-06-01 02:23:21,0,VOICE,,4G,0.1,0.0
R06-0000336,6,Eastport,+1-830-932-4487,+1-211-555-0389,2026-06-01 20:53:12,2329,VOICE,,5G,0.08,3.11
R06-0000337,6,Eastport,+1-953-738-1847,+1-465-375-9939,2026-06-01 10:31:07,0,SMS,,4G,0.0,0.05
R06-0000338,6,Eastport,+1-943-439-6265,+1-858-617-3561,2026-06-01 09:16:20,0,VOICE,,3G,0.12,0.0
R06-0000339,6,Eastport,+1-447-912-0947,+1-266-313-7472,2026-06-01 20:32:27,3326,VOICE,,3G,0.12,6.65
R06-0000340,6,Eastport,+1-360-362-8036,+1-413-867-4488,2026-06-01 07:41:19,1397,VOICE,,4G,0.1,2.33
R06-0000341,6,Eastport,+1-896-721-4179,+1-707-409-5103,2026-06-01 10:22:19,0,SMS,,4G,0.0,0.05
R06-0000342,6,Eastport,+1-671-371-9168,+1-420-318-0904,2026-06-01 15:55:04,705,VOICE,,4G,0.1,1.18
R06-0000343,6,Eastport,+1-678-261-6639,+1-524-872-4084,2026-06-01 05:08:25,3425,VOICE,,4G,0.1,5.71
R06-0000344,6,Eastport,+1-658-520-8097,+1-598-734-1267,2026-06-01 16:36:12,0,SMS,,3G,0.0,0.05
R06-0000345,6,Eastport,+1-699-911-9292,+1-682-976-8149,2026-06-01 20:41:05,0,SMS,,4G,0.0,0.05
R06-0000346,6,Eastport,+1-724-488-4308,+1-768-546-5418,2026-06-01 03:15:09,0,SMS,,4G,0.0,0.05
R06-0000347,6,Eastport,+1-527-588-9040,+1-619-719-2427,2026-06-01 14:32:09,2824,VOICE,,4G,0.1,4.71
R06-0000348,6,Eastport,+1-417-964-6695,+1-386-762-8612,2026-06-01 04:21:38,0,SMS,,4G,0.0,0.05
R06-0000349,6,Eastport,+1-379-461-4824,+1-689-445-5155,2026-06-01 19:03:31,1886,VOICE,,3G,0.12,3.77
R06-0000350,6,Eastport,+1-427-879-3405,+1-934-382-7335,2026-06-01 04:01:31,3341,VOICE,,4G,0.1,5.57
R06-0000351,6,Eastport,+1-618-354-5139,+1-354-621-8765,2026-06-01 05:37:43,1385,VOICE,,3G,0.12,2.77
R06-0000352,6,Eastport,+1-450-893-6463,+1-244-524-8704,2026-06-01 16:24:32,2907,VOICE,,4G,0.1,4.85
R06-0000353,6,Eastport,+1-440-249-6981,+1-225-476-0843,2026-06-01 13:23:46,0,SMS,,3G,0.0,0.05
R06-0000354,6,Eastport,+1-854-494-9913,+1-376-789-2993,2026-06-01 06:52:17,3005,VOICE,,4G,0.1,5.01
R06-0000355,6,Eastport,+1-441-813-1425,+1-860-336-1589,2026-06-01 03:10:11,0,SMS,,3G,0.0,0.05
R06-0000356,6,Eastport,+1-271-321-7235,+1-471-521-9986,2026-06-01 06:17:06,0,SMS,,4G,0.0,0.05
R06-0000357,6,Eastport,+1-288-477-9115,+1-402-507-7792,2026-06-01 17:39:42,0,SMS,,5G,0.0,0.05
R06-0000358,6,Eastport,+1-842-723-4021,+1-450-628-8238,2026-06-01 06:56:33,3300,VOICE,,4G,0.1,5.5
R06-0000359,6,Eastport,+1-661-357-0729,+1-647-376-9374,2026-06-01 22:26:53,0,SMS,,5G,0.0,0.05
R06-0000360,6,Eastport,+1-424-237-2990,,2026-06-01 13:09:46,650,DATA,335991113,4G,0.0,3.36
R06-0000361,6,Eastport,+1-256-411-4593,+1-432-778-5671,2026-06-01 10:46:08,0,SMS,,4G,0.0,0.05
R06-0000362,6,Eastport,+1-960-784-9028,+1-334-909-1364,2026-06-01 15:19:21,0,SMS,,5G,0.0,0.05
R06-0000363,6,Eastport,+1-823-411-6987,+1-589-608-2689,2026-06-01 06:15:26,0,SMS,,5G,0.0,0.05
R06-0000364,6,Eastport,+1-250-967-0904,+1-628-380-9080,2026-06-01 03:11:22,443,VOICE,,4G,0.1,0.74
R06-0000365,6,Eastport,+1-778-589-8857,,2026-06-01 08:07:30,6315,DATA,276904006,3G,0.0,2.77
R06-0000366,6,Eastport,+1-460-323-5020,+1-629-950-2681,2026-06-01 18:22:49,0,SMS,,5G,0.0,0.05
R06-0000367,6,Eastport,+1-563-387-8885,,2026-06-01 13:15:25,2945,DATA,423676888,4G,0.0,4.24
R06-0000368,6,Eastport,+1-839-376-9289,+1-370-821-3744,2026-06-01 12:36:14,0,SMS,,3G,0.0,0.05
R06-0000369,6,Eastport,+1-253-972-9760,+1-754-231-8267,2026-06-01 00:01:12,0,VOICE,,5G,0.08,0.0
R06-0000370,6,Eastport,+1-346-506-0756,+1-455-622-6204,2026-06-01 03:12:20,2592,VOICE,,5G,0.08,3.46
R06-0000371,6,Eastport,+1-873-325-0603,+1-690-983-1186,2026-06-01 21:37:13,809,VOICE,,4G,0.1,1.35
R06-0000372,6,Eastport,+1-523-853-2820,+1-275-981-7803,2026-06-01 08:37:31,0,SMS,,4G,0.0,0.05
R06-0000373,6,Eastport,+1-910-978-2671,+1-812-241-8953,2026-06-01 00:02:46,1040,VOICE,,5G,0.08,1.39
R06-0000374,6,Eastport,+1-289-565-5788,+1-861-211-6670,2026-06-01 00:49:42,762,VOICE,,5G,0.08,1.02
R06-0000375,6,Eastport,+1-837-552-0292,+1-886-416-1764,2026-06-01 06:17:25,57,VOICE,,5G,0.08,0.08
R06-0000376,6,Eastport,+1-345-446-8238,+1-855-821-9744,2026-06-01 14:19:15,833,VOICE,,4G,0.1,1.39
R06-0000377,6,Eastport,+1-508-750-8980,+1-461-905-4402,2026-06-01 11:26:37,654,VOICE,,4G,0.1,1.09
R06-0000378,6,Eastport,+1-703-921-3387,+1-946-632-1356,2026-06-01 05:27:57,620,VOICE,,4G,0.1,1.03
R06-0000379,6,Eastport,+1-670-952-0889,+1-500-562-2630,2026-06-01 14:23:32,2410,VOICE,,3G,0.12,4.82
R06-0000380,6,Eastport,+1-805-361-2099,,2026-06-01 02:58:56,1301,DATA,493701907,4G,0.0,4.94
R06-0000381,6,Eastport,+1-450-902-3631,+1-261-509-3303,2026-06-01 21:30:43,0,SMS,,4G,0.0,0.05
R06-0000382,6,Eastport,+1-349-413-2172,+1-683-344-9492,2026-06-01 12:30:18,0,SMS,,5G,0.0,0.05
R06-0000383,6,Eastport,+1-237-865-3654,+1-667-251-5312,2026-06-01 16:00:33,0,SMS,,5G,0.0,0.05
R06-0000384,6,Eastport,+1-649-460-1369,+1-843-221-6054,2026-06-01 04:05:12,0,SMS,,5G,0.0,0.05
R06-0000385,6,Eastport,+1-431-376-2895,+1-603-617-4196,2026-06-01 06:01:18,111,VOICE,,4G,0.1,0.19
R06-0000386,6,Eastport,+1-970-261-3044,+1-602-548-6090,2026-06-01 02:12:44,0,SMS,,5G,0.0,0.05
R06-0000387,6,Eastport,+1-609-866-5958,+1-353-507-5808,2026-06-01 06:24:08,0,SMS,,4G,0.0,0.05
R06-0000388,6,Eastport,+1-904-236-6307,+1-398-301-4344,2026-06-01 07:29:06,2928,VOICE,,4G,0.1,4.88
R06-0000389,6,Eastport,+1-300-607-9605,+1-677-779-5781,2026-06-01 09:01:51,0,SMS,,5G,0.0,0.05
R06-0000390,6,Eastport,+1-559-675-9512,+1-322-451-6352,2026-06-01 19:34:55,0,SMS,,4G,0.0,0.05
R06-0000391,6,Eastport,+1-738-725-4461,+1-917-705-3661,2026-06-01 21:05:07,0,SMS,,4G,0.0,0.05
R06-0000392,6,Eastport,+1-908-337-7080,,2026-06-01 11:50:24,938,DATA,290436681,4G,0.0,2.9
R06-0000393,6,Eastport,+1-923-578-6879,,2026-06-01 10:56:15,2630,DATA,82911003,3G,0.0,0.83
R06-0000394,6,Eastport,+1-727-945-1105,+1-978-310-0788,2026-06-01 21:56:42,1513,VOICE,,4G,0.1,2.52
R06-0000395,6,Eastport,+1-978-224-4714,+1-529-912-2629,2026-06-01 08:38:43,0,SMS,,4G,0.0,0.05
R06-0000396,6,Eastport,+1-249-883-2600,+1-686-783-0816,2026-06-01 17:16:40,548,VOICE,,5G,0.08,0.73
R06-0000397,6,Eastport,+1-316-744-4423,+1-289-250-0132,2026-06-01 18:25:08,0,SMS,,4G,0.0,0.05
R06-0000398,6,Eastport,+1-851-874-7507,,2026-06-01 09:00:54,5750,DATA,33637571,4G,0.0,0.34
R06-0000399,6,Eastport,+1-350-503-5962,+1-407-911-7936,2026-06-01 06:59:58,0,SMS,,4G,0.0,0.05
R06-0000400,6,Eastport,+1-387-646-1999,+1-803-672-0605,2026-06-01 16:28:00,3285,VOICE,,4G,0.1,5.48
R06-0000401,6,Eastport,+1-775-522-0550,,2026-06-01 16:17:19,2298,DATA,1605126,5G,0.0,0.02
R06-0000402,6,Eastport,+1-603-332-8523,+1-761-576-3770,2026-06-01 01:50:55,2304,VOICE,,4G,0.1,3.84
R06-0000403,6,Eastport,+1-893-777-4573,,2026-06-01 03:07:46,4749,DATA,101627693,4G,0.0,1.02
R06-0000404,6,Eastport,+1-910-717-0449,,2026-06-01 04:49:18,2093,DATA,210621858,3G,0.0,2.11
R06-0000405,6,Eastport,+1-234-377-2063,+1-306-854-3243,2026-06-01 09:34:36,3360,VOICE,,4G,0.1,5.6
R06-0000406,6,Eastport,+1-330-977-0445,+1-691-252-8800,2026-06-01 01:48:09,0,SMS,,5G,0.0,0.05
R06-0000407,6,Eastport,+1-308-463-4240,,2026-06-01 18:13:56,6846,DATA,136671799,5G,0.0,1.37
R06-0000408,6,Eastport,+1-583-462-4931,+1-544-883-0962,2026-06-01 16:28:02,2670,VOICE,,5G,0.08,3.56
R06-0000409,6,Eastport,+1-521-227-8233,,2026-06-01 22:11:36,3593,DATA,420501949,4G,0.0,4.21
R06-0000410,6,Eastport,+1-895-693-1577,+1-224-737-8609,2026-06-01 14:56:58,2165,VOICE,,4G,0.1,3.61
R06-0000411,6,Eastport,+1-472-283-6998,+1-213-217-5656,2026-06-01 09:31:11,0,SMS,,4G,0.0,0.05
R06-0000412,6,Eastport,+1-281-784-0553,+1-248-391-5261,2026-06-01 23:31:28,0,SMS,,3G,0.0,0.05
R06-0000413,6,Eastport,+1-873-361-6992,,2026-06-01 17:50:04,3225,DATA,277307662,4G,0.0,2.77
R06-0000414,6,Eastport,+1-593-414-6115,+1-415-327-7324,2026-06-01 20:47:15,1354,VOICE,,4G,0.1,2.26
R06-0000415,6,Eastport,+1-366-360-0297,+1-505-318-1079,2026-06-01 15:15:28,0,SMS,,4G,0.0,0.05
R06-0000416,6,Eastport,+1-305-482-5994,+1-940-641-7049,2026-06-01 13:57:45,0,SMS,,4G,0.0,0.05
R06-0000417,6,Eastport,+1-935-884-0038,+1-525-566-3937,2026-06-01 06:44:33,3400,VOICE,,4G,0.1,5.67
R06-0000418,6,Eastport,+1-713-417-4573,+1-354-257-8835,2026-06-01 04:03:36,658,VOICE,,4G,0.1,1.1
R06-0000419,6,Eastport,+1-600-413-6049,+1-264-926-2602,2026-06-01 14:17:04,0,SMS,,5G,0.0,0.05
R06-0000420,6,Eastport,+1-513-448-2792,+1-653-605-1657,2026-06-01 15:06:28,0,SMS,,4G,0.0,0.05
R06-0000421,6,Eastport,+1-802-228-3472,+1-483-745-5586,2026-06-01 10:23:33,1541,VOICE,,4G,0.1,2.57
R06-0000422,6,Eastport,+1-910-707-9268,+1-970-765-3941,2026-06-01 18:38:38,1655,VOICE,,5G,0.08,2.21
R06-0000423,6,Eastport,+1-324-770-3913,+1-523-868-0577,2026-06-01 03:22:51,0,SMS,,4G,0.0,0.05
R06-0000424,6,Eastport,+1-814-569-4075,+1-523-820-9641,2026-06-01 23:24:43,0,SMS,,4G,0.0,0.05
R06-0000425,6,Eastport,+1-503-564-5503,+1-345-253-4036,2026-06-01 08:58:24,1806,VOICE,,4G,0.1,3.01
R06-0000426,6,Eastport,+1-624-935-6290,+1-510-768-1898,2026-06-01 10:06:32,0,SMS,,4G,0.0,0.05
R06-0000427,6,Eastport,+1-525-760-2379,+1-558-785-7023,2026-06-01 10:31:41,0,SMS,,4G,0.0,0.05
R06-0000428,6,Eastport,+1-935-860-1189,+1-568-281-2114,2026-06-01 22:19:20,0,SMS,,5G,0.0,0.05
R06-0000429,6,Eastport,+1-836-398-7756,+1-463-479-1386,2026-06-01 03:18:02,1355,VOICE,,4G,0.1,2.26
R06-0000430,6,Eastport,+1-407-673-8952,+1-567-957-1810,2026-06-01 21:10:34,2456,VOICE,,4G,0.1,4.09
R06-0000431,6,Eastport,+1-734-874-9325,+1-560-365-3620,2026-06-01 08:07:06,2929,VOICE,,4G,0.1,4.88
R06-0000432,6,Eastport,+1-905-623-6825,+1-630-259-8175,2026-06-01 10:45:16,0,SMS,,5G,0.0,0.05
R06-0000433,6,Eastport,+1-302-949-6424,+1-334-556-3103,2026-06-01 03:07:15,0,SMS,,5G,0.0,0.05
R06-0000434,6,Eastport,+1-325-477-0168,+1-977-735-7662,2026-06-01 19:00:38,2280,VOICE,,4G,0.1,3.8
R06-0000435,6,Eastport,+1-823-932-5352,+1-752-323-2836,2026-06-01 20:08:38,0,SMS,,3G,0.0,0.05
R06-0000436,6,Eastport,+1-603-836-4376,+1-868-513-3717,2026-06-01 07:44:58,3316,VOICE,,4G,0.1,5.53
R06-0000437,6,Eastport,+1-620-686-8882,,2026-06-01 19:35:52,5774,DATA,161537719,5G,0.0,1.62
R06-0000438,6,Eastport,+1-826-704-7380,+1-522-922-7264,2026-06-01 21:54:28,0,SMS,,4G,0.0,0.05
R06-0000439,6,Eastport,+1-419-566-9401,+1-345-201-8027,2026-06-01 14:54:38,2637,VOICE,,5G,0.08,3.52
R06-0000440,6,Eastport,+1-509-392-2425,+1-525-365-6645,2026-06-01 10:59:08,2234,VOICE,,4G,0.1,3.72
R06-0000441,6,Eastport,+1-221-522-6847,+1-434-624-9869,2026-06-01 14:00:09,650,VOICE,,4G,0.1,1.08
R06-0000442,6,Eastport,+1-839-419-3610,,2026-06-01 08:08:01,3994,DATA,390538898,3G,0.0,3.91
R06-0000443,6,Eastport,+1-589-323-2308,,2026-06-01 09:52:26,546,DATA,332428726,4G,0.0,3.32
R06-0000444,6,Eastport,+1-506-817-1947,,2026-06-01 10:37:06,2181,DATA,168913903,4G,0.0,1.69
R06-0000445,6,Eastport,+1-238-656-4569,+1-586-650-3916,2026-06-01 11:39:45,1529,VOICE,,4G,0.1,2.55
R06-0000446,6,Eastport,+1-485-231-5518,+1-602-389-0802,2026-06-01 14:51:13,2760,VOICE,,5G,0.08,3.68
R06-0000447,6,Eastport,+1-532-863-2600,+1-635-866-9487,2026-06-01 11:53:02,2935,VOICE,,4G,0.1,4.89
R06-0000448,6,Eastport,+1-672-323-4362,+1-541-955-0980,2026-06-01 01:01:53,661,VOICE,,4G,0.1,1.1
R06-0000449,6,Eastport,+1-604-255-4564,+1-747-457-7885,2026-06-01 14:46:49,0,SMS,,4G,0.0,0.05
R06-0000450,6,Eastport,+1-630-491-1927,,2026-06-01 07:37:05,6339,DATA,273761856,4G,0.0,2.74
R06-0000451,6,Eastport,+1-326-936-0322,+1-221-617-3925,2026-06-01 16:26:54,1067,VOICE,,4G,0.1,1.78
R06-0000452,6,Eastport,+1-586-704-3146,+1-288-986-8850,2026-06-01 17:06:13,2650,VOICE,,4G,0.1,4.42
R06-0000453,6,Eastport,+1-488-348-8013,+1-230-701-0511,2026-06-01 23:30:21,1501,VOICE,,4G,0.1,2.5
R06-0000454,6,Eastport,+1-281-499-1513,+1-531-716-6520,2026-06-01 00:01:22,0,SMS,,5G,0.0,0.05
R06-0000455,6,Eastport,+1-404-952-2924,+1-323-675-9253,2026-06-01 08:20:26,0,SMS,,5G,0.0,0.05
R06-0000456,6,Eastport,+1-365-648-6590,+1-628-905-6841,2026-06-01 16:10:08,1449,VOICE,,4G,0.1,2.42
R06-0000457,6,Eastport,+1-548-666-5820,,2026-06-01 15:51:18,5978,DATA,343911947,4G,0.0,3.44
R06-0000458,6,Eastport,+1-688-900-5742,+1-320-534-4501,2026-06-01 17:01:22,0,SMS,,4G,0.0,0.05
R06-0000459,6,Eastport,+1-396-829-2953,+1-710-679-7939,2026-06-01 10:23:08,1548,VOICE,,5G,0.08,2.06
R06-0000460,6,Eastport,+1-710-904-9263,+1-522-478-7955,2026-06-01 18:31:38,0,SMS,,4G,0.0,0.05
R06-0000461,6,Eastport,+1-749-252-7914,+1-224-770-0504,2026-06-01 02:26:51,0,SMS,,5G,0.0,0.05
R06-0000462,6,Eastport,+1-842-873-4569,+1-517-226-5186,2026-06-01 02:59:33,0,SMS,,4G,0.0,0.05
R06-0000463,6,Eastport,+1-476-299-0016,+1-351-530-7697,2026-06-01 16:07:50,0,SMS,,4G,0.0,0.05
R06-0000464,6,Eastport,+1-735-624-9430,,2026-06-01 04:01:39,3986,DATA,452235246,4G,0.0,4.52
R06-0000465,6,Eastport,+1-545-254-4421,,2026-06-01 20:29:50,5214,DATA,55237245,4G,0.0,0.55
R06-0000466,6,Eastport,+1-274-319-5992,+1-554-329-5427,2026-06-01 06:28:18,0,SMS,,5G,0.0,0.05
R06-0000467,6,Eastport,+1-390-342-5312,+1-784-333-4171,2026-06-01 07:06:50,1453,VOICE,,4G,0.1,2.42
R06-0000468,6,Eastport,+1-657-894-1924,+1-926-376-2963,2026-06-01 11:33:53,2063,VOICE,,4G,0.1,3.44
R06-0000469,6,Eastport,+1-934-812-2815,+1-982-650-2327,2026-06-01 10:15:54,683,VOICE,,5G,0.08,0.91
R06-0000470,6,Eastport,+1-482-980-6803,+1-607-293-9879,2026-06-01 11:55:25,2673,VOICE,,4G,0.1,4.46
R06-0000471,6,Eastport,+1-465-616-2347,,2026-06-01 22:10:34,2877,DATA,274083707,4G,0.0,2.74
R06-0000472,6,Eastport,+1-832-369-5241,+1-929-963-6529,2026-06-01 09:31:13,2612,VOICE,,4G,0.1,4.35
R06-0000473,6,Eastport,+1-395-391-1893,+1-767-697-0460,2026-06-01 02:41:08,1127,VOICE,,3G,0.12,2.25
R06-0000474,6,Eastport,+1-576-680-0184,+1-683-411-6124,2026-06-01 06:15:52,693,VOICE,,5G,0.08,0.92
R06-0000475,6,Eastport,+1-571-270-3910,+1-718-411-5725,2026-06-01 04:38:17,372,VOICE,,4G,0.1,0.62
R06-0000476,6,Eastport,+1-545-206-1901,,2026-06-01 00:01:46,6360,DATA,402036233,5G,0.0,4.02
R06-0000477,6,Eastport,+1-742-399-8323,+1-900-969-4954,2026-06-01 19:37:31,2977,VOICE,,5G,0.08,3.97
R06-0000478,6,Eastport,+1-247-495-1331,+1-240-351-5015,2026-06-01 14:24:08,2902,VOICE,,4G,0.1,4.84
R06-0000479,6,Eastport,+1-516-235-2061,,2026-06-01 12:00:09,6092,DATA,190613179,4G,0.0,1.91
R06-0000480,6,Eastport,+1-244-663-3063,,2026-06-01 01:15:22,629,DATA,336046568,4G,0.0,3.36
R06-0000481,6,Eastport,+1-836-725-4795,,2026-06-01 21:27:13,1007,DATA,330366070,5G,0.0,3.3
R06-0000482,6,Eastport,+1-936-876-9382,+1-424-283-7186,2026-06-01 10:26:32,466,VOICE,,5G,0.08,0.62
R06-0000483,6,Eastport,+1-834-924-1911,,2026-06-01 11:28:32,2158,DATA,296317675,3G,0.0,2.96
R06-0000484,6,Eastport,+1-446-224-4226,+1-728-835-3640,2026-06-01 10:12:33,0,SMS,,4G,0.0,0.05
R06-0000485,6,Eastport,+1-200-285-7160,+1-499-925-1254,2026-06-01 15:59:23,2878,VOICE,,4G,0.1,4.8
R06-0000486,6,Eastport,+1-981-604-6721,+1-709-858-4712,2026-06-01 21:12:57,981,VOICE,,5G,0.08,1.31
R06-0000487,6,Eastport,+1-599-431-7438,,2026-06-01 17:55:15,814,DATA,300973803,5G,0.0,3.01
R06-0000488,6,Eastport,+1-970-767-9255,,2026-06-01 09:35:24,4777,DATA,77474936,5G,0.0,0.77
R06-0000489,6,Eastport,+1-609-952-9062,+1-633-941-2213,2026-06-01 09:36:03,0,SMS,,4G,0.0,0.05
R06-0000490,6,Eastport,+1-664-637-5739,+1-503-954-4102,2026-06-01 14:35:12,0,SMS,,4G,0.0,0.05
R06-0000491,6,Eastport,+1-341-424-6681,+1-542-211-6443,2026-06-01 14:39:28,1751,VOICE,,5G,0.08,2.33
R06-0000492,6,Eastport,+1-911-977-5741,+1-613-795-4630,2026-06-01 19:36:43,1061,VOICE,,5G,0.08,1.41
R06-0000493,6,Eastport,+1-478-519-4641,+1-310-822-1290,2026-06-01 16:29:50,1738,VOICE,,5G,0.08,2.32
R06-0000494,6,Eastport,+1-868-816-6804,,2026-06-01 10:11:58,2723,DATA,122830026,4G,0.0,1.23
R06-0000495,6,Eastport,+1-873-595-0355,,2026-06-01 10:35:20,4258,DATA,263377381,3G,0.0,2.63
R06-0000496,6,Eastport,+1-797-462-8679,+1-603-284-5116,2026-06-01 03:21:47,0,SMS,,5G,0.0,0.05
R06-0000497,6,Eastport,+1-413-222-7389,+1-238-967-6911,2026-06-01 11:22:24,0,SMS,,4G,0.0,0.05
R06-0000498,6,Eastport,+1-208-478-8871,,2026-06-01 15:50:09,1543,DATA,190731262,5G,0.0,1.91
R06-0000499,6,Eastport,+1-529-880-4167,+1-638-754-8651,2026-06-01 20:42:28,0,SMS,,5G,0.0,0.05
R06-0000500,6,Eastport,+1-691-870-0290,,2026-06-01 09:11:11,4556,DATA,61093799,4G,0.0,0.61
R06-0000501,6,Eastport,+1-718-318-7472,+1-755-845-3880,2026-06-01 00:35:00,0,SMS,,4G,0.0,0.05
R06-0000502,6,Eastport,+1-880-606-8611,+1-769-313-0139,2026-06-01 14:57:20,0,SMS,,4G,0.0,0.05
R06-0000503,6,Eastport,+1-587-849-3300,,2026-06-01 16:45:17,6038,DATA,237818277,4G,0.0,2.38
R06-0000504,6,Eastport,+1-947-449-0614,+1-858-202-6604,2026-06-01 11:20:34,905,VOICE,,5G,0.08,1.21
R06-0000505,6,Eastport,+1-405-246-6726,+1-411-853-5931,2026-06-01 00:04:55,0,SMS,,5G,0.0,0.05
R06-0000506,6,Eastport,+1-961-829-6228,+1-550-919-0100,2026-06-01 22:01:40,1000,VOICE,,3G,0.12,2.0
R06-0000507,6,Eastport,+1-899-846-7295,+1-229-567-2824,2026-06-01 13:44:53,3317,VOICE,,4G,0.1,5.53
R06-0000508,6,Eastport,+1-722-810-7460,+1-791-724-8999,2026-06-01 19:11:07,1438,VOICE,,5G,0.08,1.92
R06-0000509,6,Eastport,+1-214-906-3097,+1-290-741-3697,2026-06-01 00:44:55,3212,VOICE,,4G,0.1,5.35
R06-0000510,6,Eastport,+1-497-678-8966,+1-683-503-7335,2026-06-01 17:53:33,0,SMS,,5G,0.0,0.05
R06-0000511,6,Eastport,+1-922-970-8371,+1-306-847-4116,2026-06-01 16:47:05,710,VOICE,,5G,0.08,0.95
R06-0000512,6,Eastport,+1-693-578-0616,,2026-06-01 17:05:24,253,DATA,322405026,3G,0.0,3.22
R06-0000513,6,Eastport,+1-963-800-4870,,2026-06-01 02:26:21,4944,DATA,460603121,3G,0.0,4.61
R06-0000514,6,Eastport,+1-676-668-0913,,2026-06-01 16:50:53,4131,DATA,281163257,4G,0.0,2.81
R06-0000515,6,Eastport,+1-787-975-1418,+1-231-709-0265,2026-06-01 20:57:26,0,SMS,,4G,0.0,0.05
R06-0000516,6,Eastport,+1-736-248-6380,+1-569-622-2569,2026-06-01 14:08:21,0,SMS,,4G,0.0,0.05
R06-0000517,6,Eastport,+1-609-340-1599,+1-397-704-3304,2026-06-01 18:27:15,1057,VOICE,,4G,0.1,1.76
R06-0000518,6,Eastport,+1-716-903-5097,+1-550-516-1810,2026-06-01 18:28:38,3444,VOICE,,5G,0.08,4.59
R06-0000519,6,Eastport,+1-318-456-3585,+1-463-744-9028,2026-06-01 15:45:59,711,VOICE,,4G,0.1,1.19
R06-0000520,6,Eastport,+1-399-268-6695,+1-323-645-3676,2026-06-01 20:15:46,0,SMS,,4G,0.0,0.05
R06-0000521,6,Eastport,+1-576-456-5834,+1-653-748-0937,2026-06-01 02:41:46,0,SMS,,5G,0.0,0.05
R06-0000522,6,Eastport,+1-669-211-4670,+1-658-550-1217,2026-06-01 15:59:52,0,SMS,,4G,0.0,0.05
R06-0000523,6,Eastport,+1-942-868-5244,+1-934-729-1740,2026-06-01 10:28:25,3164,VOICE,,5G,0.08,4.22
R06-0000524,6,Eastport,+1-979-980-6120,+1-626-760-4975,2026-06-01 12:59:34,0,SMS,,4G,0.0,0.05
R06-0000525,6,Eastport,+1-699-624-0894,,2026-06-01 08:21:51,7148,DATA,41485071,5G,0.0,0.41
R06-0000526,6,Eastport,+1-212-646-1058,+1-632-306-8182,2026-06-01 00:46:41,0,SMS,,4G,0.0,0.05
R06-0000527,6,Eastport,+1-781-829-8899,+1-203-959-8902,2026-06-01 12:54:07,2833,VOICE,,5G,0.08,3.78
R06-0000528,6,Eastport,+1-541-255-8625,+1-621-288-4165,2026-06-01 01:49:24,689,VOICE,,4G,0.1,1.15
R06-0000529,6,Eastport,+1-268-864-0200,+1-630-919-5954,2026-06-01 11:22:57,1238,VOICE,,5G,0.08,1.65
R06-0000530,6,Eastport,+1-730-363-1393,+1-906-843-6407,2026-06-01 02:49:16,68,VOICE,,3G,0.12,0.14
R06-0000531,6,Eastport,+1-988-657-7157,+1-625-520-7075,2026-06-01 16:50:22,2638,VOICE,,4G,0.1,4.4
R06-0000532,6,Eastport,+1-803-785-8519,+1-664-880-0644,2026-06-01 23:22:43,0,SMS,,4G,0.0,0.05
R06-0000533,6,Eastport,+1-841-459-9790,,2026-06-01 03:23:21,96,DATA,329708940,5G,0.0,3.3
R06-0000534,6,Eastport,+1-864-512-3264,+1-706-676-8388,2026-06-01 08:38:56,0,SMS,,4G,0.0,0.05
R06-0000535,6,Eastport,+1-736-607-2441,+1-512-652-4596,2026-06-01 01:39:13,1763,VOICE,,4G,0.1,2.94
R06-0000536,6,Eastport,+1-718-854-8553,+1-317-978-5992,2026-06-01 02:05:54,2345,VOICE,,4G,0.1,3.91
R06-0000537,6,Eastport,+1-953-568-0672,+1-919-463-1159,2026-06-01 00:34:27,2375,VOICE,,5G,0.08,3.17
R06-0000538,6,Eastport,+1-592-261-8135,+1-607-956-7675,2026-06-01 02:41:39,0,VOICE,,5G,0.08,0.0
R06-0000539,6,Eastport,+1-764-619-8155,+1-590-822-3605,2026-06-01 10:55:37,0,SMS,,4G,0.0,0.05
R06-0000540,6,Eastport,+1-405-352-8848,+1-294-444-3246,2026-06-01 10:47:35,0,SMS,,4G,0.0,0.05
R06-0000541,6,Eastport,+1-736-784-1901,+1-823-632-1254,2026-06-01 07:59:05,0,SMS,,4G,0.0,0.05
R06-0000542,6,Eastport,+1-210-717-0890,+1-225-217-3518,2026-06-01 13:32:33,112,VOICE,,3G,0.12,0.22
R06-0000543,6,Eastport,+1-622-236-5845,+1-616-253-9259,2026-06-01 01:41:46,0,SMS,,5G,0.0,0.05
R06-0000544,6,Eastport,+1-340-806-2612,+1-251-653-1133,2026-06-01 01:35:28,1814,VOICE,,4G,0.1,3.02
R06-0000545,6,Eastport,+1-238-441-4158,+1-527-785-5070,2026-06-01 20:54:03,642,VOICE,,4G,0.1,1.07
R06-0000546,6,Eastport,+1-385-459-0697,+1-266-923-2324,2026-06-01 10:01:16,0,SMS,,5G,0.0,0.05
R06-0000547,6,Eastport,+1-947-430-6583,+1-273-527-2264,2026-06-01 14:53:32,661,VOICE,,4G,0.1,1.1
R06-0000548,6,Eastport,+1-973-539-1040,+1-375-258-5192,2026-06-01 01:57:48,0,SMS,,3G,0.0,0.05
R06-0000549,6,Eastport,+1-500-337-4977,+1-852-446-0581,2026-06-01 16:00:11,528,VOICE,,3G,0.12,1.06
R06-0000550,6,Eastport,+1-738-746-2026,+1-494-857-7438,2026-06-01 03:55:19,0,SMS,,5G,0.0,0.05
R06-0000551,6,Eastport,+1-420-545-2130,+1-353-344-1331,2026-06-01 23:41:27,0,SMS,,4G,0.0,0.05
R06-0000552,6,Eastport,+1-752-878-3191,+1-263-602-6933,2026-06-01 20:46:14,2667,VOICE,,5G,0.08,3.56
R06-0000553,6,Eastport,+1-708-510-8604,,2026-06-01 18:06:56,6384,DATA,38996291,4G,0.0,0.39
R06-0000554,6,Eastport,+1-396-509-2952,,2026-06-01 04:15:20,5452,DATA,57348409,5G,0.0,0.57
R06-0000555,6,Eastport,+1-216-808-5784,+1-312-432-2363,2026-06-01 11:53:06,0,SMS,,4G,0.0,0.05
R06-0000556,6,Eastport,+1-789-784-1127,,2026-06-01 05:27:49,5094,DATA,430272959,4G,0.0,4.3
R06-0000557,6,Eastport,+1-891-815-4559,+1-639-932-8176,2026-06-01 08:12:30,782,VOICE,,4G,0.1,1.3
R06-0000558,6,Eastport,+1-367-687-8361,+1-854-841-1049,2026-06-01 01:20:56,0,SMS,,4G,0.0,0.05
R06-0000559,6,Eastport,+1-611-335-2721,+1-291-276-8645,2026-06-01 10:48:54,3061,VOICE,,4G,0.1,5.1
R06-0000560,6,Eastport,+1-319-231-7099,,2026-06-01 07:17:54,428,DATA,249382697,4G,0.0,2.49
R06-0000561,6,Eastport,+1-685-600-4474,+1-605-517-0898,2026-06-01 13:45:24,1399,VOICE,,4G,0.1,2.33
R06-0000562,6,Eastport,+1-459-243-0823,+1-773-363-7395,2026-06-01 18:33:42,3531,VOICE,,4G,0.1,5.89
R06-0000563,6,Eastport,+1-826-746-7825,+1-820-853-9100,2026-06-01 23:48:20,22,VOICE,,3G,0.12,0.04
R06-0000564,6,Eastport,+1-228-586-3587,+1-885-217-1119,2026-06-01 09:19:03,2666,VOICE,,3G,0.12,5.33
R06-0000565,6,Eastport,+1-863-950-7162,+1-544-764-5140,2026-06-01 03:36:12,2174,VOICE,,5G,0.08,2.9
R06-0000566,6,Eastport,+1-882-909-9146,+1-472-500-8549,2026-06-01 15:12:41,0,SMS,,4G,0.0,0.05
R06-0000567,6,Eastport,+1-846-954-7876,+1-418-395-8506,2026-06-01 05:00:07,0,SMS,,4G,0.0,0.05
R06-0000568,6,Eastport,+1-364-321-9207,+1-983-383-6649,2026-06-01 06:56:25,0,SMS,,4G,0.0,0.05
R06-0000569,6,Eastport,+1-675-433-0408,+1-880-320-8782,2026-06-01 09:58:37,1065,VOICE,,5G,0.08,1.42
R06-0000570,6,Eastport,+1-551-863-3862,,2026-06-01 06:02:51,56,DATA,317930293,4G,0.0,3.18
R06-0000571,6,Eastport,+1-753-830-5839,+1-815-380-8732,2026-06-01 12:11:09,314,VOICE,,5G,0.08,0.42
R06-0000572,6,Eastport,+1-756-597-8587,+1-647-350-8685,2026-06-01 01:59:47,0,SMS,,5G,0.0,0.05
R06-0000573,6,Eastport,+1-273-358-4769,+1-663-618-0484,2026-06-01 05:52:16,0,VOICE,,4G,0.1,0.0
R06-0000574,6,Eastport,+1-369-951-1233,,2026-06-01 12:34:26,6662,DATA,362350196,4G,0.0,3.62
R06-0000575,6,Eastport,+1-925-816-7534,+1-601-712-0895,2026-06-01 02:53:09,1567,VOICE,,5G,0.08,2.09
R06-0000576,6,Eastport,+1-861-829-4534,+1-358-889-2045,2026-06-01 01:29:40,3512,VOICE,,4G,0.1,5.85
R06-0000577,6,Eastport,+1-623-979-6223,,2026-06-01 01:02:44,6566,DATA,305892774,5G,0.0,3.06
R06-0000578,6,Eastport,+1-508-393-1472,+1-686-982-0386,2026-06-01 19:36:08,1214,VOICE,,4G,0.1,2.02
R06-0000579,6,Eastport,+1-876-351-0565,,2026-06-01 06:46:49,6272,DATA,38863842,4G,0.0,0.39
R06-0000580,6,Eastport,+1-203-552-1216,,2026-06-01 15:34:59,477,DATA,287982978,5G,0.0,2.88
R06-0000581,6,Eastport,+1-430-413-5791,+1-282-793-6064,2026-06-01 10:43:04,2207,VOICE,,4G,0.1,3.68
R06-0000582,6,Eastport,+1-343-602-5855,,2026-06-01 05:09:44,2138,DATA,292217316,4G,0.0,2.92
R06-0000583,6,Eastport,+1-640-972-5923,+1-755-518-9836,2026-06-01 12:14:58,3533,VOICE,,4G,0.1,5.89
R06-0000584,6,Eastport,+1-624-879-8224,+1-452-600-7956,2026-06-01 08:30:52,0,SMS,,4G,0.0,0.05
R06-0000585,6,Eastport,+1-681-946-9605,+1-894-679-9212,2026-06-01 09:24:00,3321,VOICE,,3G,0.12,6.64
R06-0000586,6,Eastport,+1-363-902-3290,+1-670-773-3061,2026-06-01 14:31:59,3448,VOICE,,5G,0.08,4.6
R06-0000587,6,Eastport,+1-287-652-5628,+1-717-949-1926,2026-06-01 09:02:50,3454,VOICE,,4G,0.1,5.76
R06-0000588,6,Eastport,+1-406-738-8975,+1-367-725-4084,2026-06-01 16:11:33,0,SMS,,5G,0.0,0.05
R06-0000589,6,Eastport,+1-961-427-4250,+1-476-630-2793,2026-06-01 16:42:25,2740,VOICE,,4G,0.1,4.57
R06-0000590,6,Eastport,+1-215-791-5825,+1-590-477-2389,2026-06-01 19:26:14,0,SMS,,3G,0.0,0.05
R06-0000591,6,Eastport,+1-776-907-0651,+1-515-244-2136,2026-06-01 08:23:20,3456,VOICE,,3G,0.12,6.91
R06-0000592,6,Eastport,+1-523-521-2241,+1-731-729-7739,2026-06-01 16:29:38,1616,VOICE,,4G,0.1,2.69
R06-0000593,6,Eastport,+1-733-901-9530,+1-553-587-6906,2026-06-01 09:32:05,0,SMS,,4G,0.0,0.05
R06-0000594,6,Eastport,+1-880-356-6179,+1-408-514-3744,2026-06-01 07:30:10,2579,VOICE,,5G,0.08,3.44
R06-0000595,6,Eastport,+1-409-327-0451,+1-861-550-0415,2026-06-01 10:40:46,0,SMS,,4G,0.0,0.05
R06-0000596,6,Eastport,+1-348-317-1071,+1-530-982-3459,2026-06-01 09:03:10,226,VOICE,,4G,0.1,0.38
R06-0000597,6,Eastport,+1-591-852-3147,+1-310-747-4106,2026-06-01 00:57:10,1514,VOICE,,5G,0.08,2.02
R06-0000598,6,Eastport,+1-353-586-3692,,2026-06-01 19:05:04,6520,DATA,148910516,5G,0.0,1.49
R06-0000599,6,Eastport,+1-753-825-3493,,2026-06-01 08:41:11,4176,DATA,387716813,4G,0.0,3.88
R06-0000600,6,Eastport,+1-745-850-7181,,2026-06-01 01:13:51,82,DATA,141567588,4G,0.0,1.42
R06-0000601,6,Eastport,+1-540-977-7720,+1-202-727-3011,2026-06-01 09:00:15,0,SMS,,3G,0.0,0.05
R06-0000602,6,Eastport,+1-387-520-6402,,2026-06-01 14:25:26,1811,DATA,285692956,4G,0.0,2.86
R06-0000603,6,Eastport,+1-330-483-2654,+1-860-657-5778,2026-06-01 15:45:15,1665,VOICE,,3G,0.12,3.33
R06-0000604,6,Eastport,+1-377-859-2053,+1-430-212-3277,2026-06-01 21:19:12,2233,VOICE,,4G,0.1,3.72
R06-0000605,6,Eastport,+1-897-335-3569,+1-573-947-9009,2026-06-01 16:20:20,1505,VOICE,,4G,0.1,2.51
R06-0000606,6,Eastport,+1-473-674-0580,+1-236-727-9241,2026-06-01 23:57:51,243,VOICE,,5G,0.08,0.32
R06-0000607,6,Eastport,+1-493-370-3095,+1-707-362-9341,2026-06-01 19:58:15,0,SMS,,4G,0.0,0.05
R06-0000608,6,Eastport,+1-503-967-0471,+1-614-501-0192,2026-06-01 01:22:47,2697,VOICE,,4G,0.1,4.5
R06-0000609,6,Eastport,+1-859-708-3260,+1-376-309-1176,2026-06-01 19:08:53,0,SMS,,3G,0.0,0.05
R06-0000610,6,Eastport,+1-616-478-7769,+1-750-718-0324,2026-06-01 08:39:42,2276,VOICE,,5G,0.08,3.03
R06-0000611,6,Eastport,+1-218-447-0605,+1-546-288-4617,2026-06-01 11:47:19,0,SMS,,5G,0.0,0.05
R06-0000612,6,Eastport,+1-739-639-8778,+1-397-999-7490,2026-06-01 02:23:34,0,SMS,,4G,0.0,0.05
R06-0000613,6,Eastport,+1-563-376-8011,+1-562-721-0440,2026-06-01 01:14:33,1819,VOICE,,5G,0.08,2.43
R06-0000614,6,Eastport,+1-986-994-7264,+1-299-256-7158,2026-06-01 02:02:50,0,SMS,,5G,0.0,0.05
R06-0000615,6,Eastport,+1-689-974-0892,+1-507-505-2233,2026-06-01 19:57:28,0,SMS,,3G,0.0,0.05
R06-0000616,6,Eastport,+1-597-630-0401,+1-465-437-5883,2026-06-01 17:16:45,702,VOICE,,4G,0.1,1.17
R06-0000617,6,Eastport,+1-830-353-3409,,2026-06-01 02:41:05,6742,DATA,307957339,4G,0.0,3.08
R06-0000618,6,Eastport,+1-737-397-1465,,2026-06-01 12:43:55,5354,DATA,236197127,4G,0.0,2.36
R06-0000619,6,Eastport,+1-878-265-9374,+1-237-904-3917,2026-06-01 09:37:25,3297,VOICE,,5G,0.08,4.4
R06-0000620,6,Eastport,+1-838-885-3672,+1-274-741-1580,2026-06-01 18:40:05,2545,VOICE,,4G,0.1,4.24
R06-0000621,6,Eastport,+1-906-262-5714,+1-670-918-0589,2026-06-01 10:29:22,1232,VOICE,,4G,0.1,2.05
R06-0000622,6,Eastport,+1-207-690-2833,+1-506-221-4343,2026-06-01 15:13:39,0,SMS,,4G,0.0,0.05
R06-0000623,6,Eastport,+1-646-655-1341,,2026-06-01 13:05:38,3762,DATA,191794052,5G,0.0,1.92
R06-0000624,6,Eastport,+1-626-873-2093,+1-881-926-4698,2026-06-01 04:19:04,1044,VOICE,,5G,0.08,1.39
R06-0000625,6,Eastport,+1-856-528-2217,,2026-06-01 12:19:40,7037,DATA,198619904,5G,0.0,1.99
R06-0000626,6,Eastport,+1-450-880-1981,+1-212-452-1571,2026-06-01 21:41:37,2892,VOICE,,4G,0.1,4.82
R06-0000627,6,Eastport,+1-861-472-2246,+1-877-662-9227,2026-06-01 06:25:52,1610,VOICE,,4G,0.1,2.68
R06-0000628,6,Eastport,+1-424-586-4571,+1-803-738-6220,2026-06-01 15:39:32,0,SMS,,5G,0.0,0.05
R06-0000629,6,Eastport,+1-798-672-7480,+1-593-799-4369,2026-06-01 09:54:03,2694,VOICE,,4G,0.1,4.49
R06-0000630,6,Eastport,+1-698-690-7985,+1-240-308-7719,2026-06-01 22:08:07,888,VOICE,,5G,0.08,1.18
R06-0000631,6,Eastport,+1-794-234-8494,+1-462-865-8202,2026-06-01 05:32:27,2620,VOICE,,5G,0.08,3.49
R06-0000632,6,Eastport,+1-307-450-4855,+1-592-375-9282,2026-06-01 17:12:36,0,SMS,,4G,0.0,0.05
R06-0000633,6,Eastport,+1-963-404-6930,+1-807-809-0539,2026-06-01 13:19:41,246,VOICE,,5G,0.08,0.33
R06-0000634,6,Eastport,+1-328-348-7364,+1-586-457-6966,2026-06-01 00:56:37,0,SMS,,5G,0.0,0.05
R06-0000635,6,Eastport,+1-415-920-1976,,2026-06-01 04:39:56,3712,DATA,237152762,4G,0.0,2.37
R06-0000636,6,Eastport,+1-260-717-9870,+1-924-317-5329,2026-06-01 20:22:26,1570,VOICE,,4G,0.1,2.62
R06-0000637,6,Eastport,+1-378-845-7964,+1-750-925-1803,2026-06-01 22:29:38,2318,VOICE,,4G,0.1,3.86
R06-0000638,6,Eastport,+1-657-383-3502,+1-856-874-1576,2026-06-01 13:45:48,0,SMS,,3G,0.0,0.05
R06-0000639,6,Eastport,+1-277-601-5718,+1-647-527-2260,2026-06-01 12:06:19,58,VOICE,,4G,0.1,0.1
R06-0000640,6,Eastport,+1-584-938-4786,+1-302-992-7752,2026-06-01 05:56:45,0,SMS,,4G,0.0,0.05
R06-0000641,6,Eastport,+1-822-478-2197,+1-796-415-7595,2026-06-01 01:14:42,0,SMS,,5G,0.0,0.05
R06-0000642,6,Eastport,+1-465-877-4666,+1-272-765-7585,2026-06-01 20:40:32,0,SMS,,5G,0.0,0.05
R06-0000643,6,Eastport,+1-539-545-5241,,2026-06-01 16:56:12,2088,DATA,271330235,3G,0.0,2.71
R06-0000644,6,Eastport,+1-689-368-2937,,2026-06-01 22:45:45,83,DATA,67348500,5G,0.0,0.67
R06-0000645,6,Eastport,+1-394-907-7267,+1-742-208-2805,2026-06-01 13:15:50,2563,VOICE,,4G,0.1,4.27
R06-0000646,6,Eastport,+1-340-835-5808,+1-659-760-1484,2026-06-01 01:06:00,188,VOICE,,4G,0.1,0.31
R06-0000647,6,Eastport,+1-587-556-9694,+1-714-574-3407,2026-06-01 19:21:31,0,SMS,,5G,0.0,0.05
R06-0000648,6,Eastport,+1-607-857-6130,+1-585-745-1467,2026-06-01 04:37:06,3545,VOICE,,4G,0.1,5.91
R06-0000649,6,Eastport,+1-226-696-7854,+1-807-891-7604,2026-06-01 21:50:22,3325,VOICE,,4G,0.1,5.54
R06-0000650,6,Eastport,+1-632-475-5742,+1-753-907-2305,2026-06-01 07:39:55,3063,VOICE,,4G,0.1,5.11
R06-0000651,6,Eastport,+1-572-425-3635,+1-729-641-7871,2026-06-01 21:34:21,0,SMS,,4G,0.0,0.05
R06-0000652,6,Eastport,+1-934-651-9325,+1-943-669-9123,2026-06-01 21:56:32,2279,VOICE,,5G,0.08,3.04
R06-0000653,6,Eastport,+1-765-536-8983,,2026-06-01 13:16:30,1110,DATA,209291810,5G,0.0,2.09
R06-0000654,6,Eastport,+1-569-924-6465,+1-928-506-9813,2026-06-01 07:59:17,3431,VOICE,,4G,0.1,5.72
R06-0000655,6,Eastport,+1-766-411-1858,+1-920-765-0600,2026-06-01 10:53:45,2010,VOICE,,4G,0.1,3.35
R06-0000656,6,Eastport,+1-686-985-8846,+1-821-307-7481,2026-06-01 11:49:35,2412,VOICE,,4G,0.1,4.02
R06-0000657,6,Eastport,+1-764-692-1236,,2026-06-01 00:49:04,1786,DATA,387247363,4G,0.0,3.87
R06-0000658,6,Eastport,+1-365-414-6835,+1-683-359-0698,2026-06-01 03:22:41,579,VOICE,,4G,0.1,0.97
R06-0000659,6,Eastport,+1-464-348-5646,+1-601-989-9625,2026-06-01 18:01:48,1485,VOICE,,3G,0.12,2.97
R06-0000660,6,Eastport,+1-957-509-5440,,2026-06-01 07:14:18,6457,DATA,54352165,4G,0.0,0.54
R06-0000661,6,Eastport,+1-818-886-0057,+1-256-454-9566,2026-06-01 00:08:21,125,VOICE,,4G,0.1,0.21
R06-0000662,6,Eastport,+1-978-768-7608,+1-284-973-6248,2026-06-01 09:33:40,0,SMS,,3G,0.0,0.05
R06-0000663,6,Eastport,+1-613-976-9101,+1-341-720-0678,2026-06-01 16:52:32,0,SMS,,4G,0.0,0.05
R06-0000664,6,Eastport,+1-322-352-1770,+1-733-727-0384,2026-06-01 07:11:04,0,SMS,,4G,0.0,0.05
R06-0000665,6,Eastport,+1-666-996-2865,+1-394-327-5902,2026-06-01 01:38:16,0,SMS,,5G,0.0,0.05
R06-0000666,6,Eastport,+1-620-549-7766,+1-222-622-4215,2026-06-01 03:12:11,0,SMS,,4G,0.0,0.05
R06-0000667,6,Eastport,+1-825-835-7424,+1-976-353-3824,2026-06-01 22:02:17,1061,VOICE,,4G,0.1,1.77
R06-0000668,6,Eastport,+1-676-859-1342,+1-247-726-6035,2026-06-01 04:37:05,0,SMS,,5G,0.0,0.05
R06-0000669,6,Eastport,+1-615-283-1508,+1-922-999-6039,2026-06-01 05:15:32,0,SMS,,4G,0.0,0.05
R06-0000670,6,Eastport,+1-782-401-8284,+1-916-611-2471,2026-06-01 22:08:32,0,SMS,,4G,0.0,0.05
R06-0000671,6,Eastport,+1-573-853-4755,+1-960-547-6622,2026-06-01 15:18:05,1073,VOICE,,4G,0.1,1.79
R06-0000672,6,Eastport,+1-633-575-2098,+1-478-574-8993,2026-06-01 13:30:15,1192,VOICE,,4G,0.1,1.99
R06-0000673,6,Eastport,+1-550-359-8828,+1-677-910-9673,2026-06-01 00:40:07,1981,VOICE,,4G,0.1,3.3
R06-0000674,6,Eastport,+1-706-687-9645,+1-963-946-3651,2026-06-01 16:33:13,3031,VOICE,,4G,0.1,5.05
R06-0000675,6,Eastport,+1-701-870-9021,+1-777-581-1177,2026-06-01 00:24:43,1428,VOICE,,4G,0.1,2.38
R06-0000676,6,Eastport,+1-208-888-4180,+1-631-884-5967,2026-06-01 02:10:01,1480,VOICE,,3G,0.12,2.96
R06-0000677,6,Eastport,+1-847-246-8466,+1-601-202-2901,2026-06-01 15:38:29,0,SMS,,4G,0.0,0.05
R06-0000678,6,Eastport,+1-726-224-3517,+1-662-701-3945,2026-06-01 01:27:26,528,VOICE,,5G,0.08,0.7
R06-0000679,6,Eastport,+1-263-635-9717,+1-609-963-6590,2026-06-01 17:25:36,0,VOICE,,5G,0.08,0.0
R06-0000680,6,Eastport,+1-608-560-2056,,2026-06-01 13:54:16,6382,DATA,311201037,5G,0.0,3.11
R06-0000681,6,Eastport,+1-864-665-4627,,2026-06-01 04:59:12,1912,DATA,382647974,5G,0.0,3.83
R06-0000682,6,Eastport,+1-899-924-5399,+1-270-542-1246,2026-06-01 14:51:18,2628,VOICE,,5G,0.08,3.5
R06-0000683,6,Eastport,+1-414-426-6401,+1-494-465-7100,2026-06-01 05:41:31,2021,VOICE,,3G,0.12,4.04
R06-0000684,6,Eastport,+1-981-959-0420,+1-638-911-5857,2026-06-01 15:10:50,868,VOICE,,4G,0.1,1.45
R06-0000685,6,Eastport,+1-595-547-3068,+1-404-731-0906,2026-06-01 20:55:44,0,SMS,,4G,0.0,0.05
R06-0000686,6,Eastport,+1-416-688-9213,+1-413-529-0476,2026-06-01 16:29:03,1762,VOICE,,5G,0.08,2.35
R06-0000687,6,Eastport,+1-355-247-0863,+1-374-727-5247,2026-06-01 17:35:14,236,VOICE,,4G,0.1,0.39
R06-0000688,6,Eastport,+1-294-588-1833,+1-968-387-6068,2026-06-01 03:52:25,1167,VOICE,,5G,0.08,1.56
R06-0000689,6,Eastport,+1-742-998-9928,+1-751-254-6593,2026-06-01 18:37:33,3255,VOICE,,4G,0.1,5.43
R06-0000690,6,Eastport,+1-478-331-2357,+1-766-349-6171,2026-06-01 09:06:05,0,SMS,,3G,0.0,0.05
R06-0000691,6,Eastport,+1-637-909-1049,+1-959-946-5151,2026-06-01 09:39:35,1261,VOICE,,5G,0.08,1.68
R06-0000692,6,Eastport,+1-788-810-7091,+1-494-877-6948,2026-06-01 06:53:43,838,VOICE,,4G,0.1,1.4
R06-0000693,6,Eastport,+1-424-663-9434,+1-520-677-9725,2026-06-01 09:21:17,3369,VOICE,,5G,0.08,4.49
R06-0000694,6,Eastport,+1-294-429-0807,+1-205-443-5058,2026-06-01 09:06:44,0,SMS,,5G,0.0,0.05
R06-0000695,6,Eastport,+1-886-930-7330,,2026-06-01 06:55:04,2047,DATA,155796609,3G,0.0,1.56
R06-0000696,6,Eastport,+1-885-526-1989,+1-420-408-9961,2026-06-01 13:50:37,0,SMS,,4G,0.0,0.05
R06-0000697,6,Eastport,+1-679-837-2375,+1-731-729-6541,2026-06-01 17:36:19,474,VOICE,,4G,0.1,0.79
R06-0000698,6,Eastport,+1-748-704-7607,,2026-06-01 16:42:26,6072,DATA,169056812,4G,0.0,1.69
R06-0000699,6,Eastport,+1-267-253-6750,+1-525-784-5908,2026-06-01 23:40:21,1831,VOICE,,4G,0.1,3.05
R06-0000700,6,Eastport,+1-706-999-5989,+1-762-457-7185,2026-06-01 08:22:24,2030,VOICE,,3G,0.12,4.06
R06-0000701,6,Eastport,+1-739-412-0013,+1-983-454-2543,2026-06-01 11:08:05,1977,VOICE,,5G,0.08,2.64
R06-0000702,6,Eastport,+1-231-579-8942,,2026-06-01 12:28:14,6890,DATA,452642876,4G,0.0,4.53
R06-0000703,6,Eastport,+1-590-537-8618,+1-470-747-2189,2026-06-01 22:59:47,837,VOICE,,5G,0.08,1.12
R06-0000704,6,Eastport,+1-742-415-5583,+1-639-543-3866,2026-06-01 06:55:27,278,VOICE,,5G,0.08,0.37
R06-0000705,6,Eastport,+1-633-977-0821,+1-434-774-7572,2026-06-01 03:43:06,0,VOICE,,4G,0.1,0.0
R06-0000706,6,Eastport,+1-831-707-6238,+1-634-504-1135,2026-06-01 15:34:38,2994,VOICE,,5G,0.08,3.99
R06-0000707,6,Eastport,+1-501-503-4296,+1-863-457-3506,2026-06-01 19:29:19,2431,VOICE,,4G,0.1,4.05
R06-0000708,6,Eastport,+1-504-418-1377,,2026-06-01 23:36:00,6815,DATA,280365942,4G,0.0,2.8
R06-0000709,6,Eastport,+1-761-316-1606,+1-750-535-9597,2026-06-01 16:58:40,339,VOICE,,4G,0.1,0.57
R06-0000710,6,Eastport,+1-350-283-0748,+1-719-952-0785,2026-06-01 03:25:42,3471,VOICE,,4G,0.1,5.79
R06-0000711,6,Eastport,+1-452-474-7894,+1-642-224-0153,2026-06-01 11:07:58,2326,VOICE,,4G,0.1,3.88
R06-0000712,6,Eastport,+1-482-424-3212,+1-880-734-1854,2026-06-01 06:55:19,739,VOICE,,4G,0.1,1.23
R06-0000713,6,Eastport,+1-251-420-4354,+1-508-836-5318,2026-06-01 12:16:40,0,SMS,,4G,0.0,0.05
R06-0000714,6,Eastport,+1-402-765-1556,,2026-06-01 19:54:41,2487,DATA,259074364,4G,0.0,2.59
R06-0000715,6,Eastport,+1-219-899-3205,+1-461-528-4084,2026-06-01 19:39:44,0,SMS,,4G,0.0,0.05
R06-0000716,6,Eastport,+1-707-929-0631,,2026-06-01 15:36:06,3792,DATA,378351056,5G,0.0,3.78
R06-0000717,6,Eastport,+1-390-262-4044,+1-566-701-9940,2026-06-01 01:18:55,0,SMS,,4G,0.0,0.05
R06-0000718,6,Eastport,+1-232-581-8737,+1-601-308-7619,2026-06-01 05:48:26,3313,VOICE,,4G,0.1,5.52
R06-0000719,6,Eastport,+1-402-481-4998,,2026-06-01 22:36:49,1836,DATA,23767601,4G,0.0,0.24
R06-0000720,6,Eastport,+1-620-756-5538,+1-934-238-6734,2026-06-01 12:26:07,0,SMS,,5G,0.0,0.05
R06-0000721,6,Eastport,+1-270-534-3775,,2026-06-01 16:01:00,4216,DATA,150805827,4G,0.0,1.51
R06-0000722,6,Eastport,+1-986-709-7077,+1-795-222-2723,2026-06-01 11:18:15,1525,VOICE,,5G,0.08,2.03
R06-0000723,6,Eastport,+1-837-376-7549,,2026-06-01 02:12:14,6341,DATA,169476163,3G,0.0,1.69
R06-0000724,6,Eastport,+1-739-389-5873,+1-476-389-8025,2026-06-01 17:42:46,0,SMS,,5G,0.0,0.05
R06-0000725,6,Eastport,+1-654-568-6079,+1-686-723-3910,2026-06-01 03:32:07,2419,VOICE,,5G,0.08,3.23
R06-0000726,6,Eastport,+1-924-890-5484,+1-280-371-4883,2026-06-01 07:15:44,937,VOICE,,4G,0.1,1.56
R06-0000727,6,Eastport,+1-776-248-5828,+1-948-399-1711,2026-06-01 21:11:43,0,VOICE,,5G,0.08,0.0
R06-0000728,6,Eastport,+1-582-340-2339,+1-604-552-0115,2026-06-01 13:46:35,2179,VOICE,,4G,0.1,3.63
R06-0000729,6,Eastport,+1-715-735-5235,+1-414-957-4624,2026-06-01 11:27:42,2813,VOICE,,4G,0.1,4.69
R06-0000730,6,Eastport,+1-476-649-2096,+1-333-922-6385,2026-06-01 15:40:37,0,SMS,,4G,0.0,0.05
R06-0000731,6,Eastport,+1-811-959-8285,+1-825-833-1296,2026-06-01 10:13:47,0,SMS,,4G,0.0,0.05
R06-0000732,6,Eastport,+1-364-577-7060,+1-315-435-2725,2026-06-01 06:33:02,1822,VOICE,,3G,0.12,3.64
R06-0000733,6,Eastport,+1-605-377-3719,+1-352-201-4792,2026-06-01 21:49:00,726,VOICE,,4G,0.1,1.21
R06-0000734,6,Eastport,+1-664-690-2651,+1-282-377-4606,2026-06-01 21:22:57,1346,VOICE,,4G,0.1,2.24
R06-0000735,6,Eastport,+1-926-673-3774,+1-754-219-6330,2026-06-01 23:22:59,3130,VOICE,,5G,0.08,4.17
R06-0000736,6,Eastport,+1-592-734-0647,+1-837-933-9623,2026-06-01 03:08:32,2828,VOICE,,4G,0.1,4.71
R06-0000737,6,Eastport,+1-651-404-0666,+1-889-263-6455,2026-06-01 10:24:41,1344,VOICE,,5G,0.08,1.79
R06-0000738,6,Eastport,+1-765-344-9526,+1-499-795-2851,2026-06-01 01:15:41,0,SMS,,5G,0.0,0.05
R06-0000739,6,Eastport,+1-686-561-4264,+1-919-253-3606,2026-06-01 08:25:02,1926,VOICE,,4G,0.1,3.21
R06-0000740,6,Eastport,+1-898-893-7029,+1-242-315-1063,2026-06-01 03:37:12,0,SMS,,5G,0.0,0.05
R06-0000741,6,Eastport,+1-294-356-0024,+1-956-609-8236,2026-06-01 06:07:16,0,SMS,,4G,0.0,0.05
R06-0000742,6,Eastport,+1-442-783-8402,+1-593-268-5099,2026-06-01 12:50:50,1858,VOICE,,4G,0.1,3.1
R06-0000743,6,Eastport,+1-345-764-0695,+1-905-570-4546,2026-06-01 23:40:00,3214,VOICE,,4G,0.1,5.36
R06-0000744,6,Eastport,+1-750-966-9845,+1-346-624-5575,2026-06-01 19:10:10,2548,VOICE,,4G,0.1,4.25
R06-0000745,6,Eastport,+1-318-470-9989,,2026-06-01 17:43:14,4174,DATA,477114633,4G,0.0,4.77
R06-0000746,6,Eastport,+1-877-688-0358,,2026-06-01 20:07:02,2249,DATA,247776748,5G,0.0,2.48
R06-0000747,6,Eastport,+1-744-653-1376,+1-501-609-4439,2026-06-01 07:17:56,1742,VOICE,,5G,0.08,2.32
R06-0000748,6,Eastport,+1-375-629-8601,+1-901-514-3302,2026-06-01 10:57:58,3307,VOICE,,4G,0.1,5.51
R06-0000749,6,Eastport,+1-937-417-4785,+1-228-616-3303,2026-06-01 14:00:46,0,SMS,,4G,0.0,0.05
R06-0000750,6,Eastport,+1-827-330-0573,+1-526-469-7866,2026-06-01 12:54:14,160,VOICE,,5G,0.08,0.21
R06-0000751,6,Eastport,+1-514-235-0158,,2026-06-01 05:13:25,5409,DATA,331669797,5G,0.0,3.32
R06-0000752,6,Eastport,+1-935-932-7332,+1-727-860-0198,2026-06-01 21:20:30,0,SMS,,5G,0.0,0.05
R06-0000753,6,Eastport,+1-809-322-2311,+1-926-755-6644,2026-06-01 03:59:54,390,VOICE,,3G,0.12,0.78
R06-0000754,6,Eastport,+1-950-705-5072,+1-255-770-4017,2026-06-01 09:52:44,2118,VOICE,,4G,0.1,3.53
R06-0000755,6,Eastport,+1-349-898-8029,+1-851-491-8416,2026-06-01 15:15:57,2273,VOICE,,3G,0.12,4.55
R06-0000756,6,Eastport,+1-422-797-1396,+1-428-519-5329,2026-06-01 12:42:54,0,SMS,,4G,0.0,0.05
R06-0000757,6,Eastport,+1-569-696-4116,+1-253-879-4768,2026-06-01 16:55:01,595,VOICE,,4G,0.1,0.99
R06-0000758,6,Eastport,+1-343-734-9818,+1-422-952-0309,2026-06-01 06:40:12,2348,VOICE,,5G,0.08,3.13
R06-0000759,6,Eastport,+1-627-844-4886,+1-429-538-0095,2026-06-01 22:27:29,588,VOICE,,5G,0.08,0.78
R06-0000760,6,Eastport,+1-962-712-4102,+1-491-727-1495,2026-06-01 01:43:15,1926,VOICE,,5G,0.08,2.57
R06-0000761,6,Eastport,+1-867-515-1647,+1-531-298-4724,2026-06-01 20:54:50,2586,VOICE,,4G,0.1,4.31
R06-0000762,6,Eastport,+1-679-272-9127,+1-308-879-3998,2026-06-01 22:37:59,2676,VOICE,,4G,0.1,4.46
R06-0000763,6,Eastport,+1-878-971-8744,+1-915-675-6199,2026-06-01 20:20:11,3024,VOICE,,4G,0.1,5.04
R06-0000764,6,Eastport,+1-337-786-1226,+1-272-611-1554,2026-06-01 01:40:16,0,SMS,,4G,0.0,0.05
R06-0000765,6,Eastport,+1-910-594-7040,+1-618-985-8711,2026-06-01 13:21:12,0,VOICE,,3G,0.12,0.0
R06-0000766,6,Eastport,+1-505-968-2091,+1-651-634-2256,2026-06-01 05:20:52,0,SMS,,4G,0.0,0.05
R06-0000767,6,Eastport,+1-743-616-8930,+1-263-672-1545,2026-06-01 03:07:09,648,VOICE,,3G,0.12,1.3
R06-0000768,6,Eastport,+1-300-979-9833,+1-570-496-4214,2026-06-01 15:23:41,1845,VOICE,,5G,0.08,2.46
R06-0000769,6,Eastport,+1-705-614-0579,+1-849-368-4025,2026-06-01 01:59:28,2388,VOICE,,4G,0.1,3.98
R06-0000770,6,Eastport,+1-414-888-8123,+1-362-427-0755,2026-06-01 23:51:28,0,SMS,,5G,0.0,0.05
R06-0000771,6,Eastport,+1-665-985-9860,+1-213-238-9381,2026-06-01 19:33:48,385,VOICE,,4G,0.1,0.64
R06-0000772,6,Eastport,+1-674-245-6085,+1-843-240-2097,2026-06-01 06:45:09,2931,VOICE,,4G,0.1,4.89
R06-0000773,6,Eastport,+1-205-831-9272,+1-833-991-7103,2026-06-01 14:47:30,3441,VOICE,,5G,0.08,4.59
R06-0000774,6,Eastport,+1-447-792-3282,+1-806-260-6636,2026-06-01 01:27:38,0,SMS,,4G,0.0,0.05
R06-0000775,6,Eastport,+1-292-255-3609,,2026-06-01 23:32:17,3252,DATA,465926163,4G,0.0,4.66
R06-0000776,6,Eastport,+1-764-247-5213,+1-808-870-7844,2026-06-01 16:07:52,2105,VOICE,,3G,0.12,4.21
R06-0000777,6,Eastport,+1-600-991-3407,+1-251-436-1343,2026-06-01 16:33:59,174,VOICE,,3G,0.12,0.35
R06-0000778,6,Eastport,+1-214-757-3918,+1-986-365-5228,2026-06-01 14:57:32,0,SMS,,5G,0.0,0.05
R06-0000779,6,Eastport,+1-566-703-5336,+1-932-297-5502,2026-06-01 18:40:33,587,VOICE,,4G,0.1,0.98
R06-0000780,6,Eastport,+1-893-686-0691,+1-678-847-0564,2026-06-01 18:38:41,0,SMS,,5G,0.0,0.05
R06-0000781,6,Eastport,+1-427-373-7946,+1-762-978-9855,2026-06-01 06:21:16,2999,VOICE,,5G,0.08,4.0
R06-0000782,6,Eastport,+1-950-445-8734,+1-326-831-9724,2026-06-01 04:09:04,870,VOICE,,4G,0.1,1.45
R06-0000783,6,Eastport,+1-855-503-5907,+1-894-581-8274,2026-06-01 10:18:42,0,SMS,,4G,0.0,0.05
R06-0000784,6,Eastport,+1-678-517-6102,+1-471-535-8522,2026-06-01 08:01:36,2405,VOICE,,4G,0.1,4.01
R06-0000785,6,Eastport,+1-232-507-5296,+1-903-300-4328,2026-06-01 22:23:19,1275,VOICE,,4G,0.1,2.12
R06-0000786,6,Eastport,+1-380-362-8843,+1-881-847-3848,2026-06-01 13:33:38,0,SMS,,4G,0.0,0.05
R06-0000787,6,Eastport,+1-365-812-4226,+1-495-291-2233,2026-06-01 19:40:44,0,SMS,,3G,0.0,0.05
R06-0000788,6,Eastport,+1-472-932-7310,+1-553-981-2080,2026-06-01 15:50:41,3324,VOICE,,4G,0.1,5.54
R06-0000789,6,Eastport,+1-319-995-6370,+1-900-340-1266,2026-06-01 01:19:46,0,SMS,,4G,0.0,0.05
R06-0000790,6,Eastport,+1-691-623-8199,,2026-06-01 08:23:54,488,DATA,198046241,4G,0.0,1.98
R06-0000791,6,Eastport,+1-385-836-7306,+1-988-458-5210,2026-06-01 08:02:07,1542,VOICE,,4G,0.1,2.57
R06-0000792,6,Eastport,+1-942-210-6131,+1-578-819-1947,2026-06-01 17:07:20,2312,VOICE,,4G,0.1,3.85
R06-0000793,6,Eastport,+1-974-363-6276,+1-330-473-9603,2026-06-01 06:25:45,2482,VOICE,,3G,0.12,4.96
R06-0000794,6,Eastport,+1-309-265-4020,,2026-06-01 16:11:05,1128,DATA,21011806,4G,0.0,0.21
R06-0000795,6,Eastport,+1-981-391-4311,,2026-06-01 23:22:45,5782,DATA,238529732,4G,0.0,2.39
R06-0000796,6,Eastport,+1-662-324-4897,,2026-06-01 21:56:26,179,DATA,273039242,3G,0.0,2.73
R06-0000797,6,Eastport,+1-412-479-8792,+1-880-704-6780,2026-06-01 19:02:00,0,SMS,,4G,0.0,0.05
R06-0000798,6,Eastport,+1-363-622-5168,+1-288-437-2716,2026-06-01 16:20:36,1045,VOICE,,4G,0.1,1.74
R06-0000799,6,Eastport,+1-864-887-6382,,2026-06-01 08:43:20,3562,DATA,130388831,3G,0.0,1.3
R06-0000800,6,Eastport,+1-638-354-8297,+1-584-778-2337,2026-06-01 10:31:18,2378,VOICE,,5G,0.08,3.17
R06-0000801,6,Eastport,+1-797-862-5060,+1-813-404-9279,2026-06-01 03:51:07,0,SMS,,5G,0.0,0.05
R06-0000802,6,Eastport,+1-911-443-4707,,2026-06-01 20:14:04,2569,DATA,390431706,3G,0.0,3.9
R06-0000803,6,Eastport,+1-832-912-2206,+1-607-346-6461,2026-06-01 09:43:08,2338,VOICE,,5G,0.08,3.12
R06-0000804,6,Eastport,+1-802-613-3642,,2026-06-01 18:13:39,2206,DATA,484529855,5G,0.0,4.85
R06-0000805,6,Eastport,+1-299-546-3077,+1-929-914-8441,2026-06-01 04:07:12,0,SMS,,4G,0.0,0.05
R06-0000806,6,Eastport,+1-309-299-8669,+1-316-620-3600,2026-06-01 03:13:59,3385,VOICE,,4G,0.1,5.64
R06-0000807,6,Eastport,+1-964-563-8119,+1-755-749-5339,2026-06-01 21:49:55,2397,VOICE,,4G,0.1,4.0
R06-0000808,6,Eastport,+1-880-999-8537,+1-924-224-5664,2026-06-01 01:10:25,0,SMS,,4G,0.0,0.05
R06-0000809,6,Eastport,+1-464-341-5418,+1-986-739-5611,2026-06-01 21:12:55,718,VOICE,,3G,0.12,1.44
R06-0000810,6,Eastport,+1-575-211-0167,+1-875-221-5483,2026-06-01 00:06:55,1369,VOICE,,4G,0.1,2.28
R06-0000811,6,Eastport,+1-440-596-8981,+1-398-914-0798,2026-06-01 12:36:40,0,SMS,,4G,0.0,0.05
R06-0000812,6,Eastport,+1-238-278-3723,,2026-06-01 22:17:38,4979,DATA,389078044,4G,0.0,3.89
R06-0000813,6,Eastport,+1-722-695-3672,+1-479-636-3773,2026-06-01 01:31:35,1181,VOICE,,4G,0.1,1.97
R06-0000814,6,Eastport,+1-671-343-6258,+1-287-619-4920,2026-06-01 13:40:11,0,SMS,,5G,0.0,0.05
R06-0000815,6,Eastport,+1-469-558-6417,+1-313-291-9495,2026-06-01 07:28:46,2424,VOICE,,5G,0.08,3.23
R06-0000816,6,Eastport,+1-465-269-4240,+1-821-817-1077,2026-06-01 00:22:11,0,SMS,,3G,0.0,0.05
R06-0000817,6,Eastport,+1-424-917-3742,+1-831-927-8482,2026-06-01 19:45:54,3020,VOICE,,5G,0.08,4.03
R06-0000818,6,Eastport,+1-498-683-5562,,2026-06-01 15:00:28,6464,DATA,172823920,4G,0.0,1.73
R06-0000819,6,Eastport,+1-468-339-6749,,2026-06-01 15:06:38,6013,DATA,232653994,4G,0.0,2.33
R06-0000820,6,Eastport,+1-465-444-1319,+1-439-263-5351,2026-06-01 04:51:02,0,SMS,,4G,0.0,0.05
R06-0000821,6,Eastport,+1-807-694-0908,+1-590-703-3048,2026-06-01 09:17:45,2688,VOICE,,3G,0.12,5.38
R06-0000822,6,Eastport,+1-608-365-4597,+1-916-748-8762,2026-06-01 01:02:55,0,SMS,,4G,0.0,0.05
R06-0000823,6,Eastport,+1-654-295-7721,+1-678-305-0210,2026-06-01 19:12:06,0,SMS,,4G,0.0,0.05
R06-0000824,6,Eastport,+1-912-218-1851,+1-220-896-1257,2026-06-01 16:57:17,2070,VOICE,,5G,0.08,2.76
R06-0000825,6,Eastport,+1-845-569-6523,+1-359-508-1139,2026-06-01 03:03:00,1232,VOICE,,4G,0.1,2.05
R06-0000826,6,Eastport,+1-860-843-8175,+1-618-824-8349,2026-06-01 07:49:04,0,SMS,,4G,0.0,0.05
R06-0000827,6,Eastport,+1-927-212-4500,+1-897-396-0728,2026-06-01 00:47:02,784,VOICE,,4G,0.1,1.31
R06-0000828,6,Eastport,+1-909-389-2074,,2026-06-01 05:59:22,2399,DATA,207361212,3G,0.0,2.07
R06-0000829,6,Eastport,+1-635-968-3933,+1-812-434-9574,2026-06-01 08:52:09,0,SMS,,4G,0.0,0.05
R06-0000830,6,Eastport,+1-496-576-2177,+1-596-363-6529,2026-06-01 22:50:36,487,VOICE,,4G,0.1,0.81
R06-0000831,6,Eastport,+1-212-471-3326,+1-950-581-5194,2026-06-01 02:32:39,646,VOICE,,3G,0.12,1.29
R06-0000832,6,Eastport,+1-358-649-6804,+1-343-329-5812,2026-06-01 05:51:14,0,SMS,,5G,0.0,0.05
R06-0000833,6,Eastport,+1-973-319-0311,+1-989-569-8544,2026-06-01 05:40:38,683,VOICE,,4G,0.1,1.14
R06-0000834,6,Eastport,+1-414-581-2742,+1-359-249-4209,2026-06-01 23:11:48,3364,VOICE,,5G,0.08,4.49
R06-0000835,6,Eastport,+1-474-740-5636,,2026-06-01 03:50:50,2236,DATA,263156598,4G,0.0,2.63
R06-0000836,6,Eastport,+1-219-629-9919,+1-394-423-8194,2026-06-01 07:04:26,824,VOICE,,4G,0.1,1.37
R06-0000837,6,Eastport,+1-923-236-3302,+1-685-452-0670,2026-06-01 06:49:29,2435,VOICE,,4G,0.1,4.06
R06-0000838,6,Eastport,+1-412-857-7791,+1-399-853-0427,2026-06-01 08:38:10,2620,VOICE,,3G,0.12,5.24
R06-0000839,6,Eastport,+1-775-736-3270,+1-501-580-8529,2026-06-01 01:09:38,3347,VOICE,,5G,0.08,4.46
R06-0000840,6,Eastport,+1-648-917-7064,,2026-06-01 14:43:01,3127,DATA,272983359,5G,0.0,2.73
R06-0000841,6,Eastport,+1-698-686-9299,+1-250-951-3284,2026-06-01 20:37:54,0,SMS,,4G,0.0,0.05
R06-0000842,6,Eastport,+1-777-542-3978,+1-280-720-2932,2026-06-01 01:36:02,1434,VOICE,,4G,0.1,2.39
R06-0000843,6,Eastport,+1-212-203-8700,,2026-06-01 03:12:59,3147,DATA,236883820,4G,0.0,2.37
R06-0000844,6,Eastport,+1-866-269-9104,,2026-06-01 17:07:43,3029,DATA,170678215,4G,0.0,1.71
R06-0000845,6,Eastport,+1-982-632-4348,,2026-06-01 05:49:08,6309,DATA,101185252,3G,0.0,1.01
R06-0000846,6,Eastport,+1-873-761-1913,+1-966-952-5745,2026-06-01 09:52:06,449,VOICE,,5G,0.08,0.6
R06-0000847,6,Eastport,+1-370-898-5967,+1-359-611-9140,2026-06-01 21:50:55,2391,VOICE,,4G,0.1,3.99
R06-0000848,6,Eastport,+1-475-778-1660,+1-614-884-8899,2026-06-01 01:04:05,970,VOICE,,4G,0.1,1.62
R06-0000849,6,Eastport,+1-683-303-3396,,2026-06-01 10:35:16,4283,DATA,237722236,4G,0.0,2.38
R06-0000850,6,Eastport,+1-663-520-3573,+1-475-453-6094,2026-06-01 09:37:08,2637,VOICE,,4G,0.1,4.4
R06-0000851,6,Eastport,+1-932-639-1279,+1-897-571-5757,2026-06-01 01:43:20,1194,VOICE,,4G,0.1,1.99
R06-0000852,6,Eastport,+1-485-330-4928,,2026-06-01 22:01:24,145,DATA,279746771,4G,0.0,2.8
R06-0000853,6,Eastport,+1-432-336-9820,+1-229-359-0353,2026-06-01 02:55:09,888,VOICE,,4G,0.1,1.48
R06-0000854,6,Eastport,+1-528-205-1300,+1-944-318-3063,2026-06-01 22:42:41,2305,VOICE,,4G,0.1,3.84
R06-0000855,6,Eastport,+1-341-343-2910,+1-839-804-3600,2026-06-01 09:20:47,0,SMS,,5G,0.0,0.05
R06-0000856,6,Eastport,+1-867-339-0263,+1-701-650-6398,2026-06-01 08:00:56,3469,VOICE,,4G,0.1,5.78
R06-0000857,6,Eastport,+1-928-715-4686,+1-310-460-8315,2026-06-01 17:27:13,1386,VOICE,,5G,0.08,1.85
R06-0000858,6,Eastport,+1-216-447-4537,+1-646-701-1243,2026-06-01 17:32:22,1239,VOICE,,4G,0.1,2.06
R06-0000859,6,Eastport,+1-348-554-5750,+1-601-705-2826,2026-06-01 05:32:50,2370,VOICE,,4G,0.1,3.95
R06-0000860,6,Eastport,+1-492-478-3619,+1-671-687-8869,2026-06-01 03:43:05,2601,VOICE,,4G,0.1,4.33
R06-0000861,6,Eastport,+1-210-677-3238,,2026-06-01 08:12:08,127,DATA,246741592,4G,0.0,2.47
R06-0000862,6,Eastport,+1-571-263-9597,+1-390-633-4164,2026-06-01 11:04:13,665,VOICE,,3G,0.12,1.33
R06-0000863,6,Eastport,+1-925-568-3039,+1-736-500-4973,2026-06-01 07:22:09,1381,VOICE,,4G,0.1,2.3
R06-0000864,6,Eastport,+1-753-682-7012,+1-833-547-8873,2026-06-01 17:19:35,0,SMS,,4G,0.0,0.05
R06-0000865,6,Eastport,+1-590-640-9146,+1-804-723-8737,2026-06-01 19:49:15,2815,VOICE,,4G,0.1,4.69
R06-0000866,6,Eastport,+1-847-883-2551,+1-790-907-4898,2026-06-01 17:04:47,1270,VOICE,,4G,0.1,2.12
R06-0000867,6,Eastport,+1-627-907-3784,+1-705-380-7406,2026-06-01 01:40:08,490,VOICE,,3G,0.12,0.98
R06-0000868,6,Eastport,+1-347-736-4585,+1-292-554-6150,2026-06-01 12:00:47,2374,VOICE,,4G,0.1,3.96
R06-0000869,6,Eastport,+1-752-537-2845,,2026-06-01 04:31:13,4498,DATA,262042971,4G,0.0,2.62
R06-0000870,6,Eastport,+1-375-525-2533,+1-626-617-3043,2026-06-01 23:54:48,0,SMS,,4G,0.0,0.05
R06-0000871,6,Eastport,+1-780-997-2871,,2026-06-01 22:35:46,6397,DATA,343365585,5G,0.0,3.43
R06-0000872,6,Eastport,+1-449-707-8202,+1-816-783-8579,2026-06-01 21:29:19,253,VOICE,,3G,0.12,0.51
R06-0000873,6,Eastport,+1-832-692-2789,+1-407-911-0014,2026-06-01 14:29:15,1638,VOICE,,4G,0.1,2.73
R06-0000874,6,Eastport,+1-745-627-8139,+1-688-511-7370,2026-06-01 15:28:55,0,SMS,,4G,0.0,0.05
R06-0000875,6,Eastport,+1-535-903-9463,+1-428-252-8477,2026-06-01 13:54:57,0,SMS,,4G,0.0,0.05
R06-0000876,6,Eastport,+1-578-272-4392,+1-687-499-8691,2026-06-01 02:21:07,1988,VOICE,,3G,0.12,3.98
R06-0000877,6,Eastport,+1-424-547-1111,+1-389-387-1969,2026-06-01 04:04:25,1620,VOICE,,4G,0.1,2.7
R06-0000878,6,Eastport,+1-360-306-3466,+1-874-290-0742,2026-06-01 16:04:15,317,VOICE,,5G,0.08,0.42
R06-0000879,6,Eastport,+1-533-309-8199,+1-738-995-3978,2026-06-01 21:07:46,2754,VOICE,,4G,0.1,4.59
R06-0000880,6,Eastport,+1-776-547-3970,+1-759-511-5305,2026-06-01 12:24:22,282,VOICE,,5G,0.08,0.38
R06-0000881,6,Eastport,+1-809-210-4105,+1-207-552-8894,2026-06-01 22:21:32,0,SMS,,4G,0.0,0.05
R06-0000882,6,Eastport,+1-708-625-2802,,2026-06-01 10:47:09,1952,DATA,397136238,4G,0.0,3.97
R06-0000883,6,Eastport,+1-467-662-4116,+1-374-882-5448,2026-06-01 15:19:36,3495,VOICE,,4G,0.1,5.83
R06-0000884,6,Eastport,+1-812-291-7927,+1-871-535-1547,2026-06-01 10:59:34,2372,VOICE,,4G,0.1,3.95
R06-0000885,6,Eastport,+1-277-476-5192,+1-701-656-5012,2026-06-01 10:28:54,0,SMS,,3G,0.0,0.05
R06-0000886,6,Eastport,+1-205-293-5120,,2026-06-01 06:12:09,4097,DATA,54538628,4G,0.0,0.55
R06-0000887,6,Eastport,+1-853-236-0471,+1-438-267-0459,2026-06-01 20:24:02,1606,VOICE,,5G,0.08,2.14
R06-0000888,6,Eastport,+1-230-307-9227,+1-289-780-3693,2026-06-01 05:13:02,2509,VOICE,,4G,0.1,4.18
R06-0000889,6,Eastport,+1-658-309-9495,+1-600-252-0068,2026-06-01 19:40:41,0,SMS,,4G,0.0,0.05
R06-0000890,6,Eastport,+1-769-236-4925,+1-626-889-2060,2026-06-01 18:10:55,0,SMS,,4G,0.0,0.05
R06-0000891,6,Eastport,+1-558-346-7790,,2026-06-01 18:36:06,2263,DATA,460200314,5G,0.0,4.6
R06-0000892,6,Eastport,+1-925-336-4251,+1-771-495-7718,2026-06-01 00:24:02,0,SMS,,4G,0.0,0.05
R06-0000893,6,Eastport,+1-470-555-1405,+1-627-906-3653,2026-06-01 04:25:00,2395,VOICE,,4G,0.1,3.99
R06-0000894,6,Eastport,+1-266-606-2111,+1-927-434-8161,2026-06-01 19:37:15,2118,VOICE,,4G,0.1,3.53
R06-0000895,6,Eastport,+1-711-965-1410,+1-234-476-7590,2026-06-01 10:49:26,0,VOICE,,5G,0.08,0.0
R06-0000896,6,Eastport,+1-320-860-5090,+1-588-950-9860,2026-06-01 22:15:39,0,SMS,,3G,0.0,0.05
R06-0000897,6,Eastport,+1-247-375-0532,+1-790-907-4369,2026-06-01 10:10:05,3496,VOICE,,4G,0.1,5.83
R06-0000898,6,Eastport,+1-621-882-0241,+1-492-208-5391,2026-06-01 13:00:00,3263,VOICE,,3G,0.12,6.53
R06-0000899,6,Eastport,+1-468-732-7110,+1-606-235-3580,2026-06-01 17:26:06,0,SMS,,4G,0.0,0.05
R06-0000900,6,Eastport,+1-354-464-2643,+1-274-769-2978,2026-06-01 02:05:06,2558,VOICE,,3G,0.12,5.12
R06-0000901,6,Eastport,+1-294-396-0594,,2026-06-01 16:13:20,4296,DATA,253011010,5G,0.0,2.53
R06-0000902,6,Eastport,+1-891-545-8449,+1-721-508-4989,2026-06-01 09:25:17,741,VOICE,,4G,0.1,1.24
R06-0000903,6,Eastport,+1-982-537-3157,+1-594-618-2079,2026-06-01 21:18:25,0,SMS,,4G,0.0,0.05
R06-0000904,6,Eastport,+1-437-232-4252,+1-889-249-5385,2026-06-01 21:26:15,678,VOICE,,4G,0.1,1.13
R06-0000905,6,Eastport,+1-216-646-2527,+1-563-491-7445,2026-06-01 09:28:54,3392,VOICE,,4G,0.1,5.65
R06-0000906,6,Eastport,+1-347-250-6945,+1-342-798-4516,2026-06-01 17:31:46,2968,VOICE,,5G,0.08,3.96
R06-0000907,6,Eastport,+1-344-609-8550,,2026-06-01 02:17:41,3987,DATA,348161576,4G,0.0,3.48
R06-0000908,6,Eastport,+1-537-647-7527,+1-414-580-2074,2026-06-01 03:41:43,72,VOICE,,4G,0.1,0.12
R06-0000909,6,Eastport,+1-519-848-2908,+1-321-454-5008,2026-06-01 07:05:20,1619,VOICE,,4G,0.1,2.7
R06-0000910,6,Eastport,+1-604-925-0737,+1-396-993-2695,2026-06-01 14:17:53,0,SMS,,3G,0.0,0.05
R06-0000911,6,Eastport,+1-424-726-7259,+1-777-376-8885,2026-06-01 02:30:53,1040,VOICE,,4G,0.1,1.73
R06-0000912,6,Eastport,+1-323-796-2186,+1-672-530-9156,2026-06-01 14:55:50,3033,VOICE,,4G,0.1,5.05
R06-0000913,6,Eastport,+1-229-644-8466,,2026-06-01 11:57:00,6408,DATA,375006885,4G,0.0,3.75
R06-0000914,6,Eastport,+1-499-661-3479,,2026-06-01 19:46:27,6973,DATA,126443362,4G,0.0,1.26
R06-0000915,6,Eastport,+1-492-997-9369,+1-778-354-4617,2026-06-01 01:59:35,0,SMS,,4G,0.0,0.05
R06-0000916,6,Eastport,+1-699-542-1028,+1-778-436-4599,2026-06-01 17:06:59,0,SMS,,4G,0.0,0.05
R06-0000917,6,Eastport,+1-271-995-7922,,2026-06-01 23:25:28,5102,DATA,274862275,5G,0.0,2.75
R06-0000918,6,Eastport,+1-689-536-6782,,2026-06-01 23:22:47,123,DATA,114858580,5G,0.0,1.15
R06-0000919,6,Eastport,+1-403-776-6378,,2026-06-01 18:41:02,3656,DATA,266753365,5G,0.0,2.67
R06-0000920,6,Eastport,+1-646-213-2446,+1-773-605-2341,2026-06-01 05:27:32,1883,VOICE,,3G,0.12,3.77
R06-0000921,6,Eastport,+1-955-958-4250,+1-318-431-9962,2026-06-01 22:56:28,1748,VOICE,,4G,0.1,2.91
R06-0000922,6,Eastport,+1-827-875-3928,+1-718-469-5449,2026-06-01 14:32:19,258,VOICE,,4G,0.1,0.43
R06-0000923,6,Eastport,+1-798-258-4155,+1-269-774-9466,2026-06-01 12:41:17,0,SMS,,5G,0.0,0.05
R06-0000924,6,Eastport,+1-568-499-5485,+1-492-537-7630,2026-06-01 22:02:35,0,SMS,,4G,0.0,0.05
R06-0000925,6,Eastport,+1-263-725-3752,+1-236-346-6287,2026-06-01 12:24:10,0,SMS,,3G,0.0,0.05
R06-0000926,6,Eastport,+1-729-593-9186,+1-420-550-6453,2026-06-01 00:19:17,3322,VOICE,,4G,0.1,5.54
R06-0000927,6,Eastport,+1-243-761-0752,+1-432-256-5116,2026-06-01 22:17:42,2802,VOICE,,4G,0.1,4.67
R06-0000928,6,Eastport,+1-264-990-8460,+1-713-685-2806,2026-06-01 04:50:24,2818,VOICE,,4G,0.1,4.7
R06-0000929,6,Eastport,+1-517-439-4862,+1-800-707-9691,2026-06-01 06:46:35,236,VOICE,,4G,0.1,0.39
R06-0000930,6,Eastport,+1-931-414-2440,+1-579-832-5751,2026-06-01 11:16:41,0,SMS,,4G,0.0,0.05
R06-0000931,6,Eastport,+1-966-586-2195,+1-290-675-4160,2026-06-01 05:16:53,491,VOICE,,4G,0.1,0.82
R06-0000932,6,Eastport,+1-511-479-3382,+1-294-716-4623,2026-06-01 06:30:40,0,SMS,,4G,0.0,0.05
R06-0000933,6,Eastport,+1-814-881-4732,+1-665-250-5500,2026-06-01 00:11:44,3183,VOICE,,5G,0.08,4.24
R06-0000934,6,Eastport,+1-984-241-3137,+1-238-780-5471,2026-06-01 04:23:55,3070,VOICE,,4G,0.1,5.12
R06-0000935,6,Eastport,+1-281-959-6917,+1-634-591-5599,2026-06-01 16:54:52,1526,VOICE,,5G,0.08,2.03
R06-0000936,6,Eastport,+1-836-484-3271,,2026-06-01 18:42:38,5554,DATA,438851360,3G,0.0,4.39
R06-0000937,6,Eastport,+1-886-533-2596,+1-680-559-4665,2026-06-01 08:52:31,0,SMS,,4G,0.0,0.05
R06-0000938,6,Eastport,+1-751-559-2205,+1-201-938-3123,2026-06-01 15:44:14,0,VOICE,,5G,0.08,0.0
R06-0000939,6,Eastport,+1-295-304-4309,+1-844-719-9253,2026-06-01 10:22:02,0,SMS,,4G,0.0,0.05
R06-0000940,6,Eastport,+1-456-962-4866,+1-823-614-8786,2026-06-01 07:33:23,0,SMS,,4G,0.0,0.05
R06-0000941,6,Eastport,+1-549-561-4411,+1-346-410-3259,2026-06-01 21:31:52,0,SMS,,5G,0.0,0.05
R06-0000942,6,Eastport,+1-364-576-2065,+1-251-510-4219,2026-06-01 18:55:58,339,VOICE,,4G,0.1,0.57
R06-0000943,6,Eastport,+1-238-905-6444,+1-844-933-0003,2026-06-01 13:51:42,211,VOICE,,3G,0.12,0.42
R06-0000944,6,Eastport,+1-287-307-8422,+1-280-936-1803,2026-06-01 06:12:58,793,VOICE,,4G,0.1,1.32
R06-0000945,6,Eastport,+1-984-820-7833,,2026-06-01 07:56:00,478,DATA,216553609,3G,0.0,2.17
R06-0000946,6,Eastport,+1-789-335-4599,,2026-06-01 09:08:19,3730,DATA,201814934,3G,0.0,2.02
R06-0000947,6,Eastport,+1-809-890-5441,+1-294-537-8870,2026-06-01 00:36:31,2636,VOICE,,5G,0.08,3.51
R06-0000948,6,Eastport,+1-599-753-6730,,2026-06-01 07:39:44,984,DATA,277215052,4G,0.0,2.77
R06-0000949,6,Eastport,+1-491-607-3426,+1-553-982-5037,2026-06-01 21:11:28,0,SMS,,4G,0.0,0.05
R06-0000950,6,Eastport,+1-487-682-6998,+1-897-262-7257,2026-06-01 09:45:36,2966,VOICE,,4G,0.1,4.94
R06-0000951,6,Eastport,+1-795-432-4981,+1-211-797-5826,2026-06-01 20:32:16,3600,VOICE,,4G,0.1,6.0
R06-0000952,6,Eastport,+1-745-776-6245,,2026-06-01 09:09:43,5067,DATA,70963778,4G,0.0,0.71
R06-0000953,6,Eastport,+1-482-662-3280,+1-525-425-6741,2026-06-01 22:24:28,3368,VOICE,,4G,0.1,5.61
R06-0000954,6,Eastport,+1-915-219-5207,+1-475-713-4970,2026-06-01 12:17:23,2412,VOICE,,4G,0.1,4.02
R06-0000955,6,Eastport,+1-368-673-3047,+1-437-453-1648,2026-06-01 18:35:06,0,SMS,,4G,0.0,0.05
R06-0000956,6,Eastport,+1-900-457-8143,,2026-06-01 05:42:54,6831,DATA,45737812,4G,0.0,0.46
R06-0000957,6,Eastport,+1-665-729-8473,+1-792-815-5129,2026-06-01 02:25:13,0,SMS,,5G,0.0,0.05
R06-0000958,6,Eastport,+1-777-224-8528,+1-583-547-8888,2026-06-01 05:57:37,3037,VOICE,,4G,0.1,5.06
R06-0000959,6,Eastport,+1-475-538-3035,+1-609-701-7200,2026-06-01 00:15:45,1747,VOICE,,5G,0.08,2.33
R06-0000960,6,Eastport,+1-340-441-0801,,2026-06-01 13:23:19,1670,DATA,393826026,4G,0.0,3.94
R06-0000961,6,Eastport,+1-748-709-6393,,2026-06-01 01:02:48,3167,DATA,309130649,4G,0.0,3.09
R06-0000962,6,Eastport,+1-644-596-7332,+1-630-598-7808,2026-06-01 00:37:02,0,SMS,,5G,0.0,0.05
R06-0000963,6,Eastport,+1-504-529-7505,+1-375-541-0841,2026-06-01 10:37:44,3592,VOICE,,4G,0.1,5.99
R06-0000964,6,Eastport,+1-410-728-3820,+1-794-528-3960,2026-06-01 07:44:14,2162,VOICE,,4G,0.1,3.6
R06-0000965,6,Eastport,+1-973-969-1128,,2026-06-01 02:31:14,4902,DATA,327142306,4G,0.0,3.27
R06-0000966,6,Eastport,+1-749-297-7739,+1-495-919-3782,2026-06-01 18:28:07,0,SMS,,4G,0.0,0.05
R06-0000967,6,Eastport,+1-406-309-4230,+1-480-558-3907,2026-06-01 20:58:01,1823,VOICE,,4G,0.1,3.04
R06-0000968,6,Eastport,+1-381-244-0327,,2026-06-01 18:30:06,4122,DATA,386070559,4G,0.0,3.86
R06-0000969,6,Eastport,+1-241-846-0534,+1-532-239-6469,2026-06-01 10:00:30,2052,VOICE,,4G,0.1,3.42
R06-0000970,6,Eastport,+1-695-253-7746,,2026-06-01 18:19:09,3261,DATA,304404115,3G,0.0,3.04
R06-0000971,6,Eastport,+1-701-587-1324,+1-623-899-9717,2026-06-01 08:17:29,0,VOICE,,4G,0.1,0.0
R06-0000972,6,Eastport,+1-839-550-7735,+1-474-562-4302,2026-06-01 08:36:44,2655,VOICE,,3G,0.12,5.31
R06-0000973,6,Eastport,+1-715-577-7432,+1-285-369-8470,2026-06-01 23:11:38,160,VOICE,,5G,0.08,0.21
R06-0000974,6,Eastport,+1-237-696-5953,+1-541-614-8193,2026-06-01 12:44:14,649,VOICE,,5G,0.08,0.87
R06-0000975,6,Eastport,+1-851-910-9465,+1-670-632-9333,2026-06-01 18:57:11,3164,VOICE,,5G,0.08,4.22
R06-0000976,6,Eastport,+1-723-612-2697,+1-765-830-1580,2026-06-01 12:48:13,41,VOICE,,3G,0.12,0.08
R06-0000977,6,Eastport,+1-845-543-3002,+1-209-620-6051,2026-06-01 15:38:09,168,VOICE,,5G,0.08,0.22
R06-0000978,6,Eastport,+1-771-940-8197,+1-978-919-3146,2026-06-01 16:17:02,0,SMS,,4G,0.0,0.05
R06-0000979,6,Eastport,+1-485-704-6613,+1-813-828-6716,2026-06-01 17:51:49,0,SMS,,4G,0.0,0.05
R06-0000980,6,Eastport,+1-238-357-5854,,2026-06-01 09:34:21,7097,DATA,467284717,4G,0.0,4.67
R06-0000981,6,Eastport,+1-421-316-3182,+1-311-412-1221,2026-06-01 01:11:29,1991,VOICE,,4G,0.1,3.32
R06-0000982,6,Eastport,+1-847-331-2456,,2026-06-01 08:04:44,4730,DATA,20155821,4G,0.0,0.2
R06-0000983,6,Eastport,+1-592-660-8243,,2026-06-01 22:27:35,191,DATA,427290852,5G,0.0,4.27
R06-0000984,6,Eastport,+1-867-279-7463,,2026-06-01 21:48:36,2062,DATA,214868609,3G,0.0,2.15
R06-0000985,6,Eastport,+1-200-941-0243,+1-557-336-2615,2026-06-01 02:43:14,0,SMS,,4G,0.0,0.05
R06-0000986,6,Eastport,+1-802-581-4885,+1-507-765-5589,2026-06-01 03:57:31,0,SMS,,4G,0.0,0.05
R06-0000987,6,Eastport,+1-866-867-5517,,2026-06-01 17:37:53,5738,DATA,9281560,5G,0.0,0.09
R06-0000988,6,Eastport,+1-292-612-9094,+1-764-407-3667,2026-06-01 16:00:48,0,SMS,,4G,0.0,0.05
R06-0000989,6,Eastport,+1-309-500-7082,+1-436-202-9992,2026-06-01 07:00:30,1814,VOICE,,4G,0.1,3.02
R06-0000990,6,Eastport,+1-215-284-8530,+1-469-897-8476,2026-06-01 18:28:37,0,SMS,,4G,0.0,0.05
R06-0000991,6,Eastport,+1-627-377-5158,+1-705-332-9991,2026-06-01 22:53:30,208,VOICE,,5G,0.08,0.28
R06-0000992,6,Eastport,+1-939-671-9155,,2026-06-01 01:35:46,4763,DATA,200568188,4G,0.0,2.01
R06-0000993,6,Eastport,+1-931-825-6343,+1-334-625-6448,2026-06-01 08:47:06,52,VOICE,,5G,0.08,0.07
R06-0000994,6,Eastport,+1-977-953-4297,+1-886-548-2844,2026-06-01 12:39:59,99,VOICE,,5G,0.08,0.13
R06-0000995,6,Eastport,+1-560-966-3194,,2026-06-01 02:11:22,651,DATA,30428601,4G,0.0,0.3
R06-0000996,6,Eastport,+1-805-886-5098,,2026-06-01 18:28:26,6294,DATA,109201378,4G,0.0,1.09
R06-0000997,6,Eastport,+1-392-643-4426,,2026-06-01 05:53:14,4196,DATA,269164586,5G,0.0,2.69
R06-0000998,6,Eastport,+1-983-419-7470,,2026-06-01 05:55:30,600,DATA,264146439,4G,0.0,2.64
R06-0000999,6,Eastport,+1-536-797-0325,,2026-06-01 10:24:48,5724,DATA,392785400,4G,0.0,3.93
R06-0001000,6,Eastport,+1-513-296-4970,+1-389-464-7297,2026-06-01 04:21:08,0,SMS,,4G,0.0,0.05
R06-0001001,6,Eastport,+1-333-921-4250,+1-638-557-4577,2026-06-01 04:41:40,0,SMS,,4G,0.0,0.05
R06-0001002,6,Eastport,+1-520-299-0998,,2026-06-01 18:23:32,2458,DATA,492496273,4G,0.0,4.92
R06-0001003,6,Eastport,+1-288-298-2556,,2026-06-01 04:33:32,1280,DATA,30480992,5G,0.0,0.3
R06-0001004,6,Eastport,+1-239-204-4363,+1-383-585-7382,2026-06-01 08:00:16,0,SMS,,4G,0.0,0.05
R06-0001005,6,Eastport,+1-340-995-7148,,2026-06-01 08:37:06,6494,DATA,483240936,4G,0.0,4.83
R06-0001006,6,Eastport,+1-811-725-3211,+1-622-867-0707,2026-06-01 01:45:52,1612,VOICE,,5G,0.08,2.15
R06-0001007,6,Eastport,+1-680-698-0330,+1-512-602-3350,2026-06-01 16:44:37,0,SMS,,4G,0.0,0.05
R06-0001008,6,Eastport,+1-551-593-0781,+1-417-229-1138,2026-06-01 12:24:57,1362,VOICE,,5G,0.08,1.82
R06-0001009,6,Eastport,+1-590-265-9749,+1-879-540-2561,2026-06-01 10:22:46,0,VOICE,,4G,0.1,0.0
R06-0001010,6,Eastport,+1-833-342-7959,+1-456-295-5426,2026-06-01 02:08:41,0,SMS,,4G,0.0,0.05
R06-0001011,6,Eastport,+1-878-559-6471,+1-480-822-8824,2026-06-01 05:56:04,604,VOICE,,4G,0.1,1.01
R06-0001012,6,Eastport,+1-727-856-8717,,2026-06-01 03:00:08,1842,DATA,286739799,4G,0.0,2.87
R06-0001013,6,Eastport,+1-845-232-6603,+1-548-238-6319,2026-06-01 17:10:19,0,SMS,,4G,0.0,0.05
R06-0001014,6,Eastport,+1-266-350-9610,+1-885-518-8093,2026-06-01 20:06:41,3097,VOICE,,4G,0.1,5.16
R06-0001015,6,Eastport,+1-636-788-1308,+1-737-945-8591,2026-06-01 22:42:58,2778,VOICE,,4G,0.1,4.63
R06-0001016,6,Eastport,+1-424-324-9220,+1-367-332-0761,2026-06-01 11:32:55,1770,VOICE,,4G,0.1,2.95
R06-0001017,6,Eastport,+1-838-626-9552,,2026-06-01 23:41:24,437,DATA,292830477,4G,0.0,2.93
R06-0001018,6,Eastport,+1-627-750-6596,+1-454-919-6332,2026-06-01 08:03:10,2058,VOICE,,3G,0.12,4.12
R06-0001019,6,Eastport,+1-222-599-3578,+1-758-888-6897,2026-06-01 22:51:06,0,SMS,,4G,0.0,0.05
R06-0001020,6,Eastport,+1-385-522-7540,+1-758-272-1212,2026-06-01 11:22:37,0,SMS,,4G,0.0,0.05
R06-0001021,6,Eastport,+1-732-667-2369,,2026-06-01 18:52:14,296,DATA,451995130,3G,0.0,4.52
R06-0001022,6,Eastport,+1-705-556-2775,+1-950-792-1102,2026-06-01 03:26:39,3406,VOICE,,5G,0.08,4.54
R06-0001023,6,Eastport,+1-236-307-7896,+1-528-213-1363,2026-06-01 07:10:30,0,SMS,,4G,0.0,0.05
R06-0001024,6,Eastport,+1-564-354-3648,,2026-06-01 10:31:26,6558,DATA,424507560,4G,0.0,4.25
R06-0001025,6,Eastport,+1-392-344-5219,+1-225-946-4391,2026-06-01 16:30:56,0,SMS,,5G,0.0,0.05
R06-0001026,6,Eastport,+1-961-242-1758,+1-205-866-1456,2026-06-01 16:32:34,0,SMS,,4G,0.0,0.05
R06-0001027,6,Eastport,+1-305-611-4071,+1-434-730-0447,2026-06-01 00:43:43,2685,VOICE,,5G,0.08,3.58
R06-0001028,6,Eastport,+1-877-806-8179,+1-778-927-0283,2026-06-01 14:15:59,0,SMS,,4G,0.0,0.05
R06-0001029,6,Eastport,+1-807-393-6428,+1-744-785-3971,2026-06-01 08:08:29,441,VOICE,,4G,0.1,0.73
R06-0001030,6,Eastport,+1-751-759-3129,+1-730-688-5813,2026-06-01 07:32:48,897,VOICE,,4G,0.1,1.5
R06-0001031,6,Eastport,+1-385-632-6951,+1-349-666-7598,2026-06-01 17:38:55,362,VOICE,,5G,0.08,0.48
R06-0001032,6,Eastport,+1-662-428-0041,+1-373-815-4048,2026-06-01 09:41:55,3231,VOICE,,4G,0.1,5.39
R06-0001033,6,Eastport,+1-590-921-9053,+1-878-893-8202,2026-06-01 17:29:29,181,VOICE,,4G,0.1,0.3
R06-0001034,6,Eastport,+1-403-529-9655,+1-321-258-4337,2026-06-01 01:06:53,2543,VOICE,,5G,0.08,3.39
R06-0001035,6,Eastport,+1-978-492-1419,+1-755-935-4005,2026-06-01 15:50:42,0,SMS,,4G,0.0,0.05
R06-0001036,6,Eastport,+1-792-523-7428,,2026-06-01 05:12:46,2120,DATA,322098007,4G,0.0,3.22
R06-0001037,6,Eastport,+1-713-253-1187,,2026-06-01 09:05:39,5350,DATA,436236179,3G,0.0,4.36
R06-0001038,6,Eastport,+1-560-544-6734,+1-804-976-6592,2026-06-01 17:26:39,0,SMS,,5G,0.0,0.05
R06-0001039,6,Eastport,+1-743-800-6610,+1-917-294-2453,2026-06-01 20:09:43,0,SMS,,5G,0.0,0.05
R06-0001040,6,Eastport,+1-628-588-7890,+1-315-488-8499,2026-06-01 16:52:30,1144,VOICE,,4G,0.1,1.91
R06-0001041,6,Eastport,+1-778-742-2677,+1-702-576-8765,2026-06-01 23:30:54,0,SMS,,5G,0.0,0.05
R06-0001042,6,Eastport,+1-975-675-5593,+1-227-517-1339,2026-06-01 08:16:26,26,VOICE,,4G,0.1,0.04
R06-0001043,6,Eastport,+1-341-464-2090,+1-934-781-1339,2026-06-01 04:27:37,2664,VOICE,,5G,0.08,3.55
R06-0001044,6,Eastport,+1-695-718-5097,+1-585-269-2175,2026-06-01 23:08:43,1107,VOICE,,4G,0.1,1.84
R06-0001045,6,Eastport,+1-302-366-2944,+1-798-200-8988,2026-06-01 19:55:58,2648,VOICE,,4G,0.1,4.41
R06-0001046,6,Eastport,+1-819-931-9137,+1-452-684-2419,2026-06-01 12:54:21,1796,VOICE,,4G,0.1,2.99
R06-0001047,6,Eastport,+1-400-925-6155,,2026-06-01 10:13:03,4687,DATA,49453382,4G,0.0,0.49
R06-0001048,6,Eastport,+1-970-959-7238,+1-671-997-3126,2026-06-01 09:21:09,1930,VOICE,,4G,0.1,3.22
R06-0001049,6,Eastport,+1-914-733-4362,+1-292-445-4608,2026-06-01 01:14:39,0,SMS,,3G,0.0,0.05
R06-0001050,6,Eastport,+1-360-599-2770,+1-920-836-8620,2026-06-01 11:15:36,1816,VOICE,,4G,0.1,3.03
R06-0001051,6,Eastport,+1-661-770-1437,+1-891-683-6387,2026-06-01 01:50:28,0,SMS,,5G,0.0,0.05
R06-0001052,6,Eastport,+1-765-616-5054,+1-333-935-2386,2026-06-01 09:31:56,0,SMS,,5G,0.0,0.05
R06-0001053,6,Eastport,+1-636-232-0790,+1-687-275-5164,2026-06-01 10:11:41,558,VOICE,,3G,0.12,1.12
R06-0001054,6,Eastport,+1-373-825-8361,+1-696-309-5908,2026-06-01 20:49:34,3123,VOICE,,4G,0.1,5.21
R06-0001055,6,Eastport,+1-715-902-9207,+1-806-614-3452,2026-06-01 00:42:39,2963,VOICE,,5G,0.08,3.95
R06-0001056,6,Eastport,+1-315-778-4082,+1-364-479-6579,2026-06-01 16:27:26,0,SMS,,4G,0.0,0.05
R06-0001057,6,Eastport,+1-426-375-3668,+1-447-773-7421,2026-06-01 22:19:06,81,VOICE,,4G,0.1,0.14
R06-0001058,6,Eastport,+1-525-235-5062,+1-625-472-9842,2026-06-01 15:36:00,899,VOICE,,4G,0.1,1.5
R06-0001059,6,Eastport,+1-776-353-9129,+1-627-462-2305,2026-06-01 06:40:38,0,SMS,,4G,0.0,0.05
R06-0001060,6,Eastport,+1-570-316-8235,+1-217-618-1241,2026-06-01 06:23:46,0,SMS,,4G,0.0,0.05
R06-0001061,6,Eastport,+1-978-245-0667,,2026-06-01 14:52:20,3439,DATA,54318595,5G,0.0,0.54
R06-0001062,6,Eastport,+1-420-428-1081,+1-272-823-3307,2026-06-01 11:13:24,1811,VOICE,,3G,0.12,3.62
R06-0001063,6,Eastport,+1-472-684-2212,,2026-06-01 01:41:06,724,DATA,117196183,4G,0.0,1.17
R06-0001064,6,Eastport,+1-772-404-7891,+1-204-979-1339,2026-06-01 04:31:35,2049,VOICE,,3G,0.12,4.1
R06-0001065,6,Eastport,+1-649-687-6837,+1-564-457-9456,2026-06-01 20:05:47,3158,VOICE,,4G,0.1,5.26
R06-0001066,6,Eastport,+1-547-531-8552,+1-949-207-6696,2026-06-01 17:13:07,0,SMS,,3G,0.0,0.05
R06-0001067,6,Eastport,+1-934-552-7710,+1-774-529-6600,2026-06-01 06:28:01,2603,VOICE,,4G,0.1,4.34
R06-0001068,6,Eastport,+1-287-596-7325,,2026-06-01 03:59:48,2693,DATA,481480639,4G,0.0,4.81
R06-0001069,6,Eastport,+1-411-599-0325,+1-452-896-1886,2026-06-01 19:33:47,411,VOICE,,4G,0.1,0.69
R06-0001070,6,Eastport,+1-287-659-7894,+1-788-941-7640,2026-06-01 13:42:21,1714,VOICE,,4G,0.1,2.86
R06-0001071,6,Eastport,+1-443-732-0267,+1-425-406-1874,2026-06-01 00:54:51,0,SMS,,5G,0.0,0.05
R06-0001072,6,Eastport,+1-610-538-8565,+1-257-737-2615,2026-06-01 03:51:57,0,SMS,,5G,0.0,0.05
R06-0001073,6,Eastport,+1-719-907-6510,+1-462-518-7034,2026-06-01 02:59:43,0,SMS,,3G,0.0,0.05
R06-0001074,6,Eastport,+1-854-689-2283,+1-402-708-7190,2026-06-01 20:44:32,3094,VOICE,,4G,0.1,5.16
R06-0001075,6,Eastport,+1-384-390-7052,+1-797-800-4443,2026-06-01 05:59:45,2259,VOICE,,5G,0.08,3.01
R06-0001076,6,Eastport,+1-485-626-8969,+1-462-737-1906,2026-06-01 09:57:54,0,SMS,,5G,0.0,0.05
R06-0001077,6,Eastport,+1-359-664-0183,+1-714-737-3970,2026-06-01 16:03:55,765,VOICE,,4G,0.1,1.28
R06-0001078,6,Eastport,+1-411-555-5959,+1-901-241-4441,2026-06-01 12:06:31,0,SMS,,5G,0.0,0.05
R06-0001079,6,Eastport,+1-657-842-3537,+1-964-718-2692,2026-06-01 13:25:33,0,SMS,,4G,0.0,0.05
R06-0001080,6,Eastport,+1-659-974-3935,,2026-06-01 00:12:13,5745,DATA,10928236,4G,0.0,0.11
R06-0001081,6,Eastport,+1-226-991-1183,,2026-06-01 11:01:02,5985,DATA,452114013,4G,0.0,4.52
R06-0001082,6,Eastport,+1-594-761-4111,,2026-06-01 19:27:09,773,DATA,361758768,5G,0.0,3.62
R06-0001083,6,Eastport,+1-474-652-6721,,2026-06-01 23:06:55,764,DATA,230651810,4G,0.0,2.31
R06-0001084,6,Eastport,+1-421-550-9848,+1-728-503-5105,2026-06-01 09:08:04,753,VOICE,,5G,0.08,1.0
R06-0001085,6,Eastport,+1-444-861-7766,+1-603-761-0433,2026-06-01 07:51:55,1369,VOICE,,4G,0.1,2.28
R06-0001086,6,Eastport,+1-860-313-7428,,2026-06-01 23:18:03,2501,DATA,394512321,3G,0.0,3.95
R06-0001087,6,Eastport,+1-617-479-4915,+1-275-406-2726,2026-06-01 05:25:40,0,VOICE,,5G,0.08,0.0
R06-0001088,6,Eastport,+1-583-968-3820,,2026-06-01 03:10:51,6562,DATA,217758282,4G,0.0,2.18
R06-0001089,6,Eastport,+1-308-583-8029,+1-417-244-9583,2026-06-01 23:01:29,1820,VOICE,,4G,0.1,3.03
R06-0001090,6,Eastport,+1-319-814-2495,,2026-06-01 19:19:15,4429,DATA,472369169,4G,0.0,4.72
R06-0001091,6,Eastport,+1-531-248-0511,+1-622-962-0699,2026-06-01 07:59:49,838,VOICE,,3G,0.12,1.68
R06-0001092,6,Eastport,+1-363-622-8688,+1-249-539-0314,2026-06-01 19:13:07,0,SMS,,4G,0.0,0.05
R06-0001093,6,Eastport,+1-674-668-7052,+1-294-620-5236,2026-06-01 22:55:28,1305,VOICE,,5G,0.08,1.74
R06-0001094,6,Eastport,+1-753-467-0301,+1-846-216-9601,2026-06-01 11:49:56,3082,VOICE,,4G,0.1,5.14
R06-0001095,6,Eastport,+1-472-703-4530,+1-750-765-6907,2026-06-01 19:36:10,976,VOICE,,4G,0.1,1.63
R06-0001096,6,Eastport,+1-373-356-7699,+1-973-234-5921,2026-06-01 06:07:40,1753,VOICE,,4G,0.1,2.92
R06-0001097,6,Eastport,+1-242-581-8598,+1-305-567-9406,2026-06-01 02:25:07,1019,VOICE,,3G,0.12,2.04
R06-0001098,6,Eastport,+1-216-682-6409,+1-285-472-4211,2026-06-01 03:16:20,1169,VOICE,,4G,0.1,1.95
R06-0001099,6,Eastport,+1-836-412-3558,,2026-06-01 05:51:49,1995,DATA,279141329,5G,0.0,2.79
R06-0001100,6,Eastport,+1-205-629-9463,,2026-06-01 00:08:59,5342,DATA,172590622,4G,0.0,1.73
R06-0001101,6,Eastport,+1-850-595-4619,+1-871-349-3974,2026-06-01 11:46:08,3048,VOICE,,4G,0.1,5.08
R06-0001102,6,Eastport,+1-621-620-4142,+1-603-594-4460,2026-06-01 17:11:26,1620,VOICE,,5G,0.08,2.16
R06-0001103,6,Eastport,+1-518-718-3400,+1-672-913-3656,2026-06-01 16:43:12,1092,VOICE,,4G,0.1,1.82
R06-0001104,6,Eastport,+1-537-843-0609,+1-910-567-8438,2026-06-01 18:23:04,0,SMS,,4G,0.0,0.05
R06-0001105,6,Eastport,+1-819-464-3015,+1-384-806-8971,2026-06-01 22:01:40,858,VOICE,,4G,0.1,1.43
R06-0001106,6,Eastport,+1-647-341-4252,+1-799-275-2265,2026-06-01 16:23:33,0,SMS,,3G,0.0,0.05
R06-0001107,6,Eastport,+1-383-495-7309,+1-374-591-0750,2026-06-01 19:09:21,214,VOICE,,5G,0.08,0.29
R06-0001108,6,Eastport,+1-313-659-3060,+1-332-788-7135,2026-06-01 19:43:43,1493,VOICE,,5G,0.08,1.99
R06-0001109,6,Eastport,+1-660-685-2156,+1-582-992-5476,2026-06-01 03:49:49,2943,VOICE,,4G,0.1,4.91
R06-0001110,6,Eastport,+1-290-524-6606,+1-830-679-1135,2026-06-01 21:07:01,1768,VOICE,,5G,0.08,2.36
R06-0001111,6,Eastport,+1-641-662-2341,+1-532-243-7843,2026-06-01 17:37:01,2984,VOICE,,5G,0.08,3.98
R06-0001112,6,Eastport,+1-864-382-7742,+1-489-449-2483,2026-06-01 16:41:40,643,VOICE,,3G,0.12,1.29
R06-0001113,6,Eastport,+1-479-780-7508,+1-801-257-4211,2026-06-01 02:51:43,2440,VOICE,,5G,0.08,3.25
R06-0001114,6,Eastport,+1-328-267-3423,+1-798-820-5599,2026-06-01 03:53:05,2103,VOICE,,4G,0.1,3.5
R06-0001115,6,Eastport,+1-347-444-1046,+1-315-908-0735,2026-06-01 22:01:10,2703,VOICE,,5G,0.08,3.6
R06-0001116,6,Eastport,+1-248-569-1973,+1-816-945-8953,2026-06-01 04:12:25,447,VOICE,,4G,0.1,0.75
R06-0001117,6,Eastport,+1-610-201-8613,+1-331-589-9064,2026-06-01 08:56:50,0,SMS,,5G,0.0,0.05
R06-0001118,6,Eastport,+1-549-580-3330,,2026-06-01 22:41:58,4921,DATA,4330713,4G,0.0,0.04
R06-0001119,6,Eastport,+1-340-607-1255,+1-794-828-1632,2026-06-01 01:40:27,0,SMS,,4G,0.0,0.05
R06-0001120,6,Eastport,+1-627-507-2236,+1-744-977-5840,2026-06-01 07:44:30,2093,VOICE,,5G,0.08,2.79
R06-0001121,6,Eastport,+1-604-676-0999,+1-751-233-2791,2026-06-01 04:27:25,894,VOICE,,4G,0.1,1.49
R06-0001122,6,Eastport,+1-869-626-1083,+1-826-903-7329,2026-06-01 07:50:54,0,SMS,,5G,0.0,0.05
R06-0001123,6,Eastport,+1-773-423-8918,+1-824-325-7555,2026-06-01 19:08:06,0,VOICE,,4G,0.1,0.0
R06-0001124,6,Eastport,+1-903-331-2423,+1-585-471-7714,2026-06-01 01:48:49,688,VOICE,,5G,0.08,0.92
R06-0001125,6,Eastport,+1-317-344-7358,+1-677-991-6389,2026-06-01 10:30:00,0,SMS,,4G,0.0,0.05
R06-0001126,6,Eastport,+1-416-304-3484,+1-496-256-7299,2026-06-01 02:22:39,0,SMS,,4G,0.0,0.05
R06-0001127,6,Eastport,+1-756-415-3306,+1-682-946-3186,2026-06-01 03:41:16,0,SMS,,5G,0.0,0.05
R06-0001128,6,Eastport,+1-257-534-0776,+1-419-780-1634,2026-06-01 03:50:32,1787,VOICE,,4G,0.1,2.98
R06-0001129,6,Eastport,+1-775-972-3011,+1-540-403-8648,2026-06-01 17:14:57,3154,VOICE,,5G,0.08,4.21
R06-0001130,6,Eastport,+1-543-520-5362,+1-399-912-8649,2026-06-01 03:37:55,2051,VOICE,,4G,0.1,3.42
R06-0001131,6,Eastport,+1-758-282-5024,+1-712-717-2920,2026-06-01 13:47:51,0,SMS,,3G,0.0,0.05
R06-0001132,6,Eastport,+1-522-245-8415,,2026-06-01 20:39:10,5485,DATA,23658289,5G,0.0,0.24
R06-0001133,6,Eastport,+1-828-791-0869,+1-824-209-6406,2026-06-01 22:28:30,0,SMS,,4G,0.0,0.05
R06-0001134,6,Eastport,+1-450-620-3292,+1-741-921-2910,2026-06-01 12:14:55,0,SMS,,5G,0.0,0.05
R06-0001135,6,Eastport,+1-566-478-4772,+1-802-289-2363,2026-06-01 20:10:26,0,SMS,,5G,0.0,0.05
R06-0001136,6,Eastport,+1-690-515-9139,+1-597-477-6356,2026-06-01 18:45:59,1081,VOICE,,5G,0.08,1.44
R06-0001137,6,Eastport,+1-216-290-3172,+1-212-477-1169,2026-06-01 08:48:47,64,VOICE,,3G,0.12,0.13
R06-0001138,6,Eastport,+1-761-721-1423,+1-801-673-0494,2026-06-01 12:22:53,2997,VOICE,,4G,0.1,5.0
R06-0001139,6,Eastport,+1-724-981-7512,+1-957-909-1084,2026-06-01 05:17:06,0,SMS,,3G,0.0,0.05
R06-0001140,6,Eastport,+1-639-282-5130,+1-274-989-4663,2026-06-01 03:55:25,1954,VOICE,,4G,0.1,3.26
R06-0001141,6,Eastport,+1-910-420-5622,+1-277-966-4675,2026-06-01 03:19:11,0,SMS,,4G,0.0,0.05
R06-0001142,6,Eastport,+1-461-351-6696,+1-282-867-3429,2026-06-01 03:36:28,3433,VOICE,,5G,0.08,4.58
R06-0001143,6,Eastport,+1-690-604-8093,+1-853-602-1317,2026-06-01 01:24:08,2186,VOICE,,4G,0.1,3.64
R06-0001144,6,Eastport,+1-248-486-2294,+1-385-287-5544,2026-06-01 10:20:09,606,VOICE,,3G,0.12,1.21
R06-0001145,6,Eastport,+1-525-456-0815,+1-352-632-7688,2026-06-01 11:59:28,0,SMS,,5G,0.0,0.05
R06-0001146,6,Eastport,+1-631-410-8633,+1-252-220-0315,2026-06-01 02:25:24,1226,VOICE,,5G,0.08,1.63
R06-0001147,6,Eastport,+1-445-568-1555,+1-812-991-7091,2026-06-01 12:08:35,2137,VOICE,,4G,0.1,3.56
R06-0001148,6,Eastport,+1-238-557-9120,,2026-06-01 13:31:52,5209,DATA,2055762,4G,0.0,0.02
R06-0001149,6,Eastport,+1-786-488-6473,+1-753-758-0332,2026-06-01 10:47:41,3017,VOICE,,5G,0.08,4.02
R06-0001150,6,Eastport,+1-885-529-4386,+1-799-784-3752,2026-06-01 10:54:13,1041,VOICE,,4G,0.1,1.74
R06-0001151,6,Eastport,+1-858-425-1961,,2026-06-01 08:32:44,6341,DATA,278677238,4G,0.0,2.79
R06-0001152,6,Eastport,+1-319-699-6229,+1-545-603-0753,2026-06-01 19:03:55,3081,VOICE,,4G,0.1,5.14
R06-0001153,6,Eastport,+1-522-637-4723,+1-461-639-1790,2026-06-01 18:06:13,183,VOICE,,4G,0.1,0.3
R06-0001154,6,Eastport,+1-548-834-5462,+1-384-313-9645,2026-06-01 19:11:09,1767,VOICE,,3G,0.12,3.53
R06-0001155,6,Eastport,+1-215-237-3119,+1-744-466-1117,2026-06-01 23:35:06,0,SMS,,4G,0.0,0.05
R06-0001156,6,Eastport,+1-318-562-7249,+1-552-800-9270,2026-06-01 06:31:47,3389,VOICE,,3G,0.12,6.78
R06-0001157,6,Eastport,+1-923-726-9847,,2026-06-01 22:02:03,6278,DATA,290615301,3G,0.0,2.91
R06-0001158,6,Eastport,+1-205-773-8168,+1-475-660-4853,2026-06-01 08:23:06,2571,VOICE,,3G,0.12,5.14
R06-0001159,6,Eastport,+1-730-535-3926,,2026-06-01 16:17:52,5211,DATA,412662015,5G,0.0,4.13
R06-0001160,6,Eastport,+1-823-999-0334,+1-258-921-8997,2026-06-01 05:49:36,0,SMS,,5G,0.0,0.05
R06-0001161,6,Eastport,+1-761-807-1224,+1-662-920-2125,2026-06-01 21:19:48,1283,VOICE,,4G,0.1,2.14
R06-0001162,6,Eastport,+1-918-525-5256,+1-591-381-2816,2026-06-01 11:07:01,3313,VOICE,,4G,0.1,5.52
R06-0001163,6,Eastport,+1-512-326-2490,+1-412-793-5883,2026-06-01 17:04:05,169,VOICE,,4G,0.1,0.28
R06-0001164,6,Eastport,+1-271-402-4792,+1-964-997-9739,2026-06-01 16:06:14,0,SMS,,4G,0.0,0.05
R06-0001165,6,Eastport,+1-697-330-0980,+1-732-359-1460,2026-06-01 22:50:55,0,SMS,,5G,0.0,0.05
R06-0001166,6,Eastport,+1-868-847-7740,+1-675-309-6621,2026-06-01 12:58:21,341,VOICE,,5G,0.08,0.45
R06-0001167,6,Eastport,+1-210-551-6280,+1-947-763-8682,2026-06-01 06:00:11,0,SMS,,3G,0.0,0.05
R06-0001168,6,Eastport,+1-955-482-9662,+1-865-348-7561,2026-06-01 18:36:42,0,SMS,,4G,0.0,0.05
R06-0001169,6,Eastport,+1-439-613-5890,,2026-06-01 19:09:12,5481,DATA,130667799,4G,0.0,1.31
R06-0001170,6,Eastport,+1-963-205-9428,+1-773-234-4743,2026-06-01 06:59:20,0,SMS,,5G,0.0,0.05
R06-0001171,6,Eastport,+1-840-332-8471,,2026-06-01 01:16:48,1627,DATA,229152601,4G,0.0,2.29
R06-0001172,6,Eastport,+1-536-404-4061,+1-642-744-1404,2026-06-01 13:03:09,1164,VOICE,,4G,0.1,1.94
R06-0001173,6,Eastport,+1-870-300-4492,+1-787-276-5683,2026-06-01 11:28:40,1054,VOICE,,4G,0.1,1.76
R06-0001174,6,Eastport,+1-512-712-5429,+1-906-250-9381,2026-06-01 10:56:03,2923,VOICE,,4G,0.1,4.87
R06-0001175,6,Eastport,+1-730-677-3014,+1-565-577-1994,2026-06-01 17:00:26,2398,VOICE,,4G,0.1,4.0
R06-0001176,6,Eastport,+1-838-498-3877,,2026-06-01 10:56:02,6058,DATA,50149101,4G,0.0,0.5
R06-0001177,6,Eastport,+1-352-319-7568,+1-283-725-6466,2026-06-01 01:43:12,1421,VOICE,,5G,0.08,1.89
R06-0001178,6,Eastport,+1-754-802-1016,,2026-06-01 02:24:30,6898,DATA,150785034,4G,0.0,1.51
R06-0001179,6,Eastport,+1-952-765-9478,+1-236-798-4103,2026-06-01 06:58:14,425,VOICE,,5G,0.08,0.57
R06-0001180,6,Eastport,+1-329-945-4833,+1-486-375-9507,2026-06-01 07:48:10,1774,VOICE,,5G,0.08,2.37
R06-0001181,6,Eastport,+1-693-417-8860,,2026-06-01 10:45:31,6103,DATA,421821982,5G,0.0,4.22
R06-0001182,6,Eastport,+1-874-621-2902,,2026-06-01 09:36:16,6339,DATA,381052193,3G,0.0,3.81
R06-0001183,6,Eastport,+1-873-444-2256,+1-335-756-5560,2026-06-01 21:12:24,3430,VOICE,,5G,0.08,4.57
R06-0001184,6,Eastport,+1-815-633-4191,,2026-06-01 13:15:06,2181,DATA,353323533,4G,0.0,3.53
R06-0001185,6,Eastport,+1-768-483-1289,+1-568-394-6729,2026-06-01 16:20:22,1764,VOICE,,3G,0.12,3.53
R06-0001186,6,Eastport,+1-612-363-1331,+1-457-813-6816,2026-06-01 10:17:17,3289,VOICE,,4G,0.1,5.48
R06-0001187,6,Eastport,+1-281-852-6098,+1-569-816-3972,2026-06-01 15:09:07,571,VOICE,,4G,0.1,0.95
R06-0001188,6,Eastport,+1-759-579-3186,+1-636-917-8759,2026-06-01 17:30:25,545,VOICE,,5G,0.08,0.73
R06-0001189,6,Eastport,+1-578-345-2089,,2026-06-01 22:50:05,2378,DATA,94639997,4G,0.0,0.95
R06-0001190,6,Eastport,+1-381-837-3603,+1-453-417-6695,2026-06-01 06:33:16,0,SMS,,5G,0.0,0.05
R06-0001191,6,Eastport,+1-376-970-3664,+1-259-855-6703,2026-06-01 18:27:21,846,VOICE,,4G,0.1,1.41
R06-0001192,6,Eastport,+1-333-415-1709,+1-332-271-3658,2026-06-01 10:34:27,0,SMS,,4G,0.0,0.05
R06-0001193,6,Eastport,+1-647-659-2496,+1-568-841-9236,2026-06-01 06:57:17,1890,VOICE,,5G,0.08,2.52
R06-0001194,6,Eastport,+1-288-584-5626,+1-247-446-8681,2026-06-01 16:15:15,0,SMS,,4G,0.0,0.05
R06-0001195,6,Eastport,+1-280-327-0892,,2026-06-01 03:21:43,571,DATA,376848946,5G,0.0,3.77
R06-0001196,6,Eastport,+1-467-529-1809,+1-557-720-8417,2026-06-01 01:01:23,0,SMS,,5G,0.0,0.05
R06-0001197,6,Eastport,+1-227-371-8629,+1-525-905-2682,2026-06-01 09:31:27,2639,VOICE,,5G,0.08,3.52
R06-0001198,6,Eastport,+1-394-945-3314,+1-735-450-7850,2026-06-01 11:29:08,0,SMS,,4G,0.0,0.05
R06-0001199,6,Eastport,+1-218-636-6261,+1-782-886-9038,2026-06-01 16:34:17,3486,VOICE,,4G,0.1,5.81
R06-0001200,6,Eastport,+1-613-259-7192,,2026-06-01 12:14:47,1915,DATA,184761114,5G,0.0,1.85
R06-0001201,6,Eastport,+1-255-801-9334,,2026-06-01 16:08:11,5888,DATA,1911532,5G,0.0,0.02
R06-0001202,6,Eastport,+1-471-397-4852,,2026-06-01 16:20:49,3328,DATA,414224241,5G,0.0,4.14
R06-0001203,6,Eastport,+1-416-665-1514,+1-259-348-5087,2026-06-01 08:36:52,1054,VOICE,,4G,0.1,1.76
R06-0001204,6,Eastport,+1-354-719-7557,+1-975-316-7555,2026-06-01 03:55:13,0,SMS,,4G,0.0,0.05
R06-0001205,6,Eastport,+1-683-946-4182,+1-934-821-9778,2026-06-01 07:00:35,0,SMS,,5G,0.0,0.05
R06-0001206,6,Eastport,+1-753-355-2689,,2026-06-01 13:58:44,3883,DATA,212750151,5G,0.0,2.13
R06-0001207,6,Eastport,+1-949-489-7599,,2026-06-01 06:48:58,5841,DATA,206119542,3G,0.0,2.06
R06-0001208,6,Eastport,+1-374-488-7612,+1-976-571-2776,2026-06-01 11:06:57,0,SMS,,5G,0.0,0.05
R06-0001209,6,Eastport,+1-619-921-0810,+1-485-566-7568,2026-06-01 23:39:59,0,SMS,,4G,0.0,0.05
R06-0001210,6,Eastport,+1-919-451-6652,+1-574-487-6853,2026-06-01 18:24:47,596,VOICE,,4G,0.1,0.99
R06-0001211,6,Eastport,+1-736-406-2253,+1-231-741-3925,2026-06-01 09:37:33,0,VOICE,,4G,0.1,0.0
R06-0001212,6,Eastport,+1-926-834-8320,,2026-06-01 23:35:53,7047,DATA,368078129,4G,0.0,3.68
R06-0001213,6,Eastport,+1-707-670-0573,+1-976-303-4854,2026-06-01 06:06:13,0,VOICE,,4G,0.1,0.0
R06-0001214,6,Eastport,+1-778-980-4547,+1-825-359-7426,2026-06-01 18:31:45,1651,VOICE,,5G,0.08,2.2
R06-0001215,6,Eastport,+1-381-830-4963,+1-740-460-8398,2026-06-01 16:10:53,3360,VOICE,,4G,0.1,5.6
R06-0001216,6,Eastport,+1-582-498-2648,+1-259-247-7656,2026-06-01 01:49:50,1085,VOICE,,4G,0.1,1.81
R06-0001217,6,Eastport,+1-876-678-3672,+1-624-611-7213,2026-06-01 12:55:54,0,SMS,,4G,0.0,0.05
R06-0001218,6,Eastport,+1-459-586-5873,+1-498-504-7145,2026-06-01 15:00:25,0,SMS,,4G,0.0,0.05
R06-0001219,6,Eastport,+1-387-469-9674,+1-954-478-1016,2026-06-01 05:24:52,3469,VOICE,,4G,0.1,5.78
R06-0001220,6,Eastport,+1-836-319-3163,+1-391-749-5925,2026-06-01 06:19:26,2031,VOICE,,5G,0.08,2.71
R06-0001221,6,Eastport,+1-482-457-2524,,2026-06-01 07:12:27,4536,DATA,116950333,5G,0.0,1.17
R06-0001222,6,Eastport,+1-903-498-7817,+1-590-309-4585,2026-06-01 02:08:07,3013,VOICE,,4G,0.1,5.02
R06-0001223,6,Eastport,+1-236-930-0441,+1-614-674-5792,2026-06-01 22:13:53,2865,VOICE,,5G,0.08,3.82
R06-0001224,6,Eastport,+1-225-630-7369,+1-729-497-7944,2026-06-01 06:33:28,0,SMS,,4G,0.0,0.05
R06-0001225,6,Eastport,+1-211-460-1364,,2026-06-01 05:01:11,4761,DATA,289289973,5G,0.0,2.89
R06-0001226,6,Eastport,+1-261-575-6686,,2026-06-01 02:35:31,3631,DATA,448165408,3G,0.0,4.48
R06-0001227,6,Eastport,+1-343-646-1607,+1-522-719-3419,2026-06-01 13:14:46,1312,VOICE,,4G,0.1,2.19
R06-0001228,6,Eastport,+1-487-476-5849,+1-719-256-8115,2026-06-01 13:41:30,1414,VOICE,,4G,0.1,2.36
R06-0001229,6,Eastport,+1-801-936-3580,+1-554-925-3256,2026-06-01 21:29:11,3570,VOICE,,5G,0.08,4.76
R06-0001230,6,Eastport,+1-550-476-0912,+1-557-370-3605,2026-06-01 21:03:39,3115,VOICE,,5G,0.08,4.15
R06-0001231,6,Eastport,+1-814-861-9769,+1-516-992-0259,2026-06-01 21:07:36,396,VOICE,,4G,0.1,0.66
R06-0001232,6,Eastport,+1-641-625-8878,+1-527-309-0389,2026-06-01 14:51:35,2286,VOICE,,4G,0.1,3.81
R06-0001233,6,Eastport,+1-473-256-3418,+1-687-702-3299,2026-06-01 18:57:32,0,SMS,,5G,0.0,0.05
R06-0001234,6,Eastport,+1-670-880-4449,+1-816-454-1478,2026-06-01 17:39:28,0,SMS,,4G,0.0,0.05
R06-0001235,6,Eastport,+1-875-709-8059,+1-739-317-0056,2026-06-01 05:43:20,2076,VOICE,,4G,0.1,3.46
R06-0001236,6,Eastport,+1-949-608-7410,+1-473-840-2202,2026-06-01 10:35:42,0,SMS,,5G,0.0,0.05
R06-0001237,6,Eastport,+1-652-209-5951,+1-653-209-0438,2026-06-01 22:01:53,0,SMS,,5G,0.0,0.05
R06-0001238,6,Eastport,+1-916-756-7849,+1-596-838-6479,2026-06-01 02:03:55,2485,VOICE,,4G,0.1,4.14
R06-0001239,6,Eastport,+1-989-812-0792,+1-876-455-7059,2026-06-01 12:42:23,954,VOICE,,5G,0.08,1.27
R06-0001240,6,Eastport,+1-963-898-1577,+1-387-318-8536,2026-06-01 15:27:04,0,SMS,,5G,0.0,0.05
R06-0001241,6,Eastport,+1-398-577-6037,+1-967-518-6824,2026-06-01 20:09:17,3458,VOICE,,3G,0.12,6.92
R06-0001242,6,Eastport,+1-511-941-5664,,2026-06-01 19:52:55,6751,DATA,13258373,4G,0.0,0.13
R06-0001243,6,Eastport,+1-699-948-4514,+1-688-737-9790,2026-06-01 07:06:40,0,SMS,,4G,0.0,0.05
R06-0001244,6,Eastport,+1-681-890-8523,+1-426-570-3453,2026-06-01 16:22:44,1538,VOICE,,4G,0.1,2.56
R06-0001245,6,Eastport,+1-680-202-0843,+1-520-355-5380,2026-06-01 22:57:11,0,SMS,,4G,0.0,0.05
R06-0001246,6,Eastport,+1-877-856-2780,,2026-06-01 18:18:30,2846,DATA,473459275,5G,0.0,4.73
R06-0001247,6,Eastport,+1-540-528-7016,+1-245-480-8339,2026-06-01 20:48:12,0,SMS,,4G,0.0,0.05
R06-0001248,6,Eastport,+1-394-455-5805,+1-680-613-3161,2026-06-01 20:29:32,3186,VOICE,,4G,0.1,5.31
R06-0001249,6,Eastport,+1-756-313-1360,+1-744-350-4457,2026-06-01 21:17:27,1032,VOICE,,5G,0.08,1.38
R06-0001250,6,Eastport,+1-631-331-3496,,2026-06-01 01:50:56,3512,DATA,319195228,5G,0.0,3.19
R06-0001251,6,Eastport,+1-722-550-6038,+1-817-566-1992,2026-06-01 23:16:42,3059,VOICE,,3G,0.12,6.12
R06-0001252,6,Eastport,+1-847-420-8252,,2026-06-01 15:47:31,7112,DATA,463180743,5G,0.0,4.63
R06-0001253,6,Eastport,+1-757-552-8411,+1-676-898-0839,2026-06-01 13:52:46,2991,VOICE,,5G,0.08,3.99
R06-0001254,6,Eastport,+1-393-259-1444,+1-926-914-4597,2026-06-01 20:33:19,0,SMS,,4G,0.0,0.05
R06-0001255,6,Eastport,+1-953-430-1674,+1-653-881-7541,2026-06-01 15:47:29,0,SMS,,4G,0.0,0.05
R06-0001256,6,Eastport,+1-354-618-2183,,2026-06-01 09:40:48,392,DATA,380006505,3G,0.0,3.8
R06-0001257,6,Eastport,+1-941-489-6104,+1-676-812-0409,2026-06-01 16:08:17,1541,VOICE,,4G,0.1,2.57
R06-0001258,6,Eastport,+1-792-280-8240,+1-685-673-3270,2026-06-01 11:25:29,671,VOICE,,5G,0.08,0.89
R06-0001259,6,Eastport,+1-473-612-8907,+1-951-392-3040,2026-06-01 04:10:50,0,SMS,,3G,0.0,0.05
R06-0001260,6,Eastport,+1-646-724-1899,+1-356-789-6523,2026-06-01 12:09:14,944,VOICE,,4G,0.1,1.57
R06-0001261,6,Eastport,+1-357-350-5473,+1-224-566-4788,2026-06-01 01:35:33,0,SMS,,4G,0.0,0.05
R06-0001262,6,Eastport,+1-964-267-9983,+1-918-217-6696,2026-06-01 17:08:58,685,VOICE,,4G,0.1,1.14
R06-0001263,6,Eastport,+1-275-226-8248,+1-882-595-7871,2026-06-01 03:35:47,0,SMS,,5G,0.0,0.05
R06-0001264,6,Eastport,+1-689-789-9257,,2026-06-01 06:34:15,1843,DATA,132302910,4G,0.0,1.32
R06-0001265,6,Eastport,+1-757-831-9842,+1-969-269-4825,2026-06-01 22:35:27,0,SMS,,3G,0.0,0.05
R06-0001266,6,Eastport,+1-322-360-1339,+1-272-595-8848,2026-06-01 23:17:22,0,SMS,,4G,0.0,0.05
R06-0001267,6,Eastport,+1-616-551-7172,+1-856-345-4598,2026-06-01 06:13:27,0,SMS,,4G,0.0,0.05
R06-0001268,6,Eastport,+1-935-216-1457,,2026-06-01 18:26:15,4078,DATA,417544732,3G,0.0,4.18
R06-0001269,6,Eastport,+1-438-381-4394,+1-504-853-3369,2026-06-01 21:11:51,0,SMS,,4G,0.0,0.05
R06-0001270,6,Eastport,+1-692-721-4946,,2026-06-01 04:04:24,4000,DATA,117088144,4G,0.0,1.17
R06-0001271,6,Eastport,+1-679-837-5170,+1-918-374-0073,2026-06-01 17:33:17,1028,VOICE,,5G,0.08,1.37
R06-0001272,6,Eastport,+1-455-467-2616,+1-569-232-2622,2026-06-01 14:57:49,0,SMS,,3G,0.0,0.05
R06-0001273,6,Eastport,+1-243-739-6159,,2026-06-01 19:41:33,2850,DATA,489150538,4G,0.0,4.89
R06-0001274,6,Eastport,+1-275-853-8865,+1-843-736-2937,2026-06-01 07:47:06,1397,VOICE,,5G,0.08,1.86
R06-0001275,6,Eastport,+1-414-923-5944,+1-843-426-7308,2026-06-01 23:18:11,0,SMS,,5G,0.0,0.05
R06-0001276,6,Eastport,+1-874-880-3414,+1-511-831-7147,2026-06-01 13:35:44,0,SMS,,4G,0.0,0.05
R06-0001277,6,Eastport,+1-598-409-4542,+1-283-222-4685,2026-06-01 12:46:03,2635,VOICE,,3G,0.12,5.27
R06-0001278,6,Eastport,+1-329-578-2519,+1-942-249-1194,2026-06-01 19:41:10,0,SMS,,4G,0.0,0.05
R06-0001279,6,Eastport,+1-420-992-9028,+1-844-920-5855,2026-06-01 21:34:53,0,VOICE,,4G,0.1,0.0
R06-0001280,6,Eastport,+1-358-775-7703,,2026-06-01 04:42:06,2429,DATA,67616390,4G,0.0,0.68
R06-0001281,6,Eastport,+1-591-296-8591,+1-660-806-4044,2026-06-01 19:36:38,0,SMS,,5G,0.0,0.05
R06-0001282,6,Eastport,+1-411-289-7733,+1-951-209-4889,2026-06-01 14:02:45,1224,VOICE,,3G,0.12,2.45
R06-0001283,6,Eastport,+1-518-903-8608,+1-682-914-6101,2026-06-01 06:19:28,2192,VOICE,,5G,0.08,2.92
R06-0001284,6,Eastport,+1-740-797-4196,,2026-06-01 00:03:56,3069,DATA,86542275,4G,0.0,0.87
R06-0001285,6,Eastport,+1-408-943-0256,+1-710-359-9083,2026-06-01 17:11:51,0,SMS,,4G,0.0,0.05
R06-0001286,6,Eastport,+1-555-440-4760,+1-871-886-9231,2026-06-01 22:32:33,2175,VOICE,,5G,0.08,2.9
R06-0001287,6,Eastport,+1-950-345-2582,+1-446-236-7433,2026-06-01 00:22:26,554,VOICE,,4G,0.1,0.92
R06-0001288,6,Eastport,+1-498-452-0193,,2026-06-01 19:41:42,4885,DATA,132915216,5G,0.0,1.33
R06-0001289,6,Eastport,+1-854-238-9832,+1-875-856-1366,2026-06-01 21:03:27,447,VOICE,,4G,0.1,0.75
R06-0001290,6,Eastport,+1-325-310-5995,+1-481-469-8105,2026-06-01 09:54:54,1902,VOICE,,4G,0.1,3.17
R06-0001291,6,Eastport,+1-315-451-1107,+1-470-415-7567,2026-06-01 14:53:11,2196,VOICE,,4G,0.1,3.66
R06-0001292,6,Eastport,+1-478-769-4741,,2026-06-01 10:20:21,6090,DATA,442905930,4G,0.0,4.43
R06-0001293,6,Eastport,+1-939-835-5192,+1-610-813-0771,2026-06-01 16:30:14,0,SMS,,5G,0.0,0.05
R06-0001294,6,Eastport,+1-915-320-2770,+1-314-418-7436,2026-06-01 12:45:04,3502,VOICE,,5G,0.08,4.67
R06-0001295,6,Eastport,+1-312-941-1270,+1-574-207-1680,2026-06-01 03:42:28,1933,VOICE,,4G,0.1,3.22
R06-0001296,6,Eastport,+1-257-299-1625,,2026-06-01 00:07:44,3461,DATA,86823042,5G,0.0,0.87
R06-0001297,6,Eastport,+1-349-681-6145,,2026-06-01 06:54:36,5828,DATA,252694524,4G,0.0,2.53
R06-0001298,6,Eastport,+1-955-410-4100,+1-980-297-9678,2026-06-01 01:25:35,0,SMS,,4G,0.0,0.05
R06-0001299,6,Eastport,+1-940-747-2953,,2026-06-01 16:07:15,4835,DATA,359753193,4G,0.0,3.6
R06-0001300,6,Eastport,+1-902-826-6478,+1-780-300-6420,2026-06-01 21:53:04,0,SMS,,5G,0.0,0.05
R06-0001301,6,Eastport,+1-604-321-8046,+1-750-509-7477,2026-06-01 23:06:17,1957,VOICE,,3G,0.12,3.91
R06-0001302,6,Eastport,+1-300-331-6861,+1-707-741-4465,2026-06-01 05:55:05,684,VOICE,,5G,0.08,0.91
R06-0001303,6,Eastport,+1-386-352-4450,+1-684-766-8245,2026-06-01 15:40:59,1978,VOICE,,4G,0.1,3.3
R06-0001304,6,Eastport,+1-771-346-5902,,2026-06-01 21:46:06,223,DATA,445787842,4G,0.0,4.46
R06-0001305,6,Eastport,+1-810-791-3834,+1-823-862-8323,2026-06-01 14:59:10,0,SMS,,5G,0.0,0.05
R06-0001306,6,Eastport,+1-845-585-3924,,2026-06-01 10:30:40,3092,DATA,412391143,4G,0.0,4.12
R06-0001307,6,Eastport,+1-935-843-9777,+1-408-930-4419,2026-06-01 01:37:15,1164,VOICE,,5G,0.08,1.55
R06-0001308,6,Eastport,+1-204-438-2844,+1-919-273-8710,2026-06-01 03:43:10,1359,VOICE,,5G,0.08,1.81
R06-0001309,6,Eastport,+1-877-460-2934,+1-507-928-9871,2026-06-01 01:36:49,44,VOICE,,4G,0.1,0.07
R06-0001310,6,Eastport,+1-652-216-3336,+1-803-650-3385,2026-06-01 00:52:40,2429,VOICE,,4G,0.1,4.05
R06-0001311,6,Eastport,+1-536-576-5586,,2026-06-01 17:58:03,3792,DATA,290458829,4G,0.0,2.9
R06-0001312,6,Eastport,+1-769-823-1316,+1-939-942-8128,2026-06-01 00:38:17,0,SMS,,5G,0.0,0.05
R06-0001313,6,Eastport,+1-374-566-9340,,2026-06-01 01:11:59,2969,DATA,154492311,4G,0.0,1.54
R06-0001314,6,Eastport,+1-852-722-0518,+1-606-829-2907,2026-06-01 18:35:10,0,SMS,,4G,0.0,0.05
R06-0001315,6,Eastport,+1-791-942-2159,+1-949-956-4492,2026-06-01 15:27:18,1259,VOICE,,5G,0.08,1.68
R06-0001316,6,Eastport,+1-915-822-9206,+1-402-313-8102,2026-06-01 10:09:02,1940,VOICE,,5G,0.08,2.59
R06-0001317,6,Eastport,+1-215-489-3726,,2026-06-01 22:58:33,7010,DATA,91835719,4G,0.0,0.92
R06-0001318,6,Eastport,+1-699-785-7489,+1-347-201-1309,2026-06-01 15:24:35,207,VOICE,,4G,0.1,0.35
R06-0001319,6,Eastport,+1-443-490-6723,+1-593-535-8020,2026-06-01 08:11:30,609,VOICE,,4G,0.1,1.02
R06-0001320,6,Eastport,+1-838-889-2521,,2026-06-01 06:01:48,4665,DATA,482384220,5G,0.0,4.82
R06-0001321,6,Eastport,+1-273-973-3270,,2026-06-01 12:23:19,2260,DATA,134525623,4G,0.0,1.35
R06-0001322,6,Eastport,+1-918-837-7066,+1-719-383-0937,2026-06-01 03:51:42,0,SMS,,4G,0.0,0.05
R06-0001323,6,Eastport,+1-322-981-3523,,2026-06-01 15:50:32,1852,DATA,448900389,4G,0.0,4.49
R06-0001324,6,Eastport,+1-534-338-1555,+1-492-384-3284,2026-06-01 00:08:33,1664,VOICE,,4G,0.1,2.77
R06-0001325,6,Eastport,+1-712-598-3253,+1-353-388-8158,2026-06-01 21:09:51,0,SMS,,4G,0.0,0.05
R06-0001326,6,Eastport,+1-325-870-7137,,2026-06-01 14:31:36,4683,DATA,451690700,4G,0.0,4.52
R06-0001327,6,Eastport,+1-522-548-1021,+1-638-522-4295,2026-06-01 08:24:38,0,SMS,,4G,0.0,0.05
R06-0001328,6,Eastport,+1-708-551-0711,+1-739-520-2675,2026-06-01 16:06:27,3272,VOICE,,4G,0.1,5.45
R06-0001329,6,Eastport,+1-493-681-5309,+1-582-624-9197,2026-06-01 22:45:00,0,SMS,,4G,0.0,0.05
R06-0001330,6,Eastport,+1-610-420-3268,+1-551-288-8822,2026-06-01 14:26:18,1459,VOICE,,4G,0.1,2.43
R06-0001331,6,Eastport,+1-370-426-6786,+1-675-271-2418,2026-06-01 17:06:32,0,SMS,,4G,0.0,0.05
R06-0001332,6,Eastport,+1-494-595-5046,+1-544-427-6739,2026-06-01 17:36:21,0,SMS,,4G,0.0,0.05
R06-0001333,6,Eastport,+1-221-975-1161,+1-376-971-0169,2026-06-01 22:32:41,2244,VOICE,,4G,0.1,3.74
R06-0001334,6,Eastport,+1-902-234-6808,+1-962-885-7403,2026-06-01 14:25:12,0,SMS,,5G,0.0,0.05
R06-0001335,6,Eastport,+1-783-367-0976,+1-593-620-4529,2026-06-01 15:26:57,3200,VOICE,,3G,0.12,6.4
R06-0001336,6,Eastport,+1-672-795-7406,+1-315-735-6455,2026-06-01 22:20:51,0,SMS,,3G,0.0,0.05
R06-0001337,6,Eastport,+1-910-450-9570,,2026-06-01 10:43:04,70,DATA,447350171,4G,0.0,4.47
R06-0001338,6,Eastport,+1-830-480-0577,+1-772-752-6703,2026-06-01 04:24:41,1372,VOICE,,3G,0.12,2.74
R06-0001339,6,Eastport,+1-727-684-2062,,2026-06-01 17:42:36,4190,DATA,485708619,4G,0.0,4.86
R06-0001340,6,Eastport,+1-814-896-6846,+1-746-366-8544,2026-06-01 15:22:58,283,VOICE,,4G,0.1,0.47
R06-0001341,6,Eastport,+1-650-665-2263,+1-970-868-9295,2026-06-01 14:04:42,0,VOICE,,3G,0.12,0.0
R06-0001342,6,Eastport,+1-977-615-7730,+1-369-899-4040,2026-06-01 06:27:51,1792,VOICE,,4G,0.1,2.99
R06-0001343,6,Eastport,+1-396-638-4715,+1-986-876-5930,2026-06-01 04:19:24,0,SMS,,3G,0.0,0.05
R06-0001344,6,Eastport,+1-746-764-0965,+1-232-428-8067,2026-06-01 16:53:58,2044,VOICE,,4G,0.1,3.41
R06-0001345,6,Eastport,+1-516-802-0788,+1-542-519-8446,2026-06-01 02:37:58,0,SMS,,5G,0.0,0.05
R06-0001346,6,Eastport,+1-814-413-0978,+1-618-553-3599,2026-06-01 07:02:51,1996,VOICE,,5G,0.08,2.66
R06-0001347,6,Eastport,+1-773-261-5150,+1-440-520-6841,2026-06-01 19:35:55,2319,VOICE,,4G,0.1,3.87
R06-0001348,6,Eastport,+1-643-406-7477,+1-739-702-9425,2026-06-01 14:38:15,2436,VOICE,,4G,0.1,4.06
R06-0001349,6,Eastport,+1-489-264-6325,+1-508-615-9575,2026-06-01 06:52:19,0,SMS,,4G,0.0,0.05
R06-0001350,6,Eastport,+1-905-247-6042,+1-264-665-5053,2026-06-01 17:00:45,0,SMS,,5G,0.0,0.05
R06-0001351,6,Eastport,+1-271-239-1519,+1-518-206-9222,2026-06-01 15:04:13,527,VOICE,,4G,0.1,0.88
R06-0001352,6,Eastport,+1-979-764-0170,+1-221-209-8208,2026-06-01 13:50:25,2870,VOICE,,4G,0.1,4.78
R06-0001353,6,Eastport,+1-521-890-9821,+1-609-988-8455,2026-06-01 18:45:24,0,VOICE,,5G,0.08,0.0
R06-0001354,6,Eastport,+1-949-938-3760,+1-792-350-2985,2026-06-01 21:57:12,0,SMS,,3G,0.0,0.05
R06-0001355,6,Eastport,+1-514-207-7559,+1-883-200-5778,2026-06-01 02:08:54,332,VOICE,,4G,0.1,0.55
R06-0001356,6,Eastport,+1-581-422-2821,,2026-06-01 12:39:42,2288,DATA,209562625,3G,0.0,2.1
R06-0001357,6,Eastport,+1-362-593-9633,,2026-06-01 02:21:37,5677,DATA,408490108,5G,0.0,4.08
R06-0001358,6,Eastport,+1-677-476-7568,,2026-06-01 19:46:51,315,DATA,15870899,5G,0.0,0.16
R06-0001359,6,Eastport,+1-760-472-8115,+1-947-938-2925,2026-06-01 22:18:29,1708,VOICE,,5G,0.08,2.28
R06-0001360,6,Eastport,+1-884-295-3237,+1-939-636-5311,2026-06-01 12:21:32,631,VOICE,,4G,0.1,1.05
R06-0001361,6,Eastport,+1-480-857-2034,,2026-06-01 20:01:22,7183,DATA,382024600,4G,0.0,3.82
R06-0001362,6,Eastport,+1-899-402-2827,+1-813-912-7804,2026-06-01 08:19:21,0,SMS,,4G,0.0,0.05
R06-0001363,6,Eastport,+1-366-704-8672,+1-404-637-9807,2026-06-01 17:28:10,2838,VOICE,,3G,0.12,5.68
R06-0001364,6,Eastport,+1-612-291-0383,,2026-06-01 17:36:34,5583,DATA,237242216,5G,0.0,2.37
R06-0001365,6,Eastport,+1-792-237-5236,+1-833-353-9736,2026-06-01 20:04:44,2468,VOICE,,5G,0.08,3.29
R06-0001366,6,Eastport,+1-875-496-5530,+1-791-849-4603,2026-06-01 21:37:56,942,VOICE,,5G,0.08,1.26
R06-0001367,6,Eastport,+1-731-494-8395,+1-603-572-8103,2026-06-01 18:31:48,1913,VOICE,,5G,0.08,2.55
R06-0001368,6,Eastport,+1-885-875-4366,+1-615-829-5266,2026-06-01 03:36:58,2537,VOICE,,4G,0.1,4.23
R06-0001369,6,Eastport,+1-985-476-3807,+1-564-262-2055,2026-06-01 02:30:56,1571,VOICE,,4G,0.1,2.62
R06-0001370,6,Eastport,+1-775-451-6822,+1-650-716-6243,2026-06-01 08:26:24,0,SMS,,4G,0.0,0.05
R06-0001371,6,Eastport,+1-970-547-2693,+1-613-934-9863,2026-06-01 10:46:14,2230,VOICE,,5G,0.08,2.97
R06-0001372,6,Eastport,+1-614-953-1225,,2026-06-01 08:25:19,677,DATA,159766463,5G,0.0,1.6
R06-0001373,6,Eastport,+1-475-780-7244,+1-601-581-8237,2026-06-01 22:13:03,0,SMS,,4G,0.0,0.05
R06-0001374,6,Eastport,+1-319-463-9108,+1-699-201-0919,2026-06-01 16:16:39,0,SMS,,4G,0.0,0.05
R06-0001375,6,Eastport,+1-582-836-3918,+1-614-453-5420,2026-06-01 02:33:03,1555,VOICE,,5G,0.08,2.07
R06-0001376,6,Eastport,+1-834-953-3750,,2026-06-01 11:11:30,1305,DATA,255444357,4G,0.0,2.55
R06-0001377,6,Eastport,+1-525-882-9276,+1-816-491-3207,2026-06-01 23:18:22,393,VOICE,,4G,0.1,0.66
R06-0001378,6,Eastport,+1-780-807-8363,+1-699-326-7767,2026-06-01 01:21:07,0,VOICE,,4G,0.1,0.0
R06-0001379,6,Eastport,+1-630-972-1001,+1-346-348-7768,2026-06-01 12:25:33,1148,VOICE,,4G,0.1,1.91
R06-0001380,6,Eastport,+1-597-566-2180,+1-213-396-1400,2026-06-01 13:56:42,3084,VOICE,,4G,0.1,5.14
R06-0001381,6,Eastport,+1-251-602-9484,+1-303-748-4824,2026-06-01 03:12:04,0,SMS,,4G,0.0,0.05
R06-0001382,6,Eastport,+1-280-430-7753,+1-487-242-5647,2026-06-01 13:03:56,0,SMS,,3G,0.0,0.05
R06-0001383,6,Eastport,+1-896-501-7652,,2026-06-01 17:51:38,1486,DATA,93102832,4G,0.0,0.93
R06-0001384,6,Eastport,+1-867-238-8714,+1-704-368-2259,2026-06-01 12:45:52,0,SMS,,4G,0.0,0.05
R06-0001385,6,Eastport,+1-472-293-7720,+1-620-554-9368,2026-06-01 09:41:00,0,SMS,,4G,0.0,0.05
R06-0001386,6,Eastport,+1-673-911-3378,+1-982-872-2229,2026-06-01 17:08:08,0,SMS,,5G,0.0,0.05
R06-0001387,6,Eastport,+1-905-251-2925,,2026-06-01 01:29:14,1808,DATA,265549331,4G,0.0,2.66
R06-0001388,6,Eastport,+1-472-897-1597,+1-663-380-6125,2026-06-01 09:09:59,410,VOICE,,4G,0.1,0.68
R06-0001389,6,Eastport,+1-496-504-3636,+1-242-431-8941,2026-06-01 18:32:31,392,VOICE,,3G,0.12,0.78
R06-0001390,6,Eastport,+1-825-953-8414,+1-957-441-8669,2026-06-01 02:21:13,0,SMS,,4G,0.0,0.05
R06-0001391,6,Eastport,+1-498-721-4943,+1-698-595-1336,2026-06-01 14:08:35,0,SMS,,4G,0.0,0.05
R06-0001392,6,Eastport,+1-642-296-6972,+1-637-639-6931,2026-06-01 23:39:29,0,SMS,,4G,0.0,0.05
R06-0001393,6,Eastport,+1-323-434-3708,+1-756-854-9238,2026-06-01 06:55:09,977,VOICE,,5G,0.08,1.3
R06-0001394,6,Eastport,+1-949-558-1202,+1-205-956-0895,2026-06-01 15:17:26,2646,VOICE,,4G,0.1,4.41
R06-0001395,6,Eastport,+1-382-458-4923,+1-484-806-4202,2026-06-01 18:17:45,3230,VOICE,,4G,0.1,5.38
R06-0001396,6,Eastport,+1-708-414-3447,+1-581-520-3800,2026-06-01 18:39:24,574,VOICE,,5G,0.08,0.77
R06-0001397,6,Eastport,+1-217-814-6757,+1-750-347-5266,2026-06-01 05:59:18,3436,VOICE,,4G,0.1,5.73
R06-0001398,6,Eastport,+1-681-580-2021,,2026-06-01 07:53:35,2434,DATA,324793802,5G,0.0,3.25
R06-0001399,6,Eastport,+1-719-857-1059,+1-513-975-2182,2026-06-01 21:46:19,110,VOICE,,3G,0.12,0.22
R06-0001400,6,Eastport,+1-589-917-3024,+1-347-522-8865,2026-06-01 15:36:10,1555,VOICE,,4G,0.1,2.59
R06-0001401,6,Eastport,+1-508-735-0966,+1-967-950-2040,2026-06-01 11:53:08,0,SMS,,3G,0.0,0.05
R06-0001402,6,Eastport,+1-634-453-4555,+1-943-742-8875,2026-06-01 22:30:28,547,VOICE,,4G,0.1,0.91
R06-0001403,6,Eastport,+1-677-251-1167,+1-495-375-8074,2026-06-01 22:05:58,604,VOICE,,5G,0.08,0.81
R06-0001404,6,Eastport,+1-737-398-1069,+1-424-268-4218,2026-06-01 07:22:02,1840,VOICE,,5G,0.08,2.45
R06-0001405,6,Eastport,+1-585-767-9154,+1-606-986-3834,2026-06-01 20:41:57,2941,VOICE,,4G,0.1,4.9
R06-0001406,6,Eastport,+1-918-485-2063,+1-573-983-4951,2026-06-01 23:33:13,0,SMS,,3G,0.0,0.05
R06-0001407,6,Eastport,+1-244-992-4782,,2026-06-01 10:29:29,2173,DATA,18800692,5G,0.0,0.19
R06-0001408,6,Eastport,+1-984-853-1779,+1-516-749-1256,2026-06-01 04:03:57,1353,VOICE,,5G,0.08,1.8
R06-0001409,6,Eastport,+1-733-933-9223,,2026-06-01 15:27:05,504,DATA,302738167,5G,0.0,3.03
R06-0001410,6,Eastport,+1-672-621-0779,,2026-06-01 05:47:02,3053,DATA,90659443,4G,0.0,0.91
R06-0001411,6,Eastport,+1-312-424-6287,+1-704-955-2609,2026-06-01 12:25:31,3392,VOICE,,4G,0.1,5.65
R06-0001412,6,Eastport,+1-718-694-8367,+1-845-225-2009,2026-06-01 19:37:31,2741,VOICE,,4G,0.1,4.57
R06-0001413,6,Eastport,+1-697-317-5449,+1-311-719-2091,2026-06-01 06:07:02,0,SMS,,4G,0.0,0.05
R06-0001414,6,Eastport,+1-755-872-5502,+1-595-476-0113,2026-06-01 02:58:02,3207,VOICE,,4G,0.1,5.35
R06-0001415,6,Eastport,+1-468-904-1698,+1-604-578-8213,2026-06-01 03:03:01,1378,VOICE,,5G,0.08,1.84
R06-0001416,6,Eastport,+1-586-605-0310,+1-985-907-4961,2026-06-01 19:08:06,0,SMS,,5G,0.0,0.05
R06-0001417,6,Eastport,+1-385-354-9921,+1-666-801-2559,2026-06-01 19:03:40,0,SMS,,4G,0.0,0.05
R06-0001418,6,Eastport,+1-488-881-6597,+1-867-589-8784,2026-06-01 16:00:25,1844,VOICE,,4G,0.1,3.07
R06-0001419,6,Eastport,+1-555-846-7065,+1-357-265-6930,2026-06-01 23:31:43,1824,VOICE,,4G,0.1,3.04
R06-0001420,6,Eastport,+1-275-860-8638,+1-349-888-7318,2026-06-01 00:28:20,0,VOICE,,5G,0.08,0.0
R06-0001421,6,Eastport,+1-233-794-6008,+1-891-579-8518,2026-06-01 22:33:31,0,SMS,,3G,0.0,0.05
R06-0001422,6,Eastport,+1-327-642-6760,+1-840-448-8658,2026-06-01 03:36:40,2893,VOICE,,5G,0.08,3.86
R06-0001423,6,Eastport,+1-253-453-9757,+1-482-264-4597,2026-06-01 06:48:46,3168,VOICE,,4G,0.1,5.28
R06-0001424,6,Eastport,+1-983-353-1325,+1-718-515-6702,2026-06-01 23:14:03,2546,VOICE,,3G,0.12,5.09
R06-0001425,6,Eastport,+1-587-533-1832,+1-725-567-8170,2026-06-01 04:48:20,102,VOICE,,3G,0.12,0.2
R06-0001426,6,Eastport,+1-291-720-4693,+1-438-340-0044,2026-06-01 12:01:12,0,SMS,,3G,0.0,0.05
R06-0001427,6,Eastport,+1-801-773-8171,,2026-06-01 07:20:51,3188,DATA,457770031,4G,0.0,4.58
R06-0001428,6,Eastport,+1-759-804-6493,+1-206-923-5355,2026-06-01 06:34:31,2691,VOICE,,4G,0.1,4.49
R06-0001429,6,Eastport,+1-359-683-0055,,2026-06-01 06:49:46,2296,DATA,423690884,4G,0.0,4.24
R06-0001430,6,Eastport,+1-663-222-1528,+1-413-596-4825,2026-06-01 12:23:17,399,VOICE,,4G,0.1,0.67
R06-0001431,6,Eastport,+1-973-280-1778,,2026-06-01 03:48:42,968,DATA,64065684,5G,0.0,0.64
R06-0001432,6,Eastport,+1-712-214-1516,+1-567-706-8091,2026-06-01 23:03:50,1868,VOICE,,4G,0.1,3.11
R06-0001433,6,Eastport,+1-336-575-4191,,2026-06-01 20:37:47,2770,DATA,63549532,5G,0.0,0.64
R06-0001434,6,Eastport,+1-637-501-1399,+1-855-406-2008,2026-06-01 07:20:17,244,VOICE,,5G,0.08,0.33
R06-0001435,6,Eastport,+1-850-823-1461,,2026-06-01 16:38:17,2500,DATA,298414742,4G,0.0,2.98
R06-0001436,6,Eastport,+1-532-791-6735,+1-209-507-9757,2026-06-01 06:47:19,3051,VOICE,,4G,0.1,5.09
R06-0001437,6,Eastport,+1-350-472-1493,+1-344-463-8689,2026-06-01 21:29:31,2839,VOICE,,5G,0.08,3.79
R06-0001438,6,Eastport,+1-641-745-2556,+1-618-403-8525,2026-06-01 19:08:16,0,SMS,,4G,0.0,0.05
R06-0001439,6,Eastport,+1-203-888-3609,+1-538-746-2323,2026-06-01 20:45:53,0,SMS,,5G,0.0,0.05
R06-0001440,6,Eastport,+1-885-341-0599,+1-235-631-0617,2026-06-01 23:07:13,0,SMS,,4G,0.0,0.05
R06-0001441,6,Eastport,+1-668-562-2590,+1-968-926-5297,2026-06-01 08:49:58,0,SMS,,5G,0.0,0.05
R06-0001442,6,Eastport,+1-280-543-6852,,2026-06-01 11:29:05,6602,DATA,490998949,4G,0.0,4.91
R06-0001443,6,Eastport,+1-894-769-8837,,2026-06-01 20:06:42,1715,DATA,345634389,5G,0.0,3.46
R06-0001444,6,Eastport,+1-361-878-6103,,2026-06-01 05:42:03,1736,DATA,248236946,5G,0.0,2.48
R06-0001445,6,Eastport,+1-425-919-8962,+1-214-359-0738,2026-06-01 05:24:14,0,SMS,,4G,0.0,0.05
R06-0001446,6,Eastport,+1-939-805-4060,+1-614-663-4391,2026-06-01 07:13:19,475,VOICE,,5G,0.08,0.63
R06-0001447,6,Eastport,+1-845-730-8684,,2026-06-01 11:29:28,2508,DATA,366140300,5G,0.0,3.66
R06-0001448,6,Eastport,+1-912-784-4480,+1-949-301-0857,2026-06-01 23:29:36,1806,VOICE,,4G,0.1,3.01
R06-0001449,6,Eastport,+1-859-687-0520,+1-799-474-0679,2026-06-01 21:31:33,0,SMS,,3G,0.0,0.05
R06-0001450,6,Eastport,+1-755-644-2721,+1-484-490-6229,2026-06-01 00:33:41,3281,VOICE,,5G,0.08,4.37
R06-0001451,6,Eastport,+1-629-213-0607,+1-641-950-2469,2026-06-01 21:16:52,0,SMS,,5G,0.0,0.05
R06-0001452,6,Eastport,+1-348-839-1883,,2026-06-01 15:21:04,2971,DATA,14531290,4G,0.0,0.15
R06-0001453,6,Eastport,+1-354-310-9225,+1-880-677-7044,2026-06-01 09:20:27,0,VOICE,,5G,0.08,0.0
R06-0001454,6,Eastport,+1-846-375-7632,+1-265-769-1230,2026-06-01 18:15:18,3303,VOICE,,4G,0.1,5.5
R06-0001455,6,Eastport,+1-613-262-2632,+1-942-612-9441,2026-06-01 20:43:03,0,SMS,,3G,0.0,0.05
R06-0001456,6,Eastport,+1-351-661-8857,+1-277-611-0421,2026-06-01 23:01:23,1499,VOICE,,4G,0.1,2.5
R06-0001457,6,Eastport,+1-684-352-9575,+1-249-277-7854,2026-06-01 21:47:02,0,SMS,,5G,0.0,0.05
R06-0001458,6,Eastport,+1-514-428-4946,+1-841-420-9168,2026-06-01 23:08:16,3484,VOICE,,5G,0.08,4.65
R06-0001459,6,Eastport,+1-537-398-4188,,2026-06-01 13:24:01,267,DATA,414995589,4G,0.0,4.15
R06-0001460,6,Eastport,+1-766-239-6790,+1-252-200-5378,2026-06-01 16:44:39,2636,VOICE,,3G,0.12,5.27
R06-0001461,6,Eastport,+1-403-690-3073,+1-945-558-9314,2026-06-01 19:40:48,0,SMS,,5G,0.0,0.05
R06-0001462,6,Eastport,+1-251-997-9843,,2026-06-01 16:12:39,7038,DATA,276724757,4G,0.0,2.77
R06-0001463,6,Eastport,+1-866-554-2449,+1-921-557-6946,2026-06-01 14:36:30,2756,VOICE,,4G,0.1,4.59
R06-0001464,6,Eastport,+1-432-537-9850,,2026-06-01 00:12:40,955,DATA,240589886,4G,0.0,2.41
R06-0001465,6,Eastport,+1-576-651-6116,,2026-06-01 18:12:24,3103,DATA,66240211,5G,0.0,0.66
R06-0001466,6,Eastport,+1-296-946-8691,+1-327-760-9496,2026-06-01 00:13:12,3110,VOICE,,4G,0.1,5.18
R06-0001467,6,Eastport,+1-940-411-1958,+1-601-350-2383,2026-06-01 21:12:57,2236,VOICE,,5G,0.08,2.98
R06-0001468,6,Eastport,+1-467-739-6676,+1-313-373-1562,2026-06-01 14:46:49,0,SMS,,4G,0.0,0.05
R06-0001469,6,Eastport,+1-820-691-8588,,2026-06-01 18:40:20,5104,DATA,25108084,3G,0.0,0.25
R06-0001470,6,Eastport,+1-611-219-7275,+1-922-201-7060,2026-06-01 15:52:51,0,VOICE,,3G,0.12,0.0
R06-0001471,6,Eastport,+1-903-941-0778,+1-356-440-7400,2026-06-01 17:20:02,0,SMS,,3G,0.0,0.05
R06-0001472,6,Eastport,+1-407-213-6310,,2026-06-01 16:12:40,3764,DATA,438733626,3G,0.0,4.39
R06-0001473,6,Eastport,+1-786-943-7180,,2026-06-01 22:33:58,4402,DATA,11039119,3G,0.0,0.11
R06-0001474,6,Eastport,+1-561-808-3004,+1-621-339-6321,2026-06-01 13:57:53,0,SMS,,5G,0.0,0.05
R06-0001475,6,Eastport,+1-338-214-4493,+1-464-525-7527,2026-06-01 04:20:42,2721,VOICE,,4G,0.1,4.54
R06-0001476,6,Eastport,+1-305-586-9067,+1-518-503-1747,2026-06-01 15:59:03,1422,VOICE,,4G,0.1,2.37
R06-0001477,6,Eastport,+1-723-648-5380,+1-812-663-6944,2026-06-01 16:46:00,3566,VOICE,,5G,0.08,4.75
R06-0001478,6,Eastport,+1-964-248-8922,,2026-06-01 20:21:43,4552,DATA,146097063,4G,0.0,1.46
R06-0001479,6,Eastport,+1-679-680-2131,+1-818-235-2225,2026-06-01 04:18:47,0,SMS,,5G,0.0,0.05
R06-0001480,6,Eastport,+1-871-688-4275,,2026-06-01 13:48:12,775,DATA,357316613,4G,0.0,3.57
R06-0001481,6,Eastport,+1-433-358-5967,+1-342-611-4758,2026-06-01 15:16:22,1603,VOICE,,5G,0.08,2.14
R06-0001482,6,Eastport,+1-769-521-4253,+1-492-797-1203,2026-06-01 10:00:56,0,SMS,,3G,0.0,0.05
R06-0001483,6,Eastport,+1-801-740-6614,+1-843-594-2646,2026-06-01 18:20:22,1091,VOICE,,5G,0.08,1.45
R06-0001484,6,Eastport,+1-782-430-7563,+1-893-871-7087,2026-06-01 23:58:18,3203,VOICE,,5G,0.08,4.27
R06-0001485,6,Eastport,+1-979-531-5602,+1-288-842-1112,2026-06-01 21:18:58,1747,VOICE,,3G,0.12,3.49
R06-0001486,6,Eastport,+1-880-417-0190,+1-711-974-2428,2026-06-01 10:13:50,0,SMS,,5G,0.0,0.05
R06-0001487,6,Eastport,+1-930-995-3132,+1-535-268-8530,2026-06-01 22:58:01,0,SMS,,4G,0.0,0.05
R06-0001488,6,Eastport,+1-953-825-6273,+1-677-869-7878,2026-06-01 01:18:13,1826,VOICE,,4G,0.1,3.04
R06-0001489,6,Eastport,+1-654-438-7110,,2026-06-01 05:20:55,3800,DATA,82998895,4G,0.0,0.83
R06-0001490,6,Eastport,+1-623-820-8745,,2026-06-01 21:42:11,1570,DATA,221742848,5G,0.0,2.22
R06-0001491,6,Eastport,+1-936-892-3402,+1-554-820-2017,2026-06-01 16:20:08,1071,VOICE,,4G,0.1,1.79
R06-0001492,6,Eastport,+1-311-995-2614,+1-896-466-7432,2026-06-01 12:28:04,0,SMS,,5G,0.0,0.05
R06-0001493,6,Eastport,+1-246-351-9584,+1-656-211-0100,2026-06-01 14:09:50,0,SMS,,4G,0.0,0.05
R06-0001494,6,Eastport,+1-353-441-3226,,2026-06-01 23:08:07,3544,DATA,466632442,4G,0.0,4.67
R06-0001495,6,Eastport,+1-931-455-2294,,2026-06-01 23:28:02,561,DATA,294022502,4G,0.0,2.94
R06-0001496,6,Eastport,+1-463-339-7161,+1-702-799-8040,2026-06-01 16:13:39,840,VOICE,,4G,0.1,1.4
R06-0001497,6,Eastport,+1-579-953-8436,+1-332-559-8929,2026-06-01 05:02:18,2517,VOICE,,4G,0.1,4.2
R06-0001498,6,Eastport,+1-276-850-8218,+1-941-612-9627,2026-06-01 14:07:29,2825,VOICE,,4G,0.1,4.71
R06-0001499,6,Eastport,+1-321-693-5372,,2026-06-01 07:35:46,1726,DATA,18694784,4G,0.0,0.19
R06-0001500,6,Eastport,+1-745-455-7220,+1-572-404-1589,2026-06-01 20:47:35,3570,VOICE,,4G,0.1,5.95
R06-0001501,6,Eastport,+1-254-803-2091,+1-355-504-8355,2026-06-01 21:25:05,2866,VOICE,,5G,0.08,3.82
R06-0001502,6,Eastport,+1-365-665-5671,+1-826-654-4461,2026-06-01 01:48:44,0,SMS,,4G,0.0,0.05
R06-0001503,6,Eastport,+1-616-424-0474,+1-943-488-2918,2026-06-01 00:15:20,0,SMS,,3G,0.0,0.05
R06-0001504,6,Eastport,+1-853-698-1166,+1-480-457-2400,2026-06-01 01:11:55,3571,VOICE,,5G,0.08,4.76
R06-0001505,6,Eastport,+1-687-883-0242,+1-504-787-6209,2026-06-01 10:35:16,1077,VOICE,,4G,0.1,1.79
R06-0001506,6,Eastport,+1-614-831-6198,+1-803-657-6491,2026-06-01 21:10:53,0,SMS,,4G,0.0,0.05
R06-0001507,6,Eastport,+1-480-803-2225,+1-865-835-5092,2026-06-01 23:08:46,0,SMS,,4G,0.0,0.05
R06-0001508,6,Eastport,+1-582-277-2836,+1-628-553-5943,2026-06-01 05:52:59,575,VOICE,,5G,0.08,0.77
R06-0001509,6,Eastport,+1-292-429-6829,+1-205-223-0732,2026-06-01 10:38:02,3023,VOICE,,5G,0.08,4.03
R06-0001510,6,Eastport,+1-506-911-9239,+1-332-867-2085,2026-06-01 12:40:34,0,SMS,,4G,0.0,0.05
R06-0001511,6,Eastport,+1-696-829-6695,+1-977-453-0855,2026-06-01 21:55:56,1800,VOICE,,4G,0.1,3.0
R06-0001512,6,Eastport,+1-313-264-9427,+1-228-820-8928,2026-06-01 23:45:20,1631,VOICE,,4G,0.1,2.72
R06-0001513,6,Eastport,+1-604-883-2262,+1-607-524-1664,2026-06-01 18:54:04,3520,VOICE,,4G,0.1,5.87
R06-0001514,6,Eastport,+1-575-931-5100,,2026-06-01 11:53:37,7023,DATA,319609044,4G,0.0,3.2
R06-0001515,6,Eastport,+1-895-743-5369,,2026-06-01 02:38:51,3281,DATA,101582893,5G,0.0,1.02
R06-0001516,6,Eastport,+1-741-743-5770,,2026-06-01 17:14:17,3749,DATA,263296899,4G,0.0,2.63
R06-0001517,6,Eastport,+1-520-294-8801,+1-598-933-0757,2026-06-01 14:16:39,2777,VOICE,,4G,0.1,4.63
R06-0001518,6,Eastport,+1-816-393-9079,+1-616-403-5605,2026-06-01 16:05:55,2290,VOICE,,4G,0.1,3.82
R06-0001519,6,Eastport,+1-703-643-3303,,2026-06-01 19:08:54,3834,DATA,105825861,4G,0.0,1.06
R06-0001520,6,Eastport,+1-658-938-4774,+1-631-777-7188,2026-06-01 16:22:54,3458,VOICE,,4G,0.1,5.76
R06-0001521,6,Eastport,+1-475-432-1702,+1-813-231-3309,2026-06-01 10:47:04,0,SMS,,4G,0.0,0.05
R06-0001522,6,Eastport,+1-285-754-4814,+1-892-949-9822,2026-06-01 17:54:43,1116,VOICE,,5G,0.08,1.49
R06-0001523,6,Eastport,+1-577-374-5586,+1-352-257-3907,2026-06-01 15:12:10,2422,VOICE,,5G,0.08,3.23
R06-0001524,6,Eastport,+1-541-510-0912,+1-330-200-7515,2026-06-01 13:00:20,0,SMS,,3G,0.0,0.05
R06-0001525,6,Eastport,+1-205-637-4098,,2026-06-01 10:37:50,601,DATA,70294135,4G,0.0,0.7
R06-0001526,6,Eastport,+1-672-947-0583,+1-844-562-1089,2026-06-01 08:23:34,351,VOICE,,5G,0.08,0.47
R06-0001527,6,Eastport,+1-630-304-1071,+1-750-660-0089,2026-06-01 14:36:23,1508,VOICE,,3G,0.12,3.02
R06-0001528,6,Eastport,+1-429-488-3262,,2026-06-01 05:18:27,3317,DATA,342559161,3G,0.0,3.43
R06-0001529,6,Eastport,+1-648-297-7208,+1-949-891-0372,2026-06-01 11:35:45,592,VOICE,,5G,0.08,0.79
R06-0001530,6,Eastport,+1-970-588-4826,+1-577-480-5992,2026-06-01 13:56:19,2966,VOICE,,5G,0.08,3.95
R06-0001531,6,Eastport,+1-818-922-5528,+1-450-424-0642,2026-06-01 13:13:25,0,SMS,,4G,0.0,0.05
R06-0001532,6,Eastport,+1-321-891-5357,+1-954-893-8967,2026-06-01 15:55:08,2453,VOICE,,4G,0.1,4.09
R06-0001533,6,Eastport,+1-429-615-9133,+1-903-414-4901,2026-06-01 15:44:32,1941,VOICE,,5G,0.08,2.59
R06-0001534,6,Eastport,+1-249-485-7470,+1-850-244-6278,2026-06-01 15:59:36,0,SMS,,4G,0.0,0.05
R06-0001535,6,Eastport,+1-483-630-4195,+1-789-290-3666,2026-06-01 08:54:53,0,SMS,,3G,0.0,0.05
R06-0001536,6,Eastport,+1-399-579-2511,+1-616-752-5125,2026-06-01 12:20:10,193,VOICE,,3G,0.12,0.39
R06-0001537,6,Eastport,+1-612-257-6885,+1-856-271-2663,2026-06-01 20:05:26,0,SMS,,4G,0.0,0.05
R06-0001538,6,Eastport,+1-673-435-9462,+1-410-481-2116,2026-06-01 15:16:09,748,VOICE,,4G,0.1,1.25
R06-0001539,6,Eastport,+1-317-926-8475,+1-489-294-7970,2026-06-01 10:14:45,0,SMS,,4G,0.0,0.05
R06-0001540,6,Eastport,+1-296-639-0548,+1-264-759-9721,2026-06-01 23:42:09,3175,VOICE,,4G,0.1,5.29
R06-0001541,6,Eastport,+1-953-676-9604,+1-229-330-9188,2026-06-01 01:17:54,254,VOICE,,4G,0.1,0.42
R06-0001542,6,Eastport,+1-493-730-2487,+1-451-494-5084,2026-06-01 00:10:17,1546,VOICE,,3G,0.12,3.09
R06-0001543,6,Eastport,+1-643-566-3477,,2026-06-01 18:10:32,629,DATA,51885473,5G,0.0,0.52
R06-0001544,6,Eastport,+1-222-228-1384,+1-929-774-9625,2026-06-01 07:04:19,1982,VOICE,,5G,0.08,2.64
R06-0001545,6,Eastport,+1-936-927-6855,+1-208-871-8171,2026-06-01 00:37:28,379,VOICE,,4G,0.1,0.63
R06-0001546,6,Eastport,+1-297-741-3305,+1-449-219-6355,2026-06-01 12:45:11,0,SMS,,5G,0.0,0.05
R06-0001547,6,Eastport,+1-411-827-0444,,2026-06-01 05:14:59,2130,DATA,182087710,5G,0.0,1.82
R06-0001548,6,Eastport,+1-284-816-3867,+1-325-880-0367,2026-06-01 10:40:11,3326,VOICE,,4G,0.1,5.54
R06-0001549,6,Eastport,+1-655-478-4904,+1-223-525-8272,2026-06-01 20:59:11,2956,VOICE,,5G,0.08,3.94
R06-0001550,6,Eastport,+1-713-424-5471,+1-670-453-1680,2026-06-01 03:39:34,0,SMS,,5G,0.0,0.05
R06-0001551,6,Eastport,+1-724-317-3706,+1-800-505-5232,2026-06-01 19:40:49,0,SMS,,5G,0.0,0.05
R06-0001552,6,Eastport,+1-585-360-0333,+1-957-768-7163,2026-06-01 11:18:31,0,SMS,,4G,0.0,0.05
R06-0001553,6,Eastport,+1-743-214-1031,+1-355-542-2842,2026-06-01 15:11:59,0,SMS,,4G,0.0,0.05
R06-0001554,6,Eastport,+1-713-637-0412,+1-293-324-7164,2026-06-01 22:27:38,1620,VOICE,,4G,0.1,2.7
R06-0001555,6,Eastport,+1-310-384-3207,+1-514-263-4802,2026-06-01 22:47:46,0,SMS,,4G,0.0,0.05
R06-0001556,6,Eastport,+1-670-704-3835,+1-763-584-4049,2026-06-01 03:32:27,0,SMS,,4G,0.0,0.05
R06-0001557,6,Eastport,+1-358-760-7042,+1-929-293-3498,2026-06-01 14:15:50,2916,VOICE,,4G,0.1,4.86
R06-0001558,6,Eastport,+1-238-969-8520,+1-202-661-6328,2026-06-01 17:10:11,0,SMS,,4G,0.0,0.05
R06-0001559,6,Eastport,+1-477-627-0911,+1-398-702-8885,2026-06-01 05:10:49,442,VOICE,,4G,0.1,0.74
R06-0001560,6,Eastport,+1-881-783-1933,+1-529-568-7059,2026-06-01 18:55:08,0,SMS,,5G,0.0,0.05
R06-0001561,6,Eastport,+1-337-365-6852,+1-634-362-8306,2026-06-01 05:45:19,3587,VOICE,,4G,0.1,5.98
R06-0001562,6,Eastport,+1-758-384-2837,+1-482-394-6179,2026-06-01 02:34:49,0,SMS,,3G,0.0,0.05
R06-0001563,6,Eastport,+1-710-244-5963,+1-659-554-9907,2026-06-01 18:32:55,208,VOICE,,5G,0.08,0.28
R06-0001564,6,Eastport,+1-348-331-9247,+1-878-702-9703,2026-06-01 22:54:23,2227,VOICE,,4G,0.1,3.71
R06-0001565,6,Eastport,+1-959-989-1307,+1-409-893-1423,2026-06-01 02:33:20,1955,VOICE,,5G,0.08,2.61
R06-0001566,6,Eastport,+1-232-374-1447,+1-587-771-3049,2026-06-01 21:29:01,0,SMS,,3G,0.0,0.05
R06-0001567,6,Eastport,+1-669-793-2167,+1-281-596-6336,2026-06-01 02:53:19,1867,VOICE,,4G,0.1,3.11
R06-0001568,6,Eastport,+1-214-275-0315,+1-873-567-6496,2026-06-01 10:00:26,1858,VOICE,,4G,0.1,3.1
R06-0001569,6,Eastport,+1-795-588-4191,+1-241-718-3348,2026-06-01 19:27:21,985,VOICE,,4G,0.1,1.64
R06-0001570,6,Eastport,+1-369-494-3715,+1-577-820-6622,2026-06-01 15:13:31,963,VOICE,,3G,0.12,1.93
R06-0001571,6,Eastport,+1-935-213-1984,,2026-06-01 20:21:48,1986,DATA,368458194,4G,0.0,3.68
R06-0001572,6,Eastport,+1-891-412-2439,+1-829-772-4806,2026-06-01 17:00:20,0,SMS,,4G,0.0,0.05
R06-0001573,6,Eastport,+1-391-389-6982,,2026-06-01 22:18:21,3721,DATA,298219461,5G,0.0,2.98
R06-0001574,6,Eastport,+1-735-928-4440,+1-607-424-1968,2026-06-01 17:11:45,0,SMS,,4G,0.0,0.05
R06-0001575,6,Eastport,+1-490-285-9193,+1-614-292-6121,2026-06-01 11:42:55,1593,VOICE,,4G,0.1,2.66
R06-0001576,6,Eastport,+1-830-969-2710,+1-717-986-9801,2026-06-01 13:37:41,0,SMS,,3G,0.0,0.05
R06-0001577,6,Eastport,+1-377-702-1906,+1-786-202-6729,2026-06-01 11:46:43,0,SMS,,4G,0.0,0.05
R06-0001578,6,Eastport,+1-460-655-5401,+1-741-478-2037,2026-06-01 04:07:18,1088,VOICE,,4G,0.1,1.81
R06-0001579,6,Eastport,+1-471-833-4173,+1-583-821-5415,2026-06-01 22:47:17,1526,VOICE,,4G,0.1,2.54
R06-0001580,6,Eastport,+1-694-218-5588,+1-410-702-9856,2026-06-01 07:10:18,0,SMS,,5G,0.0,0.05
R06-0001581,6,Eastport,+1-558-474-9762,+1-637-805-7037,2026-06-01 06:43:45,0,SMS,,5G,0.0,0.05
R06-0001582,6,Eastport,+1-259-362-2950,+1-538-252-3176,2026-06-01 23:20:13,2651,VOICE,,4G,0.1,4.42
R06-0001583,6,Eastport,+1-257-886-7394,+1-668-526-2415,2026-06-01 22:19:32,880,VOICE,,4G,0.1,1.47
R06-0001584,6,Eastport,+1-458-496-7078,+1-421-692-5174,2026-06-01 17:49:35,0,SMS,,4G,0.0,0.05
R06-0001585,6,Eastport,+1-905-927-3503,+1-367-490-7520,2026-06-01 22:05:40,2374,VOICE,,4G,0.1,3.96
R06-0001586,6,Eastport,+1-918-924-7348,+1-806-795-7406,2026-06-01 09:56:02,177,VOICE,,5G,0.08,0.24
R06-0001587,6,Eastport,+1-274-995-5511,+1-696-270-6789,2026-06-01 15:34:39,2524,VOICE,,4G,0.1,4.21
R06-0001588,6,Eastport,+1-883-309-8422,+1-914-338-2702,2026-06-01 10:59:26,0,SMS,,5G,0.0,0.05
R06-0001589,6,Eastport,+1-404-261-0941,+1-233-619-7213,2026-06-01 19:04:14,2826,VOICE,,5G,0.08,3.77
R06-0001590,6,Eastport,+1-480-719-7613,+1-710-814-0566,2026-06-01 06:39:36,0,SMS,,4G,0.0,0.05
R06-0001591,6,Eastport,+1-831-897-0098,+1-292-255-3417,2026-06-01 01:01:48,0,SMS,,5G,0.0,0.05
R06-0001592,6,Eastport,+1-561-875-5090,+1-526-857-6643,2026-06-01 15:06:27,2919,VOICE,,4G,0.1,4.87
R06-0001593,6,Eastport,+1-749-433-6174,+1-376-492-5692,2026-06-01 07:34:41,0,SMS,,4G,0.0,0.05
R06-0001594,6,Eastport,+1-545-221-3080,+1-216-482-3538,2026-06-01 13:24:28,3406,VOICE,,5G,0.08,4.54
R06-0001595,6,Eastport,+1-680-776-5809,+1-213-849-5628,2026-06-01 10:22:32,1785,VOICE,,5G,0.08,2.38
R06-0001596,6,Eastport,+1-306-959-5971,+1-889-855-5292,2026-06-01 01:42:28,0,VOICE,,4G,0.1,0.0
R06-0001597,6,Eastport,+1-371-351-1438,+1-316-422-6765,2026-06-01 23:29:35,998,VOICE,,4G,0.1,1.66
R06-0001598,6,Eastport,+1-349-599-4302,+1-296-770-5741,2026-06-01 01:37:23,0,SMS,,4G,0.0,0.05
R06-0001599,6,Eastport,+1-721-965-5522,+1-376-568-7044,2026-06-01 08:19:53,0,VOICE,,5G,0.08,0.0
R06-0001600,6,Eastport,+1-316-451-7007,+1-401-672-5081,2026-06-01 15:57:20,3547,VOICE,,4G,0.1,5.91
R06-0001601,6,Eastport,+1-643-478-1839,+1-986-610-4549,2026-06-01 21:06:24,3262,VOICE,,4G,0.1,5.44
R06-0001602,6,Eastport,+1-227-615-8673,+1-278-245-5751,2026-06-01 20:05:27,295,VOICE,,3G,0.12,0.59
R06-0001603,6,Eastport,+1-434-351-1917,+1-242-248-8450,2026-06-01 00:13:58,2562,VOICE,,4G,0.1,4.27
R06-0001604,6,Eastport,+1-403-529-1178,+1-581-272-9580,2026-06-01 09:01:07,2239,VOICE,,4G,0.1,3.73
R06-0001605,6,Eastport,+1-244-784-4740,+1-252-420-8065,2026-06-01 01:28:34,2800,VOICE,,4G,0.1,4.67
R06-0001606,6,Eastport,+1-684-567-0184,+1-910-284-1190,2026-06-01 07:59:34,2511,VOICE,,4G,0.1,4.19
R06-0001607,6,Eastport,+1-817-376-7303,+1-882-676-4161,2026-06-01 04:07:56,145,VOICE,,4G,0.1,0.24
R06-0001608,6,Eastport,+1-831-446-5683,+1-895-609-7077,2026-06-01 21:02:02,1170,VOICE,,4G,0.1,1.95
R06-0001609,6,Eastport,+1-683-715-9485,+1-240-694-4494,2026-06-01 02:24:15,2876,VOICE,,4G,0.1,4.79
R06-0001610,6,Eastport,+1-907-228-9718,+1-428-904-8281,2026-06-01 09:18:50,0,SMS,,4G,0.0,0.05
R06-0001611,6,Eastport,+1-678-829-9178,+1-601-764-5620,2026-06-01 00:05:07,0,SMS,,4G,0.0,0.05
R06-0001612,6,Eastport,+1-446-527-6635,+1-788-768-1712,2026-06-01 09:12:10,0,SMS,,4G,0.0,0.05
R06-0001613,6,Eastport,+1-792-451-4362,+1-543-420-0926,2026-06-01 15:37:30,0,SMS,,3G,0.0,0.05
R06-0001614,6,Eastport,+1-954-332-2610,,2026-06-01 12:09:37,119,DATA,51067637,3G,0.0,0.51
R06-0001615,6,Eastport,+1-715-848-3752,+1-230-664-5058,2026-06-01 16:22:24,0,SMS,,5G,0.0,0.05
R06-0001616,6,Eastport,+1-598-220-6657,+1-707-586-5167,2026-06-01 12:02:22,0,SMS,,3G,0.0,0.05
R06-0001617,6,Eastport,+1-674-596-6123,+1-296-974-8752,2026-06-01 08:52:00,0,SMS,,4G,0.0,0.05
R06-0001618,6,Eastport,+1-241-485-7520,,2026-06-01 12:38:46,367,DATA,277710868,4G,0.0,2.78
R06-0001619,6,Eastport,+1-419-257-3076,+1-958-722-0033,2026-06-01 01:37:22,1158,VOICE,,4G,0.1,1.93
R06-0001620,6,Eastport,+1-781-696-7251,+1-355-307-7354,2026-06-01 04:47:53,0,VOICE,,3G,0.12,0.0
R06-0001621,6,Eastport,+1-730-345-0658,+1-939-629-1176,2026-06-01 23:13:39,0,SMS,,3G,0.0,0.05
R06-0001622,6,Eastport,+1-375-981-9545,+1-391-867-7625,2026-06-01 03:56:00,0,VOICE,,5G,0.08,0.0
R06-0001623,6,Eastport,+1-820-891-9813,+1-636-475-2627,2026-06-01 12:56:59,0,SMS,,4G,0.0,0.05
R06-0001624,6,Eastport,+1-407-804-7775,,2026-06-01 14:15:06,7103,DATA,253422294,4G,0.0,2.53
R06-0001625,6,Eastport,+1-817-848-3898,,2026-06-01 02:31:00,7193,DATA,302523913,3G,0.0,3.03
R06-0001626,6,Eastport,+1-562-491-0093,+1-382-734-6908,2026-06-01 06:45:06,0,SMS,,4G,0.0,0.05
R06-0001627,6,Eastport,+1-684-429-1263,,2026-06-01 10:37:17,1954,DATA,303820992,4G,0.0,3.04
R06-0001628,6,Eastport,+1-643-287-5803,+1-201-268-5296,2026-06-01 07:55:59,3399,VOICE,,3G,0.12,6.8
R06-0001629,6,Eastport,+1-921-478-3896,+1-320-441-3781,2026-06-01 23:43:24,280,VOICE,,5G,0.08,0.37
R06-0001630,6,Eastport,+1-944-803-0523,+1-365-899-0903,2026-06-01 02:54:48,3148,VOICE,,4G,0.1,5.25
R06-0001631,6,Eastport,+1-582-524-5660,,2026-06-01 22:26:03,5934,DATA,468609314,4G,0.0,4.69
R06-0001632,6,Eastport,+1-824-222-7228,,2026-06-01 23:15:45,788,DATA,87547638,3G,0.0,0.88
R06-0001633,6,Eastport,+1-457-275-8922,+1-338-383-1844,2026-06-01 20:55:35,3220,VOICE,,5G,0.08,4.29
R06-0001634,6,Eastport,+1-315-636-8103,+1-727-702-8444,2026-06-01 05:39:13,1543,VOICE,,4G,0.1,2.57
R06-0001635,6,Eastport,+1-636-874-3293,,2026-06-01 15:59:53,3938,DATA,114657806,5G,0.0,1.15
R06-0001636,6,Eastport,+1-844-502-5776,+1-381-595-3996,2026-06-01 02:33:29,1399,VOICE,,5G,0.08,1.87
R06-0001637,6,Eastport,+1-328-370-6034,+1-799-439-9329,2026-06-01 15:44:15,0,SMS,,4G,0.0,0.05
R06-0001638,6,Eastport,+1-581-485-0945,+1-741-810-1958,2026-06-01 06:58:45,1510,VOICE,,3G,0.12,3.02
R06-0001639,6,Eastport,+1-825-779-4219,+1-385-785-8744,2026-06-01 04:37:26,0,SMS,,4G,0.0,0.05
R06-0001640,6,Eastport,+1-851-815-3363,+1-679-920-7684,2026-06-01 19:26:45,612,VOICE,,4G,0.1,1.02
R06-0001641,6,Eastport,+1-579-724-5734,,2026-06-01 17:34:37,3625,DATA,145525844,5G,0.0,1.46
R06-0001642,6,Eastport,+1-437-965-6090,,2026-06-01 17:34:43,4077,DATA,237476354,4G,0.0,2.37
R06-0001643,6,Eastport,+1-479-835-7288,+1-962-712-0972,2026-06-01 06:34:40,1837,VOICE,,4G,0.1,3.06
R06-0001644,6,Eastport,+1-679-572-2333,+1-849-494-8755,2026-06-01 04:24:15,0,SMS,,4G,0.0,0.05
R06-0001645,6,Eastport,+1-814-638-9842,+1-451-609-9697,2026-06-01 06:16:05,0,VOICE,,5G,0.08,0.0
R06-0001646,6,Eastport,+1-959-507-9587,+1-208-676-8158,2026-06-01 07:18:40,3118,VOICE,,4G,0.1,5.2
R06-0001647,6,Eastport,+1-820-971-2982,+1-750-577-8673,2026-06-01 11:07:08,2932,VOICE,,4G,0.1,4.89
R06-0001648,6,Eastport,+1-459-656-2800,,2026-06-01 16:10:01,4881,DATA,335689066,3G,0.0,3.36
R06-0001649,6,Eastport,+1-653-361-6099,+1-987-920-3558,2026-06-01 05:33:24,3466,VOICE,,4G,0.1,5.78
R06-0001650,6,Eastport,+1-694-851-0965,+1-439-720-8713,2026-06-01 06:54:17,173,VOICE,,5G,0.08,0.23
R06-0001651,6,Eastport,+1-689-837-7088,+1-761-425-0746,2026-06-01 19:35:41,0,SMS,,5G,0.0,0.05
R06-0001652,6,Eastport,+1-898-421-9468,,2026-06-01 08:22:19,2440,DATA,205725713,4G,0.0,2.06
R06-0001653,6,Eastport,+1-911-261-5152,+1-849-991-5826,2026-06-01 01:52:12,2813,VOICE,,4G,0.1,4.69
R06-0001654,6,Eastport,+1-418-286-2055,+1-601-533-4483,2026-06-01 12:43:24,0,SMS,,5G,0.0,0.05
R06-0001655,6,Eastport,+1-220-402-5828,+1-282-403-5224,2026-06-01 05:22:24,1901,VOICE,,4G,0.1,3.17
R06-0001656,6,Eastport,+1-407-831-2454,+1-518-414-4119,2026-06-01 19:32:47,835,VOICE,,4G,0.1,1.39
R06-0001657,6,Eastport,+1-216-745-6234,+1-891-488-9390,2026-06-01 16:30:09,463,VOICE,,4G,0.1,0.77
R06-0001658,6,Eastport,+1-343-484-8418,+1-332-380-3167,2026-06-01 06:30:37,0,SMS,,4G,0.0,0.05
R06-0001659,6,Eastport,+1-444-381-0932,+1-667-251-5086,2026-06-01 16:37:52,0,SMS,,4G,0.0,0.05
R06-0001660,6,Eastport,+1-593-539-3418,+1-843-986-0707,2026-06-01 01:21:08,2574,VOICE,,4G,0.1,4.29
R06-0001661,6,Eastport,+1-263-400-7153,+1-611-904-2211,2026-06-01 13:43:41,0,SMS,,4G,0.0,0.05
R06-0001662,6,Eastport,+1-273-913-3048,+1-942-895-7343,2026-06-01 12:23:30,0,SMS,,5G,0.0,0.05
R06-0001663,6,Eastport,+1-572-604-8197,,2026-06-01 23:55:46,4069,DATA,113883563,4G,0.0,1.14
R06-0001664,6,Eastport,+1-981-467-0286,+1-900-217-5489,2026-06-01 10:53:56,1852,VOICE,,5G,0.08,2.47
R06-0001665,6,Eastport,+1-721-921-6954,+1-537-938-5845,2026-06-01 06:18:46,1481,VOICE,,4G,0.1,2.47
R06-0001666,6,Eastport,+1-261-661-1439,+1-521-873-5912,2026-06-01 21:07:47,2659,VOICE,,4G,0.1,4.43
R06-0001667,6,Eastport,+1-372-948-6063,+1-531-464-9202,2026-06-01 00:20:29,1018,VOICE,,3G,0.12,2.04
R06-0001668,6,Eastport,+1-576-873-0556,+1-398-870-5826,2026-06-01 17:00:33,0,SMS,,4G,0.0,0.05
R06-0001669,6,Eastport,+1-322-870-2021,+1-642-653-7413,2026-06-01 17:50:29,2093,VOICE,,5G,0.08,2.79
R06-0001670,6,Eastport,+1-536-818-8501,+1-408-210-4533,2026-06-01 11:40:07,0,SMS,,3G,0.0,0.05
R06-0001671,6,Eastport,+1-758-701-6575,+1-438-298-4936,2026-06-01 06:49:00,0,SMS,,4G,0.0,0.05
R06-0001672,6,Eastport,+1-582-721-7432,+1-456-638-9467,2026-06-01 23:49:53,0,SMS,,4G,0.0,0.05
R06-0001673,6,Eastport,+1-866-918-7016,+1-713-709-9295,2026-06-01 15:00:28,1465,VOICE,,4G,0.1,2.44
R06-0001674,6,Eastport,+1-718-938-7239,+1-669-565-4875,2026-06-01 20:42:24,1557,VOICE,,4G,0.1,2.6
R06-0001675,6,Eastport,+1-323-993-1887,+1-528-506-6419,2026-06-01 02:44:55,0,SMS,,5G,0.0,0.05
R06-0001676,6,Eastport,+1-471-984-5304,+1-953-559-7978,2026-06-01 12:16:39,0,SMS,,5G,0.0,0.05
R06-0001677,6,Eastport,+1-674-587-4777,+1-247-960-2151,2026-06-01 21:19:17,2861,VOICE,,4G,0.1,4.77
R06-0001678,6,Eastport,+1-764-463-5528,,2026-06-01 22:24:11,6071,DATA,22935491,4G,0.0,0.23
R06-0001679,6,Eastport,+1-283-618-0826,+1-490-761-1448,2026-06-01 20:11:54,0,SMS,,3G,0.0,0.05
R06-0001680,6,Eastport,+1-618-903-6291,+1-290-588-2335,2026-06-01 09:18:20,0,SMS,,5G,0.0,0.05
R06-0001681,6,Eastport,+1-881-939-5855,+1-235-604-8475,2026-06-01 19:45:50,821,VOICE,,4G,0.1,1.37
R06-0001682,6,Eastport,+1-827-672-2757,+1-689-218-5928,2026-06-01 01:09:41,0,SMS,,4G,0.0,0.05
R06-0001683,6,Eastport,+1-598-685-6386,,2026-06-01 03:15:02,4647,DATA,470719667,5G,0.0,4.71
R06-0001684,6,Eastport,+1-745-540-1238,+1-489-214-7073,2026-06-01 17:58:22,2031,VOICE,,4G,0.1,3.39
R06-0001685,6,Eastport,+1-426-338-7601,+1-572-397-7346,2026-06-01 21:35:21,2304,VOICE,,5G,0.08,3.07
R06-0001686,6,Eastport,+1-757-787-1539,+1-872-354-0792,2026-06-01 20:11:56,0,SMS,,4G,0.0,0.05
R06-0001687,6,Eastport,+1-951-641-7490,+1-550-656-4037,2026-06-01 23:21:12,525,VOICE,,4G,0.1,0.88
R06-0001688,6,Eastport,+1-379-642-1105,+1-207-545-5000,2026-06-01 23:27:56,1647,VOICE,,3G,0.12,3.29
R06-0001689,6,Eastport,+1-633-495-0299,+1-466-941-8343,2026-06-01 01:29:32,3596,VOICE,,5G,0.08,4.79
R06-0001690,6,Eastport,+1-324-288-4590,+1-617-354-6698,2026-06-01 22:57:57,356,VOICE,,5G,0.08,0.47
R06-0001691,6,Eastport,+1-759-948-4012,+1-775-643-3866,2026-06-01 22:57:00,0,SMS,,3G,0.0,0.05
R06-0001692,6,Eastport,+1-359-880-6268,+1-606-286-4650,2026-06-01 04:40:54,0,SMS,,3G,0.0,0.05
R06-0001693,6,Eastport,+1-492-705-9699,+1-517-327-3724,2026-06-01 05:40:57,0,SMS,,4G,0.0,0.05
R06-0001694,6,Eastport,+1-860-645-4113,+1-395-353-2764,2026-06-01 08:29:52,2490,VOICE,,4G,0.1,4.15
R06-0001695,6,Eastport,+1-473-414-6194,+1-877-836-5152,2026-06-01 22:25:35,3064,VOICE,,4G,0.1,5.11
R06-0001696,6,Eastport,+1-291-753-1842,+1-231-772-1916,2026-06-01 23:42:52,0,SMS,,4G,0.0,0.05
R06-0001697,6,Eastport,+1-549-545-0960,+1-207-208-9376,2026-06-01 19:31:44,0,SMS,,5G,0.0,0.05
R06-0001698,6,Eastport,+1-630-248-6680,,2026-06-01 04:58:06,5877,DATA,274422744,5G,0.0,2.74
R06-0001699,6,Eastport,+1-326-207-8627,+1-512-486-7034,2026-06-01 01:11:11,0,SMS,,4G,0.0,0.05
R06-0001700,6,Eastport,+1-301-930-2771,+1-966-700-5394,2026-06-01 18:49:51,1293,VOICE,,4G,0.1,2.16
R06-0001701,6,Eastport,+1-942-867-7087,,2026-06-01 20:54:46,7052,DATA,477452983,5G,0.0,4.77
R06-0001702,6,Eastport,+1-681-976-9766,+1-649-847-7497,2026-06-01 16:53:07,3509,VOICE,,4G,0.1,5.85
R06-0001703,6,Eastport,+1-477-530-5205,+1-498-412-6651,2026-06-01 16:35:54,978,VOICE,,5G,0.08,1.3
R06-0001704,6,Eastport,+1-895-594-4648,+1-215-641-2562,2026-06-01 20:03:26,2772,VOICE,,4G,0.1,4.62
R06-0001705,6,Eastport,+1-932-858-4207,+1-543-540-0490,2026-06-01 13:35:33,1560,VOICE,,4G,0.1,2.6
R06-0001706,6,Eastport,+1-793-744-1642,+1-245-548-4580,2026-06-01 08:23:19,2804,VOICE,,3G,0.12,5.61
R06-0001707,6,Eastport,+1-757-401-2892,,2026-06-01 03:53:06,4753,DATA,460011106,4G,0.0,4.6
R06-0001708,6,Eastport,+1-809-529-5014,+1-855-715-3024,2026-06-01 18:47:05,346,VOICE,,3G,0.12,0.69
R06-0001709,6,Eastport,+1-831-824-7944,+1-334-934-3979,2026-06-01 04:50:58,2683,VOICE,,4G,0.1,4.47
R06-0001710,6,Eastport,+1-633-510-2805,+1-932-636-4429,2026-06-01 07:26:00,760,VOICE,,4G,0.1,1.27
R06-0001711,6,Eastport,+1-633-251-1690,+1-585-806-0791,2026-06-01 02:34:34,0,SMS,,5G,0.0,0.05
R06-0001712,6,Eastport,+1-694-252-3842,+1-334-460-6849,2026-06-01 22:10:36,2037,VOICE,,4G,0.1,3.4
R06-0001713,6,Eastport,+1-316-976-9695,+1-837-593-5417,2026-06-01 16:06:28,997,VOICE,,4G,0.1,1.66
R06-0001714,6,Eastport,+1-503-729-9886,+1-660-836-3814,2026-06-01 23:38:52,747,VOICE,,5G,0.08,1.0
R06-0001715,6,Eastport,+1-674-605-0048,+1-622-726-8674,2026-06-01 11:45:25,0,SMS,,4G,0.0,0.05
R06-0001716,6,Eastport,+1-977-511-9319,+1-365-942-0419,2026-06-01 09:49:59,0,SMS,,5G,0.0,0.05
R06-0001717,6,Eastport,+1-241-819-0051,+1-487-748-8658,2026-06-01 18:49:31,0,SMS,,3G,0.0,0.05
R06-0001718,6,Eastport,+1-966-888-4696,+1-801-627-9981,2026-06-01 13:37:59,0,SMS,,5G,0.0,0.05
R06-0001719,6,Eastport,+1-748-983-7812,+1-749-386-1136,2026-06-01 23:05:35,3078,VOICE,,4G,0.1,5.13
R06-0001720,6,Eastport,+1-683-205-8014,,2026-06-01 16:33:30,6564,DATA,244037838,5G,0.0,2.44
R06-0001721,6,Eastport,+1-689-582-9463,+1-845-925-8267,2026-06-01 06:06:42,3501,VOICE,,4G,0.1,5.84
R06-0001722,6,Eastport,+1-489-323-8787,+1-650-705-8556,2026-06-01 13:31:00,2638,VOICE,,4G,0.1,4.4
R06-0001723,6,Eastport,+1-961-579-8866,+1-236-555-8621,2026-06-01 14:55:25,1759,VOICE,,4G,0.1,2.93
R06-0001724,6,Eastport,+1-387-403-8414,+1-481-783-4522,2026-06-01 14:15:26,0,VOICE,,4G,0.1,0.0
R06-0001725,6,Eastport,+1-623-223-2080,,2026-06-01 08:06:13,1715,DATA,171107591,4G,0.0,1.71
R06-0001726,6,Eastport,+1-335-436-7329,,2026-06-01 01:21:34,73,DATA,254941038,5G,0.0,2.55
R06-0001727,6,Eastport,+1-801-262-7202,+1-712-699-3258,2026-06-01 23:45:45,0,SMS,,5G,0.0,0.05
R06-0001728,6,Eastport,+1-467-955-5887,+1-322-585-3837,2026-06-01 08:53:47,976,VOICE,,5G,0.08,1.3
R06-0001729,6,Eastport,+1-736-575-9520,+1-424-931-6331,2026-06-01 08:55:53,804,VOICE,,4G,0.1,1.34
R06-0001730,6,Eastport,+1-498-947-6031,+1-841-915-6651,2026-06-01 23:40:33,3037,VOICE,,5G,0.08,4.05
R06-0001731,6,Eastport,+1-878-693-5441,+1-582-582-0223,2026-06-01 15:12:48,0,SMS,,3G,0.0,0.05
R06-0001732,6,Eastport,+1-653-675-9018,+1-634-400-9033,2026-06-01 20:45:03,0,VOICE,,4G,0.1,0.0
R06-0001733,6,Eastport,+1-208-413-1204,+1-232-770-8097,2026-06-01 08:01:20,2505,VOICE,,3G,0.12,5.01
R06-0001734,6,Eastport,+1-467-949-1611,+1-448-928-6249,2026-06-01 20:58:04,0,SMS,,3G,0.0,0.05
R06-0001735,6,Eastport,+1-695-655-6302,+1-355-340-6328,2026-06-01 01:08:27,0,SMS,,5G,0.0,0.05
R06-0001736,6,Eastport,+1-964-778-7687,,2026-06-01 05:57:35,4264,DATA,3709804,5G,0.0,0.04
R06-0001737,6,Eastport,+1-675-787-0034,+1-443-879-4660,2026-06-01 07:43:30,0,SMS,,4G,0.0,0.05
R06-0001738,6,Eastport,+1-907-817-0978,,2026-06-01 04:54:36,378,DATA,108216097,5G,0.0,1.08
R06-0001739,6,Eastport,+1-569-708-7568,+1-777-690-0353,2026-06-01 06:05:27,0,SMS,,5G,0.0,0.05
R06-0001740,6,Eastport,+1-603-922-2041,+1-765-427-4928,2026-06-01 21:40:13,0,SMS,,4G,0.0,0.05
R06-0001741,6,Eastport,+1-255-243-7003,+1-858-463-0048,2026-06-01 04:36:17,265,VOICE,,4G,0.1,0.44
R06-0001742,6,Eastport,+1-819-848-8203,+1-841-366-5179,2026-06-01 04:41:11,2349,VOICE,,4G,0.1,3.92
R06-0001743,6,Eastport,+1-400-742-6269,+1-802-814-3547,2026-06-01 01:34:06,1722,VOICE,,5G,0.08,2.3
R06-0001744,6,Eastport,+1-639-424-1796,+1-888-778-0414,2026-06-01 23:25:14,1878,VOICE,,4G,0.1,3.13
R06-0001745,6,Eastport,+1-733-783-6664,+1-789-579-8519,2026-06-01 11:44:08,0,SMS,,4G,0.0,0.05
R06-0001746,6,Eastport,+1-413-552-5524,+1-931-577-9847,2026-06-01 14:16:03,2473,VOICE,,4G,0.1,4.12
R06-0001747,6,Eastport,+1-911-981-8598,+1-454-957-9297,2026-06-01 10:08:38,0,SMS,,4G,0.0,0.05
R06-0001748,6,Eastport,+1-450-347-2018,+1-735-295-6175,2026-06-01 22:44:10,2334,VOICE,,4G,0.1,3.89
R06-0001749,6,Eastport,+1-564-865-8789,+1-928-659-3061,2026-06-01 00:06:59,0,SMS,,4G,0.0,0.05
R06-0001750,6,Eastport,+1-270-497-9520,+1-654-532-1313,2026-06-01 22:23:51,1263,VOICE,,3G,0.12,2.53
R06-0001751,6,Eastport,+1-591-621-1900,+1-667-245-0478,2026-06-01 06:41:56,0,SMS,,4G,0.0,0.05
R06-0001752,6,Eastport,+1-976-661-3264,,2026-06-01 13:37:43,1069,DATA,198033098,4G,0.0,1.98
R06-0001753,6,Eastport,+1-514-717-6180,+1-971-787-2585,2026-06-01 22:04:38,0,SMS,,5G,0.0,0.05
R06-0001754,6,Eastport,+1-955-803-9296,+1-332-794-3927,2026-06-01 10:26:23,1372,VOICE,,3G,0.12,2.74
R06-0001755,6,Eastport,+1-655-959-4581,+1-570-574-8972,2026-06-01 14:20:38,0,SMS,,4G,0.0,0.05
R06-0001756,6,Eastport,+1-928-697-7905,+1-471-300-5898,2026-06-01 12:09:52,3249,VOICE,,3G,0.12,6.5
R06-0001757,6,Eastport,+1-721-556-6223,+1-703-637-0491,2026-06-01 04:04:30,0,SMS,,4G,0.0,0.05
R06-0001758,6,Eastport,+1-417-837-8795,+1-284-474-1926,2026-06-01 21:18:03,2265,VOICE,,4G,0.1,3.78
R06-0001759,6,Eastport,+1-669-423-5960,,2026-06-01 08:34:06,5724,DATA,30134778,4G,0.0,0.3
R06-0001760,6,Eastport,+1-664-805-0144,+1-491-439-3288,2026-06-01 01:38:06,0,VOICE,,3G,0.12,0.0
R06-0001761,6,Eastport,+1-497-992-5447,+1-818-604-4570,2026-06-01 15:59:13,1623,VOICE,,3G,0.12,3.25
R06-0001762,6,Eastport,+1-650-935-2216,+1-236-720-1307,2026-06-01 23:05:19,128,VOICE,,5G,0.08,0.17
R06-0001763,6,Eastport,+1-560-414-4385,+1-570-463-2275,2026-06-01 17:18:21,1635,VOICE,,5G,0.08,2.18
R06-0001764,6,Eastport,+1-375-405-5855,+1-486-451-8743,2026-06-01 14:54:13,0,SMS,,5G,0.0,0.05
R06-0001765,6,Eastport,+1-845-466-8666,+1-214-557-2910,2026-06-01 07:46:54,0,SMS,,5G,0.0,0.05
R06-0001766,6,Eastport,+1-794-774-6384,+1-946-706-9844,2026-06-01 23:10:13,1632,VOICE,,5G,0.08,2.18
R06-0001767,6,Eastport,+1-633-901-5127,+1-553-669-9882,2026-06-01 00:34:55,0,SMS,,4G,0.0,0.05
R06-0001768,6,Eastport,+1-595-951-2256,+1-273-898-7147,2026-06-01 13:14:27,1366,VOICE,,4G,0.1,2.28
R06-0001769,6,Eastport,+1-339-609-3188,,2026-06-01 18:32:59,3072,DATA,38302385,4G,0.0,0.38
R06-0001770,6,Eastport,+1-289-980-4872,+1-919-260-8407,2026-06-01 10:44:32,789,VOICE,,5G,0.08,1.05
R06-0001771,6,Eastport,+1-421-724-3483,,2026-06-01 15:19:34,2713,DATA,345688832,3G,0.0,3.46
R06-0001772,6,Eastport,+1-447-218-2602,+1-266-872-6969,2026-06-01 18:55:44,1214,VOICE,,4G,0.1,2.02
R06-0001773,6,Eastport,+1-896-794-7340,+1-776-361-9114,2026-06-01 10:23:50,34,VOICE,,3G,0.12,0.07
R06-0001774,6,Eastport,+1-414-455-2677,+1-627-367-2699,2026-06-01 09:30:12,0,VOICE,,5G,0.08,0.0
R06-0001775,6,Eastport,+1-514-545-2668,+1-914-229-8816,2026-06-01 12:41:51,1422,VOICE,,5G,0.08,1.9
R06-0001776,6,Eastport,+1-569-693-9943,+1-678-618-3900,2026-06-01 20:23:12,3371,VOICE,,5G,0.08,4.49
R06-0001777,6,Eastport,+1-495-881-7219,,2026-06-01 06:05:34,4833,DATA,189998053,5G,0.0,1.9
R06-0001778,6,Eastport,+1-350-409-8695,+1-669-678-4045,2026-06-01 00:56:43,3074,VOICE,,5G,0.08,4.1
R06-0001779,6,Eastport,+1-963-346-5877,+1-942-569-6502,2026-06-01 21:14:49,0,SMS,,5G,0.0,0.05
R06-0001780,6,Eastport,+1-907-601-1062,+1-960-295-8373,2026-06-01 15:16:08,0,SMS,,4G,0.0,0.05
R06-0001781,6,Eastport,+1-250-666-0483,+1-277-597-0186,2026-06-01 19:35:21,2819,VOICE,,4G,0.1,4.7
R06-0001782,6,Eastport,+1-769-419-2621,+1-354-948-8324,2026-06-01 09:26:01,129,VOICE,,5G,0.08,0.17
R06-0001783,6,Eastport,+1-309-421-3246,+1-641-236-3104,2026-06-01 10:10:13,1996,VOICE,,5G,0.08,2.66
R06-0001784,6,Eastport,+1-846-410-9089,+1-229-362-3230,2026-06-01 16:50:53,3491,VOICE,,3G,0.12,6.98
R06-0001785,6,Eastport,+1-417-827-4853,+1-740-330-0575,2026-06-01 06:54:39,2896,VOICE,,3G,0.12,5.79
R06-0001786,6,Eastport,+1-492-983-9408,+1-626-854-1351,2026-06-01 07:28:11,0,SMS,,4G,0.0,0.05
R06-0001787,6,Eastport,+1-839-622-3368,+1-907-626-1794,2026-06-01 02:39:37,527,VOICE,,5G,0.08,0.7
R06-0001788,6,Eastport,+1-411-981-9074,+1-893-599-2311,2026-06-01 02:46:24,574,VOICE,,4G,0.1,0.96
R06-0001789,6,Eastport,+1-238-696-8275,+1-781-543-9551,2026-06-01 10:14:23,0,SMS,,4G,0.0,0.05
R06-0001790,6,Eastport,+1-358-732-0658,+1-593-409-8606,2026-06-01 13:04:51,3179,VOICE,,5G,0.08,4.24
R06-0001791,6,Eastport,+1-607-744-8098,+1-380-428-9057,2026-06-01 08:32:00,2097,VOICE,,4G,0.1,3.5
R06-0001792,6,Eastport,+1-905-292-0003,+1-651-543-7931,2026-06-01 22:05:42,798,VOICE,,4G,0.1,1.33
R06-0001793,6,Eastport,+1-425-597-9561,+1-611-976-7680,2026-06-01 12:13:41,2083,VOICE,,5G,0.08,2.78
R06-0001794,6,Eastport,+1-941-419-7986,+1-580-247-5206,2026-06-01 09:05:29,2975,VOICE,,4G,0.1,4.96
R06-0001795,6,Eastport,+1-806-509-5871,+1-547-541-4685,2026-06-01 12:03:52,2591,VOICE,,4G,0.1,4.32
R06-0001796,6,Eastport,+1-507-413-2110,+1-499-319-7730,2026-06-01 22:30:43,0,SMS,,4G,0.0,0.05
R06-0001797,6,Eastport,+1-412-408-5159,+1-877-210-2198,2026-06-01 14:09:43,961,VOICE,,3G,0.12,1.92
R06-0001798,6,Eastport,+1-226-862-3833,+1-943-353-1720,2026-06-01 22:12:40,3198,VOICE,,4G,0.1,5.33
R06-0001799,6,Eastport,+1-720-704-1625,+1-514-958-5925,2026-06-01 07:48:42,0,SMS,,4G,0.0,0.05
R06-0001800,6,Eastport,+1-816-446-0457,+1-328-755-5560,2026-06-01 13:40:21,3375,VOICE,,5G,0.08,4.5
R06-0001801,6,Eastport,+1-410-923-7486,+1-735-767-7599,2026-06-01 21:23:18,1504,VOICE,,4G,0.1,2.51
R06-0001802,6,Eastport,+1-430-982-8703,+1-854-927-3561,2026-06-01 02:13:54,0,SMS,,3G,0.0,0.05
R06-0001803,6,Eastport,+1-909-304-5313,+1-711-960-4036,2026-06-01 12:22:19,3415,VOICE,,4G,0.1,5.69
R06-0001804,6,Eastport,+1-521-578-8500,+1-939-317-7709,2026-06-01 22:32:47,0,SMS,,4G,0.0,0.05
R06-0001805,6,Eastport,+1-487-884-1726,,2026-06-01 00:20:44,3171,DATA,148162247,3G,0.0,1.48
R06-0001806,6,Eastport,+1-522-209-4584,+1-517-747-5975,2026-06-01 06:50:20,129,VOICE,,5G,0.08,0.17
R06-0001807,6,Eastport,+1-226-814-1634,+1-386-318-2493,2026-06-01 01:31:47,0,SMS,,4G,0.0,0.05
R06-0001808,6,Eastport,+1-825-987-3417,+1-562-452-2831,2026-06-01 06:18:18,237,VOICE,,4G,0.1,0.4
R06-0001809,6,Eastport,+1-861-513-0535,,2026-06-01 22:40:16,4636,DATA,303062354,5G,0.0,3.03
R06-0001810,6,Eastport,+1-447-287-7242,+1-915-398-5432,2026-06-01 03:14:37,2811,VOICE,,4G,0.1,4.69
R06-0001811,6,Eastport,+1-361-430-2264,+1-773-820-8972,2026-06-01 05:41:19,81,VOICE,,4G,0.1,0.14
R06-0001812,6,Eastport,+1-487-660-6343,+1-969-780-1041,2026-06-01 20:53:36,2018,VOICE,,5G,0.08,2.69
R06-0001813,6,Eastport,+1-588-497-2569,+1-325-728-9733,2026-06-01 07:21:41,0,SMS,,4G,0.0,0.05
R06-0001814,6,Eastport,+1-327-861-9293,+1-609-505-6563,2026-06-01 12:59:20,1535,VOICE,,5G,0.08,2.05
R06-0001815,6,Eastport,+1-568-603-0708,+1-864-881-4507,2026-06-01 05:24:28,0,SMS,,4G,0.0,0.05
R06-0001816,6,Eastport,+1-407-954-7598,+1-240-886-6574,2026-06-01 16:43:55,2388,VOICE,,4G,0.1,3.98
R06-0001817,6,Eastport,+1-415-463-6108,,2026-06-01 06:46:11,7115,DATA,33750427,4G,0.0,0.34
R06-0001818,6,Eastport,+1-575-583-3901,+1-431-726-4612,2026-06-01 06:05:23,2299,VOICE,,4G,0.1,3.83
R06-0001819,6,Eastport,+1-576-653-5631,+1-981-595-1156,2026-06-01 00:04:07,1618,VOICE,,5G,0.08,2.16
R06-0001820,6,Eastport,+1-708-420-8088,+1-720-518-0187,2026-06-01 00:52:30,1898,VOICE,,5G,0.08,2.53
R06-0001821,6,Eastport,+1-896-906-5363,+1-497-482-6542,2026-06-01 01:30:04,2346,VOICE,,5G,0.08,3.13
R06-0001822,6,Eastport,+1-868-704-8407,+1-673-966-0875,2026-06-01 18:36:11,403,VOICE,,5G,0.08,0.54
R06-0001823,6,Eastport,+1-891-450-4598,+1-691-838-0486,2026-06-01 14:14:30,0,SMS,,4G,0.0,0.05
R06-0001824,6,Eastport,+1-417-860-2150,,2026-06-01 07:36:54,2049,DATA,2201264,5G,0.0,0.02
R06-0001825,6,Eastport,+1-547-693-7137,+1-726-555-4029,2026-06-01 23:32:38,0,SMS,,4G,0.0,0.05
R06-0001826,6,Eastport,+1-860-781-4954,+1-249-510-0711,2026-06-01 05:38:50,0,SMS,,4G,0.0,0.05
R06-0001827,6,Eastport,+1-383-304-5896,+1-359-333-7942,2026-06-01 18:10:55,831,VOICE,,4G,0.1,1.39
R06-0001828,6,Eastport,+1-675-958-5441,,2026-06-01 23:45:05,5678,DATA,282622729,4G,0.0,2.83
R06-0001829,6,Eastport,+1-213-720-8489,,2026-06-01 03:35:03,5798,DATA,207048504,5G,0.0,2.07
R06-0001830,6,Eastport,+1-476-581-0367,+1-862-207-0260,2026-06-01 13:15:46,0,SMS,,5G,0.0,0.05
R06-0001831,6,Eastport,+1-421-900-2741,+1-771-978-7524,2026-06-01 02:41:34,671,VOICE,,4G,0.1,1.12
R06-0001832,6,Eastport,+1-406-916-6014,+1-964-394-2589,2026-06-01 19:46:38,1688,VOICE,,5G,0.08,2.25
R06-0001833,6,Eastport,+1-795-211-8524,+1-719-514-8442,2026-06-01 19:17:24,1712,VOICE,,4G,0.1,2.85
R06-0001834,6,Eastport,+1-507-750-6825,+1-266-361-1290,2026-06-01 18:01:14,3267,VOICE,,5G,0.08,4.36
R06-0001835,6,Eastport,+1-630-929-3564,+1-898-286-4380,2026-06-01 05:26:51,3076,VOICE,,4G,0.1,5.13
R06-0001836,6,Eastport,+1-679-611-1739,+1-405-228-8471,2026-06-01 12:51:04,0,SMS,,4G,0.0,0.05
R06-0001837,6,Eastport,+1-346-655-8032,+1-475-536-0274,2026-06-01 11:32:04,0,SMS,,4G,0.0,0.05
R06-0001838,6,Eastport,+1-886-535-4750,,2026-06-01 13:27:18,5853,DATA,496793220,4G,0.0,4.97
R06-0001839,6,Eastport,+1-918-843-0834,+1-917-597-9764,2026-06-01 11:47:47,1392,VOICE,,4G,0.1,2.32
R06-0001840,6,Eastport,+1-636-558-0915,+1-610-929-6702,2026-06-01 00:57:16,0,VOICE,,4G,0.1,0.0
R06-0001841,6,Eastport,+1-588-742-7074,+1-659-907-9636,2026-06-01 02:31:45,0,SMS,,4G,0.0,0.05
R06-0001842,6,Eastport,+1-765-332-5321,,2026-06-01 15:22:04,1331,DATA,56384343,4G,0.0,0.56
R06-0001843,6,Eastport,+1-642-913-5131,+1-848-415-0178,2026-06-01 09:07:01,0,SMS,,4G,0.0,0.05
R06-0001844,6,Eastport,+1-660-702-2615,+1-725-520-5656,2026-06-01 04:01:05,0,SMS,,4G,0.0,0.05
R06-0001845,6,Eastport,+1-423-984-2013,+1-976-512-1313,2026-06-01 18:02:14,3537,VOICE,,4G,0.1,5.9
R06-0001846,6,Eastport,+1-550-603-9847,+1-920-404-4263,2026-06-01 04:32:38,2068,VOICE,,5G,0.08,2.76
R06-0001847,6,Eastport,+1-863-654-8397,+1-969-661-7209,2026-06-01 19:44:05,0,SMS,,4G,0.0,0.05
R06-0001848,6,Eastport,+1-626-672-8086,+1-571-468-4129,2026-06-01 19:31:48,0,SMS,,3G,0.0,0.05
R06-0001849,6,Eastport,+1-562-422-9236,,2026-06-01 16:54:44,2526,DATA,307551150,4G,0.0,3.08
R06-0001850,6,Eastport,+1-508-235-6185,+1-783-843-4189,2026-06-01 07:18:43,2652,VOICE,,4G,0.1,4.42
R06-0001851,6,Eastport,+1-704-276-7562,+1-216-398-9906,2026-06-01 10:25:00,3024,VOICE,,5G,0.08,4.03
R06-0001852,6,Eastport,+1-609-302-1124,+1-985-238-1988,2026-06-01 00:23:19,0,SMS,,3G,0.0,0.05
R06-0001853,6,Eastport,+1-474-632-2733,,2026-06-01 01:55:41,5161,DATA,446683733,4G,0.0,4.47
R06-0001854,6,Eastport,+1-771-506-3627,+1-299-509-3026,2026-06-01 17:11:35,1837,VOICE,,5G,0.08,2.45
R06-0001855,6,Eastport,+1-871-963-4463,,2026-06-01 19:04:58,1658,DATA,13205344,5G,0.0,0.13
R06-0001856,6,Eastport,+1-727-470-4778,+1-444-232-3464,2026-06-01 06:53:29,1918,VOICE,,5G,0.08,2.56
R06-0001857,6,Eastport,+1-242-677-6583,+1-350-320-5582,2026-06-01 07:22:54,655,VOICE,,4G,0.1,1.09
R06-0001858,6,Eastport,+1-513-970-6496,+1-710-709-8551,2026-06-01 04:52:43,2331,VOICE,,5G,0.08,3.11
R06-0001859,6,Eastport,+1-685-877-1378,+1-920-203-9861,2026-06-01 11:18:35,1689,VOICE,,5G,0.08,2.25
R06-0001860,6,Eastport,+1-885-444-1876,,2026-06-01 13:00:17,3661,DATA,318282097,4G,0.0,3.18
R06-0001861,6,Eastport,+1-437-968-6846,+1-462-477-6471,2026-06-01 12:26:04,0,SMS,,4G,0.0,0.05
R06-0001862,6,Eastport,+1-293-906-7918,+1-711-388-4919,2026-06-01 21:42:55,0,SMS,,4G,0.0,0.05
R06-0001863,6,Eastport,+1-457-640-8504,,2026-06-01 16:15:32,2400,DATA,374386295,5G,0.0,3.74
R06-0001864,6,Eastport,+1-351-251-8923,,2026-06-01 05:46:41,4291,DATA,11465590,5G,0.0,0.11
R06-0001865,6,Eastport,+1-827-540-3097,+1-724-479-7256,2026-06-01 00:24:02,0,SMS,,5G,0.0,0.05
R06-0001866,6,Eastport,+1-732-556-4825,+1-969-984-3197,2026-06-01 03:50:56,3201,VOICE,,4G,0.1,5.34
R06-0001867,6,Eastport,+1-439-316-3244,+1-235-414-9245,2026-06-01 11:41:02,3037,VOICE,,4G,0.1,5.06
R06-0001868,6,Eastport,+1-842-591-9578,,2026-06-01 04:51:57,5906,DATA,168064318,4G,0.0,1.68
R06-0001869,6,Eastport,+1-924-580-6198,+1-333-282-9362,2026-06-01 14:16:19,1097,VOICE,,5G,0.08,1.46
R06-0001870,6,Eastport,+1-963-315-0966,+1-696-739-4887,2026-06-01 21:02:38,0,SMS,,5G,0.0,0.05
R06-0001871,6,Eastport,+1-308-376-2678,+1-775-973-0692,2026-06-01 03:05:11,2484,VOICE,,4G,0.1,4.14
R06-0001872,6,Eastport,+1-347-943-4024,+1-415-730-3468,2026-06-01 00:07:57,0,SMS,,5G,0.0,0.05
R06-0001873,6,Eastport,+1-876-733-7314,+1-556-847-4277,2026-06-01 06:31:02,0,VOICE,,3G,0.12,0.0
R06-0001874,6,Eastport,+1-665-957-5630,+1-599-760-5195,2026-06-01 03:40:20,235,VOICE,,4G,0.1,0.39
R06-0001875,6,Eastport,+1-555-560-0881,+1-876-222-5076,2026-06-01 21:26:59,0,SMS,,4G,0.0,0.05
R06-0001876,6,Eastport,+1-466-386-3528,+1-879-513-2272,2026-06-01 21:33:51,0,SMS,,4G,0.0,0.05
R06-0001877,6,Eastport,+1-432-366-2362,+1-305-526-8452,2026-06-01 17:07:08,0,SMS,,3G,0.0,0.05
R06-0001878,6,Eastport,+1-889-689-6654,,2026-06-01 07:42:41,999,DATA,14838539,5G,0.0,0.15
R06-0001879,6,Eastport,+1-411-617-7437,+1-307-816-4638,2026-06-01 06:08:01,0,VOICE,,5G,0.08,0.0
R06-0001880,6,Eastport,+1-800-201-9158,+1-621-423-0590,2026-06-01 04:36:11,0,SMS,,4G,0.0,0.05
R06-0001881,6,Eastport,+1-573-734-0739,+1-661-791-5216,2026-06-01 15:06:41,329,VOICE,,4G,0.1,0.55
R06-0001882,6,Eastport,+1-288-239-0200,+1-552-704-1462,2026-06-01 08:12:15,57,VOICE,,4G,0.1,0.1
R06-0001883,6,Eastport,+1-685-983-1794,+1-440-718-6419,2026-06-01 22:22:40,1283,VOICE,,4G,0.1,2.14
R06-0001884,6,Eastport,+1-762-447-7032,+1-973-340-0526,2026-06-01 18:23:34,396,VOICE,,3G,0.12,0.79
R06-0001885,6,Eastport,+1-593-493-0979,+1-200-946-3039,2026-06-01 04:18:12,0,SMS,,5G,0.0,0.05
R06-0001886,6,Eastport,+1-334-529-9455,+1-531-212-1927,2026-06-01 04:46:13,1829,VOICE,,5G,0.08,2.44
R06-0001887,6,Eastport,+1-532-868-4045,+1-463-296-5201,2026-06-01 07:35:22,2827,VOICE,,3G,0.12,5.65
R06-0001888,6,Eastport,+1-414-651-3591,+1-348-531-5548,2026-06-01 11:58:43,0,SMS,,4G,0.0,0.05
R06-0001889,6,Eastport,+1-984-537-1151,+1-474-374-3555,2026-06-01 15:00:37,1626,VOICE,,4G,0.1,2.71
R06-0001890,6,Eastport,+1-542-977-8590,+1-810-845-0480,2026-06-01 12:42:49,897,VOICE,,3G,0.12,1.79
R06-0001891,6,Eastport,+1-230-370-8454,+1-529-236-1615,2026-06-01 18:38:32,1931,VOICE,,4G,0.1,3.22
R06-0001892,6,Eastport,+1-633-331-7758,,2026-06-01 10:36:10,3397,DATA,354100833,5G,0.0,3.54
R06-0001893,6,Eastport,+1-376-706-1625,+1-219-961-4642,2026-06-01 02:32:06,2633,VOICE,,4G,0.1,4.39
R06-0001894,6,Eastport,+1-501-689-7924,,2026-06-01 02:18:30,6585,DATA,330761464,3G,0.0,3.31
R06-0001895,6,Eastport,+1-433-425-1479,+1-754-911-2728,2026-06-01 20:07:10,0,SMS,,4G,0.0,0.05
R06-0001896,6,Eastport,+1-449-289-0957,,2026-06-01 21:47:01,6124,DATA,231804403,5G,0.0,2.32
R06-0001897,6,Eastport,+1-594-236-2384,,2026-06-01 10:14:30,1314,DATA,95595330,4G,0.0,0.96
R06-0001898,6,Eastport,+1-604-713-0845,+1-290-392-2446,2026-06-01 14:20:48,825,VOICE,,4G,0.1,1.38
R06-0001899,6,Eastport,+1-962-573-5834,+1-440-209-5336,2026-06-01 01:01:31,2181,VOICE,,4G,0.1,3.64
R06-0001900,6,Eastport,+1-849-386-1379,,2026-06-01 22:31:51,1888,DATA,147671856,4G,0.0,1.48
R06-0001901,6,Eastport,+1-569-934-4810,+1-364-378-0507,2026-06-01 14:23:11,1473,VOICE,,4G,0.1,2.46
R06-0001902,6,Eastport,+1-914-622-3163,+1-683-467-3337,2026-06-01 13:50:26,0,SMS,,4G,0.0,0.05
R06-0001903,6,Eastport,+1-237-574-9364,+1-760-450-6871,2026-06-01 20:29:17,0,SMS,,4G,0.0,0.05
R06-0001904,6,Eastport,+1-723-594-7570,+1-669-380-1844,2026-06-01 15:53:40,2445,VOICE,,5G,0.08,3.26
R06-0001905,6,Eastport,+1-619-886-3110,+1-794-506-2602,2026-06-01 17:31:58,2077,VOICE,,4G,0.1,3.46
R06-0001906,6,Eastport,+1-667-783-8246,+1-286-672-6764,2026-06-01 06:27:33,1563,VOICE,,3G,0.12,3.13
R06-0001907,6,Eastport,+1-557-560-7222,+1-821-200-1934,2026-06-01 02:36:23,3345,VOICE,,4G,0.1,5.58
R06-0001908,6,Eastport,+1-961-580-3679,+1-453-886-5451,2026-06-01 21:54:56,0,SMS,,3G,0.0,0.05
R06-0001909,6,Eastport,+1-502-585-4645,,2026-06-01 07:48:53,4972,DATA,426133025,4G,0.0,4.26
R06-0001910,6,Eastport,+1-674-562-8917,+1-783-631-7653,2026-06-01 00:41:13,0,SMS,,4G,0.0,0.05
R06-0001911,6,Eastport,+1-945-795-9915,+1-220-403-6700,2026-06-01 15:32:02,2823,VOICE,,3G,0.12,5.65
R06-0001912,6,Eastport,+1-761-482-8706,+1-329-672-4355,2026-06-01 21:02:33,0,SMS,,4G,0.0,0.05
R06-0001913,6,Eastport,+1-696-778-7410,,2026-06-01 09:11:49,3912,DATA,289714732,5G,0.0,2.9
R06-0001914,6,Eastport,+1-968-537-4268,,2026-06-01 02:10:54,6500,DATA,317872846,3G,0.0,3.18
R06-0001915,6,Eastport,+1-660-323-4964,+1-607-203-9891,2026-06-01 14:28:11,0,SMS,,5G,0.0,0.05
R06-0001916,6,Eastport,+1-322-862-8102,+1-544-216-8142,2026-06-01 14:17:37,0,SMS,,5G,0.0,0.05
R06-0001917,6,Eastport,+1-594-903-0545,+1-508-244-9085,2026-06-01 10:20:52,3186,VOICE,,3G,0.12,6.37
R06-0001918,6,Eastport,+1-690-567-6397,+1-784-720-6108,2026-06-01 05:58:14,1418,VOICE,,5G,0.08,1.89
R06-0001919,6,Eastport,+1-646-264-7401,+1-926-754-5419,2026-06-01 21:46:19,1200,VOICE,,4G,0.1,2.0
R06-0001920,6,Eastport,+1-460-925-6020,+1-209-725-9608,2026-06-01 04:54:44,2547,VOICE,,5G,0.08,3.4
R06-0001921,6,Eastport,+1-855-370-9617,+1-661-478-6081,2026-06-01 22:29:41,595,VOICE,,4G,0.1,0.99
R06-0001922,6,Eastport,+1-350-885-4841,+1-440-887-4513,2026-06-01 01:50:06,1907,VOICE,,5G,0.08,2.54
R06-0001923,6,Eastport,+1-393-805-0629,,2026-06-01 10:33:32,877,DATA,135961961,4G,0.0,1.36
R06-0001924,6,Eastport,+1-344-414-5111,,2026-06-01 06:15:08,1182,DATA,308839749,5G,0.0,3.09
R06-0001925,6,Eastport,+1-245-290-3643,+1-675-348-0006,2026-06-01 02:50:36,0,SMS,,3G,0.0,0.05
R06-0001926,6,Eastport,+1-299-378-0918,+1-853-350-8235,2026-06-01 04:17:52,3047,VOICE,,5G,0.08,4.06
R06-0001927,6,Eastport,+1-954-930-8875,+1-232-758-2637,2026-06-01 15:30:22,0,SMS,,4G,0.0,0.05
R06-0001928,6,Eastport,+1-621-625-6857,,2026-06-01 09:40:23,6316,DATA,487658637,4G,0.0,4.88
R06-0001929,6,Eastport,+1-915-601-9822,+1-440-918-9730,2026-06-01 23:59:38,3139,VOICE,,4G,0.1,5.23
R06-0001930,6,Eastport,+1-645-698-4954,+1-534-938-2706,2026-06-01 23:26:38,1890,VOICE,,4G,0.1,3.15
R06-0001931,6,Eastport,+1-260-572-0199,,2026-06-01 18:56:24,6804,DATA,174909306,5G,0.0,1.75
R06-0001932,6,Eastport,+1-378-696-0027,,2026-06-01 18:46:42,7054,DATA,275524386,3G,0.0,2.76
R06-0001933,6,Eastport,+1-364-886-6209,,2026-06-01 01:35:39,5179,DATA,431384770,4G,0.0,4.31
R06-0001934,6,Eastport,+1-499-562-7310,,2026-06-01 10:21:36,5490,DATA,146739594,3G,0.0,1.47
R06-0001935,6,Eastport,+1-776-252-9498,,2026-06-01 05:32:06,1402,DATA,336256835,5G,0.0,3.36
R06-0001936,6,Eastport,+1-965-433-6692,+1-678-539-5305,2026-06-01 09:48:45,0,SMS,,4G,0.0,0.05
R06-0001937,6,Eastport,+1-616-315-3953,+1-452-237-3416,2026-06-01 15:03:38,0,SMS,,5G,0.0,0.05
R06-0001938,6,Eastport,+1-229-549-5368,+1-434-244-1375,2026-06-01 13:15:06,321,VOICE,,3G,0.12,0.64
R06-0001939,6,Eastport,+1-784-363-3497,+1-318-591-8732,2026-06-01 09:09:12,0,SMS,,4G,0.0,0.05
R06-0001940,6,Eastport,+1-954-920-8882,+1-540-466-1696,2026-06-01 07:07:54,1376,VOICE,,4G,0.1,2.29
R06-0001941,6,Eastport,+1-430-625-1072,+1-287-273-1773,2026-06-01 18:23:17,2490,VOICE,,4G,0.1,4.15
R06-0001942,6,Eastport,+1-617-956-9767,+1-458-290-6658,2026-06-01 16:12:53,0,SMS,,4G,0.0,0.05
R06-0001943,6,Eastport,+1-538-864-7030,+1-658-249-4984,2026-06-01 04:59:58,0,VOICE,,5G,0.08,0.0
R06-0001944,6,Eastport,+1-824-414-0793,+1-787-678-3813,2026-06-01 08:35:45,255,VOICE,,5G,0.08,0.34
R06-0001945,6,Eastport,+1-957-523-9167,+1-420-989-0844,2026-06-01 15:13:00,0,VOICE,,4G,0.1,0.0
R06-0001946,6,Eastport,+1-709-965-7310,+1-931-333-7623,2026-06-01 10:02:59,0,SMS,,4G,0.0,0.05
R06-0001947,6,Eastport,+1-412-534-7181,+1-429-676-5653,2026-06-01 17:04:43,3470,VOICE,,4G,0.1,5.78
R06-0001948,6,Eastport,+1-399-719-7878,,2026-06-01 23:27:31,2152,DATA,442934692,4G,0.0,4.43
R06-0001949,6,Eastport,+1-402-798-2597,,2026-06-01 20:36:53,3773,DATA,499043833,4G,0.0,4.99
R06-0001950,6,Eastport,+1-902-470-6265,+1-401-303-2493,2026-06-01 04:54:36,2139,VOICE,,4G,0.1,3.56
R06-0001951,6,Eastport,+1-852-709-8367,+1-517-963-8338,2026-06-01 15:49:45,1894,VOICE,,5G,0.08,2.53
R06-0001952,6,Eastport,+1-486-499-7640,+1-253-531-1693,2026-06-01 12:07:59,1656,VOICE,,3G,0.12,3.31
R06-0001953,6,Eastport,+1-859-920-8352,+1-315-824-9691,2026-06-01 00:59:20,0,SMS,,4G,0.0,0.05
R06-0001954,6,Eastport,+1-578-343-7229,+1-424-519-2458,2026-06-01 05:00:19,0,SMS,,5G,0.0,0.05
R06-0001955,6,Eastport,+1-470-632-8819,+1-705-987-8093,2026-06-01 01:10:09,1252,VOICE,,3G,0.12,2.5
R06-0001956,6,Eastport,+1-279-955-3163,+1-841-522-5980,2026-06-01 06:17:57,0,VOICE,,3G,0.12,0.0
R06-0001957,6,Eastport,+1-493-971-3646,+1-812-714-5932,2026-06-01 16:16:49,0,SMS,,4G,0.0,0.05
R06-0001958,6,Eastport,+1-606-679-2427,+1-469-397-2094,2026-06-01 08:01:17,2113,VOICE,,5G,0.08,2.82
R06-0001959,6,Eastport,+1-858-999-4617,+1-883-681-0020,2026-06-01 05:55:33,1696,VOICE,,4G,0.1,2.83
R06-0001960,6,Eastport,+1-378-302-6265,+1-983-357-4069,2026-06-01 19:07:34,322,VOICE,,4G,0.1,0.54
R06-0001961,6,Eastport,+1-302-955-8329,+1-668-942-4311,2026-06-01 05:40:01,0,SMS,,4G,0.0,0.05
R06-0001962,6,Eastport,+1-802-477-1746,+1-906-563-7877,2026-06-01 06:01:15,112,VOICE,,4G,0.1,0.19
R06-0001963,6,Eastport,+1-953-624-7101,+1-768-869-6781,2026-06-01 21:23:00,0,SMS,,3G,0.0,0.05
R06-0001964,6,Eastport,+1-674-840-8114,+1-220-524-2765,2026-06-01 10:14:39,0,SMS,,5G,0.0,0.05
R06-0001965,6,Eastport,+1-981-686-4516,+1-778-256-4636,2026-06-01 23:37:37,2301,VOICE,,3G,0.12,4.6
R06-0001966,6,Eastport,+1-312-683-6205,+1-505-685-8759,2026-06-01 00:38:57,3291,VOICE,,5G,0.08,4.39
R06-0001967,6,Eastport,+1-418-577-2658,+1-800-878-3644,2026-06-01 13:43:28,307,VOICE,,3G,0.12,0.61
R06-0001968,6,Eastport,+1-229-707-8106,,2026-06-01 19:20:22,6659,DATA,430553900,4G,0.0,4.31
R06-0001969,6,Eastport,+1-200-470-6605,+1-520-404-9653,2026-06-01 11:58:41,0,SMS,,4G,0.0,0.05
R06-0001970,6,Eastport,+1-299-563-5615,+1-339-923-7730,2026-06-01 08:50:40,1169,VOICE,,4G,0.1,1.95
R06-0001971,6,Eastport,+1-768-827-5592,+1-609-891-6911,2026-06-01 17:44:53,0,SMS,,5G,0.0,0.05
R06-0001972,6,Eastport,+1-290-474-3909,+1-249-223-7243,2026-06-01 14:07:57,851,VOICE,,4G,0.1,1.42
R06-0001973,6,Eastport,+1-730-619-5369,+1-571-795-7373,2026-06-01 08:18:58,1032,VOICE,,4G,0.1,1.72
R06-0001974,6,Eastport,+1-988-350-6509,+1-316-245-0708,2026-06-01 21:01:33,2432,VOICE,,4G,0.1,4.05
R06-0001975,6,Eastport,+1-399-413-1235,+1-234-878-5365,2026-06-01 01:48:30,0,SMS,,5G,0.0,0.05
R06-0001976,6,Eastport,+1-563-304-1306,+1-448-483-5878,2026-06-01 08:06:34,1883,VOICE,,5G,0.08,2.51
R06-0001977,6,Eastport,+1-803-958-4262,+1-953-365-6537,2026-06-01 18:17:19,2696,VOICE,,3G,0.12,5.39
R06-0001978,6,Eastport,+1-796-825-8262,+1-545-255-3555,2026-06-01 21:46:00,1101,VOICE,,4G,0.1,1.84
R06-0001979,6,Eastport,+1-408-768-2522,+1-362-481-5889,2026-06-01 08:31:36,2668,VOICE,,4G,0.1,4.45
R06-0001980,6,Eastport,+1-388-749-3518,+1-245-743-8881,2026-06-01 17:53:02,0,SMS,,5G,0.0,0.05
R06-0001981,6,Eastport,+1-861-661-5655,+1-552-897-9671,2026-06-01 19:09:47,0,SMS,,4G,0.0,0.05
R06-0001982,6,Eastport,+1-768-522-5787,+1-746-959-1640,2026-06-01 14:11:49,1671,VOICE,,5G,0.08,2.23
R06-0001983,6,Eastport,+1-309-596-3996,+1-550-763-5938,2026-06-01 05:28:09,0,SMS,,5G,0.0,0.05
R06-0001984,6,Eastport,+1-887-697-9618,,2026-06-01 19:16:57,6164,DATA,61829437,4G,0.0,0.62
R06-0001985,6,Eastport,+1-351-941-1606,,2026-06-01 14:05:13,875,DATA,436830389,4G,0.0,4.37
R06-0001986,6,Eastport,+1-822-774-9657,+1-902-775-3900,2026-06-01 22:49:46,800,VOICE,,3G,0.12,1.6
R06-0001987,6,Eastport,+1-216-694-5146,+1-261-273-7059,2026-06-01 07:57:58,0,SMS,,4G,0.0,0.05
R06-0001988,6,Eastport,+1-595-615-5501,+1-710-224-5520,2026-06-01 13:34:07,1556,VOICE,,4G,0.1,2.59
R06-0001989,6,Eastport,+1-694-339-1824,+1-234-713-0018,2026-06-01 03:06:29,1119,VOICE,,3G,0.12,2.24
R06-0001990,6,Eastport,+1-600-252-5551,+1-465-384-4763,2026-06-01 04:24:40,0,SMS,,3G,0.0,0.05
R06-0001991,6,Eastport,+1-526-756-9250,+1-312-576-1811,2026-06-01 21:23:26,2035,VOICE,,3G,0.12,4.07
R06-0001992,6,Eastport,+1-978-817-5998,+1-309-915-2808,2026-06-01 03:03:42,0,SMS,,3G,0.0,0.05
R06-0001993,6,Eastport,+1-730-630-0414,+1-786-368-6419,2026-06-01 17:11:53,0,SMS,,4G,0.0,0.05
R06-0001994,6,Eastport,+1-967-340-7747,+1-698-431-8085,2026-06-01 11:16:36,2038,VOICE,,4G,0.1,3.4
R06-0001995,6,Eastport,+1-833-753-0553,+1-260-710-0485,2026-06-01 16:04:36,1352,VOICE,,4G,0.1,2.25
R06-0001996,6,Eastport,+1-675-403-3431,+1-392-830-2646,2026-06-01 08:19:17,2000,VOICE,,5G,0.08,2.67
R06-0001997,6,Eastport,+1-584-669-1715,,2026-06-01 01:32:57,3070,DATA,266407497,5G,0.0,2.66
R06-0001998,6,Eastport,+1-577-913-3570,+1-385-797-0795,2026-06-01 17:46:41,0,SMS,,5G,0.0,0.05
R06-0001999,6,Eastport,+1-607-335-4681,+1-450-292-3408,2026-06-01 20:03:59,302,VOICE,,4G,0.1,0.5
R06-0002000,6,Eastport,+1-624-647-1809,,2026-06-01 17:00:33,3805,DATA,289823862,4G,0.0,2.9
R06-0002001,6,Eastport,+1-985-868-0607,+1-280-380-1293,2026-06-01 18:05:17,0,VOICE,,4G,0.1,0.0
R06-0002002,6,Eastport,+1-555-761-4122,,2026-06-01 01:00:58,5121,DATA,193537966,4G,0.0,1.94
R06-0002003,6,Eastport,+1-919-967-0886,+1-929-962-6945,2026-06-01 02:09:23,0,SMS,,5G,0.0,0.05
R06-0002004,6,Eastport,+1-910-921-3188,,2026-06-01 10:40:04,2226,DATA,325793740,5G,0.0,3.26
R06-0002005,6,Eastport,+1-687-759-5666,+1-483-385-3887,2026-06-01 09:30:29,0,SMS,,4G,0.0,0.05
R06-0002006,6,Eastport,+1-658-463-2684,+1-369-558-3576,2026-06-01 14:53:05,1525,VOICE,,4G,0.1,2.54
R06-0002007,6,Eastport,+1-418-594-9700,,2026-06-01 18:58:03,2979,DATA,226805058,4G,0.0,2.27
R06-0002008,6,Eastport,+1-205-376-6401,,2026-06-01 03:55:41,688,DATA,461246749,4G,0.0,4.61
R06-0002009,6,Eastport,+1-243-947-1785,+1-384-296-5450,2026-06-01 04:55:45,0,SMS,,3G,0.0,0.05
R06-0002010,6,Eastport,+1-846-908-0017,+1-939-728-6889,2026-06-01 07:52:13,0,SMS,,4G,0.0,0.05
R06-0002011,6,Eastport,+1-557-752-0473,+1-838-432-5833,2026-06-01 20:47:42,0,VOICE,,4G,0.1,0.0
R06-0002012,6,Eastport,+1-847-491-7332,+1-323-504-2739,2026-06-01 09:52:39,498,VOICE,,3G,0.12,1.0
R06-0002013,6,Eastport,+1-335-693-0171,+1-968-520-1025,2026-06-01 05:40:08,0,SMS,,5G,0.0,0.05
R06-0002014,6,Eastport,+1-247-688-5379,+1-938-437-2470,2026-06-01 09:55:01,0,SMS,,4G,0.0,0.05
R06-0002015,6,Eastport,+1-753-770-4537,+1-759-364-8270,2026-06-01 14:56:51,2297,VOICE,,5G,0.08,3.06
R06-0002016,6,Eastport,+1-947-967-2461,+1-544-855-2243,2026-06-01 13:46:00,0,SMS,,3G,0.0,0.05
R06-0002017,6,Eastport,+1-619-579-6440,+1-951-853-1384,2026-06-01 01:25:38,1866,VOICE,,4G,0.1,3.11
R06-0002018,6,Eastport,+1-893-662-3982,+1-545-825-5026,2026-06-01 04:28:16,3342,VOICE,,4G,0.1,5.57
R06-0002019,6,Eastport,+1-362-419-3411,+1-794-373-4309,2026-06-01 17:31:16,0,SMS,,3G,0.0,0.05
R06-0002020,6,Eastport,+1-731-949-2260,+1-714-761-9171,2026-06-01 04:02:20,2472,VOICE,,5G,0.08,3.3
R06-0002021,6,Eastport,+1-313-609-9711,+1-876-738-9310,2026-06-01 20:40:42,0,SMS,,4G,0.0,0.05
R06-0002022,6,Eastport,+1-282-215-2160,+1-820-340-3062,2026-06-01 14:27:32,1811,VOICE,,3G,0.12,3.62
R06-0002023,6,Eastport,+1-275-910-8033,+1-446-924-2866,2026-06-01 18:17:52,0,SMS,,4G,0.0,0.05
R06-0002024,6,Eastport,+1-499-811-8491,+1-777-341-5863,2026-06-01 04:27:41,0,SMS,,4G,0.0,0.05
R06-0002025,6,Eastport,+1-847-888-5968,+1-750-382-8757,2026-06-01 11:26:42,0,SMS,,4G,0.0,0.05
R06-0002026,6,Eastport,+1-259-360-7349,+1-659-909-8851,2026-06-01 00:11:11,135,VOICE,,5G,0.08,0.18
R06-0002027,6,Eastport,+1-254-771-6456,,2026-06-01 12:46:10,2986,DATA,245905603,5G,0.0,2.46
R06-0002028,6,Eastport,+1-946-535-6706,+1-974-639-4327,2026-06-01 05:35:45,0,SMS,,4G,0.0,0.05
R06-0002029,6,Eastport,+1-276-886-8879,+1-944-412-6917,2026-06-01 13:49:37,0,SMS,,5G,0.0,0.05
R06-0002030,6,Eastport,+1-292-458-8691,+1-433-579-0190,2026-06-01 04:42:59,0,SMS,,5G,0.0,0.05
R06-0002031,6,Eastport,+1-831-817-7653,+1-284-715-7433,2026-06-01 23:03:18,0,SMS,,4G,0.0,0.05
R06-0002032,6,Eastport,+1-512-451-3215,+1-917-701-8228,2026-06-01 12:17:26,2752,VOICE,,3G,0.12,5.5
R06-0002033,6,Eastport,+1-701-401-1899,+1-456-712-3575,2026-06-01 02:11:00,3528,VOICE,,4G,0.1,5.88
R06-0002034,6,Eastport,+1-854-516-2743,+1-241-684-2612,2026-06-01 06:50:54,0,SMS,,3G,0.0,0.05
R06-0002035,6,Eastport,+1-581-647-9486,,2026-06-01 13:11:44,5176,DATA,230629922,4G,0.0,2.31
R06-0002036,6,Eastport,+1-835-261-2814,+1-672-443-0195,2026-06-01 18:22:39,2232,VOICE,,5G,0.08,2.98
R06-0002037,6,Eastport,+1-343-226-5856,+1-267-617-8189,2026-06-01 03:27:27,0,SMS,,4G,0.0,0.05
R06-0002038,6,Eastport,+1-322-678-7046,+1-363-693-2766,2026-06-01 13:24:44,562,VOICE,,4G,0.1,0.94
R06-0002039,6,Eastport,+1-657-573-5782,+1-458-503-5912,2026-06-01 10:26:26,0,SMS,,4G,0.0,0.05
R06-0002040,6,Eastport,+1-630-312-0973,,2026-06-01 14:02:08,201,DATA,463596425,4G,0.0,4.64
R06-0002041,6,Eastport,+1-982-887-2786,+1-547-354-4882,2026-06-01 20:49:18,195,VOICE,,5G,0.08,0.26
R06-0002042,6,Eastport,+1-583-468-4917,,2026-06-01 03:24:25,2879,DATA,195402695,4G,0.0,1.95
R06-0002043,6,Eastport,+1-372-294-6610,,2026-06-01 19:32:34,1936,DATA,390526105,4G,0.0,3.91
R06-0002044,6,Eastport,+1-906-557-7393,+1-436-886-9626,2026-06-01 18:47:11,0,SMS,,4G,0.0,0.05
R06-0002045,6,Eastport,+1-730-842-2546,+1-398-643-0357,2026-06-01 03:24:31,500,VOICE,,4G,0.1,0.83
R06-0002046,6,Eastport,+1-800-696-0325,+1-767-382-8223,2026-06-01 11:47:11,0,SMS,,5G,0.0,0.05
R06-0002047,6,Eastport,+1-895-395-3349,+1-552-727-9884,2026-06-01 23:53:02,3188,VOICE,,5G,0.08,4.25
R06-0002048,6,Eastport,+1-421-432-2534,+1-833-232-9409,2026-06-01 14:17:48,0,SMS,,4G,0.0,0.05
R06-0002049,6,Eastport,+1-588-826-9817,+1-647-789-6211,2026-06-01 02:43:11,2045,VOICE,,4G,0.1,3.41
R06-0002050,6,Eastport,+1-376-232-6874,+1-323-945-9633,2026-06-01 19:47:53,0,SMS,,4G,0.0,0.05
R06-0002051,6,Eastport,+1-214-494-2689,+1-814-237-1138,2026-06-01 20:09:46,3097,VOICE,,5G,0.08,4.13
R06-0002052,6,Eastport,+1-912-549-5984,+1-278-483-6462,2026-06-01 03:07:21,0,SMS,,4G,0.0,0.05
R06-0002053,6,Eastport,+1-598-355-8346,+1-607-499-5120,2026-06-01 19:53:22,0,SMS,,4G,0.0,0.05
R06-0002054,6,Eastport,+1-383-337-6628,+1-400-524-3677,2026-06-01 04:41:32,0,SMS,,3G,0.0,0.05
R06-0002055,6,Eastport,+1-231-274-2284,+1-696-283-8304,2026-06-01 04:50:23,1623,VOICE,,3G,0.12,3.25
R06-0002056,6,Eastport,+1-675-486-9043,+1-376-888-5146,2026-06-01 23:24:52,2440,VOICE,,3G,0.12,4.88
R06-0002057,6,Eastport,+1-647-428-0676,,2026-06-01 09:52:42,241,DATA,153356008,4G,0.0,1.53
R06-0002058,6,Eastport,+1-702-259-5707,+1-378-584-9914,2026-06-01 21:58:16,0,SMS,,3G,0.0,0.05
R06-0002059,6,Eastport,+1-939-817-5641,,2026-06-01 10:27:35,5866,DATA,380852213,4G,0.0,3.81
R06-0002060,6,Eastport,+1-278-974-1120,+1-953-617-6966,2026-06-01 13:42:15,858,VOICE,,4G,0.1,1.43
R06-0002061,6,Eastport,+1-206-932-5675,,2026-06-01 21:04:59,1553,DATA,67904890,3G,0.0,0.68
R06-0002062,6,Eastport,+1-949-949-4885,+1-911-770-2329,2026-06-01 03:43:09,0,SMS,,4G,0.0,0.05
R06-0002063,6,Eastport,+1-830-672-3572,+1-654-231-4622,2026-06-01 07:44:05,0,SMS,,4G,0.0,0.05
R06-0002064,6,Eastport,+1-777-736-4445,+1-537-300-4033,2026-06-01 02:25:19,1224,VOICE,,4G,0.1,2.04
R06-0002065,6,Eastport,+1-441-355-3940,+1-382-222-0206,2026-06-01 01:44:41,2017,VOICE,,5G,0.08,2.69
R06-0002066,6,Eastport,+1-426-552-5260,+1-303-940-1051,2026-06-01 12:34:44,0,SMS,,4G,0.0,0.05
R06-0002067,6,Eastport,+1-900-586-3498,+1-886-553-9112,2026-06-01 23:09:47,2333,VOICE,,4G,0.1,3.89
R06-0002068,6,Eastport,+1-751-387-5649,+1-831-797-5004,2026-06-01 01:12:23,1567,VOICE,,4G,0.1,2.61
R06-0002069,6,Eastport,+1-734-283-6878,,2026-06-01 08:08:26,5677,DATA,238394945,3G,0.0,2.38
R06-0002070,6,Eastport,+1-727-987-5990,+1-879-761-9516,2026-06-01 08:03:41,0,SMS,,4G,0.0,0.05
R06-0002071,6,Eastport,+1-842-927-6556,+1-977-739-8813,2026-06-01 06:27:25,2042,VOICE,,4G,0.1,3.4
R06-0002072,6,Eastport,+1-464-552-1513,+1-401-637-0088,2026-06-01 01:31:11,0,VOICE,,3G,0.12,0.0
R06-0002073,6,Eastport,+1-780-543-0818,+1-911-442-2589,2026-06-01 21:19:15,1560,VOICE,,5G,0.08,2.08
R06-0002074,6,Eastport,+1-922-543-1116,+1-374-421-6961,2026-06-01 08:25:38,3019,VOICE,,5G,0.08,4.03
R06-0002075,6,Eastport,+1-799-702-2632,+1-509-758-4716,2026-06-01 06:58:27,2458,VOICE,,4G,0.1,4.1
R06-0002076,6,Eastport,+1-694-479-6130,,2026-06-01 06:08:12,2761,DATA,303342875,4G,0.0,3.03
R06-0002077,6,Eastport,+1-633-647-0244,+1-819-239-4586,2026-06-01 19:07:32,209,VOICE,,5G,0.08,0.28
R06-0002078,6,Eastport,+1-544-446-7687,+1-342-937-5021,2026-06-01 13:34:02,0,SMS,,4G,0.0,0.05
R06-0002079,6,Eastport,+1-255-787-0294,,2026-06-01 13:01:46,4969,DATA,7955615,4G,0.0,0.08
R06-0002080,6,Eastport,+1-490-626-5550,,2026-06-01 02:50:04,5497,DATA,36578536,5G,0.0,0.37
R06-0002081,6,Eastport,+1-757-559-4770,+1-779-872-8373,2026-06-01 09:22:39,0,VOICE,,5G,0.08,0.0
R06-0002082,6,Eastport,+1-522-943-1449,+1-934-786-5480,2026-06-01 07:16:33,1260,VOICE,,5G,0.08,1.68
R06-0002083,6,Eastport,+1-524-641-2420,,2026-06-01 06:14:21,3369,DATA,154075781,3G,0.0,1.54
R06-0002084,6,Eastport,+1-576-562-8256,+1-565-363-3472,2026-06-01 15:54:12,801,VOICE,,5G,0.08,1.07
R06-0002085,6,Eastport,+1-284-808-8057,+1-766-927-6406,2026-06-01 23:49:58,2599,VOICE,,5G,0.08,3.47
R06-0002086,6,Eastport,+1-722-208-6807,,2026-06-01 02:18:14,1494,DATA,416153704,5G,0.0,4.16
R06-0002087,6,Eastport,+1-640-635-7812,+1-717-721-6659,2026-06-01 16:38:32,3216,VOICE,,4G,0.1,5.36
R06-0002088,6,Eastport,+1-389-469-1285,+1-641-639-9716,2026-06-01 00:01:58,3362,VOICE,,5G,0.08,4.48
R06-0002089,6,Eastport,+1-835-693-9939,,2026-06-01 09:45:14,2702,DATA,144385333,5G,0.0,1.44
R06-0002090,6,Eastport,+1-380-822-5694,+1-633-965-3597,2026-06-01 00:34:21,0,SMS,,5G,0.0,0.05
R06-0002091,6,Eastport,+1-472-396-9250,+1-531-908-2694,2026-06-01 20:05:08,0,SMS,,5G,0.0,0.05
R06-0002092,6,Eastport,+1-487-366-9764,+1-385-376-2912,2026-06-01 02:06:12,3279,VOICE,,3G,0.12,6.56
R06-0002093,6,Eastport,+1-420-268-6474,+1-535-641-0847,2026-06-01 09:33:40,0,SMS,,4G,0.0,0.05
R06-0002094,6,Eastport,+1-248-219-7908,+1-326-381-2209,2026-06-01 06:13:23,0,SMS,,3G,0.0,0.05
R06-0002095,6,Eastport,+1-287-436-0827,+1-675-968-0340,2026-06-01 11:51:12,0,SMS,,3G,0.0,0.05
R06-0002096,6,Eastport,+1-897-443-9217,+1-865-558-4493,2026-06-01 22:37:25,0,SMS,,5G,0.0,0.05
R06-0002097,6,Eastport,+1-582-217-0853,+1-812-991-4793,2026-06-01 10:09:57,3390,VOICE,,4G,0.1,5.65
R06-0002098,6,Eastport,+1-735-937-0809,+1-438-742-0639,2026-06-01 01:12:17,1503,VOICE,,5G,0.08,2.0
R06-0002099,6,Eastport,+1-430-364-9257,,2026-06-01 06:54:16,2213,DATA,301559955,4G,0.0,3.02
R06-0002100,6,Eastport,+1-321-801-1848,+1-979-527-2869,2026-06-01 21:36:32,562,VOICE,,5G,0.08,0.75
R06-0002101,6,Eastport,+1-314-385-5172,+1-820-778-4665,2026-06-01 21:32:02,3039,VOICE,,5G,0.08,4.05
R06-0002102,6,Eastport,+1-362-458-0316,+1-664-467-7371,2026-06-01 08:47:32,217,VOICE,,4G,0.1,0.36
R06-0002103,6,Eastport,+1-580-219-5127,+1-780-281-9188,2026-06-01 03:01:50,2550,VOICE,,5G,0.08,3.4
R06-0002104,6,Eastport,+1-685-809-2601,,2026-06-01 21:31:19,2726,DATA,118627264,5G,0.0,1.19
R06-0002105,6,Eastport,+1-642-527-7508,+1-211-326-7821,2026-06-01 18:00:10,0,SMS,,3G,0.0,0.05
R06-0002106,6,Eastport,+1-429-741-9442,+1-216-451-4892,2026-06-01 00:06:10,1979,VOICE,,4G,0.1,3.3
R06-0002107,6,Eastport,+1-950-733-7313,+1-922-821-3080,2026-06-01 16:32:19,0,VOICE,,4G,0.1,0.0
R06-0002108,6,Eastport,+1-554-489-3570,+1-585-291-6299,2026-06-01 16:53:57,0,SMS,,4G,0.0,0.05
R06-0002109,6,Eastport,+1-473-459-2455,+1-519-416-8792,2026-06-01 15:48:28,0,SMS,,4G,0.0,0.05
R06-0002110,6,Eastport,+1-692-661-0529,+1-270-343-6042,2026-06-01 21:09:42,721,VOICE,,4G,0.1,1.2
R06-0002111,6,Eastport,+1-607-546-7727,+1-965-940-9145,2026-06-01 10:18:05,1371,VOICE,,5G,0.08,1.83
R06-0002112,6,Eastport,+1-884-770-1872,+1-285-338-2381,2026-06-01 14:43:15,349,VOICE,,5G,0.08,0.47
R06-0002113,6,Eastport,+1-546-372-8876,+1-845-600-7322,2026-06-01 14:41:15,1927,VOICE,,4G,0.1,3.21
R06-0002114,6,Eastport,+1-368-501-6466,+1-572-313-5287,2026-06-01 20:50:27,2476,VOICE,,4G,0.1,4.13
R06-0002115,6,Eastport,+1-668-797-8466,+1-939-407-0424,2026-06-01 13:26:40,1705,VOICE,,4G,0.1,2.84
R06-0002116,6,Eastport,+1-490-790-3177,+1-569-415-3160,2026-06-01 16:12:30,0,SMS,,4G,0.0,0.05
R06-0002117,6,Eastport,+1-437-358-7419,+1-482-463-3580,2026-06-01 08:36:17,400,VOICE,,5G,0.08,0.53
R06-0002118,6,Eastport,+1-395-983-2945,+1-878-965-1378,2026-06-01 10:01:42,310,VOICE,,4G,0.1,0.52
R06-0002119,6,Eastport,+1-472-684-8006,,2026-06-01 21:49:19,6406,DATA,268135256,4G,0.0,2.68
R06-0002120,6,Eastport,+1-816-375-5673,+1-696-767-8703,2026-06-01 20:45:56,0,SMS,,4G,0.0,0.05
R06-0002121,6,Eastport,+1-693-370-5923,+1-585-753-7226,2026-06-01 22:32:41,784,VOICE,,4G,0.1,1.31
R06-0002122,6,Eastport,+1-906-230-9828,+1-207-392-0011,2026-06-01 06:41:56,3523,VOICE,,3G,0.12,7.05
R06-0002123,6,Eastport,+1-376-616-7913,+1-256-568-9455,2026-06-01 11:36:26,2434,VOICE,,4G,0.1,4.06
R06-0002124,6,Eastport,+1-371-804-8837,+1-929-827-9386,2026-06-01 15:43:14,0,SMS,,5G,0.0,0.05
R06-0002125,6,Eastport,+1-691-362-8493,,2026-06-01 04:01:53,5735,DATA,213822937,4G,0.0,2.14
R06-0002126,6,Eastport,+1-419-674-7739,,2026-06-01 00:08:46,355,DATA,109357010,3G,0.0,1.09
R06-0002127,6,Eastport,+1-468-788-2104,,2026-06-01 12:55:16,6160,DATA,482866599,5G,0.0,4.83
R06-0002128,6,Eastport,+1-878-796-9734,+1-909-504-5841,2026-06-01 05:55:42,1403,VOICE,,4G,0.1,2.34
R06-0002129,6,Eastport,+1-713-583-4896,+1-264-968-8204,2026-06-01 15:14:04,1628,VOICE,,4G,0.1,2.71
R06-0002130,6,Eastport,+1-841-742-9636,+1-612-364-1063,2026-06-01 12:12:05,2168,VOICE,,4G,0.1,3.61
R06-0002131,6,Eastport,+1-682-587-3794,+1-678-354-2761,2026-06-01 06:36:12,3487,VOICE,,4G,0.1,5.81
R06-0002132,6,Eastport,+1-757-845-8964,+1-553-311-3097,2026-06-01 07:17:26,2342,VOICE,,5G,0.08,3.12
R06-0002133,6,Eastport,+1-719-846-7224,+1-459-656-5142,2026-06-01 18:12:22,0,SMS,,5G,0.0,0.05
R06-0002134,6,Eastport,+1-729-545-8598,,2026-06-01 10:31:32,2415,DATA,252448104,4G,0.0,2.52
R06-0002135,6,Eastport,+1-250-601-4074,+1-972-298-0563,2026-06-01 02:42:32,0,SMS,,5G,0.0,0.05
R06-0002136,6,Eastport,+1-642-210-3661,+1-489-818-7901,2026-06-01 02:53:15,0,SMS,,3G,0.0,0.05
R06-0002137,6,Eastport,+1-476-421-2691,+1-787-626-7586,2026-06-01 11:01:13,0,SMS,,3G,0.0,0.05
R06-0002138,6,Eastport,+1-485-550-7208,+1-944-314-9435,2026-06-01 17:08:31,1310,VOICE,,4G,0.1,2.18
R06-0002139,6,Eastport,+1-293-961-7406,+1-241-449-3103,2026-06-01 10:14:50,2789,VOICE,,4G,0.1,4.65
R06-0002140,6,Eastport,+1-838-542-1833,+1-639-376-5467,2026-06-01 02:27:27,545,VOICE,,4G,0.1,0.91
R06-0002141,6,Eastport,+1-408-341-0458,+1-880-253-6297,2026-06-01 15:21:02,2981,VOICE,,3G,0.12,5.96
R06-0002142,6,Eastport,+1-426-560-8469,+1-492-804-1796,2026-06-01 07:55:54,1612,VOICE,,4G,0.1,2.69
R06-0002143,6,Eastport,+1-395-420-1464,,2026-06-01 08:06:35,3245,DATA,150777831,4G,0.0,1.51
R06-0002144,6,Eastport,+1-766-334-1265,+1-338-658-0232,2026-06-01 02:12:06,3517,VOICE,,4G,0.1,5.86
R06-0002145,6,Eastport,+1-867-363-2338,+1-788-207-4971,2026-06-01 18:10:07,0,SMS,,3G,0.0,0.05
R06-0002146,6,Eastport,+1-482-780-7866,,2026-06-01 18:18:03,3075,DATA,423044911,3G,0.0,4.23
R06-0002147,6,Eastport,+1-701-610-3983,+1-974-340-5263,2026-06-01 08:59:47,32,VOICE,,3G,0.12,0.06
R06-0002148,6,Eastport,+1-235-245-6374,+1-241-935-8481,2026-06-01 19:40:59,1466,VOICE,,5G,0.08,1.95
R06-0002149,6,Eastport,+1-234-620-8920,+1-916-362-0464,2026-06-01 16:10:17,0,SMS,,3G,0.0,0.05
R06-0002150,6,Eastport,+1-301-583-0623,+1-640-784-2416,2026-06-01 14:29:56,2944,VOICE,,4G,0.1,4.91
R06-0002151,6,Eastport,+1-448-747-7310,+1-846-257-4108,2026-06-01 03:23:13,444,VOICE,,5G,0.08,0.59
R06-0002152,6,Eastport,+1-811-439-4599,+1-658-967-3279,2026-06-01 11:55:44,102,VOICE,,4G,0.1,0.17
R06-0002153,6,Eastport,+1-725-344-2761,+1-543-829-5689,2026-06-01 02:28:16,2517,VOICE,,3G,0.12,5.03
R06-0002154,6,Eastport,+1-239-280-2423,+1-489-982-6306,2026-06-01 07:12:09,465,VOICE,,3G,0.12,0.93
R06-0002155,6,Eastport,+1-788-373-2861,,2026-06-01 13:13:44,4089,DATA,72014463,5G,0.0,0.72
R06-0002156,6,Eastport,+1-880-958-2088,+1-962-861-5814,2026-06-01 03:36:10,2567,VOICE,,4G,0.1,4.28
R06-0002157,6,Eastport,+1-569-338-4512,+1-547-968-4323,2026-06-01 00:57:04,0,SMS,,4G,0.0,0.05
R06-0002158,6,Eastport,+1-519-963-3789,,2026-06-01 23:55:42,3585,DATA,220146442,4G,0.0,2.2
R06-0002159,6,Eastport,+1-941-703-5131,+1-730-868-8606,2026-06-01 01:45:47,0,SMS,,4G,0.0,0.05
R06-0002160,6,Eastport,+1-491-956-9124,+1-781-231-5995,2026-06-01 07:56:18,265,VOICE,,4G,0.1,0.44
R06-0002161,6,Eastport,+1-403-586-2073,+1-411-742-5644,2026-06-01 21:35:24,3030,VOICE,,3G,0.12,6.06
R06-0002162,6,Eastport,+1-296-926-0126,+1-382-728-6488,2026-06-01 19:42:54,2884,VOICE,,4G,0.1,4.81
R06-0002163,6,Eastport,+1-542-669-3775,+1-741-295-2785,2026-06-01 03:12:33,1891,VOICE,,4G,0.1,3.15
R06-0002164,6,Eastport,+1-793-572-7744,+1-218-237-1315,2026-06-01 08:30:21,994,VOICE,,5G,0.08,1.33
R06-0002165,6,Eastport,+1-509-638-3589,+1-680-958-1542,2026-06-01 19:02:51,2649,VOICE,,5G,0.08,3.53
R06-0002166,6,Eastport,+1-461-674-6211,+1-957-322-3979,2026-06-01 09:02:33,0,SMS,,5G,0.0,0.05
R06-0002167,6,Eastport,+1-894-475-2821,+1-400-314-4385,2026-06-01 17:45:24,3402,VOICE,,3G,0.12,6.8
R06-0002168,6,Eastport,+1-821-598-0584,+1-534-872-8434,2026-06-01 15:18:39,1338,VOICE,,4G,0.1,2.23
R06-0002169,6,Eastport,+1-607-428-7612,+1-968-843-0745,2026-06-01 21:57:22,0,SMS,,5G,0.0,0.05
R06-0002170,6,Eastport,+1-266-697-8732,+1-567-786-2568,2026-06-01 04:41:12,1249,VOICE,,5G,0.08,1.67
R06-0002171,6,Eastport,+1-710-380-3278,+1-765-649-4990,2026-06-01 23:39:33,1509,VOICE,,4G,0.1,2.52
R06-0002172,6,Eastport,+1-884-637-2822,+1-967-557-1258,2026-06-01 06:09:19,1434,VOICE,,3G,0.12,2.87
R06-0002173,6,Eastport,+1-768-645-2056,+1-561-262-2163,2026-06-01 20:33:00,71,VOICE,,4G,0.1,0.12
R06-0002174,6,Eastport,+1-931-274-7320,,2026-06-01 08:18:19,2737,DATA,188675370,5G,0.0,1.89
R06-0002175,6,Eastport,+1-957-631-2722,+1-745-703-1308,2026-06-01 15:08:39,1595,VOICE,,4G,0.1,2.66
R06-0002176,6,Eastport,+1-906-823-4296,+1-887-851-7067,2026-06-01 14:11:32,0,SMS,,4G,0.0,0.05
R06-0002177,6,Eastport,+1-765-605-4570,+1-726-324-7123,2026-06-01 17:16:38,0,VOICE,,3G,0.12,0.0
R06-0002178,6,Eastport,+1-276-701-4420,+1-806-709-4477,2026-06-01 04:18:30,0,VOICE,,4G,0.1,0.0
R06-0002179,6,Eastport,+1-922-854-2477,,2026-06-01 04:22:41,3718,DATA,462859946,4G,0.0,4.63
R06-0002180,6,Eastport,+1-357-266-6602,+1-534-373-3295,2026-06-01 13:16:04,468,VOICE,,4G,0.1,0.78
R06-0002181,6,Eastport,+1-517-989-8654,+1-550-237-9170,2026-06-01 02:06:08,895,VOICE,,5G,0.08,1.19
R06-0002182,6,Eastport,+1-989-229-1123,+1-838-536-1531,2026-06-01 09:26:13,0,SMS,,4G,0.0,0.05
R06-0002183,6,Eastport,+1-828-389-4722,+1-925-316-9204,2026-06-01 04:04:04,1203,VOICE,,5G,0.08,1.6
R06-0002184,6,Eastport,+1-552-712-4682,,2026-06-01 12:37:16,4480,DATA,488568089,4G,0.0,4.89
R06-0002185,6,Eastport,+1-347-305-3647,+1-979-833-4373,2026-06-01 12:39:41,0,SMS,,4G,0.0,0.05
R06-0002186,6,Eastport,+1-377-774-5064,+1-904-625-1319,2026-06-01 09:46:01,0,SMS,,4G,0.0,0.05
R06-0002187,6,Eastport,+1-799-393-5404,+1-254-704-1142,2026-06-01 10:54:04,0,SMS,,5G,0.0,0.05
R06-0002188,6,Eastport,+1-571-263-2334,,2026-06-01 07:38:51,1139,DATA,5929193,4G,0.0,0.06
R06-0002189,6,Eastport,+1-944-855-2866,+1-932-370-1461,2026-06-01 17:11:07,2002,VOICE,,5G,0.08,2.67
R06-0002190,6,Eastport,+1-876-649-9758,+1-765-210-0137,2026-06-01 18:30:44,3581,VOICE,,4G,0.1,5.97
R06-0002191,6,Eastport,+1-929-205-7541,+1-407-451-0549,2026-06-01 04:22:06,424,VOICE,,4G,0.1,0.71
R06-0002192,6,Eastport,+1-913-349-8453,,2026-06-01 11:30:37,2748,DATA,447241231,4G,0.0,4.47
R06-0002193,6,Eastport,+1-892-598-0948,+1-213-275-9109,2026-06-01 13:09:55,3280,VOICE,,5G,0.08,4.37
R06-0002194,6,Eastport,+1-240-423-5608,+1-647-249-9483,2026-06-01 05:42:54,948,VOICE,,3G,0.12,1.9
R06-0002195,6,Eastport,+1-446-405-2694,,2026-06-01 14:59:45,499,DATA,121196873,4G,0.0,1.21
R06-0002196,6,Eastport,+1-448-287-0538,+1-882-774-8364,2026-06-01 13:24:41,0,SMS,,5G,0.0,0.05
R06-0002197,6,Eastport,+1-726-845-7629,+1-650-964-5826,2026-06-01 02:49:39,0,SMS,,4G,0.0,0.05
R06-0002198,6,Eastport,+1-296-412-2648,+1-614-303-4139,2026-06-01 15:51:44,862,VOICE,,4G,0.1,1.44
R06-0002199,6,Eastport,+1-603-505-6379,+1-587-639-8735,2026-06-01 20:52:33,0,SMS,,4G,0.0,0.05
R06-0002200,6,Eastport,+1-283-354-3448,+1-932-873-6123,2026-06-01 23:49:44,3183,VOICE,,3G,0.12,6.37
R06-0002201,6,Eastport,+1-689-575-3877,+1-552-397-3998,2026-06-01 20:59:22,0,SMS,,4G,0.0,0.05
R06-0002202,6,Eastport,+1-210-502-5942,+1-343-271-2792,2026-06-01 05:38:35,753,VOICE,,4G,0.1,1.26
R06-0002203,6,Eastport,+1-752-376-0296,,2026-06-01 11:12:38,6525,DATA,351190971,4G,0.0,3.51
R06-0002204,6,Eastport,+1-946-364-4411,+1-807-447-8371,2026-06-01 10:19:33,3075,VOICE,,5G,0.08,4.1
R06-0002205,6,Eastport,+1-730-386-5790,+1-670-771-5447,2026-06-01 08:59:28,3477,VOICE,,5G,0.08,4.64
R06-0002206,6,Eastport,+1-683-239-3163,+1-520-641-6465,2026-06-01 14:42:52,0,SMS,,5G,0.0,0.05
R06-0002207,6,Eastport,+1-368-229-6292,+1-735-572-8671,2026-06-01 19:55:41,0,SMS,,4G,0.0,0.05
R06-0002208,6,Eastport,+1-319-456-7932,+1-786-535-8098,2026-06-01 03:41:15,3023,VOICE,,3G,0.12,6.05
R06-0002209,6,Eastport,+1-984-362-6133,+1-541-508-4570,2026-06-01 14:24:21,226,VOICE,,4G,0.1,0.38
R06-0002210,6,Eastport,+1-357-468-3596,+1-696-885-0029,2026-06-01 05:52:12,0,SMS,,3G,0.0,0.05
R06-0002211,6,Eastport,+1-538-369-1538,+1-609-362-9962,2026-06-01 17:13:41,0,SMS,,4G,0.0,0.05
R06-0002212,6,Eastport,+1-439-209-1142,+1-479-414-6249,2026-06-01 15:16:03,855,VOICE,,5G,0.08,1.14
R06-0002213,6,Eastport,+1-682-359-6792,+1-649-916-4261,2026-06-01 03:49:33,0,SMS,,4G,0.0,0.05
R06-0002214,6,Eastport,+1-989-826-1808,+1-360-815-9388,2026-06-01 14:32:07,2437,VOICE,,4G,0.1,4.06
R06-0002215,6,Eastport,+1-660-564-9988,+1-249-807-7655,2026-06-01 04:41:33,1132,VOICE,,4G,0.1,1.89
R06-0002216,6,Eastport,+1-708-861-8550,+1-421-450-5829,2026-06-01 14:22:34,1074,VOICE,,4G,0.1,1.79
R06-0002217,6,Eastport,+1-698-278-7928,+1-569-385-5320,2026-06-01 19:13:55,0,SMS,,4G,0.0,0.05
R06-0002218,6,Eastport,+1-928-784-9294,+1-612-855-6623,2026-06-01 20:10:32,1252,VOICE,,4G,0.1,2.09
R06-0002219,6,Eastport,+1-776-704-2934,+1-227-927-9960,2026-06-01 14:54:02,1168,VOICE,,3G,0.12,2.34
R06-0002220,6,Eastport,+1-237-906-7140,,2026-06-01 03:18:45,902,DATA,413738745,4G,0.0,4.14
R06-0002221,6,Eastport,+1-629-836-9136,+1-769-867-8418,2026-06-01 15:17:14,2907,VOICE,,5G,0.08,3.88
R06-0002222,6,Eastport,+1-568-825-3643,,2026-06-01 09:28:06,4594,DATA,307562680,4G,0.0,3.08
R06-0002223,6,Eastport,+1-944-251-2707,+1-653-710-4939,2026-06-01 03:58:19,0,SMS,,4G,0.0,0.05
R06-0002224,6,Eastport,+1-354-881-5757,+1-241-288-8157,2026-06-01 06:50:39,0,SMS,,5G,0.0,0.05
R06-0002225,6,Eastport,+1-976-821-7179,+1-593-985-8116,2026-06-01 06:50:02,0,SMS,,4G,0.0,0.05
R06-0002226,6,Eastport,+1-960-679-9870,,2026-06-01 03:55:25,751,DATA,374443371,4G,0.0,3.74
R06-0002227,6,Eastport,+1-872-278-8219,+1-317-464-5918,2026-06-01 18:16:50,0,SMS,,5G,0.0,0.05
R06-0002228,6,Eastport,+1-463-659-7542,,2026-06-01 12:50:45,1953,DATA,148401400,4G,0.0,1.48
R06-0002229,6,Eastport,+1-316-254-1935,+1-508-297-8136,2026-06-01 09:42:07,1990,VOICE,,3G,0.12,3.98
R06-0002230,6,Eastport,+1-334-607-5988,+1-748-227-9363,2026-06-01 09:18:14,2231,VOICE,,3G,0.12,4.46
R06-0002231,6,Eastport,+1-946-252-3940,+1-864-782-3057,2026-06-01 01:23:50,1973,VOICE,,5G,0.08,2.63
R06-0002232,6,Eastport,+1-374-462-1180,+1-893-905-0253,2026-06-01 10:25:40,0,SMS,,3G,0.0,0.05
R06-0002233,6,Eastport,+1-608-993-6192,+1-856-875-9780,2026-06-01 01:35:25,0,SMS,,5G,0.0,0.05
R06-0002234,6,Eastport,+1-633-603-4608,+1-606-315-0153,2026-06-01 02:01:36,1556,VOICE,,4G,0.1,2.59
R06-0002235,6,Eastport,+1-226-232-0018,+1-678-755-8332,2026-06-01 06:20:30,2547,VOICE,,4G,0.1,4.25
R06-0002236,6,Eastport,+1-899-324-1787,+1-321-922-7077,2026-06-01 20:02:02,592,VOICE,,3G,0.12,1.18
R06-0002237,6,Eastport,+1-921-589-7374,+1-498-947-0742,2026-06-01 12:36:07,0,SMS,,4G,0.0,0.05
R06-0002238,6,Eastport,+1-486-462-3059,+1-649-883-3112,2026-06-01 19:28:09,2179,VOICE,,4G,0.1,3.63
R06-0002239,6,Eastport,+1-587-317-2787,+1-626-536-9972,2026-06-01 16:48:34,0,SMS,,3G,0.0,0.05
R06-0002240,6,Eastport,+1-724-782-6507,+1-789-310-7804,2026-06-01 16:52:32,0,VOICE,,4G,0.1,0.0
R06-0002241,6,Eastport,+1-423-947-4026,+1-612-951-8943,2026-06-01 08:35:08,1140,VOICE,,4G,0.1,1.9
R06-0002242,6,Eastport,+1-214-724-4034,,2026-06-01 12:21:00,155,DATA,93196092,5G,0.0,0.93
R06-0002243,6,Eastport,+1-842-946-2952,+1-947-945-0780,2026-06-01 05:14:24,1445,VOICE,,4G,0.1,2.41
R06-0002244,6,Eastport,+1-218-442-9584,+1-271-674-2390,2026-06-01 12:46:48,0,SMS,,4G,0.0,0.05
R06-0002245,6,Eastport,+1-570-983-4956,+1-933-904-4367,2026-06-01 07:00:46,0,SMS,,4G,0.0,0.05
R06-0002246,6,Eastport,+1-217-831-5272,+1-638-974-8217,2026-06-01 16:58:20,1636,VOICE,,4G,0.1,2.73
R06-0002247,6,Eastport,+1-825-800-8300,+1-748-943-0133,2026-06-01 08:51:25,2562,VOICE,,4G,0.1,4.27
R06-0002248,6,Eastport,+1-620-768-0109,+1-620-692-4907,2026-06-01 23:54:19,0,SMS,,3G,0.0,0.05
R06-0002249,6,Eastport,+1-726-505-9412,+1-382-434-6711,2026-06-01 01:42:43,0,SMS,,3G,0.0,0.05
R06-0002250,6,Eastport,+1-932-272-4343,+1-587-474-8441,2026-06-01 21:57:59,0,SMS,,4G,0.0,0.05
R06-0002251,6,Eastport,+1-644-885-8116,+1-847-263-5769,2026-06-01 01:56:22,176,VOICE,,5G,0.08,0.23
R06-0002252,6,Eastport,+1-542-317-2812,+1-399-574-1391,2026-06-01 09:21:36,458,VOICE,,5G,0.08,0.61
R06-0002253,6,Eastport,+1-818-899-1104,+1-939-728-9986,2026-06-01 08:49:49,442,VOICE,,4G,0.1,0.74
R06-0002254,6,Eastport,+1-521-590-3728,+1-316-459-3564,2026-06-01 21:50:48,564,VOICE,,5G,0.08,0.75
R06-0002255,6,Eastport,+1-223-789-3365,+1-883-746-5992,2026-06-01 09:39:34,3398,VOICE,,3G,0.12,6.8
R06-0002256,6,Eastport,+1-224-653-7656,,2026-06-01 11:58:24,2389,DATA,300383063,4G,0.0,3.0
R06-0002257,6,Eastport,+1-717-536-0770,+1-568-261-0086,2026-06-01 21:52:35,1551,VOICE,,5G,0.08,2.07
R06-0002258,6,Eastport,+1-744-679-3110,,2026-06-01 11:09:22,3801,DATA,459318773,5G,0.0,4.59
R06-0002259,6,Eastport,+1-929-744-4088,+1-584-669-3441,2026-06-01 05:04:54,0,SMS,,4G,0.0,0.05
R06-0002260,6,Eastport,+1-656-765-4846,+1-598-773-1497,2026-06-01 10:50:03,621,VOICE,,3G,0.12,1.24
R06-0002261,6,Eastport,+1-253-627-9084,+1-650-346-9532,2026-06-01 23:01:22,0,SMS,,4G,0.0,0.05
R06-0002262,6,Eastport,+1-824-256-6243,+1-641-362-9596,2026-06-01 06:01:42,1725,VOICE,,5G,0.08,2.3
R06-0002263,6,Eastport,+1-298-982-6187,+1-505-363-1015,2026-06-01 03:51:05,2551,VOICE,,3G,0.12,5.1
R06-0002264,6,Eastport,+1-276-795-4654,+1-866-776-9411,2026-06-01 18:17:29,1176,VOICE,,5G,0.08,1.57
R06-0002265,6,Eastport,+1-972-593-7166,+1-317-213-3168,2026-06-01 23:28:32,3088,VOICE,,4G,0.1,5.15
R06-0002266,6,Eastport,+1-342-264-7877,+1-746-293-5928,2026-06-01 04:05:01,0,SMS,,5G,0.0,0.05
R06-0002267,6,Eastport,+1-655-706-1786,,2026-06-01 22:24:44,2726,DATA,66083052,4G,0.0,0.66
R06-0002268,6,Eastport,+1-931-500-0029,+1-200-556-1255,2026-06-01 02:24:43,0,SMS,,5G,0.0,0.05
R06-0002269,6,Eastport,+1-861-201-0034,+1-934-996-7177,2026-06-01 05:57:09,325,VOICE,,4G,0.1,0.54
R06-0002270,6,Eastport,+1-344-894-0453,+1-749-528-8248,2026-06-01 19:56:19,0,SMS,,5G,0.0,0.05
R06-0002271,6,Eastport,+1-733-641-9609,,2026-06-01 14:19:53,6735,DATA,378041567,5G,0.0,3.78
R06-0002272,6,Eastport,+1-336-285-0893,+1-725-778-3890,2026-06-01 11:31:11,2619,VOICE,,5G,0.08,3.49
R06-0002273,6,Eastport,+1-879-252-1911,+1-314-809-2234,2026-06-01 05:01:29,2255,VOICE,,4G,0.1,3.76
R06-0002274,6,Eastport,+1-232-780-6467,+1-786-901-1616,2026-06-01 03:46:49,2516,VOICE,,5G,0.08,3.35
R06-0002275,6,Eastport,+1-725-519-9798,,2026-06-01 03:55:07,842,DATA,358871835,3G,0.0,3.59
R06-0002276,6,Eastport,+1-967-628-8864,+1-386-562-4819,2026-06-01 19:32:47,2119,VOICE,,5G,0.08,2.83
R06-0002277,6,Eastport,+1-338-953-3137,,2026-06-01 02:26:57,823,DATA,106482432,5G,0.0,1.06
R06-0002278,6,Eastport,+1-858-521-6394,,2026-06-01 05:22:58,3705,DATA,380215314,5G,0.0,3.8
R06-0002279,6,Eastport,+1-587-775-6381,+1-255-854-9620,2026-06-01 02:13:23,2613,VOICE,,5G,0.08,3.48
R06-0002280,6,Eastport,+1-364-298-5805,+1-911-389-6077,2026-06-01 01:41:32,0,SMS,,4G,0.0,0.05
R06-0002281,6,Eastport,+1-563-411-3629,+1-303-739-5018,2026-06-01 06:48:25,2428,VOICE,,5G,0.08,3.24
R06-0002282,6,Eastport,+1-913-670-0298,+1-764-683-5181,2026-06-01 12:26:24,0,SMS,,5G,0.0,0.05
R06-0002283,6,Eastport,+1-822-932-2188,+1-505-545-1960,2026-06-01 04:05:47,615,VOICE,,4G,0.1,1.03
R06-0002284,6,Eastport,+1-712-304-0239,+1-270-823-2797,2026-06-01 06:44:14,3579,VOICE,,4G,0.1,5.96
R06-0002285,6,Eastport,+1-724-394-4278,,2026-06-01 19:40:42,3875,DATA,55272414,5G,0.0,0.55
R06-0002286,6,Eastport,+1-741-924-3865,+1-774-399-0364,2026-06-01 05:49:19,988,VOICE,,4G,0.1,1.65
R06-0002287,6,Eastport,+1-884-949-3814,+1-927-344-2631,2026-06-01 17:05:15,0,SMS,,5G,0.0,0.05
R06-0002288,6,Eastport,+1-349-953-2666,,2026-06-01 03:04:31,6008,DATA,376603031,4G,0.0,3.77
R06-0002289,6,Eastport,+1-397-665-9996,+1-332-432-7699,2026-06-01 00:19:18,1300,VOICE,,4G,0.1,2.17
R06-0002290,6,Eastport,+1-887-915-4605,,2026-06-01 08:19:29,2060,DATA,215551093,5G,0.0,2.16
R06-0002291,6,Eastport,+1-812-646-5469,+1-547-379-9175,2026-06-01 20:59:31,0,SMS,,4G,0.0,0.05
R06-0002292,6,Eastport,+1-836-751-9010,,2026-06-01 23:37:08,4370,DATA,150323152,5G,0.0,1.5
R06-0002293,6,Eastport,+1-376-833-5678,+1-275-336-3575,2026-06-01 05:27:04,2941,VOICE,,3G,0.12,5.88
R06-0002294,6,Eastport,+1-979-352-8813,+1-840-929-3880,2026-06-01 13:52:31,935,VOICE,,3G,0.12,1.87
R06-0002295,6,Eastport,+1-437-746-0455,+1-872-517-6520,2026-06-01 06:02:37,2463,VOICE,,4G,0.1,4.1
R06-0002296,6,Eastport,+1-959-609-4770,,2026-06-01 08:27:53,2545,DATA,108052574,5G,0.0,1.08
R06-0002297,6,Eastport,+1-353-525-3719,+1-321-624-5444,2026-06-01 04:59:04,3097,VOICE,,4G,0.1,5.16
R06-0002298,6,Eastport,+1-358-515-2098,+1-419-853-0004,2026-06-01 22:48:12,275,VOICE,,3G,0.12,0.55
R06-0002299,6,Eastport,+1-516-869-8150,+1-755-740-9877,2026-06-01 03:14:45,1871,VOICE,,5G,0.08,2.49
R06-0002300,6,Eastport,+1-686-646-8806,+1-816-863-7400,2026-06-01 12:27:55,0,VOICE,,5G,0.08,0.0
R06-0002301,6,Eastport,+1-534-827-1638,+1-721-414-2673,2026-06-01 19:56:42,1838,VOICE,,5G,0.08,2.45
R06-0002302,6,Eastport,+1-582-315-6982,,2026-06-01 11:51:09,7019,DATA,349337138,4G,0.0,3.49
R06-0002303,6,Eastport,+1-813-873-4770,,2026-06-01 06:45:27,4434,DATA,137759336,4G,0.0,1.38
R06-0002304,6,Eastport,+1-610-539-4446,+1-730-919-3574,2026-06-01 11:39:14,1175,VOICE,,4G,0.1,1.96
R06-0002305,6,Eastport,+1-726-989-5081,,2026-06-01 01:24:10,1380,DATA,211857301,3G,0.0,2.12
R06-0002306,6,Eastport,+1-304-577-0242,+1-557-250-8243,2026-06-01 22:20:06,0,SMS,,4G,0.0,0.05
R06-0002307,6,Eastport,+1-364-908-0324,+1-449-819-4812,2026-06-01 09:53:13,2227,VOICE,,4G,0.1,3.71
R06-0002308,6,Eastport,+1-804-956-0982,,2026-06-01 16:01:47,7042,DATA,127067055,4G,0.0,1.27
R06-0002309,6,Eastport,+1-812-453-7116,+1-378-625-8629,2026-06-01 12:44:26,0,SMS,,5G,0.0,0.05
R06-0002310,6,Eastport,+1-791-785-1357,+1-381-276-6307,2026-06-01 12:11:05,0,SMS,,4G,0.0,0.05
