cdr_id,region_id,region_name,caller_number,callee_number,call_start,duration_seconds,call_type,bytes_transferred,network_type,rate_per_minute,charge_amount
R04-0000001,4,Highland,+1-886-400-9615,+1-342-948-9761,2026-06-01 18:17:18,685,VOICE,,4G,0.1,1.14
R04-0000002,4,Highland,+1-798-551-9081,,2026-06-01 07:04:23,6869,DATA,400152876,4G,0.0,4.0
R04-0000003,4,Highland,+1-722-403-5017,+1-957-635-2515,2026-06-01 09:08:08,3543,VOICE,,4G,0.1,5.91
R04-0000004,4,Highland,+1-272-932-3991,+1-866-817-6394,2026-06-01 12:05:56,0,SMS,,5G,0.0,0.05
R04-0000005,4,Highland,+1-565-601-1301,+1-576-390-6177,2026-06-01 23:46:43,526,VOICE,,4G,0.1,0.88
R04-0000006,4,Highland,+1-955-807-4772,+1-809-447-2263,2026-06-01 11:48:37,0,VOICE,,5G,0.08,0.0
R04-0000007,4,Highland,+1-288-884-0279,+1-802-712-2964,2026-06-01 03:28:46,1283,VOICE,,3G,0.12,2.57
R04-0000008,4,Highland,+1-408-504-4602,+1-389-845-9362,2026-06-01 15:28:18,0,SMS,,4G,0.0,0.05
R04-0000009,4,Highland,+1-296-423-9335,+1-321-670-1055,2026-06-01 02:17:24,3544,VOICE,,3G,0.12,7.09
R04-0000010,4,Highland,+1-689-209-3522,+1-237-937-1133,2026-06-01 15:07:57,0,VOICE,,4G,0.1,0.0
R04-0000011,4,Highland,+1-745-404-1145,,2026-06-01 19:47:33,6821,DATA,316386506,4G,0.0,3.16
R04-0000012,4,Highland,+1-759-599-1544,+1-309-292-2028,2026-06-01 08:48:52,1450,VOICE,,4G,0.1,2.42
R04-0000013,4,Highland,+1-454-500-9332,,2026-06-01 10:37:24,5354,DATA,57445532,3G,0.0,0.57
R04-0000014,4,Highland,+1-631-533-0972,+1-739-243-8732,2026-06-01 07:01:32,0,SMS,,5G,0.0,0.05
R04-0000015,4,Highland,+1-849-768-1003,,2026-06-01 22:12:20,3207,DATA,436481549,3G,0.0,4.36
R04-0000016,4,Highland,+1-297-507-2719,,2026-06-01 03:47:30,5388,DATA,108466082,5G,0.0,1.08
R04-0000017,4,Highland,+1-962-780-5319,,2026-06-01 05:07:44,6314,DATA,341466006,5G,0.0,3.41
R04-0000018,4,Highland,+1-229-645-0047,,2026-06-01 13:16:46,2022,DATA,242700276,5G,0.0,2.43
R04-0000019,4,Highland,+1-424-260-5843,,2026-06-01 01:53:59,6733,DATA,486344210,4G,0.0,4.86
R04-0000020,4,Highland,+1-313-996-2710,+1-269-972-0495,2026-06-01 20:40:15,2865,VOICE,,5G,0.08,3.82
R04-0000021,4,Highland,+1-419-878-2705,+1-505-747-7933,2026-06-01 11:37:51,1176,VOICE,,4G,0.1,1.96
R04-0000022,4,Highland,+1-628-296-6085,+1-204-200-1399,2026-06-01 22:37:21,102,VOICE,,5G,0.08,0.14
R04-0000023,4,Highland,+1-514-514-0889,,2026-06-01 02:59:51,1588,DATA,451795632,3G,0.0,4.52
R04-0000024,4,Highland,+1-410-429-1948,+1-881-540-7936,2026-06-01 14:20:30,2083,VOICE,,4G,0.1,3.47
R04-0000025,4,Highland,+1-238-918-0715,+1-239-718-9255,2026-06-01 10:08:26,861,VOICE,,4G,0.1,1.44
R04-0000026,4,Highland,+1-404-545-8210,+1-567-945-6514,2026-06-01 04:28:03,0,SMS,,4G,0.0,0.05
R04-0000027,4,Highland,+1-357-851-3315,+1-867-660-4468,2026-06-01 02:32:11,0,SMS,,4G,0.0,0.05
R04-0000028,4,Highland,+1-646-975-5997,+1-722-569-0793,2026-06-01 01:15:43,0,SMS,,3G,0.0,0.05
R04-0000029,4,Highland,+1-246-490-5718,,2026-06-01 14:38:56,3942,DATA,302986532,4G,0.0,3.03
R04-0000030,4,Highland,+1-542-459-5808,+1-877-556-1159,2026-06-01 10:54:52,3327,VOICE,,5G,0.08,4.44
R04-0000031,4,Highland,+1-370-753-3498,+1-228-752-2590,2026-06-01 17:54:02,0,SMS,,5G,0.0,0.05
R04-0000032,4,Highland,+1-616-475-1542,+1-433-673-3116,2026-06-01 04:02:13,2320,VOICE,,4G,0.1,3.87
R04-0000033,4,Highland,+1-884-603-6645,,2026-06-01 11:57:50,6525,DATA,17998583,5G,0.0,0.18
R04-0000034,4,Highland,+1-609-392-9262,+1-844-989-2905,2026-06-01 22:00:38,1107,VOICE,,5G,0.08,1.48
R04-0000035,4,Highland,+1-431-388-0265,+1-731-544-4961,2026-06-01 16:14:48,787,VOICE,,4G,0.1,1.31
R04-0000036,4,Highland,+1-744-544-8801,,2026-06-01 23:31:35,3985,DATA,208706308,4G,0.0,2.09
R04-0000037,4,Highland,+1-302-757-8111,+1-272-304-2690,2026-06-01 01:51:12,0,SMS,,4G,0.0,0.05
R04-0000038,4,Highland,+1-912-510-7299,+1-521-354-5090,2026-06-01 19:41:10,883,VOICE,,4G,0.1,1.47
R04-0000039,4,Highland,+1-866-772-0506,,2026-06-01 17:05:52,3262,DATA,432182216,4G,0.0,4.32
R04-0000040,4,Highland,+1-912-689-5266,+1-654-697-6464,2026-06-01 12:31:52,629,VOICE,,5G,0.08,0.84
R04-0000041,4,Highland,+1-890-930-0672,+1-240-756-7964,2026-06-01 22:12:04,1380,VOICE,,3G,0.12,2.76
R04-0000042,4,Highland,+1-649-642-6032,+1-336-934-4638,2026-06-01 03:36:34,0,SMS,,4G,0.0,0.05
R04-0000043,4,Highland,+1-861-958-4414,,2026-06-01 05:02:20,6605,DATA,429606806,5G,0.0,4.3
R04-0000044,4,Highland,+1-514-880-5166,,2026-06-01 16:45:04,3313,DATA,49708249,3G,0.0,0.5
R04-0000045,4,Highland,+1-348-412-8064,,2026-06-01 14:56:59,6500,DATA,394655365,4G,0.0,3.95
R04-0000046,4,Highland,+1-327-761-4148,,2026-06-01 21:30:55,435,DATA,85981471,5G,0.0,0.86
R04-0000047,4,Highland,+1-739-676-8389,,2026-06-01 05:07:37,2117,DATA,421135781,4G,0.0,4.21
R04-0000048,4,Highland,+1-331-953-5938,+1-680-873-8889,2026-06-01 20:52:02,0,SMS,,3G,0.0,0.05
R04-0000049,4,Highland,+1-765-789-4509,+1-467-998-0831,2026-06-01 06:50:41,0,SMS,,4G,0.0,0.05
R04-0000050,4,Highland,+1-554-328-0379,+1-371-657-7375,2026-06-01 01:14:35,0,SMS,,4G,0.0,0.05
R04-0000051,4,Highland,+1-724-749-1958,+1-618-674-1988,2026-06-01 00:08:11,0,SMS,,4G,0.0,0.05
R04-0000052,4,Highland,+1-976-760-9657,+1-941-724-8258,2026-06-01 03:17:49,0,SMS,,4G,0.0,0.05
R04-0000053,4,Highland,+1-465-411-9049,+1-776-243-8341,2026-06-01 17:59:15,839,VOICE,,4G,0.1,1.4
R04-0000054,4,Highland,+1-869-741-2793,+1-725-229-9071,2026-06-01 09:26:38,1741,VOICE,,5G,0.08,2.32
R04-0000055,4,Highland,+1-959-540-4551,+1-710-318-4797,2026-06-01 10:53:34,445,VOICE,,5G,0.08,0.59
R04-0000056,4,Highland,+1-584-848-5961,+1-632-391-8178,2026-06-01 16:32:37,1948,VOICE,,4G,0.1,3.25
R04-0000057,4,Highland,+1-251-226-4015,+1-746-787-5305,2026-06-01 05:06:42,841,VOICE,,4G,0.1,1.4
R04-0000058,4,Highland,+1-846-741-0214,+1-261-371-8285,2026-06-01 23:31:11,2484,VOICE,,4G,0.1,4.14
R04-0000059,4,Highland,+1-921-705-5325,+1-551-315-9094,2026-06-01 09:51:26,846,VOICE,,4G,0.1,1.41
R04-0000060,4,Highland,+1-667-528-2535,+1-308-624-0234,2026-06-01 10:04:37,0,SMS,,3G,0.0,0.05
R04-0000061,4,Highland,+1-331-910-0204,+1-883-856-5113,2026-06-01 22:14:19,3273,VOICE,,5G,0.08,4.36
R04-0000062,4,Highland,+1-744-369-5115,,2026-06-01 09:49:14,879,DATA,313316204,5G,0.0,3.13
R04-0000063,4,Highland,+1-252-750-6511,,2026-06-01 04:59:23,965,DATA,217218361,4G,0.0,2.17
R04-0000064,4,Highland,+1-533-960-4401,+1-827-224-1335,2026-06-01 09:12:49,2196,VOICE,,4G,0.1,3.66
R04-0000065,4,Highland,+1-269-755-2310,+1-244-612-6772,2026-06-01 22:29:57,0,SMS,,4G,0.0,0.05
R04-0000066,4,Highland,+1-609-427-7551,+1-203-245-1307,2026-06-01 23:03:43,0,SMS,,3G,0.0,0.05
R04-0000067,4,Highland,+1-799-450-8354,+1-933-239-7951,2026-06-01 05:03:50,2007,VOICE,,4G,0.1,3.35
R04-0000068,4,Highland,+1-547-254-7131,+1-896-418-2129,2026-06-01 00:45:24,2015,VOICE,,4G,0.1,3.36
R04-0000069,4,Highland,+1-312-761-4205,+1-244-668-9152,2026-06-01 17:24:10,0,SMS,,5G,0.0,0.05
R04-0000070,4,Highland,+1-451-210-1571,+1-636-310-6645,2026-06-01 09:22:49,3146,VOICE,,4G,0.1,5.24
R04-0000071,4,Highland,+1-521-446-4991,+1-631-965-8885,2026-06-01 06:14:03,103,VOICE,,4G,0.1,0.17
R04-0000072,4,Highland,+1-960-528-6453,+1-222-620-9692,2026-06-01 09:00:26,221,VOICE,,5G,0.08,0.29
R04-0000073,4,Highland,+1-770-584-0014,+1-789-851-5128,2026-06-01 18:12:53,0,SMS,,3G,0.0,0.05
R04-0000074,4,Highland,+1-403-405-9810,+1-474-817-6964,2026-06-01 03:29:35,1117,VOICE,,4G,0.1,1.86
R04-0000075,4,Highland,+1-704-942-2444,+1-275-932-7899,2026-06-01 16:44:09,0,SMS,,3G,0.0,0.05
R04-0000076,4,Highland,+1-622-269-9616,+1-427-777-4271,2026-06-01 11:53:09,0,SMS,,4G,0.0,0.05
R04-0000077,4,Highland,+1-521-607-5248,+1-307-943-1954,2026-06-01 00:05:42,2302,VOICE,,4G,0.1,3.84
R04-0000078,4,Highland,+1-686-890-3239,+1-508-203-8346,2026-06-01 18:58:10,0,VOICE,,4G,0.1,0.0
R04-0000079,4,Highland,+1-229-773-1969,+1-254-334-7769,2026-06-01 23:35:52,0,SMS,,5G,0.0,0.05
R04-0000080,4,Highland,+1-900-969-5629,+1-556-960-4415,2026-06-01 23:27:16,1756,VOICE,,3G,0.12,3.51
R04-0000081,4,Highland,+1-274-803-6487,+1-427-373-4253,2026-06-01 01:35:16,1257,VOICE,,5G,0.08,1.68
R04-0000082,4,Highland,+1-522-284-8291,+1-452-267-3194,2026-06-01 22:32:33,1951,VOICE,,4G,0.1,3.25
R04-0000083,4,Highland,+1-729-441-7059,,2026-06-01 12:37:37,5266,DATA,238802122,3G,0.0,2.39
R04-0000084,4,Highland,+1-244-891-9711,+1-320-686-3426,2026-06-01 15:51:48,1229,VOICE,,5G,0.08,1.64
R04-0000085,4,Highland,+1-798-780-6592,+1-312-230-7063,2026-06-01 19:23:51,2397,VOICE,,4G,0.1,4.0
R04-0000086,4,Highland,+1-675-949-2850,,2026-06-01 00:41:53,1080,DATA,69719099,5G,0.0,0.7
R04-0000087,4,Highland,+1-895-500-6036,+1-362-660-9481,2026-06-01 12:36:14,0,SMS,,4G,0.0,0.05
R04-0000088,4,Highland,+1-628-438-9589,+1-243-337-5300,2026-06-01 01:14:28,0,SMS,,5G,0.0,0.05
R04-0000089,4,Highland,+1-411-209-8894,,2026-06-01 03:44:19,4222,DATA,188771640,5G,0.0,1.89
R04-0000090,4,Highland,+1-778-609-9258,+1-457-948-1155,2026-06-01 09:19:50,1411,VOICE,,3G,0.12,2.82
R04-0000091,4,Highland,+1-328-291-0857,,2026-06-01 07:40:42,1900,DATA,433940162,5G,0.0,4.34
R04-0000092,4,Highland,+1-533-673-8690,+1-793-505-4303,2026-06-01 19:43:04,0,SMS,,5G,0.0,0.05
R04-0000093,4,Highland,+1-712-788-6395,+1-487-806-8462,2026-06-01 23:15:55,1308,VOICE,,3G,0.12,2.62
R04-0000094,4,Highland,+1-746-907-9364,,2026-06-01 03:42:53,3090,DATA,13975079,4G,0.0,0.14
R04-0000095,4,Highland,+1-380-425-5214,+1-660-855-9003,2026-06-01 01:02:59,0,SMS,,4G,0.0,0.05
R04-0000096,4,Highland,+1-401-738-4783,+1-760-293-1309,2026-06-01 16:00:58,2092,VOICE,,5G,0.08,2.79
R04-0000097,4,Highland,+1-531-781-0256,+1-202-244-0501,2026-06-01 07:00:11,320,VOICE,,3G,0.12,0.64
R04-0000098,4,Highland,+1-869-533-2711,+1-942-416-1901,2026-06-01 00:38:02,1354,VOICE,,5G,0.08,1.81
R04-0000099,4,Highland,+1-883-849-7501,+1-203-726-7341,2026-06-01 04:28:26,0,SMS,,5G,0.0,0.05
R04-0000100,4,Highland,+1-633-634-4860,,2026-06-01 11:58:21,5873,DATA,39871494,3G,0.0,0.4
R04-0000101,4,Highland,+1-734-622-2441,,2026-06-01 17:53:22,1982,DATA,325936721,4G,0.0,3.26
R04-0000102,4,Highland,+1-752-521-8883,+1-656-392-4802,2026-06-01 02:12:52,0,SMS,,4G,0.0,0.05
R04-0000103,4,Highland,+1-989-240-2887,+1-570-423-7647,2026-06-01 07:30:50,0,SMS,,5G,0.0,0.05
R04-0000104,4,Highland,+1-299-342-1131,+1-456-495-0913,2026-06-01 10:31:23,1229,VOICE,,4G,0.1,2.05
R04-0000105,4,Highland,+1-802-839-1699,+1-533-876-3024,2026-06-01 14:10:22,1377,VOICE,,5G,0.08,1.84
R04-0000106,4,Highland,+1-667-672-6391,+1-281-585-6800,2026-06-01 09:30:02,0,SMS,,5G,0.0,0.05
R04-0000107,4,Highland,+1-949-881-9541,+1-306-728-3907,2026-06-01 00:36:23,0,SMS,,5G,0.0,0.05
R04-0000108,4,Highland,+1-886-342-1979,+1-843-799-9577,2026-06-01 10:37:12,2398,VOICE,,5G,0.08,3.2
R04-0000109,4,Highland,+1-720-573-3266,,2026-06-01 10:46:59,5309,DATA,215409291,3G,0.0,2.15
R04-0000110,4,Highland,+1-501-556-3427,+1-418-619-3454,2026-06-01 22:23:35,304,VOICE,,3G,0.12,0.61
R04-0000111,4,Highland,+1-911-679-9485,+1-367-495-2697,2026-06-01 03:02:09,0,SMS,,4G,0.0,0.05
R04-0000112,4,Highland,+1-435-396-9740,+1-640-454-4557,2026-06-01 15:42:17,1200,VOICE,,4G,0.1,2.0
R04-0000113,4,Highland,+1-925-364-8815,+1-957-522-4300,2026-06-01 19:15:49,3253,VOICE,,5G,0.08,4.34
R04-0000114,4,Highland,+1-768-225-7343,+1-636-902-4422,2026-06-01 21:54:32,313,VOICE,,5G,0.08,0.42
R04-0000115,4,Highland,+1-760-694-7516,+1-272-965-7259,2026-06-01 19:22:20,0,SMS,,3G,0.0,0.05
R04-0000116,4,Highland,+1-452-794-1595,+1-906-265-4748,2026-06-01 18:31:28,1768,VOICE,,5G,0.08,2.36
R04-0000117,4,Highland,+1-608-535-0038,,2026-06-01 02:56:08,2688,DATA,22473440,3G,0.0,0.22
R04-0000118,4,Highland,+1-555-649-9963,+1-557-629-2156,2026-06-01 23:11:56,788,VOICE,,4G,0.1,1.31
R04-0000119,4,Highland,+1-565-531-4348,+1-417-642-0344,2026-06-01 12:26:45,3192,VOICE,,5G,0.08,4.26
R04-0000120,4,Highland,+1-622-974-4438,+1-303-228-1336,2026-06-01 01:25:20,0,SMS,,4G,0.0,0.05
R04-0000121,4,Highland,+1-808-674-9024,,2026-06-01 01:44:49,1254,DATA,399465244,5G,0.0,3.99
R04-0000122,4,Highland,+1-513-469-7897,+1-850-219-3655,2026-06-01 01:03:13,434,VOICE,,5G,0.08,0.58
R04-0000123,4,Highland,+1-630-876-9918,,2026-06-01 17:38:02,6122,DATA,230039569,3G,0.0,2.3
R04-0000124,4,Highland,+1-740-541-4237,,2026-06-01 10:08:09,2540,DATA,260930425,5G,0.0,2.61
R04-0000125,4,Highland,+1-664-947-3299,+1-847-429-7266,2026-06-01 05:01:50,1937,VOICE,,5G,0.08,2.58
R04-0000126,4,Highland,+1-837-566-7375,+1-778-440-0980,2026-06-01 20:42:57,0,SMS,,4G,0.0,0.05
R04-0000127,4,Highland,+1-527-865-1614,+1-769-925-4782,2026-06-01 11:30:44,2867,VOICE,,4G,0.1,4.78
R04-0000128,4,Highland,+1-768-415-0390,,2026-06-01 16:44:20,7143,DATA,474501140,4G,0.0,4.75
R04-0000129,4,Highland,+1-530-458-3894,,2026-06-01 17:06:31,2182,DATA,338544341,5G,0.0,3.39
R04-0000130,4,Highland,+1-229-599-6088,,2026-06-01 21:22:51,4506,DATA,472686345,3G,0.0,4.73
R04-0000131,4,Highland,+1-879-460-1148,+1-910-690-4894,2026-06-01 20:07:48,0,SMS,,4G,0.0,0.05
R04-0000132,4,Highland,+1-703-855-0814,,2026-06-01 04:18:11,4884,DATA,158806960,4G,0.0,1.59
R04-0000133,4,Highland,+1-257-686-2986,+1-394-892-9298,2026-06-01 16:01:18,2661,VOICE,,3G,0.12,5.32
R04-0000134,4,Highland,+1-588-427-3097,+1-451-637-6217,2026-06-01 03:53:13,2552,VOICE,,4G,0.1,4.25
R04-0000135,4,Highland,+1-227-932-9121,+1-221-566-2284,2026-06-01 04:26:17,322,VOICE,,4G,0.1,0.54
R04-0000136,4,Highland,+1-409-949-8521,+1-746-862-2477,2026-06-01 15:14:50,0,SMS,,4G,0.0,0.05
R04-0000137,4,Highland,+1-952-839-9548,+1-770-479-9787,2026-06-01 09:59:59,2387,VOICE,,4G,0.1,3.98
R04-0000138,4,Highland,+1-405-642-1435,+1-250-788-3396,2026-06-01 20:14:19,3539,VOICE,,5G,0.08,4.72
R04-0000139,4,Highland,+1-653-612-3378,+1-940-481-5830,2026-06-01 12:16:45,2387,VOICE,,4G,0.1,3.98
R04-0000140,4,Highland,+1-616-395-4364,,2026-06-01 20:30:11,5971,DATA,184206893,5G,0.0,1.84
R04-0000141,4,Highland,+1-836-264-1230,,2026-06-01 10:07:07,4650,DATA,424596543,4G,0.0,4.25
R04-0000142,4,Highland,+1-619-844-2730,+1-582-815-7976,2026-06-01 14:40:53,458,VOICE,,4G,0.1,0.76
R04-0000143,4,Highland,+1-692-430-7293,+1-303-861-0745,2026-06-01 00:47:33,619,VOICE,,4G,0.1,1.03
R04-0000144,4,Highland,+1-724-886-9532,+1-807-985-1335,2026-06-01 11:34:25,3559,VOICE,,5G,0.08,4.75
R04-0000145,4,Highland,+1-672-480-8781,+1-432-452-2239,2026-06-01 11:58:03,449,VOICE,,4G,0.1,0.75
R04-0000146,4,Highland,+1-310-788-1358,+1-292-541-9289,2026-06-01 19:05:01,0,SMS,,4G,0.0,0.05
R04-0000147,4,Highland,+1-779-236-2283,,2026-06-01 05:01:53,3802,DATA,178682306,5G,0.0,1.79
R04-0000148,4,Highland,+1-315-820-1486,+1-870-448-7874,2026-06-01 21:28:43,0,SMS,,4G,0.0,0.05
R04-0000149,4,Highland,+1-282-971-8861,+1-743-380-5705,2026-06-01 00:30:28,0,SMS,,4G,0.0,0.05
R04-0000150,4,Highland,+1-515-287-9127,+1-940-526-6519,2026-06-01 23:08:29,0,SMS,,5G,0.0,0.05
R04-0000151,4,Highland,+1-484-741-3178,+1-450-918-8498,2026-06-01 00:47:49,0,SMS,,5G,0.0,0.05
R04-0000152,4,Highland,+1-489-775-5752,+1-692-462-6964,2026-06-01 04:56:01,0,SMS,,5G,0.0,0.05
R04-0000153,4,Highland,+1-814-743-3628,+1-755-276-5494,2026-06-01 18:22:21,0,SMS,,5G,0.0,0.05
R04-0000154,4,Highland,+1-293-619-3687,+1-822-700-5676,2026-06-01 21:44:37,0,SMS,,4G,0.0,0.05
R04-0000155,4,Highland,+1-317-802-8630,,2026-06-01 13:51:32,507,DATA,370654525,4G,0.0,3.71
R04-0000156,4,Highland,+1-633-852-9850,+1-673-835-5004,2026-06-01 17:53:56,0,SMS,,5G,0.0,0.05
R04-0000157,4,Highland,+1-947-599-7883,+1-714-577-0450,2026-06-01 00:34:16,0,SMS,,5G,0.0,0.05
R04-0000158,4,Highland,+1-763-835-1660,+1-392-290-7482,2026-06-01 01:11:47,306,VOICE,,4G,0.1,0.51
R04-0000159,4,Highland,+1-938-599-1690,+1-432-885-5532,2026-06-01 07:25:05,0,SMS,,4G,0.0,0.05
R04-0000160,4,Highland,+1-218-359-9263,+1-382-584-1414,2026-06-01 07:58:37,3078,VOICE,,5G,0.08,4.1
R04-0000161,4,Highland,+1-986-299-3179,+1-327-516-3426,2026-06-01 17:29:29,2590,VOICE,,4G,0.1,4.32
R04-0000162,4,Highland,+1-901-250-4174,+1-325-638-4578,2026-06-01 12:38:03,1813,VOICE,,4G,0.1,3.02
R04-0000163,4,Highland,+1-774-587-9921,+1-247-845-1291,2026-06-01 11:31:07,0,SMS,,4G,0.0,0.05
R04-0000164,4,Highland,+1-607-489-7241,+1-528-827-8902,2026-06-01 07:56:08,0,SMS,,4G,0.0,0.05
R04-0000165,4,Highland,+1-543-986-2764,+1-438-878-6359,2026-06-01 18:52:15,2687,VOICE,,5G,0.08,3.58
R04-0000166,4,Highland,+1-888-342-2684,+1-383-481-4187,2026-06-01 06:12:36,3370,VOICE,,4G,0.1,5.62
R04-0000167,4,Highland,+1-891-742-0480,+1-445-632-5626,2026-06-01 14:40:41,0,SMS,,4G,0.0,0.05
R04-0000168,4,Highland,+1-875-857-5293,,2026-06-01 16:38:36,5361,DATA,314971453,3G,0.0,3.15
R04-0000169,4,Highland,+1-587-729-1687,+1-936-364-3099,2026-06-01 08:03:31,0,SMS,,5G,0.0,0.05
R04-0000170,4,Highland,+1-263-976-3489,+1-329-574-1812,2026-06-01 19:06:46,0,SMS,,4G,0.0,0.05
R04-0000171,4,Highland,+1-814-544-3535,+1-583-754-4092,2026-06-01 13:55:46,0,SMS,,5G,0.0,0.05
R04-0000172,4,Highland,+1-309-922-5240,+1-941-251-1543,2026-06-01 18:24:29,2099,VOICE,,4G,0.1,3.5
R04-0000173,4,Highland,+1-322-931-6634,+1-321-409-8351,2026-06-01 22:26:29,0,SMS,,5G,0.0,0.05
R04-0000174,4,Highland,+1-405-302-0325,+1-218-236-8757,2026-06-01 14:41:56,2071,VOICE,,4G,0.1,3.45
R04-0000175,4,Highland,+1-660-332-6365,+1-415-649-2233,2026-06-01 15:04:32,0,SMS,,4G,0.0,0.05
R04-0000176,4,Highland,+1-317-825-4847,,2026-06-01 05:18:26,3821,DATA,135171778,3G,0.0,1.35
R04-0000177,4,Highland,+1-828-738-4205,+1-827-867-9116,2026-06-01 17:35:36,3173,VOICE,,5G,0.08,4.23
R04-0000178,4,Highland,+1-634-424-6868,+1-405-752-8517,2026-06-01 00:31:20,1071,VOICE,,4G,0.1,1.79
R04-0000179,4,Highland,+1-946-901-9944,+1-650-422-8283,2026-06-01 21:52:34,0,VOICE,,4G,0.1,0.0
R04-0000180,4,Highland,+1-396-243-5006,,2026-06-01 09:06:00,598,DATA,14681898,4G,0.0,0.15
R04-0000181,4,Highland,+1-580-844-3682,+1-904-324-8702,2026-06-01 03:53:11,674,VOICE,,3G,0.12,1.35
R04-0000182,4,Highland,+1-780-394-4963,,2026-06-01 21:14:52,3851,DATA,443833458,4G,0.0,4.44
R04-0000183,4,Highland,+1-683-278-9136,,2026-06-01 19:58:41,5995,DATA,291471734,5G,0.0,2.91
R04-0000184,4,Highland,+1-961-367-0415,,2026-06-01 06:44:51,6304,DATA,301962046,5G,0.0,3.02
R04-0000185,4,Highland,+1-445-861-4036,+1-308-471-6311,2026-06-01 10:59:17,697,VOICE,,5G,0.08,0.93
R04-0000186,4,Highland,+1-388-642-9214,,2026-06-01 11:10:50,6145,DATA,356035114,5G,0.0,3.56
R04-0000187,4,Highland,+1-318-653-6278,+1-923-495-0757,2026-06-01 19:45:55,0,SMS,,3G,0.0,0.05
R04-0000188,4,Highland,+1-981-766-7849,+1-937-701-8143,2026-06-01 11:42:40,3102,VOICE,,4G,0.1,5.17
R04-0000189,4,Highland,+1-470-980-3460,+1-849-693-6095,2026-06-01 04:54:13,0,SMS,,4G,0.0,0.05
R04-0000190,4,Highland,+1-271-480-8142,+1-365-238-5733,2026-06-01 22:18:15,738,VOICE,,3G,0.12,1.48
R04-0000191,4,Highland,+1-908-269-9256,+1-609-469-0628,2026-06-01 09:23:44,0,SMS,,4G,0.0,0.05
R04-0000192,4,Highland,+1-461-949-4375,+1-803-684-9441,2026-06-01 10:42:40,0,SMS,,3G,0.0,0.05
R04-0000193,4,Highland,+1-989-884-8474,+1-820-231-5640,2026-06-01 22:15:45,0,SMS,,5G,0.0,0.05
R04-0000194,4,Highland,+1-602-674-9675,+1-788-481-9458,2026-06-01 18:02:55,2530,VOICE,,5G,0.08,3.37
R04-0000195,4,Highland,+1-265-919-0159,,2026-06-01 04:41:29,1208,DATA,336175644,3G,0.0,3.36
R04-0000196,4,Highland,+1-503-331-4575,+1-508-239-7972,2026-06-01 18:01:35,0,SMS,,4G,0.0,0.05
R04-0000197,4,Highland,+1-573-978-7888,+1-617-450-3579,2026-06-01 02:28:03,84,VOICE,,5G,0.08,0.11
R04-0000198,4,Highland,+1-462-548-6261,,2026-06-01 14:02:12,1725,DATA,400394301,4G,0.0,4.0
R04-0000199,4,Highland,+1-655-274-5750,,2026-06-01 15:06:36,6807,DATA,75261567,5G,0.0,0.75
R04-0000200,4,Highland,+1-259-581-2723,+1-956-319-9157,2026-06-01 09:25:55,708,VOICE,,5G,0.08,0.94
R04-0000201,4,Highland,+1-319-582-1199,+1-386-739-6815,2026-06-01 17:18:52,0,SMS,,3G,0.0,0.05
R04-0000202,4,Highland,+1-680-237-1476,+1-525-500-2345,2026-06-01 05:33:15,0,SMS,,5G,0.0,0.05
R04-0000203,4,Highland,+1-274-704-6930,+1-226-492-3804,2026-06-01 15:14:24,0,SMS,,4G,0.0,0.05
R04-0000204,4,Highland,+1-706-715-6822,+1-890-863-0729,2026-06-01 12:38:41,1536,VOICE,,4G,0.1,2.56
R04-0000205,4,Highland,+1-944-598-5458,,2026-06-01 12:35:01,6916,DATA,360582202,3G,0.0,3.61
R04-0000206,4,Highland,+1-418-200-6724,+1-611-264-4167,2026-06-01 11:11:43,2649,VOICE,,4G,0.1,4.42
R04-0000207,4,Highland,+1-701-474-7437,+1-374-324-7957,2026-06-01 16:55:36,3049,VOICE,,4G,0.1,5.08
R04-0000208,4,Highland,+1-921-769-4978,+1-701-327-7120,2026-06-01 22:28:13,3261,VOICE,,5G,0.08,4.35
R04-0000209,4,Highland,+1-724-339-7305,+1-478-569-9537,2026-06-01 17:50:19,950,VOICE,,4G,0.1,1.58
R04-0000210,4,Highland,+1-665-257-8159,,2026-06-01 18:31:49,5825,DATA,247043816,4G,0.0,2.47
R04-0000211,4,Highland,+1-783-416-6771,,2026-06-01 14:29:16,2481,DATA,317187056,3G,0.0,3.17
R04-0000212,4,Highland,+1-526-760-5125,,2026-06-01 18:56:47,2292,DATA,405131835,4G,0.0,4.05
R04-0000213,4,Highland,+1-374-994-6444,,2026-06-01 08:21:16,1066,DATA,178001320,5G,0.0,1.78
R04-0000214,4,Highland,+1-605-363-5076,+1-878-444-2039,2026-06-01 13:52:20,0,SMS,,5G,0.0,0.05
R04-0000215,4,Highland,+1-839-678-0849,+1-839-249-8454,2026-06-01 10:54:31,1623,VOICE,,4G,0.1,2.71
R04-0000216,4,Highland,+1-494-954-5756,+1-530-919-0770,2026-06-01 04:36:23,0,SMS,,4G,0.0,0.05
R04-0000217,4,Highland,+1-243-761-4740,+1-892-667-4997,2026-06-01 00:59:21,2656,VOICE,,5G,0.08,3.54
R04-0000218,4,Highland,+1-906-257-5681,+1-581-824-2932,2026-06-01 03:22:22,0,SMS,,4G,0.0,0.05
R04-0000219,4,Highland,+1-603-361-7288,+1-265-752-5222,2026-06-01 09:48:34,0,SMS,,4G,0.0,0.05
R04-0000220,4,Highland,+1-498-602-2443,,2026-06-01 16:23:56,3983,DATA,69117951,4G,0.0,0.69
R04-0000221,4,Highland,+1-345-637-3060,+1-701-370-5441,2026-06-01 10:53:49,2980,VOICE,,5G,0.08,3.97
R04-0000222,4,Highland,+1-924-363-8610,,2026-06-01 02:46:44,5814,DATA,14730355,5G,0.0,0.15
R04-0000223,4,Highland,+1-497-368-1537,+1-735-787-4710,2026-06-01 19:48:50,3525,VOICE,,4G,0.1,5.88
R04-0000224,4,Highland,+1-745-534-9738,,2026-06-01 16:17:39,6096,DATA,289812077,4G,0.0,2.9
R04-0000225,4,Highland,+1-347-761-1259,+1-563-817-5634,2026-06-01 23:05:13,2408,VOICE,,5G,0.08,3.21
R04-0000226,4,Highland,+1-200-856-2683,+1-404-957-5960,2026-06-01 05:37:44,0,SMS,,5G,0.0,0.05
R04-0000227,4,Highland,+1-944-663-6124,+1-652-654-9347,2026-06-01 17:26:14,2237,VOICE,,4G,0.1,3.73
R04-0000228,4,Highland,+1-628-568-7399,+1-385-693-7071,2026-06-01 02:56:43,2355,VOICE,,4G,0.1,3.93
R04-0000229,4,Highland,+1-457-575-9181,+1-853-623-4453,2026-06-01 15:56:36,3597,VOICE,,3G,0.12,7.19
R04-0000230,4,Highland,+1-366-619-9561,+1-278-407-3655,2026-06-01 06:55:16,0,SMS,,4G,0.0,0.05
R04-0000231,4,Highland,+1-537-764-2636,+1-677-263-4235,2026-06-01 16:52:33,1760,VOICE,,5G,0.08,2.35
R04-0000232,4,Highland,+1-315-382-3172,,2026-06-01 22:02:30,2117,DATA,17639841,4G,0.0,0.18
R04-0000233,4,Highland,+1-279-274-4905,+1-221-778-7180,2026-06-01 03:25:32,1051,VOICE,,5G,0.08,1.4
R04-0000234,4,Highland,+1-807-818-2930,+1-341-552-3283,2026-06-01 21:08:59,2811,VOICE,,5G,0.08,3.75
R04-0000235,4,Highland,+1-714-833-0972,+1-794-541-0350,2026-06-01 01:31:16,2900,VOICE,,4G,0.1,4.83
R04-0000236,4,Highland,+1-710-933-9179,+1-382-818-4942,2026-06-01 08:35:14,0,SMS,,4G,0.0,0.05
R04-0000237,4,Highland,+1-591-267-7556,,2026-06-01 04:31:52,4995,DATA,471636021,5G,0.0,4.72
R04-0000238,4,Highland,+1-581-771-1246,,2026-06-01 13:30:42,5896,DATA,72952741,5G,0.0,0.73
R04-0000239,4,Highland,+1-295-479-3245,+1-549-609-2612,2026-06-01 02:52:58,0,SMS,,4G,0.0,0.05
R04-0000240,4,Highland,+1-322-539-4784,,2026-06-01 01:16:35,863,DATA,183458825,5G,0.0,1.83
R04-0000241,4,Highland,+1-827-865-0856,+1-312-453-2998,2026-06-01 09:07:24,1356,VOICE,,4G,0.1,2.26
R04-0000242,4,Highland,+1-917-739-9322,+1-486-925-3425,2026-06-01 14:38:58,0,SMS,,4G,0.0,0.05
R04-0000243,4,Highland,+1-586-541-2579,+1-215-359-6026,2026-06-01 19:35:47,1847,VOICE,,3G,0.12,3.69
R04-0000244,4,Highland,+1-441-326-5387,+1-917-311-6927,2026-06-01 02:11:00,2452,VOICE,,4G,0.1,4.09
R04-0000245,4,Highland,+1-446-608-3994,,2026-06-01 23:47:29,6713,DATA,270753226,4G,0.0,2.71
R04-0000246,4,Highland,+1-568-529-9091,+1-230-998-1420,2026-06-01 09:32:07,0,SMS,,5G,0.0,0.05
R04-0000247,4,Highland,+1-979-322-8108,,2026-06-01 15:15:16,1968,DATA,252359789,4G,0.0,2.52
R04-0000248,4,Highland,+1-815-791-5303,,2026-06-01 15:38:40,556,DATA,305153484,4G,0.0,3.05
R04-0000249,4,Highland,+1-962-427-8317,,2026-06-01 17:05:35,5511,DATA,353893461,4G,0.0,3.54
R04-0000250,4,Highland,+1-382-344-5257,+1-706-780-9314,2026-06-01 06:45:13,3583,VOICE,,5G,0.08,4.78
R04-0000251,4,Highland,+1-645-949-6303,+1-855-361-0971,2026-06-01 17:37:55,2102,VOICE,,4G,0.1,3.5
R04-0000252,4,Highland,+1-798-661-5515,+1-847-506-3435,2026-06-01 10:04:35,0,SMS,,5G,0.0,0.05
R04-0000253,4,Highland,+1-238-926-4743,+1-377-979-5227,2026-06-01 03:32:33,3454,VOICE,,4G,0.1,5.76
R04-0000254,4,Highland,+1-662-347-9076,+1-453-479-3681,2026-06-01 17:25:58,709,VOICE,,4G,0.1,1.18
R04-0000255,4,Highland,+1-986-729-9110,+1-285-703-6789,2026-06-01 07:14:21,0,SMS,,5G,0.0,0.05
R04-0000256,4,Highland,+1-357-651-1025,+1-330-966-7847,2026-06-01 12:26:50,1324,VOICE,,5G,0.08,1.77
R04-0000257,4,Highland,+1-850-669-2716,+1-515-844-2640,2026-06-01 15:14:05,1751,VOICE,,4G,0.1,2.92
R04-0000258,4,Highland,+1-844-916-7655,+1-394-525-6361,2026-06-01 10:03:37,2141,VOICE,,3G,0.12,4.28
R04-0000259,4,Highland,+1-639-974-3070,+1-904-829-4296,2026-06-01 01:05:15,1585,VOICE,,4G,0.1,2.64
R04-0000260,4,Highland,+1-758-425-5883,,2026-06-01 09:43:01,4478,DATA,44505865,3G,0.0,0.45
R04-0000261,4,Highland,+1-401-667-0195,+1-596-992-2165,2026-06-01 02:27:40,0,SMS,,5G,0.0,0.05
R04-0000262,4,Highland,+1-689-275-2878,+1-499-847-8045,2026-06-01 16:32:33,0,SMS,,4G,0.0,0.05
R04-0000263,4,Highland,+1-455-664-9041,+1-240-738-4076,2026-06-01 02:13:04,0,SMS,,4G,0.0,0.05
R04-0000264,4,Highland,+1-594-756-5679,+1-709-473-8615,2026-06-01 15:38:02,366,VOICE,,4G,0.1,0.61
R04-0000265,4,Highland,+1-828-960-6571,+1-301-266-4064,2026-06-01 21:29:24,0,SMS,,5G,0.0,0.05
R04-0000266,4,Highland,+1-622-725-5388,,2026-06-01 14:34:47,866,DATA,11690890,4G,0.0,0.12
R04-0000267,4,Highland,+1-727-441-0289,+1-442-600-1987,2026-06-01 08:58:46,1049,VOICE,,5G,0.08,1.4
R04-0000268,4,Highland,+1-359-661-2335,+1-857-400-2565,2026-06-01 02:15:34,0,SMS,,5G,0.0,0.05
R04-0000269,4,Highland,+1-719-375-8543,+1-353-993-4814,2026-06-01 12:34:06,0,SMS,,4G,0.0,0.05
R04-0000270,4,Highland,+1-854-490-1959,+1-987-270-8429,2026-06-01 14:25:45,2768,VOICE,,4G,0.1,4.61
R04-0000271,4,Highland,+1-257-809-0719,+1-287-374-3872,2026-06-01 11:27:22,847,VOICE,,3G,0.12,1.69
R04-0000272,4,Highland,+1-329-496-4239,+1-448-677-9435,2026-06-01 00:37:56,0,SMS,,4G,0.0,0.05
R04-0000273,4,Highland,+1-521-319-4481,+1-571-837-9303,2026-06-01 19:36:56,523,VOICE,,4G,0.1,0.87
R04-0000274,4,Highland,+1-901-516-8177,+1-298-819-3928,2026-06-01 05:35:11,1740,VOICE,,4G,0.1,2.9
R04-0000275,4,Highland,+1-646-324-4345,,2026-06-01 20:21:11,6943,DATA,376620913,4G,0.0,3.77
R04-0000276,4,Highland,+1-394-407-6879,+1-913-828-9976,2026-06-01 23:15:46,0,VOICE,,4G,0.1,0.0
R04-0000277,4,Highland,+1-907-713-2920,+1-422-391-0110,2026-06-01 11:56:33,3012,VOICE,,4G,0.1,5.02
R04-0000278,4,Highland,+1-342-749-4542,+1-722-595-9439,2026-06-01 06:14:28,1914,VOICE,,3G,0.12,3.83
R04-0000279,4,Highland,+1-791-966-9203,+1-511-802-7622,2026-06-01 20:15:00,1560,VOICE,,4G,0.1,2.6
R04-0000280,4,Highland,+1-526-369-4162,+1-812-257-6622,2026-06-01 02:12:49,2931,VOICE,,5G,0.08,3.91
R04-0000281,4,Highland,+1-488-874-5071,,2026-06-01 11:02:16,6033,DATA,350887051,3G,0.0,3.51
R04-0000282,4,Highland,+1-466-937-4549,,2026-06-01 07:28:25,6293,DATA,327862844,3G,0.0,3.28
R04-0000283,4,Highland,+1-701-286-2322,+1-351-629-3948,2026-06-01 13:35:07,1581,VOICE,,4G,0.1,2.64
R04-0000284,4,Highland,+1-263-369-3778,+1-708-334-6451,2026-06-01 20:58:53,0,SMS,,4G,0.0,0.05
R04-0000285,4,Highland,+1-470-426-9530,+1-335-939-5244,2026-06-01 05:03:47,2870,VOICE,,5G,0.08,3.83
R04-0000286,4,Highland,+1-960-981-3508,+1-453-543-9140,2026-06-01 22:43:27,328,VOICE,,3G,0.12,0.66
R04-0000287,4,Highland,+1-607-784-0351,+1-477-333-1717,2026-06-01 18:16:17,3164,VOICE,,3G,0.12,6.33
R04-0000288,4,Highland,+1-771-794-7114,+1-821-331-9666,2026-06-01 18:20:51,1938,VOICE,,5G,0.08,2.58
R04-0000289,4,Highland,+1-891-621-6875,+1-374-666-7085,2026-06-01 11:57:36,3328,VOICE,,4G,0.1,5.55
R04-0000290,4,Highland,+1-885-624-5029,+1-392-203-5354,2026-06-01 04:31:02,0,SMS,,5G,0.0,0.05
R04-0000291,4,Highland,+1-585-643-6049,+1-339-275-7595,2026-06-01 20:50:15,600,VOICE,,5G,0.08,0.8
R04-0000292,4,Highland,+1-808-247-4620,+1-447-441-0840,2026-06-01 14:14:43,1195,VOICE,,5G,0.08,1.59
R04-0000293,4,Highland,+1-936-742-2827,+1-632-916-0932,2026-06-01 23:41:34,0,SMS,,4G,0.0,0.05
R04-0000294,4,Highland,+1-396-291-9605,,2026-06-01 23:07:18,6198,DATA,44056185,4G,0.0,0.44
R04-0000295,4,Highland,+1-312-690-6718,,2026-06-01 01:52:04,2639,DATA,429473132,4G,0.0,4.29
R04-0000296,4,Highland,+1-926-553-1325,+1-781-613-4849,2026-06-01 06:34:10,1810,VOICE,,3G,0.12,3.62
R04-0000297,4,Highland,+1-969-344-8608,+1-342-958-5228,2026-06-01 04:04:01,1230,VOICE,,3G,0.12,2.46
R04-0000298,4,Highland,+1-303-221-5402,+1-653-475-4697,2026-06-01 22:08:24,652,VOICE,,4G,0.1,1.09
R04-0000299,4,Highland,+1-205-702-8378,,2026-06-01 03:48:39,6794,DATA,18428766,5G,0.0,0.18
R04-0000300,4,Highland,+1-834-929-7678,+1-543-201-9692,2026-06-01 15:54:45,2772,VOICE,,4G,0.1,4.62
R04-0000301,4,Highland,+1-795-330-3533,+1-825-657-2763,2026-06-01 07:05:14,1331,VOICE,,5G,0.08,1.77
R04-0000302,4,Highland,+1-895-621-3824,+1-310-968-2310,2026-06-01 16:14:01,3521,VOICE,,4G,0.1,5.87
R04-0000303,4,Highland,+1-835-843-4919,+1-518-676-4583,2026-06-01 06:37:23,0,SMS,,4G,0.0,0.05
R04-0000304,4,Highland,+1-903-716-1003,+1-960-317-1152,2026-06-01 20:43:45,2413,VOICE,,5G,0.08,3.22
R04-0000305,4,Highland,+1-343-790-4761,+1-540-679-8055,2026-06-01 11:31:11,2400,VOICE,,4G,0.1,4.0
R04-0000306,4,Highland,+1-742-618-1202,+1-863-873-9427,2026-06-01 19:20:11,3553,VOICE,,4G,0.1,5.92
R04-0000307,4,Highland,+1-513-397-9827,+1-233-286-1276,2026-06-01 21:23:38,889,VOICE,,4G,0.1,1.48
R04-0000308,4,Highland,+1-987-433-6741,+1-228-362-1974,2026-06-01 13:54:17,1023,VOICE,,4G,0.1,1.71
R04-0000309,4,Highland,+1-984-881-6028,,2026-06-01 07:54:54,4913,DATA,454738601,5G,0.0,4.55
R04-0000310,4,Highland,+1-406-636-3335,+1-953-613-4502,2026-06-01 11:31:16,3400,VOICE,,5G,0.08,4.53
R04-0000311,4,Highland,+1-786-389-1819,+1-312-575-8962,2026-06-01 12:02:13,0,VOICE,,4G,0.1,0.0
R04-0000312,4,Highland,+1-225-755-6298,+1-302-990-0824,2026-06-01 16:27:00,3408,VOICE,,4G,0.1,5.68
R04-0000313,4,Highland,+1-898-766-0869,+1-503-400-5775,2026-06-01 02:41:05,0,SMS,,4G,0.0,0.05
R04-0000314,4,Highland,+1-887-917-2769,+1-745-288-7727,2026-06-01 04:07:43,0,SMS,,5G,0.0,0.05
R04-0000315,4,Highland,+1-515-488-7974,+1-725-890-8033,2026-06-01 23:56:51,1266,VOICE,,4G,0.1,2.11
R04-0000316,4,Highland,+1-316-810-1117,+1-641-622-4937,2026-06-01 10:31:41,736,VOICE,,4G,0.1,1.23
R04-0000317,4,Highland,+1-682-455-6267,,2026-06-01 11:51:44,4476,DATA,18906457,4G,0.0,0.19
R04-0000318,4,Highland,+1-276-547-9434,,2026-06-01 02:05:51,79,DATA,348174691,4G,0.0,3.48
R04-0000319,4,Highland,+1-785-372-9516,+1-832-655-9383,2026-06-01 13:44:24,0,SMS,,4G,0.0,0.05
R04-0000320,4,Highland,+1-790-878-7349,,2026-06-01 10:00:45,2241,DATA,352813092,3G,0.0,3.53
R04-0000321,4,Highland,+1-493-254-6087,,2026-06-01 00:54:10,1113,DATA,199031402,3G,0.0,1.99
R04-0000322,4,Highland,+1-363-370-8501,+1-638-598-7763,2026-06-01 15:59:31,386,VOICE,,5G,0.08,0.51
R04-0000323,4,Highland,+1-964-655-1788,+1-650-404-8482,2026-06-01 08:12:26,1882,VOICE,,4G,0.1,3.14
R04-0000324,4,Highland,+1-225-375-4126,,2026-06-01 06:51:11,5320,DATA,239494178,4G,0.0,2.39
R04-0000325,4,Highland,+1-988-233-9309,+1-725-648-0311,2026-06-01 07:38:54,0,VOICE,,4G,0.1,0.0
R04-0000326,4,Highland,+1-412-898-9592,+1-831-728-6214,2026-06-01 22:14:09,2570,VOICE,,3G,0.12,5.14
R04-0000327,4,Highland,+1-819-549-5059,+1-839-486-6525,2026-06-01 17:11:37,1112,VOICE,,4G,0.1,1.85
R04-0000328,4,Highland,+1-780-925-5397,+1-802-301-1909,2026-06-01 11:19:59,2825,VOICE,,5G,0.08,3.77
R04-0000329,4,Highland,+1-287-890-6430,+1-395-363-8100,2026-06-01 14:56:31,1279,VOICE,,4G,0.1,2.13
R04-0000330,4,Highland,+1-399-214-2728,+1-570-333-0573,2026-06-01 11:50:40,2131,VOICE,,4G,0.1,3.55
R04-0000331,4,Highland,+1-645-215-7423,,2026-06-01 12:56:48,85,DATA,250176329,5G,0.0,2.5
R04-0000332,4,Highland,+1-585-894-4637,+1-622-626-9293,2026-06-01 19:58:03,0,SMS,,5G,0.0,0.05
R04-0000333,4,Highland,+1-459-760-0162,+1-470-695-5176,2026-06-01 19:56:13,975,VOICE,,4G,0.1,1.62
R04-0000334,4,Highland,+1-474-357-7221,+1-265-721-5722,2026-06-01 07:48:38,0,SMS,,4G,0.0,0.05
R04-0000335,4,Highland,+1-845-284-7048,+1-444-252-1891,2026-06-01 19:08:19,2842,VOICE,,3G,0.12,5.68
R04-0000336,4,Highland,+1-797-722-7048,+1-309-691-6593,2026-06-01 17:55:16,0,SMS,,4G,0.0,0.05
R04-0000337,4,Highland,+1-280-704-4670,+1-255-583-7879,2026-06-01 13:49:59,0,SMS,,4G,0.0,0.05
R04-0000338,4,Highland,+1-925-609-7944,+1-410-987-9971,2026-06-01 08:31:31,0,SMS,,5G,0.0,0.05
R04-0000339,4,Highland,+1-724-284-2736,+1-827-682-2952,2026-06-01 02:11:12,0,VOICE,,3G,0.12,0.0
R04-0000340,4,Highland,+1-344-709-5868,+1-959-639-1234,2026-06-01 15:51:20,0,SMS,,5G,0.0,0.05
R04-0000341,4,Highland,+1-695-735-8110,+1-588-583-4077,2026-06-01 23:54:18,0,SMS,,4G,0.0,0.05
R04-0000342,4,Highland,+1-205-589-5187,,2026-06-01 16:52:24,926,DATA,437660034,4G,0.0,4.38
R04-0000343,4,Highland,+1-744-389-5765,+1-639-731-6906,2026-06-01 20:36:40,0,SMS,,5G,0.0,0.05
R04-0000344,4,Highland,+1-689-318-2597,+1-878-398-2509,2026-06-01 04:51:14,88,VOICE,,3G,0.12,0.18
R04-0000345,4,Highland,+1-793-297-9004,+1-540-670-1503,2026-06-01 18:15:11,613,VOICE,,3G,0.12,1.23
R04-0000346,4,Highland,+1-578-460-1602,+1-987-884-0835,2026-06-01 00:55:44,0,SMS,,4G,0.0,0.05
R04-0000347,4,Highland,+1-345-549-8139,+1-224-477-7873,2026-06-01 22:51:19,1598,VOICE,,4G,0.1,2.66
R04-0000348,4,Highland,+1-775-424-1713,+1-515-726-6371,2026-06-01 23:16:41,3246,VOICE,,5G,0.08,4.33
R04-0000349,4,Highland,+1-291-625-0086,+1-475-201-0657,2026-06-01 16:47:00,0,SMS,,4G,0.0,0.05
R04-0000350,4,Highland,+1-781-515-3938,,2026-06-01 00:44:44,2088,DATA,95616635,4G,0.0,0.96
R04-0000351,4,Highland,+1-891-652-6092,+1-832-785-3536,2026-06-01 02:04:46,1299,VOICE,,4G,0.1,2.17
R04-0000352,4,Highland,+1-579-617-2535,+1-301-796-0541,2026-06-01 22:56:08,3084,VOICE,,5G,0.08,4.11
R04-0000353,4,Highland,+1-752-414-5778,+1-764-738-9478,2026-06-01 04:00:53,685,VOICE,,4G,0.1,1.14
R04-0000354,4,Highland,+1-792-868-4998,,2026-06-01 06:34:20,2355,DATA,420593678,4G,0.0,4.21
R04-0000355,4,Highland,+1-881-829-5605,+1-871-436-2529,2026-06-01 20:38:23,2340,VOICE,,4G,0.1,3.9
R04-0000356,4,Highland,+1-622-673-0621,+1-730-927-1866,2026-06-01 10:28:14,0,SMS,,4G,0.0,0.05
R04-0000357,4,Highland,+1-590-410-0144,+1-790-540-4597,2026-06-01 09:32:25,823,VOICE,,4G,0.1,1.37
R04-0000358,4,Highland,+1-924-349-5658,+1-905-561-6097,2026-06-01 16:49:01,0,VOICE,,4G,0.1,0.0
R04-0000359,4,Highland,+1-715-802-2779,+1-536-287-8244,2026-06-01 00:25:50,0,SMS,,4G,0.0,0.05
R04-0000360,4,Highland,+1-755-415-9345,+1-208-969-1524,2026-06-01 07:47:27,3524,VOICE,,5G,0.08,4.7
R04-0000361,4,Highland,+1-745-284-8588,+1-756-545-1698,2026-06-01 16:35:50,2350,VOICE,,5G,0.08,3.13
R04-0000362,4,Highland,+1-477-613-4412,+1-348-956-8686,2026-06-01 07:29:53,3487,VOICE,,4G,0.1,5.81
R04-0000363,4,Highland,+1-700-932-5031,,2026-06-01 20:08:30,3297,DATA,229846104,4G,0.0,2.3
R04-0000364,4,Highland,+1-970-364-3627,+1-403-776-5692,2026-06-01 09:51:43,1334,VOICE,,3G,0.12,2.67
R04-0000365,4,Highland,+1-365-684-9410,+1-677-852-3918,2026-06-01 19:29:21,0,SMS,,4G,0.0,0.05
R04-0000366,4,Highland,+1-850-610-3115,+1-890-975-2806,2026-06-01 00:48:58,0,SMS,,4G,0.0,0.05
R04-0000367,4,Highland,+1-634-941-8682,+1-484-432-0494,2026-06-01 08:17:41,3517,VOICE,,4G,0.1,5.86
R04-0000368,4,Highland,+1-364-524-3122,+1-872-517-9555,2026-06-01 22:57:07,0,SMS,,4G,0.0,0.05
R04-0000369,4,Highland,+1-887-950-8864,,2026-06-01 03:04:39,4810,DATA,110778037,4G,0.0,1.11
R04-0000370,4,Highland,+1-909-763-4118,+1-270-455-5944,2026-06-01 10:38:23,0,SMS,,4G,0.0,0.05
R04-0000371,4,Highland,+1-230-312-8097,+1-476-726-0863,2026-06-01 16:57:38,1842,VOICE,,5G,0.08,2.46
R04-0000372,4,Highland,+1-931-249-2017,+1-639-964-3016,2026-06-01 01:12:09,3515,VOICE,,4G,0.1,5.86
R04-0000373,4,Highland,+1-286-805-1261,+1-916-348-9269,2026-06-01 00:06:17,41,VOICE,,5G,0.08,0.05
R04-0000374,4,Highland,+1-550-503-4734,+1-794-532-7347,2026-06-01 09:58:32,0,SMS,,4G,0.0,0.05
R04-0000375,4,Highland,+1-548-213-1301,+1-820-670-9755,2026-06-01 09:59:22,0,SMS,,3G,0.0,0.05
R04-0000376,4,Highland,+1-839-385-1602,+1-967-334-6920,2026-06-01 03:19:03,0,SMS,,5G,0.0,0.05
R04-0000377,4,Highland,+1-712-234-9781,,2026-06-01 11:05:02,2091,DATA,343580855,4G,0.0,3.44
R04-0000378,4,Highland,+1-870-680-5165,+1-591-381-6935,2026-06-01 19:02:09,0,SMS,,5G,0.0,0.05
R04-0000379,4,Highland,+1-537-844-4915,+1-587-230-2821,2026-06-01 13:49:29,2264,VOICE,,5G,0.08,3.02
R04-0000380,4,Highland,+1-327-925-7089,+1-880-467-1156,2026-06-01 00:19:35,0,SMS,,4G,0.0,0.05
R04-0000381,4,Highland,+1-964-880-4456,,2026-06-01 08:41:06,1917,DATA,82376380,4G,0.0,0.82
R04-0000382,4,Highland,+1-427-597-0559,+1-249-478-9205,2026-06-01 14:44:59,561,VOICE,,3G,0.12,1.12
R04-0000383,4,Highland,+1-877-492-6168,,2026-06-01 14:58:29,2683,DATA,436417887,5G,0.0,4.36
R04-0000384,4,Highland,+1-277-532-3728,+1-347-348-5282,2026-06-01 06:18:07,398,VOICE,,5G,0.08,0.53
R04-0000385,4,Highland,+1-646-254-2236,+1-268-803-5816,2026-06-01 18:50:30,1341,VOICE,,4G,0.1,2.24
R04-0000386,4,Highland,+1-289-509-2043,+1-900-978-2303,2026-06-01 07:01:01,973,VOICE,,5G,0.08,1.3
R04-0000387,4,Highland,+1-898-667-7799,+1-454-898-2793,2026-06-01 19:30:28,616,VOICE,,5G,0.08,0.82
R04-0000388,4,Highland,+1-224-834-6735,+1-976-640-8743,2026-06-01 15:38:36,0,SMS,,4G,0.0,0.05
R04-0000389,4,Highland,+1-403-844-6501,+1-624-701-6028,2026-06-01 00:39:49,1294,VOICE,,4G,0.1,2.16
R04-0000390,4,Highland,+1-320-339-1298,+1-451-212-2531,2026-06-01 13:42:21,0,SMS,,4G,0.0,0.05
R04-0000391,4,Highland,+1-364-861-2736,+1-606-561-3152,2026-06-01 20:17:41,3245,VOICE,,4G,0.1,5.41
R04-0000392,4,Highland,+1-982-483-9595,+1-525-506-8296,2026-06-01 02:46:03,0,SMS,,4G,0.0,0.05
R04-0000393,4,Highland,+1-352-244-1691,+1-302-590-7090,2026-06-01 23:12:41,0,SMS,,5G,0.0,0.05
R04-0000394,4,Highland,+1-603-738-2391,+1-932-309-7388,2026-06-01 20:49:31,1535,VOICE,,4G,0.1,2.56
R04-0000395,4,Highland,+1-412-387-9584,+1-325-255-6287,2026-06-01 20:07:12,3179,VOICE,,4G,0.1,5.3
R04-0000396,4,Highland,+1-231-439-0534,+1-295-633-5887,2026-06-01 15:10:18,0,SMS,,3G,0.0,0.05
R04-0000397,4,Highland,+1-712-902-0578,+1-560-445-6423,2026-06-01 05:52:00,0,SMS,,4G,0.0,0.05
R04-0000398,4,Highland,+1-923-806-0446,,2026-06-01 16:21:13,6631,DATA,457770177,5G,0.0,4.58
R04-0000399,4,Highland,+1-500-892-5697,+1-823-787-4541,2026-06-01 18:33:29,3408,VOICE,,4G,0.1,5.68
R04-0000400,4,Highland,+1-764-598-4609,+1-882-335-6235,2026-06-01 03:32:56,0,SMS,,4G,0.0,0.05
R04-0000401,4,Highland,+1-255-758-0685,,2026-06-01 20:20:54,1838,DATA,218999242,4G,0.0,2.19
R04-0000402,4,Highland,+1-224-647-6376,+1-956-268-0891,2026-06-01 03:40:29,1617,VOICE,,4G,0.1,2.7
R04-0000403,4,Highland,+1-612-336-9754,+1-729-880-6549,2026-06-01 12:55:50,0,SMS,,4G,0.0,0.05
R04-0000404,4,Highland,+1-324-341-4288,,2026-06-01 04:15:36,4485,DATA,466931939,4G,0.0,4.67
R04-0000405,4,Highland,+1-317-571-8547,+1-350-578-3318,2026-06-01 14:40:05,1087,VOICE,,4G,0.1,1.81
R04-0000406,4,Highland,+1-581-427-3954,+1-927-814-0371,2026-06-01 09:40:48,393,VOICE,,5G,0.08,0.52
R04-0000407,4,Highland,+1-309-483-5009,+1-366-492-5533,2026-06-01 14:24:14,656,VOICE,,5G,0.08,0.87
R04-0000408,4,Highland,+1-388-372-2629,,2026-06-01 11:54:21,6261,DATA,363366340,5G,0.0,3.63
R04-0000409,4,Highland,+1-733-482-5770,,2026-06-01 11:38:07,6943,DATA,338187573,4G,0.0,3.38
R04-0000410,4,Highland,+1-401-736-4509,+1-547-274-4668,2026-06-01 01:19:16,1934,VOICE,,5G,0.08,2.58
R04-0000411,4,Highland,+1-929-872-1526,+1-759-368-3412,2026-06-01 08:06:10,3423,VOICE,,4G,0.1,5.71
R04-0000412,4,Highland,+1-937-415-6369,,2026-06-01 08:20:31,6674,DATA,74421561,4G,0.0,0.74
R04-0000413,4,Highland,+1-921-514-3008,+1-472-772-1561,2026-06-01 18:04:30,0,SMS,,3G,0.0,0.05
R04-0000414,4,Highland,+1-396-533-7032,+1-559-822-8312,2026-06-01 13:20:50,0,SMS,,5G,0.0,0.05
R04-0000415,4,Highland,+1-959-204-6924,,2026-06-01 14:28:55,2831,DATA,20890218,5G,0.0,0.21
R04-0000416,4,Highland,+1-798-964-5490,+1-239-367-5718,2026-06-01 09:30:39,1404,VOICE,,5G,0.08,1.87
R04-0000417,4,Highland,+1-554-744-3823,+1-441-450-3405,2026-06-01 07:07:08,0,SMS,,4G,0.0,0.05
R04-0000418,4,Highland,+1-518-326-9451,+1-685-414-2876,2026-06-01 16:45:40,0,SMS,,4G,0.0,0.05
R04-0000419,4,Highland,+1-446-639-8340,,2026-06-01 01:29:14,6797,DATA,28385133,4G,0.0,0.28
R04-0000420,4,Highland,+1-763-943-7963,,2026-06-01 03:41:25,4076,DATA,493204403,4G,0.0,4.93
R04-0000421,4,Highland,+1-782-320-1977,+1-770-288-0147,2026-06-01 20:46:07,0,SMS,,4G,0.0,0.05
R04-0000422,4,Highland,+1-230-441-6900,+1-958-915-6871,2026-06-01 13:02:19,2729,VOICE,,4G,0.1,4.55
R04-0000423,4,Highland,+1-255-852-1777,+1-299-849-0815,2026-06-01 13:44:14,185,VOICE,,4G,0.1,0.31
R04-0000424,4,Highland,+1-342-909-1381,+1-585-311-9639,2026-06-01 15:12:56,745,VOICE,,3G,0.12,1.49
R04-0000425,4,Highland,+1-925-946-1807,,2026-06-01 01:11:02,1732,DATA,375916378,3G,0.0,3.76
R04-0000426,4,Highland,+1-395-999-6330,,2026-06-01 19:22:11,5839,DATA,372303923,3G,0.0,3.72
R04-0000427,4,Highland,+1-560-451-3263,+1-718-939-9848,2026-06-01 01:11:21,1521,VOICE,,5G,0.08,2.03
R04-0000428,4,Highland,+1-970-710-6173,+1-967-706-1170,2026-06-01 10:25:06,0,SMS,,5G,0.0,0.05
R04-0000429,4,Highland,+1-560-695-7345,+1-913-615-1991,2026-06-01 03:53:06,590,VOICE,,4G,0.1,0.98
R04-0000430,4,Highland,+1-793-379-8746,+1-414-255-4046,2026-06-01 13:45:07,3463,VOICE,,4G,0.1,5.77
R04-0000431,4,Highland,+1-401-312-4234,,2026-06-01 01:15:36,664,DATA,164892972,4G,0.0,1.65
R04-0000432,4,Highland,+1-214-812-2783,+1-788-520-2075,2026-06-01 22:05:48,309,VOICE,,4G,0.1,0.52
R04-0000433,4,Highland,+1-638-936-7133,+1-565-448-6347,2026-06-01 05:24:23,2505,VOICE,,4G,0.1,4.17
R04-0000434,4,Highland,+1-536-264-6533,+1-353-825-2889,2026-06-01 04:07:10,3336,VOICE,,5G,0.08,4.45
R04-0000435,4,Highland,+1-470-524-1449,+1-497-983-2651,2026-06-01 01:07:18,3118,VOICE,,4G,0.1,5.2
R04-0000436,4,Highland,+1-799-728-1330,+1-568-634-6245,2026-06-01 04:52:26,3478,VOICE,,4G,0.1,5.8
R04-0000437,4,Highland,+1-906-973-9724,,2026-06-01 11:33:22,1272,DATA,188200207,4G,0.0,1.88
R04-0000438,4,Highland,+1-729-503-0972,+1-298-240-4516,2026-06-01 20:23:43,0,SMS,,5G,0.0,0.05
R04-0000439,4,Highland,+1-478-567-9772,+1-848-234-0644,2026-06-01 09:51:57,0,SMS,,3G,0.0,0.05
R04-0000440,4,Highland,+1-983-206-4560,+1-363-524-0050,2026-06-01 13:43:54,3469,VOICE,,4G,0.1,5.78
R04-0000441,4,Highland,+1-335-905-1777,+1-433-947-8506,2026-06-01 15:12:33,0,SMS,,3G,0.0,0.05
R04-0000442,4,Highland,+1-684-533-0111,+1-778-476-5204,2026-06-01 07:35:02,321,VOICE,,5G,0.08,0.43
R04-0000443,4,Highland,+1-907-361-4978,+1-624-840-5008,2026-06-01 04:30:31,0,SMS,,5G,0.0,0.05
R04-0000444,4,Highland,+1-743-481-2970,+1-897-255-3576,2026-06-01 17:14:19,0,SMS,,4G,0.0,0.05
R04-0000445,4,Highland,+1-864-303-6060,,2026-06-01 15:30:38,4725,DATA,80223556,5G,0.0,0.8
R04-0000446,4,Highland,+1-853-694-4730,,2026-06-01 05:31:19,6465,DATA,88796020,5G,0.0,0.89
R04-0000447,4,Highland,+1-392-657-2836,+1-618-905-9369,2026-06-01 22:40:38,0,SMS,,4G,0.0,0.05
R04-0000448,4,Highland,+1-564-254-7637,,2026-06-01 17:34:08,2867,DATA,465669314,5G,0.0,4.66
R04-0000449,4,Highland,+1-958-287-4419,,2026-06-01 12:49:05,2307,DATA,223804428,4G,0.0,2.24
R04-0000450,4,Highland,+1-976-669-0089,+1-857-867-8832,2026-06-01 18:53:44,1365,VOICE,,4G,0.1,2.27
R04-0000451,4,Highland,+1-400-959-8818,+1-662-285-6206,2026-06-01 07:30:30,0,SMS,,3G,0.0,0.05
R04-0000452,4,Highland,+1-862-840-4640,+1-404-424-2165,2026-06-01 20:02:09,0,SMS,,5G,0.0,0.05
R04-0000453,4,Highland,+1-913-461-1322,+1-623-554-4324,2026-06-01 17:34:39,214,VOICE,,5G,0.08,0.29
R04-0000454,4,Highland,+1-481-573-0071,+1-841-847-0701,2026-06-01 06:41:15,0,SMS,,5G,0.0,0.05
R04-0000455,4,Highland,+1-459-799-3685,+1-365-925-3338,2026-06-01 01:35:30,3033,VOICE,,4G,0.1,5.05
R04-0000456,4,Highland,+1-394-661-0757,+1-209-813-9628,2026-06-01 07:15:31,0,SMS,,4G,0.0,0.05
R04-0000457,4,Highland,+1-884-449-1964,+1-945-570-5213,2026-06-01 21:18:00,0,SMS,,3G,0.0,0.05
R04-0000458,4,Highland,+1-308-407-9495,+1-269-859-5350,2026-06-01 05:37:23,2433,VOICE,,4G,0.1,4.05
R04-0000459,4,Highland,+1-810-922-3089,+1-651-940-3535,2026-06-01 23:28:59,389,VOICE,,4G,0.1,0.65
R04-0000460,4,Highland,+1-285-533-0355,+1-308-824-4776,2026-06-01 13:30:53,0,SMS,,3G,0.0,0.05
R04-0000461,4,Highland,+1-783-320-5756,+1-673-221-3127,2026-06-01 06:27:53,0,SMS,,4G,0.0,0.05
R04-0000462,4,Highland,+1-520-664-8957,+1-511-832-6043,2026-06-01 04:43:20,54,VOICE,,5G,0.08,0.07
R04-0000463,4,Highland,+1-243-493-1964,+1-965-334-0225,2026-06-01 20:28:24,458,VOICE,,4G,0.1,0.76
R04-0000464,4,Highland,+1-852-808-1410,,2026-06-01 15:20:42,2630,DATA,357405020,5G,0.0,3.57
R04-0000465,4,Highland,+1-647-285-2226,+1-234-307-4968,2026-06-01 09:41:02,3567,VOICE,,4G,0.1,5.95
R04-0000466,4,Highland,+1-515-649-6467,+1-796-782-3541,2026-06-01 02:16:42,1424,VOICE,,5G,0.08,1.9
R04-0000467,4,Highland,+1-393-320-5335,,2026-06-01 09:27:12,4925,DATA,137078097,4G,0.0,1.37
R04-0000468,4,Highland,+1-620-630-1404,+1-250-248-4405,2026-06-01 09:39:48,1093,VOICE,,4G,0.1,1.82
R04-0000469,4,Highland,+1-730-778-8132,+1-602-848-0246,2026-06-01 13:29:03,3101,VOICE,,5G,0.08,4.13
R04-0000470,4,Highland,+1-889-790-5719,+1-901-911-8942,2026-06-01 02:36:53,0,SMS,,4G,0.0,0.05
R04-0000471,4,Highland,+1-468-631-3798,+1-759-726-2501,2026-06-01 00:06:47,0,SMS,,4G,0.0,0.05
R04-0000472,4,Highland,+1-371-319-0045,+1-319-796-3826,2026-06-01 03:56:56,2240,VOICE,,4G,0.1,3.73
R04-0000473,4,Highland,+1-461-528-5480,+1-878-848-1120,2026-06-01 07:03:32,1760,VOICE,,4G,0.1,2.93
R04-0000474,4,Highland,+1-216-758-0231,+1-584-370-0503,2026-06-01 11:36:43,1147,VOICE,,3G,0.12,2.29
R04-0000475,4,Highland,+1-793-832-5460,+1-850-347-9359,2026-06-01 10:39:13,1644,VOICE,,4G,0.1,2.74
R04-0000476,4,Highland,+1-604-685-3935,+1-836-900-0450,2026-06-01 11:23:12,0,SMS,,4G,0.0,0.05
R04-0000477,4,Highland,+1-512-615-1378,+1-940-971-0656,2026-06-01 11:53:08,348,VOICE,,4G,0.1,0.58
R04-0000478,4,Highland,+1-344-536-9683,+1-836-983-5146,2026-06-01 05:35:15,0,SMS,,4G,0.0,0.05
R04-0000479,4,Highland,+1-325-955-6775,,2026-06-01 12:04:27,3524,DATA,253464078,3G,0.0,2.53
R04-0000480,4,Highland,+1-582-981-7618,+1-751-728-9402,2026-06-01 20:51:09,0,SMS,,4G,0.0,0.05
R04-0000481,4,Highland,+1-946-259-2604,+1-648-314-8566,2026-06-01 22:30:57,2368,VOICE,,4G,0.1,3.95
R04-0000482,4,Highland,+1-469-653-4919,+1-928-523-2769,2026-06-01 19:02:58,1869,VOICE,,4G,0.1,3.12
R04-0000483,4,Highland,+1-207-836-7160,+1-930-329-7924,2026-06-01 16:56:26,0,SMS,,4G,0.0,0.05
R04-0000484,4,Highland,+1-674-476-6719,+1-524-931-1307,2026-06-01 17:34:40,2192,VOICE,,4G,0.1,3.65
R04-0000485,4,Highland,+1-798-204-7465,+1-383-791-1857,2026-06-01 10:36:19,1921,VOICE,,5G,0.08,2.56
R04-0000486,4,Highland,+1-955-224-6249,+1-790-471-7046,2026-06-01 06:12:40,0,SMS,,5G,0.0,0.05
R04-0000487,4,Highland,+1-343-622-0792,+1-873-429-7884,2026-06-01 12:51:15,1071,VOICE,,5G,0.08,1.43
R04-0000488,4,Highland,+1-788-434-8787,+1-962-507-3587,2026-06-01 05:23:22,1678,VOICE,,4G,0.1,2.8
R04-0000489,4,Highland,+1-813-488-5208,+1-571-602-7723,2026-06-01 16:43:32,2557,VOICE,,5G,0.08,3.41
R04-0000490,4,Highland,+1-537-914-4120,,2026-06-01 15:06:28,1294,DATA,324482300,4G,0.0,3.24
R04-0000491,4,Highland,+1-525-950-6266,,2026-06-01 09:33:12,2087,DATA,315259541,4G,0.0,3.15
R04-0000492,4,Highland,+1-577-685-1984,+1-868-286-4712,2026-06-01 15:47:07,3237,VOICE,,4G,0.1,5.4
R04-0000493,4,Highland,+1-588-979-8098,,2026-06-01 18:28:03,3490,DATA,233164624,5G,0.0,2.33
R04-0000494,4,Highland,+1-636-485-8912,+1-299-710-6602,2026-06-01 01:07:40,0,VOICE,,3G,0.12,0.0
R04-0000495,4,Highland,+1-772-209-6803,+1-852-420-2739,2026-06-01 14:02:33,0,SMS,,5G,0.0,0.05
R04-0000496,4,Highland,+1-798-896-5777,+1-985-331-8703,2026-06-01 03:16:32,3329,VOICE,,4G,0.1,5.55
R04-0000497,4,Highland,+1-822-990-6572,+1-572-699-3620,2026-06-01 10:35:41,0,SMS,,4G,0.0,0.05
R04-0000498,4,Highland,+1-663-855-3845,+1-538-306-3997,2026-06-01 14:37:23,544,VOICE,,5G,0.08,0.73
R04-0000499,4,Highland,+1-586-435-2441,+1-945-367-6125,2026-06-01 09:20:52,670,VOICE,,5G,0.08,0.89
R04-0000500,4,Highland,+1-357-712-5141,+1-591-643-0831,2026-06-01 16:31:31,1426,VOICE,,5G,0.08,1.9
R04-0000501,4,Highland,+1-524-349-6680,,2026-06-01 16:45:48,652,DATA,405949854,4G,0.0,4.06
R04-0000502,4,Highland,+1-448-400-4466,+1-946-688-1615,2026-06-01 14:56:32,430,VOICE,,4G,0.1,0.72
R04-0000503,4,Highland,+1-428-438-1422,,2026-06-01 06:37:26,6743,DATA,132752691,4G,0.0,1.33
R04-0000504,4,Highland,+1-272-499-9847,+1-767-715-5679,2026-06-01 18:45:10,861,VOICE,,5G,0.08,1.15
R04-0000505,4,Highland,+1-753-983-1263,,2026-06-01 07:24:56,2843,DATA,377281897,4G,0.0,3.77
R04-0000506,4,Highland,+1-412-245-3841,,2026-06-01 23:55:15,6934,DATA,371852863,4G,0.0,3.72
R04-0000507,4,Highland,+1-846-474-6511,+1-449-440-1922,2026-06-01 21:24:03,2607,VOICE,,5G,0.08,3.48
R04-0000508,4,Highland,+1-499-953-1469,,2026-06-01 19:33:12,7097,DATA,127986393,5G,0.0,1.28
R04-0000509,4,Highland,+1-623-294-0103,+1-764-656-4622,2026-06-01 16:11:46,2339,VOICE,,4G,0.1,3.9
R04-0000510,4,Highland,+1-483-817-3246,,2026-06-01 00:14:37,4561,DATA,382966138,3G,0.0,3.83
R04-0000511,4,Highland,+1-379-532-2759,+1-568-906-0453,2026-06-01 23:01:15,1454,VOICE,,5G,0.08,1.94
R04-0000512,4,Highland,+1-491-970-0733,+1-401-301-3735,2026-06-01 03:39:09,2074,VOICE,,3G,0.12,4.15
R04-0000513,4,Highland,+1-929-890-7135,+1-819-770-4318,2026-06-01 05:37:27,2382,VOICE,,4G,0.1,3.97
R04-0000514,4,Highland,+1-770-974-5025,+1-384-983-4142,2026-06-01 03:35:07,0,SMS,,4G,0.0,0.05
R04-0000515,4,Highland,+1-294-980-8169,+1-615-722-7316,2026-06-01 12:35:40,1264,VOICE,,5G,0.08,1.69
R04-0000516,4,Highland,+1-382-952-6643,,2026-06-01 07:59:05,6824,DATA,141226555,4G,0.0,1.41
R04-0000517,4,Highland,+1-720-419-3260,+1-239-867-3218,2026-06-01 07:39:18,0,VOICE,,3G,0.12,0.0
R04-0000518,4,Highland,+1-746-568-7588,+1-861-403-6140,2026-06-01 08:35:25,1971,VOICE,,5G,0.08,2.63
R04-0000519,4,Highland,+1-648-310-6891,,2026-06-01 02:44:08,340,DATA,255788594,5G,0.0,2.56
R04-0000520,4,Highland,+1-547-795-1744,+1-960-777-6269,2026-06-01 04:25:47,0,SMS,,3G,0.0,0.05
R04-0000521,4,Highland,+1-978-967-5828,+1-866-905-2772,2026-06-01 02:39:34,0,SMS,,5G,0.0,0.05
R04-0000522,4,Highland,+1-903-460-3030,,2026-06-01 04:56:24,7021,DATA,346236260,4G,0.0,3.46
R04-0000523,4,Highland,+1-728-224-2346,,2026-06-01 00:26:14,2196,DATA,64049261,3G,0.0,0.64
R04-0000524,4,Highland,+1-757-686-0074,+1-960-572-7749,2026-06-01 09:14:01,1248,VOICE,,3G,0.12,2.5
R04-0000525,4,Highland,+1-238-636-8463,+1-834-566-9712,2026-06-01 03:56:34,0,SMS,,5G,0.0,0.05
R04-0000526,4,Highland,+1-544-686-0576,+1-937-521-6792,2026-06-01 10:46:20,2457,VOICE,,3G,0.12,4.91
R04-0000527,4,Highland,+1-374-513-4534,+1-974-950-4661,2026-06-01 04:52:21,1034,VOICE,,4G,0.1,1.72
R04-0000528,4,Highland,+1-946-897-6584,+1-480-237-3924,2026-06-01 01:15:57,0,SMS,,3G,0.0,0.05
R04-0000529,4,Highland,+1-906-950-3423,+1-427-257-5310,2026-06-01 02:26:41,2379,VOICE,,5G,0.08,3.17
R04-0000530,4,Highland,+1-868-752-4167,+1-659-457-7455,2026-06-01 00:54:21,321,VOICE,,4G,0.1,0.54
R04-0000531,4,Highland,+1-885-773-7671,+1-624-250-2907,2026-06-01 06:23:39,965,VOICE,,4G,0.1,1.61
R04-0000532,4,Highland,+1-249-566-7198,+1-384-729-4791,2026-06-01 21:10:32,0,SMS,,5G,0.0,0.05
R04-0000533,4,Highland,+1-743-473-5603,+1-598-347-4527,2026-06-01 08:23:06,1246,VOICE,,4G,0.1,2.08
R04-0000534,4,Highland,+1-496-237-4752,,2026-06-01 08:34:29,170,DATA,414368092,4G,0.0,4.14
R04-0000535,4,Highland,+1-878-353-3624,+1-602-825-2660,2026-06-01 14:13:19,0,SMS,,4G,0.0,0.05
R04-0000536,4,Highland,+1-853-472-6893,+1-437-886-1941,2026-06-01 23:34:37,0,SMS,,4G,0.0,0.05
R04-0000537,4,Highland,+1-698-490-6542,,2026-06-01 03:22:23,2306,DATA,289570437,5G,0.0,2.9
R04-0000538,4,Highland,+1-414-576-2363,+1-507-701-4519,2026-06-01 21:48:25,0,SMS,,5G,0.0,0.05
R04-0000539,4,Highland,+1-571-416-1372,+1-761-846-8867,2026-06-01 13:26:32,0,SMS,,4G,0.0,0.05
R04-0000540,4,Highland,+1-652-543-9434,,2026-06-01 12:17:11,2185,DATA,96915930,4G,0.0,0.97
R04-0000541,4,Highland,+1-512-664-7779,+1-632-576-9906,2026-06-01 02:51:32,2151,VOICE,,5G,0.08,2.87
R04-0000542,4,Highland,+1-395-204-6660,,2026-06-01 23:33:38,3922,DATA,50619805,4G,0.0,0.51
R04-0000543,4,Highland,+1-916-291-4378,+1-962-592-6380,2026-06-01 13:53:52,918,VOICE,,4G,0.1,1.53
R04-0000544,4,Highland,+1-834-851-3291,+1-602-276-3411,2026-06-01 09:57:55,1867,VOICE,,5G,0.08,2.49
R04-0000545,4,Highland,+1-810-237-8857,+1-509-281-9042,2026-06-01 00:58:32,3327,VOICE,,3G,0.12,6.65
R04-0000546,4,Highland,+1-844-576-2566,,2026-06-01 00:17:34,3720,DATA,166349288,5G,0.0,1.66
R04-0000547,4,Highland,+1-754-435-2869,+1-724-901-3369,2026-06-01 14:30:35,0,SMS,,5G,0.0,0.05
R04-0000548,4,Highland,+1-322-388-3862,+1-591-419-4117,2026-06-01 18:17:39,325,VOICE,,5G,0.08,0.43
R04-0000549,4,Highland,+1-296-325-0585,+1-456-576-2077,2026-06-01 20:08:53,3087,VOICE,,3G,0.12,6.17
R04-0000550,4,Highland,+1-249-815-1482,+1-857-574-6559,2026-06-01 13:08:03,0,SMS,,4G,0.0,0.05
R04-0000551,4,Highland,+1-448-467-1105,+1-229-924-5308,2026-06-01 08:52:05,3260,VOICE,,4G,0.1,5.43
R04-0000552,4,Highland,+1-348-639-7365,+1-858-592-2479,2026-06-01 20:41:27,0,SMS,,4G,0.0,0.05
R04-0000553,4,Highland,+1-806-918-6940,+1-331-921-9835,2026-06-01 23:07:24,2630,VOICE,,4G,0.1,4.38
R04-0000554,4,Highland,+1-326-255-8602,+1-678-778-7901,2026-06-01 07:48:14,2317,VOICE,,3G,0.12,4.63
R04-0000555,4,Highland,+1-624-533-8922,+1-644-977-9701,2026-06-01 11:04:01,1605,VOICE,,4G,0.1,2.68
R04-0000556,4,Highland,+1-302-437-3926,+1-550-244-1008,2026-06-01 03:46:24,1552,VOICE,,5G,0.08,2.07
R04-0000557,4,Highland,+1-692-400-3486,+1-399-940-6540,2026-06-01 12:51:49,496,VOICE,,4G,0.1,0.83
R04-0000558,4,Highland,+1-971-843-2794,+1-387-328-1170,2026-06-01 06:08:26,0,SMS,,4G,0.0,0.05
R04-0000559,4,Highland,+1-348-481-2425,+1-484-383-3144,2026-06-01 06:26:06,3030,VOICE,,5G,0.08,4.04
R04-0000560,4,Highland,+1-645-662-5057,+1-964-456-1662,2026-06-01 01:26:30,671,VOICE,,4G,0.1,1.12
R04-0000561,4,Highland,+1-946-605-3168,,2026-06-01 08:16:19,5196,DATA,254653373,5G,0.0,2.55
R04-0000562,4,Highland,+1-388-982-1259,+1-538-264-4446,2026-06-01 15:22:53,311,VOICE,,5G,0.08,0.41
R04-0000563,4,Highland,+1-448-600-4926,+1-329-914-1045,2026-06-01 08:41:58,39,VOICE,,5G,0.08,0.05
R04-0000564,4,Highland,+1-317-330-0774,+1-428-393-4797,2026-06-01 17:30:11,1013,VOICE,,4G,0.1,1.69
R04-0000565,4,Highland,+1-736-897-9860,+1-688-516-5262,2026-06-01 21:59:08,1331,VOICE,,4G,0.1,2.22
R04-0000566,4,Highland,+1-241-911-3772,+1-801-847-2378,2026-06-01 05:05:10,0,SMS,,4G,0.0,0.05
R04-0000567,4,Highland,+1-835-215-1233,+1-778-953-4093,2026-06-01 14:31:10,2255,VOICE,,5G,0.08,3.01
R04-0000568,4,Highland,+1-909-285-4195,+1-781-206-5357,2026-06-01 18:36:05,1132,VOICE,,4G,0.1,1.89
R04-0000569,4,Highland,+1-391-378-1970,+1-957-301-1361,2026-06-01 09:25:53,792,VOICE,,5G,0.08,1.06
R04-0000570,4,Highland,+1-224-270-0279,+1-512-667-3069,2026-06-01 07:47:50,0,SMS,,4G,0.0,0.05
R04-0000571,4,Highland,+1-873-841-6544,,2026-06-01 14:54:48,5700,DATA,360143017,4G,0.0,3.6
R04-0000572,4,Highland,+1-469-309-5517,+1-251-501-6299,2026-06-01 17:23:51,2724,VOICE,,3G,0.12,5.45
R04-0000573,4,Highland,+1-491-363-9297,+1-312-586-4491,2026-06-01 17:08:23,1111,VOICE,,4G,0.1,1.85
R04-0000574,4,Highland,+1-522-369-8348,+1-775-983-0373,2026-06-01 08:51:50,1762,VOICE,,4G,0.1,2.94
R04-0000575,4,Highland,+1-254-285-9424,+1-406-350-1492,2026-06-01 07:36:38,1204,VOICE,,4G,0.1,2.01
R04-0000576,4,Highland,+1-686-315-3105,+1-674-440-9965,2026-06-01 01:50:35,2382,VOICE,,4G,0.1,3.97
R04-0000577,4,Highland,+1-520-907-0875,+1-872-701-0411,2026-06-01 02:32:22,1144,VOICE,,4G,0.1,1.91
R04-0000578,4,Highland,+1-710-890-5263,+1-799-592-3765,2026-06-01 23:25:25,0,SMS,,5G,0.0,0.05
R04-0000579,4,Highland,+1-901-493-2720,,2026-06-01 17:18:28,563,DATA,422519244,3G,0.0,4.23
R04-0000580,4,Highland,+1-863-531-4008,+1-320-284-8739,2026-06-01 14:03:29,1882,VOICE,,4G,0.1,3.14
R04-0000581,4,Highland,+1-473-620-6162,+1-925-974-1695,2026-06-01 00:14:02,430,VOICE,,3G,0.12,0.86
R04-0000582,4,Highland,+1-386-274-5185,+1-382-373-4112,2026-06-01 11:19:19,0,SMS,,4G,0.0,0.05
R04-0000583,4,Highland,+1-509-342-4689,,2026-06-01 18:52:12,1365,DATA,71382348,5G,0.0,0.71
R04-0000584,4,Highland,+1-780-685-5747,+1-601-521-7568,2026-06-01 19:17:59,0,SMS,,4G,0.0,0.05
R04-0000585,4,Highland,+1-445-417-1225,+1-924-311-0766,2026-06-01 09:49:10,0,SMS,,4G,0.0,0.05
R04-0000586,4,Highland,+1-350-795-1884,+1-442-542-6699,2026-06-01 00:10:33,2143,VOICE,,5G,0.08,2.86
R04-0000587,4,Highland,+1-605-550-2493,+1-618-648-4699,2026-06-01 17:50:17,3270,VOICE,,4G,0.1,5.45
R04-0000588,4,Highland,+1-915-425-4662,,2026-06-01 03:20:50,4427,DATA,328204180,4G,0.0,3.28
R04-0000589,4,Highland,+1-253-481-3048,+1-536-931-0850,2026-06-01 16:58:15,0,SMS,,5G,0.0,0.05
R04-0000590,4,Highland,+1-936-548-9403,+1-394-830-9684,2026-06-01 15:53:22,0,VOICE,,3G,0.12,0.0
R04-0000591,4,Highland,+1-544-216-2694,+1-406-207-5760,2026-06-01 21:57:52,3541,VOICE,,4G,0.1,5.9
R04-0000592,4,Highland,+1-419-896-3758,+1-544-720-0685,2026-06-01 07:18:21,2894,VOICE,,4G,0.1,4.82
R04-0000593,4,Highland,+1-588-507-0454,+1-948-381-6499,2026-06-01 22:35:19,2689,VOICE,,5G,0.08,3.59
R04-0000594,4,Highland,+1-808-667-0908,+1-813-766-6225,2026-06-01 08:00:35,1907,VOICE,,5G,0.08,2.54
R04-0000595,4,Highland,+1-429-386-7413,+1-749-868-0839,2026-06-01 10:37:44,0,SMS,,5G,0.0,0.05
R04-0000596,4,Highland,+1-723-523-1732,+1-632-386-5838,2026-06-01 01:56:48,0,SMS,,5G,0.0,0.05
R04-0000597,4,Highland,+1-881-491-2081,,2026-06-01 14:42:50,2661,DATA,11198176,5G,0.0,0.11
R04-0000598,4,Highland,+1-354-730-5831,,2026-06-01 14:46:31,6997,DATA,441673905,3G,0.0,4.42
R04-0000599,4,Highland,+1-568-270-7574,+1-734-728-2440,2026-06-01 16:05:04,0,SMS,,4G,0.0,0.05
R04-0000600,4,Highland,+1-316-284-0947,+1-215-333-2534,2026-06-01 05:12:42,705,VOICE,,4G,0.1,1.18
R04-0000601,4,Highland,+1-243-882-7977,+1-902-764-0216,2026-06-01 02:36:01,3559,VOICE,,5G,0.08,4.75
R04-0000602,4,Highland,+1-417-907-5236,+1-964-332-3777,2026-06-01 14:22:53,0,SMS,,5G,0.0,0.05
R04-0000603,4,Highland,+1-492-898-2358,+1-297-876-3952,2026-06-01 13:11:56,3515,VOICE,,5G,0.08,4.69
R04-0000604,4,Highland,+1-438-557-9960,,2026-06-01 07:45:35,1341,DATA,117611159,5G,0.0,1.18
R04-0000605,4,Highland,+1-808-273-3841,+1-836-322-7800,2026-06-01 00:18:20,0,SMS,,4G,0.0,0.05
R04-0000606,4,Highland,+1-856-375-2158,,2026-06-01 06:57:47,6301,DATA,22924695,5G,0.0,0.23
R04-0000607,4,Highland,+1-787-334-0161,+1-775-529-1976,2026-06-01 07:01:30,3042,VOICE,,4G,0.1,5.07
R04-0000608,4,Highland,+1-552-771-4865,,2026-06-01 12:06:12,3574,DATA,231769736,4G,0.0,2.32
R04-0000609,4,Highland,+1-341-589-8025,+1-483-832-1305,2026-06-01 13:30:41,0,SMS,,4G,0.0,0.05
R04-0000610,4,Highland,+1-749-672-9477,+1-521-547-9175,2026-06-01 01:01:35,2612,VOICE,,5G,0.08,3.48
R04-0000611,4,Highland,+1-792-341-6777,+1-606-928-4928,2026-06-01 18:05:22,1824,VOICE,,4G,0.1,3.04
R04-0000612,4,Highland,+1-271-851-7113,+1-249-790-5038,2026-06-01 09:28:57,53,VOICE,,3G,0.12,0.11
R04-0000613,4,Highland,+1-328-915-0960,,2026-06-01 06:15:34,815,DATA,183278643,5G,0.0,1.83
R04-0000614,4,Highland,+1-869-619-8861,+1-941-751-6269,2026-06-01 07:57:32,0,SMS,,4G,0.0,0.05
R04-0000615,4,Highland,+1-795-738-8568,+1-477-576-2169,2026-06-01 12:45:29,2237,VOICE,,4G,0.1,3.73
R04-0000616,4,Highland,+1-661-812-7713,,2026-06-01 20:44:51,2055,DATA,120136299,4G,0.0,1.2
R04-0000617,4,Highland,+1-801-676-0615,+1-862-282-8791,2026-06-01 16:33:02,382,VOICE,,4G,0.1,0.64
R04-0000618,4,Highland,+1-624-216-9470,+1-786-312-5876,2026-06-01 17:27:12,1061,VOICE,,4G,0.1,1.77
R04-0000619,4,Highland,+1-448-916-9449,+1-862-540-3133,2026-06-01 04:22:34,2251,VOICE,,4G,0.1,3.75
R04-0000620,4,Highland,+1-855-596-3857,+1-580-465-8694,2026-06-01 23:34:01,591,VOICE,,4G,0.1,0.98
R04-0000621,4,Highland,+1-526-915-0641,+1-416-858-8652,2026-06-01 15:36:12,0,SMS,,4G,0.0,0.05
R04-0000622,4,Highland,+1-357-986-4340,+1-419-291-5075,2026-06-01 00:06:01,510,VOICE,,4G,0.1,0.85
R04-0000623,4,Highland,+1-429-690-7670,+1-847-273-8382,2026-06-01 08:33:13,0,SMS,,5G,0.0,0.05
R04-0000624,4,Highland,+1-813-907-1662,+1-236-599-8814,2026-06-01 20:11:35,1532,VOICE,,4G,0.1,2.55
R04-0000625,4,Highland,+1-711-258-5106,,2026-06-01 08:49:29,4175,DATA,17739196,5G,0.0,0.18
R04-0000626,4,Highland,+1-595-513-7303,,2026-06-01 10:44:05,3518,DATA,30818220,4G,0.0,0.31
R04-0000627,4,Highland,+1-673-897-7405,+1-865-529-9374,2026-06-01 06:30:51,0,VOICE,,4G,0.1,0.0
R04-0000628,4,Highland,+1-726-587-8064,+1-589-901-3863,2026-06-01 01:09:22,2913,VOICE,,3G,0.12,5.83
R04-0000629,4,Highland,+1-534-965-5473,+1-813-993-3618,2026-06-01 07:14:44,1848,VOICE,,4G,0.1,3.08
R04-0000630,4,Highland,+1-343-943-2031,+1-857-790-4743,2026-06-01 12:16:57,0,SMS,,4G,0.0,0.05
R04-0000631,4,Highland,+1-479-937-2795,+1-766-288-3560,2026-06-01 14:59:53,632,VOICE,,4G,0.1,1.05
R04-0000632,4,Highland,+1-573-540-6594,+1-515-609-7967,2026-06-01 21:49:10,1477,VOICE,,3G,0.12,2.95
R04-0000633,4,Highland,+1-817-500-4058,+1-320-718-8289,2026-06-01 21:54:44,0,SMS,,4G,0.0,0.05
R04-0000634,4,Highland,+1-521-427-7080,+1-671-216-6859,2026-06-01 05:47:53,0,SMS,,3G,0.0,0.05
R04-0000635,4,Highland,+1-671-571-0813,+1-445-487-3994,2026-06-01 18:35:15,382,VOICE,,4G,0.1,0.64
R04-0000636,4,Highland,+1-699-737-6284,,2026-06-01 18:41:15,5664,DATA,385898000,5G,0.0,3.86
R04-0000637,4,Highland,+1-468-486-4192,+1-876-350-7313,2026-06-01 12:36:34,0,VOICE,,4G,0.1,0.0
R04-0000638,4,Highland,+1-730-461-9276,+1-699-944-2418,2026-06-01 10:47:55,760,VOICE,,4G,0.1,1.27
R04-0000639,4,Highland,+1-442-542-8632,+1-401-399-3987,2026-06-01 00:17:30,0,SMS,,3G,0.0,0.05
R04-0000640,4,Highland,+1-339-626-5261,+1-307-271-0565,2026-06-01 20:55:13,2113,VOICE,,4G,0.1,3.52
R04-0000641,4,Highland,+1-775-768-2345,+1-606-531-3408,2026-06-01 00:16:06,0,SMS,,4G,0.0,0.05
R04-0000642,4,Highland,+1-719-641-4474,+1-512-779-5301,2026-06-01 16:19:11,1854,VOICE,,4G,0.1,3.09
R04-0000643,4,Highland,+1-547-486-7913,+1-416-796-1826,2026-06-01 02:27:55,531,VOICE,,4G,0.1,0.89
R04-0000644,4,Highland,+1-225-202-6759,+1-207-210-4471,2026-06-01 23:47:27,0,SMS,,4G,0.0,0.05
R04-0000645,4,Highland,+1-808-952-7022,+1-530-337-9722,2026-06-01 05:41:17,0,SMS,,4G,0.0,0.05
R04-0000646,4,Highland,+1-203-386-0992,,2026-06-01 08:45:03,2051,DATA,426407163,4G,0.0,4.26
R04-0000647,4,Highland,+1-406-473-1749,,2026-06-01 10:03:34,1411,DATA,271070708,4G,0.0,2.71
R04-0000648,4,Highland,+1-893-373-9007,,2026-06-01 21:45:57,1650,DATA,116196308,5G,0.0,1.16
R04-0000649,4,Highland,+1-653-903-5278,,2026-06-01 03:06:37,2971,DATA,20473650,4G,0.0,0.2
R04-0000650,4,Highland,+1-887-394-5790,+1-313-814-9038,2026-06-01 00:09:38,1160,VOICE,,4G,0.1,1.93
R04-0000651,4,Highland,+1-228-330-6055,+1-753-836-4096,2026-06-01 22:24:10,1063,VOICE,,5G,0.08,1.42
R04-0000652,4,Highland,+1-911-868-5374,+1-373-674-0798,2026-06-01 14:57:41,1970,VOICE,,4G,0.1,3.28
R04-0000653,4,Highland,+1-317-507-9520,+1-274-742-2144,2026-06-01 05:29:10,0,SMS,,5G,0.0,0.05
R04-0000654,4,Highland,+1-959-690-0401,+1-771-990-4349,2026-06-01 04:24:22,833,VOICE,,4G,0.1,1.39
R04-0000655,4,Highland,+1-634-782-9498,+1-616-315-9485,2026-06-01 20:45:26,912,VOICE,,4G,0.1,1.52
R04-0000656,4,Highland,+1-775-280-8791,+1-772-675-1604,2026-06-01 14:36:02,3466,VOICE,,5G,0.08,4.62
R04-0000657,4,Highland,+1-770-915-2217,+1-697-702-4945,2026-06-01 19:21:35,1584,VOICE,,4G,0.1,2.64
R04-0000658,4,Highland,+1-476-716-6943,+1-562-700-2029,2026-06-01 10:55:11,1484,VOICE,,4G,0.1,2.47
R04-0000659,4,Highland,+1-442-453-9961,+1-787-347-5666,2026-06-01 00:50:59,3239,VOICE,,4G,0.1,5.4
R04-0000660,4,Highland,+1-531-706-1440,+1-773-569-6118,2026-06-01 06:08:41,0,SMS,,5G,0.0,0.05
R04-0000661,4,Highland,+1-814-818-6358,+1-756-502-5342,2026-06-01 21:04:49,0,SMS,,5G,0.0,0.05
R04-0000662,4,Highland,+1-521-473-5669,+1-926-925-8432,2026-06-01 10:31:09,0,SMS,,4G,0.0,0.05
R04-0000663,4,Highland,+1-689-426-7597,+1-815-355-6251,2026-06-01 05:09:25,2502,VOICE,,4G,0.1,4.17
R04-0000664,4,Highland,+1-668-585-1243,,2026-06-01 04:53:28,5344,DATA,42117628,4G,0.0,0.42
R04-0000665,4,Highland,+1-621-911-6876,+1-537-834-8259,2026-06-01 15:14:30,774,VOICE,,4G,0.1,1.29
R04-0000666,4,Highland,+1-898-555-0706,+1-323-504-7077,2026-06-01 20:15:09,0,SMS,,4G,0.0,0.05
R04-0000667,4,Highland,+1-964-411-9276,,2026-06-01 09:11:49,5172,DATA,398207587,4G,0.0,3.98
R04-0000668,4,Highland,+1-574-613-2467,+1-270-333-4597,2026-06-01 13:28:37,3354,VOICE,,5G,0.08,4.47
R04-0000669,4,Highland,+1-669-590-2437,+1-257-243-0837,2026-06-01 17:54:06,535,VOICE,,5G,0.08,0.71
R04-0000670,4,Highland,+1-932-447-0891,+1-493-438-5483,2026-06-01 16:36:36,0,SMS,,5G,0.0,0.05
R04-0000671,4,Highland,+1-663-549-8854,+1-392-202-8662,2026-06-01 06:19:13,3358,VOICE,,4G,0.1,5.6
R04-0000672,4,Highland,+1-481-603-0013,+1-823-798-8619,2026-06-01 05:37:08,0,SMS,,4G,0.0,0.05
R04-0000673,4,Highland,+1-635-889-3596,+1-279-780-0935,2026-06-01 14:22:32,3523,VOICE,,4G,0.1,5.87
R04-0000674,4,Highland,+1-689-810-5188,+1-467-336-7517,2026-06-01 21:44:54,1263,VOICE,,4G,0.1,2.1
R04-0000675,4,Highland,+1-772-390-9924,+1-509-760-8076,2026-06-01 15:23:49,0,SMS,,5G,0.0,0.05
R04-0000676,4,Highland,+1-922-830-2325,+1-335-330-5211,2026-06-01 16:25:50,3461,VOICE,,4G,0.1,5.77
R04-0000677,4,Highland,+1-580-752-8815,+1-210-316-3925,2026-06-01 10:41:35,581,VOICE,,4G,0.1,0.97
R04-0000678,4,Highland,+1-526-327-5067,+1-828-652-3051,2026-06-01 11:17:40,2145,VOICE,,4G,0.1,3.58
R04-0000679,4,Highland,+1-443-839-9228,,2026-06-01 04:37:43,2711,DATA,188816121,4G,0.0,1.89
R04-0000680,4,Highland,+1-802-523-5673,,2026-06-01 07:44:40,3475,DATA,169191236,5G,0.0,1.69
R04-0000681,4,Highland,+1-660-876-5464,+1-939-255-8213,2026-06-01 13:05:53,0,SMS,,3G,0.0,0.05
R04-0000682,4,Highland,+1-425-658-1368,+1-735-617-0815,2026-06-01 21:02:19,1578,VOICE,,4G,0.1,2.63
R04-0000683,4,Highland,+1-551-800-1543,+1-326-291-9973,2026-06-01 00:59:31,2590,VOICE,,5G,0.08,3.45
R04-0000684,4,Highland,+1-240-200-8599,+1-751-309-9671,2026-06-01 02:22:35,296,VOICE,,4G,0.1,0.49
R04-0000685,4,Highland,+1-387-617-6734,+1-410-810-4588,2026-06-01 04:19:53,1308,VOICE,,5G,0.08,1.74
R04-0000686,4,Highland,+1-740-330-6837,+1-421-279-3011,2026-06-01 20:09:43,3344,VOICE,,4G,0.1,5.57
R04-0000687,4,Highland,+1-649-270-6849,,2026-06-01 21:32:03,742,DATA,4882469,5G,0.0,0.05
R04-0000688,4,Highland,+1-431-493-7554,+1-747-215-6391,2026-06-01 21:25:29,1270,VOICE,,4G,0.1,2.12
R04-0000689,4,Highland,+1-630-684-9405,+1-573-526-9978,2026-06-01 00:19:52,0,SMS,,5G,0.0,0.05
R04-0000690,4,Highland,+1-957-478-1431,+1-643-554-5352,2026-06-01 09:51:18,2276,VOICE,,4G,0.1,3.79
R04-0000691,4,Highland,+1-572-307-3809,,2026-06-01 02:01:50,6674,DATA,440542472,4G,0.0,4.41
R04-0000692,4,Highland,+1-903-972-0686,+1-730-889-6292,2026-06-01 22:49:33,922,VOICE,,4G,0.1,1.54
R04-0000693,4,Highland,+1-687-949-6658,+1-914-556-8785,2026-06-01 21:42:57,0,SMS,,4G,0.0,0.05
R04-0000694,4,Highland,+1-645-464-9934,+1-889-216-6985,2026-06-01 14:45:16,2202,VOICE,,4G,0.1,3.67
R04-0000695,4,Highland,+1-770-702-0787,+1-782-246-8759,2026-06-01 15:31:09,2143,VOICE,,4G,0.1,3.57
R04-0000696,4,Highland,+1-476-919-4867,+1-693-269-1487,2026-06-01 03:56:22,2821,VOICE,,3G,0.12,5.64
R04-0000697,4,Highland,+1-966-327-8174,+1-541-269-4488,2026-06-01 17:03:56,0,SMS,,3G,0.0,0.05
R04-0000698,4,Highland,+1-218-535-1915,+1-974-595-4039,2026-06-01 20:28:46,0,SMS,,4G,0.0,0.05
R04-0000699,4,Highland,+1-893-994-1103,,2026-06-01 17:56:43,1666,DATA,275606226,4G,0.0,2.76
R04-0000700,4,Highland,+1-536-278-0815,+1-617-574-0765,2026-06-01 20:43:00,0,SMS,,3G,0.0,0.05
R04-0000701,4,Highland,+1-670-360-0555,+1-489-488-6988,2026-06-01 21:20:06,0,SMS,,3G,0.0,0.05
R04-0000702,4,Highland,+1-569-545-4864,+1-212-923-2817,2026-06-01 23:01:58,0,SMS,,4G,0.0,0.05
R04-0000703,4,Highland,+1-957-817-4890,,2026-06-01 15:46:18,527,DATA,308707273,3G,0.0,3.09
R04-0000704,4,Highland,+1-483-990-6702,+1-736-732-4024,2026-06-01 14:31:42,0,SMS,,3G,0.0,0.05
R04-0000705,4,Highland,+1-668-207-1682,+1-235-689-1394,2026-06-01 15:50:33,0,SMS,,4G,0.0,0.05
R04-0000706,4,Highland,+1-254-231-2416,+1-290-225-8149,2026-06-01 07:04:51,2980,VOICE,,3G,0.12,5.96
R04-0000707,4,Highland,+1-591-291-3277,,2026-06-01 11:24:47,579,DATA,162359940,5G,0.0,1.62
R04-0000708,4,Highland,+1-752-364-1976,,2026-06-01 04:38:58,4626,DATA,126898447,5G,0.0,1.27
R04-0000709,4,Highland,+1-240-521-8629,,2026-06-01 04:04:36,4453,DATA,36865746,4G,0.0,0.37
R04-0000710,4,Highland,+1-647-470-5942,+1-239-615-1863,2026-06-01 17:34:43,2648,VOICE,,4G,0.1,4.41
R04-0000711,4,Highland,+1-534-415-7066,+1-250-711-6537,2026-06-01 15:25:01,0,SMS,,4G,0.0,0.05
R04-0000712,4,Highland,+1-525-607-2105,+1-337-747-4639,2026-06-01 22:47:33,3147,VOICE,,5G,0.08,4.2
R04-0000713,4,Highland,+1-400-435-4032,+1-906-228-5827,2026-06-01 10:14:15,562,VOICE,,5G,0.08,0.75
R04-0000714,4,Highland,+1-714-585-9985,+1-978-518-5552,2026-06-01 22:28:32,1294,VOICE,,4G,0.1,2.16
R04-0000715,4,Highland,+1-339-286-8288,+1-276-242-7777,2026-06-01 09:20:43,2641,VOICE,,5G,0.08,3.52
R04-0000716,4,Highland,+1-846-332-1934,+1-330-401-8161,2026-06-01 18:20:42,3578,VOICE,,5G,0.08,4.77
R04-0000717,4,Highland,+1-615-450-8810,+1-283-553-2621,2026-06-01 01:16:29,0,SMS,,4G,0.0,0.05
R04-0000718,4,Highland,+1-204-878-4228,+1-235-602-6536,2026-06-01 16:51:39,1081,VOICE,,5G,0.08,1.44
R04-0000719,4,Highland,+1-344-326-4659,+1-597-474-7953,2026-06-01 23:04:11,0,SMS,,4G,0.0,0.05
R04-0000720,4,Highland,+1-459-824-8280,+1-238-329-3838,2026-06-01 01:21:17,58,VOICE,,4G,0.1,0.1
R04-0000721,4,Highland,+1-949-994-5857,+1-910-290-0921,2026-06-01 20:24:22,3350,VOICE,,5G,0.08,4.47
R04-0000722,4,Highland,+1-460-791-1279,+1-408-593-2366,2026-06-01 05:31:02,642,VOICE,,5G,0.08,0.86
R04-0000723,4,Highland,+1-460-921-1201,+1-701-746-9517,2026-06-01 17:56:43,2096,VOICE,,4G,0.1,3.49
R04-0000724,4,Highland,+1-276-879-9539,+1-265-573-4245,2026-06-01 04:57:28,0,SMS,,3G,0.0,0.05
R04-0000725,4,Highland,+1-979-742-7136,,2026-06-01 10:13:42,1733,DATA,55561338,5G,0.0,0.56
R04-0000726,4,Highland,+1-725-526-3502,+1-645-467-9313,2026-06-01 00:42:23,0,SMS,,4G,0.0,0.05
R04-0000727,4,Highland,+1-335-463-9192,+1-278-888-5466,2026-06-01 20:23:55,259,VOICE,,4G,0.1,0.43
R04-0000728,4,Highland,+1-762-889-8855,+1-409-552-9310,2026-06-01 21:09:07,2027,VOICE,,5G,0.08,2.7
R04-0000729,4,Highland,+1-578-633-1045,+1-624-889-6538,2026-06-01 18:50:41,0,SMS,,4G,0.0,0.05
R04-0000730,4,Highland,+1-368-249-2801,,2026-06-01 17:46:28,2632,DATA,438847391,4G,0.0,4.39
R04-0000731,4,Highland,+1-453-745-8281,+1-530-400-7655,2026-06-01 08:52:06,2547,VOICE,,5G,0.08,3.4
R04-0000732,4,Highland,+1-281-925-8130,,2026-06-01 19:02:45,787,DATA,211817763,4G,0.0,2.12
R04-0000733,4,Highland,+1-409-708-6094,+1-256-245-5769,2026-06-01 23:54:42,1522,VOICE,,4G,0.1,2.54
R04-0000734,4,Highland,+1-343-836-6015,+1-512-920-2565,2026-06-01 06:27:57,851,VOICE,,4G,0.1,1.42
R04-0000735,4,Highland,+1-280-908-0772,,2026-06-01 11:16:11,3422,DATA,99697233,4G,0.0,1.0
R04-0000736,4,Highland,+1-278-755-4351,+1-562-266-3659,2026-06-01 03:33:42,0,SMS,,4G,0.0,0.05
R04-0000737,4,Highland,+1-249-405-0323,+1-831-508-4413,2026-06-01 06:28:38,2577,VOICE,,5G,0.08,3.44
R04-0000738,4,Highland,+1-552-535-0999,,2026-06-01 15:53:21,5118,DATA,213327074,4G,0.0,2.13
R04-0000739,4,Highland,+1-648-468-0326,+1-562-487-0910,2026-06-01 23:53:43,2176,VOICE,,5G,0.08,2.9
R04-0000740,4,Highland,+1-962-285-4489,+1-268-934-8133,2026-06-01 07:23:54,676,VOICE,,4G,0.1,1.13
R04-0000741,4,Highland,+1-916-207-6765,+1-674-379-4834,2026-06-01 09:57:13,1649,VOICE,,3G,0.12,3.3
R04-0000742,4,Highland,+1-574-785-0118,+1-510-966-6316,2026-06-01 22:21:30,0,SMS,,4G,0.0,0.05
R04-0000743,4,Highland,+1-816-302-3946,+1-721-474-6655,2026-06-01 03:48:45,0,SMS,,4G,0.0,0.05
R04-0000744,4,Highland,+1-935-642-0480,+1-315-724-8094,2026-06-01 08:30:36,0,SMS,,4G,0.0,0.05
R04-0000745,4,Highland,+1-411-283-4561,+1-556-277-1756,2026-06-01 20:46:36,3020,VOICE,,5G,0.08,4.03
R04-0000746,4,Highland,+1-987-227-0052,+1-252-592-4385,2026-06-01 23:43:08,0,SMS,,5G,0.0,0.05
R04-0000747,4,Highland,+1-548-501-2337,+1-321-502-2705,2026-06-01 06:22:55,272,VOICE,,4G,0.1,0.45
R04-0000748,4,Highland,+1-490-967-7700,+1-320-686-5512,2026-06-01 03:26:05,0,SMS,,4G,0.0,0.05
R04-0000749,4,Highland,+1-446-499-1877,+1-617-878-7941,2026-06-01 02:11:27,3447,VOICE,,5G,0.08,4.6
R04-0000750,4,Highland,+1-696-473-8271,,2026-06-01 10:51:13,6747,DATA,160293626,5G,0.0,1.6
R04-0000751,4,Highland,+1-831-628-9833,+1-232-982-5136,2026-06-01 09:16:53,2596,VOICE,,4G,0.1,4.33
R04-0000752,4,Highland,+1-329-497-7350,,2026-06-01 16:27:41,497,DATA,81561644,4G,0.0,0.82
R04-0000753,4,Highland,+1-888-780-5385,+1-938-551-1598,2026-06-01 18:19:07,0,SMS,,4G,0.0,0.05
R04-0000754,4,Highland,+1-393-381-5506,+1-881-326-8044,2026-06-01 06:21:08,0,SMS,,5G,0.0,0.05
R04-0000755,4,Highland,+1-729-773-8249,+1-618-884-0349,2026-06-01 07:38:12,3151,VOICE,,4G,0.1,5.25
R04-0000756,4,Highland,+1-939-831-4797,+1-593-921-9062,2026-06-01 13:14:28,264,VOICE,,5G,0.08,0.35
R04-0000757,4,Highland,+1-214-877-2917,+1-984-839-6205,2026-06-01 03:42:58,0,SMS,,5G,0.0,0.05
R04-0000758,4,Highland,+1-351-995-2746,+1-231-437-1170,2026-06-01 10:43:54,0,SMS,,3G,0.0,0.05
R04-0000759,4,Highland,+1-746-553-7898,+1-769-231-9456,2026-06-01 10:17:00,2336,VOICE,,4G,0.1,3.89
R04-0000760,4,Highland,+1-754-964-7061,+1-798-802-5923,2026-06-01 06:44:39,0,SMS,,4G,0.0,0.05
R04-0000761,4,Highland,+1-916-207-6603,+1-712-718-2547,2026-06-01 19:22:58,3150,VOICE,,4G,0.1,5.25
R04-0000762,4,Highland,+1-903-630-9154,+1-649-222-3761,2026-06-01 14:21:44,2110,VOICE,,4G,0.1,3.52
R04-0000763,4,Highland,+1-293-505-4583,+1-302-392-9097,2026-06-01 23:54:47,0,SMS,,3G,0.0,0.05
R04-0000764,4,Highland,+1-567-689-3288,,2026-06-01 16:40:49,2681,DATA,401560629,4G,0.0,4.02
R04-0000765,4,Highland,+1-323-896-5840,+1-962-938-8647,2026-06-01 06:14:17,1378,VOICE,,4G,0.1,2.3
R04-0000766,4,Highland,+1-744-934-4006,+1-759-672-1218,2026-06-01 11:11:13,0,SMS,,4G,0.0,0.05
R04-0000767,4,Highland,+1-632-482-1811,+1-678-615-9189,2026-06-01 03:39:44,0,SMS,,5G,0.0,0.05
R04-0000768,4,Highland,+1-836-805-1018,,2026-06-01 02:30:16,5320,DATA,234514202,4G,0.0,2.35
R04-0000769,4,Highland,+1-847-533-3619,+1-705-974-2831,2026-06-01 10:46:59,0,VOICE,,4G,0.1,0.0
R04-0000770,4,Highland,+1-883-792-0376,,2026-06-01 03:04:59,2985,DATA,162619885,5G,0.0,1.63
R04-0000771,4,Highland,+1-567-667-7208,+1-727-866-4812,2026-06-01 11:03:26,2344,VOICE,,4G,0.1,3.91
R04-0000772,4,Highland,+1-812-652-5602,+1-831-530-0197,2026-06-01 06:31:54,2086,VOICE,,5G,0.08,2.78
R04-0000773,4,Highland,+1-852-489-5311,,2026-06-01 00:29:53,2469,DATA,481620133,4G,0.0,4.82
R04-0000774,4,Highland,+1-608-982-2412,+1-923-439-7645,2026-06-01 19:17:58,1761,VOICE,,4G,0.1,2.94
R04-0000775,4,Highland,+1-434-650-8214,+1-460-724-1997,2026-06-01 02:36:57,1147,VOICE,,5G,0.08,1.53
R04-0000776,4,Highland,+1-200-318-2771,+1-642-854-5718,2026-06-01 09:03:13,2046,VOICE,,4G,0.1,3.41
R04-0000777,4,Highland,+1-659-671-5428,+1-214-569-4088,2026-06-01 00:23:59,0,SMS,,5G,0.0,0.05
R04-0000778,4,Highland,+1-887-580-3867,+1-665-357-4895,2026-06-01 10:05:02,638,VOICE,,4G,0.1,1.06
R04-0000779,4,Highland,+1-771-299-8668,,2026-06-01 12:36:24,3019,DATA,368717966,4G,0.0,3.69
R04-0000780,4,Highland,+1-856-234-6402,+1-278-641-8351,2026-06-01 13:36:40,85,VOICE,,4G,0.1,0.14
R04-0000781,4,Highland,+1-677-630-9634,+1-477-692-8231,2026-06-01 08:23:48,0,SMS,,5G,0.0,0.05
R04-0000782,4,Highland,+1-981-885-3071,+1-589-725-1369,2026-06-01 15:47:07,1677,VOICE,,4G,0.1,2.79
R04-0000783,4,Highland,+1-287-403-0436,,2026-06-01 08:40:29,909,DATA,128882569,3G,0.0,1.29
R04-0000784,4,Highland,+1-335-787-3171,+1-558-386-6462,2026-06-01 15:52:58,1146,VOICE,,3G,0.12,2.29
R04-0000785,4,Highland,+1-393-346-1622,,2026-06-01 09:01:33,4811,DATA,124362236,4G,0.0,1.24
R04-0000786,4,Highland,+1-807-597-2826,+1-738-732-7109,2026-06-01 17:42:37,3571,VOICE,,3G,0.12,7.14
R04-0000787,4,Highland,+1-845-232-0076,+1-892-754-6359,2026-06-01 20:27:27,0,SMS,,5G,0.0,0.05
R04-0000788,4,Highland,+1-762-487-0940,,2026-06-01 03:56:29,6320,DATA,290342351,4G,0.0,2.9
R04-0000789,4,Highland,+1-545-894-1831,+1-617-363-5651,2026-06-01 04:30:51,357,VOICE,,5G,0.08,0.48
R04-0000790,4,Highland,+1-980-316-6867,+1-437-417-6480,2026-06-01 21:23:07,3301,VOICE,,5G,0.08,4.4
R04-0000791,4,Highland,+1-944-749-4390,+1-824-980-4063,2026-06-01 10:34:37,1858,VOICE,,4G,0.1,3.1
R04-0000792,4,Highland,+1-735-743-9089,+1-560-319-9499,2026-06-01 14:45:09,0,SMS,,5G,0.0,0.05
R04-0000793,4,Highland,+1-312-831-3802,+1-260-997-0019,2026-06-01 05:32:35,3313,VOICE,,5G,0.08,4.42
R04-0000794,4,Highland,+1-304-247-4338,,2026-06-01 05:52:41,229,DATA,85712195,4G,0.0,0.86
R04-0000795,4,Highland,+1-390-581-0196,,2026-06-01 14:12:21,6686,DATA,112990458,5G,0.0,1.13
R04-0000796,4,Highland,+1-380-727-2443,+1-563-968-3400,2026-06-01 19:08:14,0,SMS,,4G,0.0,0.05
R04-0000797,4,Highland,+1-354-865-3764,+1-584-852-5201,2026-06-01 01:12:02,0,SMS,,4G,0.0,0.05
R04-0000798,4,Highland,+1-481-876-7558,+1-909-673-4922,2026-06-01 01:03:49,0,SMS,,5G,0.0,0.05
R04-0000799,4,Highland,+1-734-296-6712,+1-597-884-1045,2026-06-01 19:14:46,0,SMS,,5G,0.0,0.05
R04-0000800,4,Highland,+1-848-840-0751,+1-914-848-3720,2026-06-01 08:22:50,403,VOICE,,4G,0.1,0.67
R04-0000801,4,Highland,+1-346-747-5991,+1-321-399-3040,2026-06-01 20:41:34,0,SMS,,5G,0.0,0.05
R04-0000802,4,Highland,+1-403-246-5919,+1-700-384-0002,2026-06-01 23:45:13,3399,VOICE,,4G,0.1,5.67
R04-0000803,4,Highland,+1-448-685-5988,+1-580-935-9151,2026-06-01 19:43:58,1277,VOICE,,4G,0.1,2.13
R04-0000804,4,Highland,+1-306-571-6832,+1-611-946-7107,2026-06-01 09:48:55,2175,VOICE,,5G,0.08,2.9
R04-0000805,4,Highland,+1-942-347-0427,+1-512-998-3190,2026-06-01 03:50:25,0,SMS,,3G,0.0,0.05
R04-0000806,4,Highland,+1-501-512-2421,,2026-06-01 16:04:01,2703,DATA,164336230,4G,0.0,1.64
R04-0000807,4,Highland,+1-731-567-2594,+1-847-309-4531,2026-06-01 14:30:28,1308,VOICE,,3G,0.12,2.62
R04-0000808,4,Highland,+1-537-601-8362,+1-556-700-7369,2026-06-01 12:23:52,0,SMS,,5G,0.0,0.05
R04-0000809,4,Highland,+1-357-903-1929,+1-608-740-4103,2026-06-01 11:07:26,0,SMS,,5G,0.0,0.05
R04-0000810,4,Highland,+1-452-362-4964,,2026-06-01 05:26:39,4384,DATA,357885818,4G,0.0,3.58
R04-0000811,4,Highland,+1-432-488-1776,+1-239-475-6349,2026-06-01 10:00:08,2414,VOICE,,5G,0.08,3.22
R04-0000812,4,Highland,+1-432-339-1122,+1-762-233-2811,2026-06-01 03:07:05,1407,VOICE,,5G,0.08,1.88
R04-0000813,4,Highland,+1-950-912-2002,+1-431-664-5802,2026-06-01 23:11:13,0,VOICE,,5G,0.08,0.0
R04-0000814,4,Highland,+1-916-577-5960,+1-450-318-2201,2026-06-01 01:43:21,0,SMS,,4G,0.0,0.05
R04-0000815,4,Highland,+1-231-382-8632,+1-259-750-7269,2026-06-01 15:59:18,3456,VOICE,,4G,0.1,5.76
R04-0000816,4,Highland,+1-427-531-9922,+1-599-991-1108,2026-06-01 22:06:25,3264,VOICE,,4G,0.1,5.44
R04-0000817,4,Highland,+1-408-837-6577,+1-387-439-4134,2026-06-01 16:46:47,0,VOICE,,4G,0.1,0.0
R04-0000818,4,Highland,+1-830-806-6892,+1-287-808-5721,2026-06-01 05:42:03,2043,VOICE,,4G,0.1,3.4
R04-0000819,4,Highland,+1-695-347-9199,+1-522-215-3253,2026-06-01 09:32:01,0,SMS,,3G,0.0,0.05
R04-0000820,4,Highland,+1-631-675-8387,+1-882-373-8695,2026-06-01 00:06:03,0,SMS,,4G,0.0,0.05
R04-0000821,4,Highland,+1-258-539-3287,+1-645-796-8244,2026-06-01 20:06:13,693,VOICE,,5G,0.08,0.92
R04-0000822,4,Highland,+1-459-979-2057,+1-704-889-0643,2026-06-01 23:10:33,0,SMS,,5G,0.0,0.05
R04-0000823,4,Highland,+1-250-817-8687,+1-925-528-4232,2026-06-01 23:05:02,3197,VOICE,,4G,0.1,5.33
R04-0000824,4,Highland,+1-344-526-5607,+1-231-314-3222,2026-06-01 23:58:15,0,SMS,,5G,0.0,0.05
R04-0000825,4,Highland,+1-520-648-2442,+1-247-277-9271,2026-06-01 12:36:03,0,SMS,,4G,0.0,0.05
R04-0000826,4,Highland,+1-848-951-9177,+1-422-472-1528,2026-06-01 22:48:07,0,SMS,,4G,0.0,0.05
R04-0000827,4,Highland,+1-632-355-7443,,2026-06-01 15:54:02,3350,DATA,236952799,4G,0.0,2.37
R04-0000828,4,Highland,+1-539-602-9239,+1-385-507-0522,2026-06-01 11:05:08,526,VOICE,,3G,0.12,1.05
R04-0000829,4,Highland,+1-929-502-3423,+1-299-207-5323,2026-06-01 12:32:21,0,SMS,,5G,0.0,0.05
R04-0000830,4,Highland,+1-690-835-7927,+1-470-398-0853,2026-06-01 08:12:26,0,SMS,,4G,0.0,0.05
R04-0000831,4,Highland,+1-659-713-7334,+1-479-351-8016,2026-06-01 19:51:11,2214,VOICE,,3G,0.12,4.43
R04-0000832,4,Highland,+1-258-520-4524,,2026-06-01 09:54:35,7103,DATA,445695217,5G,0.0,4.46
R04-0000833,4,Highland,+1-856-586-8571,+1-513-316-7644,2026-06-01 08:00:42,2149,VOICE,,5G,0.08,2.87
R04-0000834,4,Highland,+1-617-889-5468,+1-232-553-5309,2026-06-01 12:49:44,576,VOICE,,4G,0.1,0.96
R04-0000835,4,Highland,+1-775-347-6737,+1-777-850-8329,2026-06-01 19:30:50,100,VOICE,,5G,0.08,0.13
R04-0000836,4,Highland,+1-817-652-2822,+1-573-935-1552,2026-06-01 03:58:44,0,SMS,,4G,0.0,0.05
R04-0000837,4,Highland,+1-740-859-0058,+1-256-809-9560,2026-06-01 00:55:56,528,VOICE,,4G,0.1,0.88
R04-0000838,4,Highland,+1-691-435-2591,+1-574-994-4233,2026-06-01 00:55:06,0,SMS,,5G,0.0,0.05
R04-0000839,4,Highland,+1-711-706-5105,+1-746-980-1371,2026-06-01 14:31:17,2641,VOICE,,4G,0.1,4.4
R04-0000840,4,Highland,+1-858-798-0154,+1-410-407-5485,2026-06-01 18:10:25,2364,VOICE,,4G,0.1,3.94
R04-0000841,4,Highland,+1-984-974-5800,+1-356-918-5090,2026-06-01 04:05:40,2981,VOICE,,5G,0.08,3.97
R04-0000842,4,Highland,+1-220-392-4388,+1-812-852-2334,2026-06-01 05:05:57,0,SMS,,4G,0.0,0.05
R04-0000843,4,Highland,+1-533-340-9723,+1-916-580-4339,2026-06-01 09:22:41,1569,VOICE,,3G,0.12,3.14
R04-0000844,4,Highland,+1-569-263-2995,+1-207-319-5350,2026-06-01 16:49:25,3108,VOICE,,4G,0.1,5.18
R04-0000845,4,Highland,+1-857-913-0203,,2026-06-01 07:00:24,6867,DATA,161248735,3G,0.0,1.61
R04-0000846,4,Highland,+1-439-436-9403,+1-709-829-1699,2026-06-01 12:55:04,0,SMS,,5G,0.0,0.05
R04-0000847,4,Highland,+1-211-965-0736,+1-588-665-0245,2026-06-01 18:13:33,0,SMS,,4G,0.0,0.05
R04-0000848,4,Highland,+1-675-461-5501,+1-733-576-1272,2026-06-01 10:07:12,0,SMS,,3G,0.0,0.05
R04-0000849,4,Highland,+1-431-910-7892,+1-564-855-0648,2026-06-01 16:03:24,0,SMS,,4G,0.0,0.05
R04-0000850,4,Highland,+1-271-628-8228,+1-240-943-9163,2026-06-01 07:40:27,1401,VOICE,,5G,0.08,1.87
R04-0000851,4,Highland,+1-472-412-7810,+1-298-270-0794,2026-06-01 20:23:10,3212,VOICE,,3G,0.12,6.42
R04-0000852,4,Highland,+1-939-464-8225,+1-928-763-5808,2026-06-01 07:24:08,0,SMS,,3G,0.0,0.05
R04-0000853,4,Highland,+1-730-232-0319,+1-345-214-5410,2026-06-01 21:12:37,579,VOICE,,4G,0.1,0.97
R04-0000854,4,Highland,+1-361-833-4275,+1-413-607-1377,2026-06-01 02:43:25,1147,VOICE,,4G,0.1,1.91
R04-0000855,4,Highland,+1-305-372-7494,+1-665-669-0863,2026-06-01 10:59:46,0,SMS,,5G,0.0,0.05
R04-0000856,4,Highland,+1-607-445-8989,+1-845-489-4942,2026-06-01 02:18:19,2694,VOICE,,4G,0.1,4.49
R04-0000857,4,Highland,+1-653-526-4684,,2026-06-01 12:40:37,63,DATA,389959694,5G,0.0,3.9
R04-0000858,4,Highland,+1-642-961-1650,,2026-06-01 14:48:21,5519,DATA,457404431,5G,0.0,4.57
R04-0000859,4,Highland,+1-447-748-5974,+1-310-288-8930,2026-06-01 04:54:27,578,VOICE,,5G,0.08,0.77
R04-0000860,4,Highland,+1-970-306-0767,,2026-06-01 10:58:59,4120,DATA,149892232,4G,0.0,1.5
R04-0000861,4,Highland,+1-532-224-3580,+1-920-269-9126,2026-06-01 02:34:59,3600,VOICE,,4G,0.1,6.0
R04-0000862,4,Highland,+1-391-930-7943,+1-672-593-0432,2026-06-01 07:05:19,1102,VOICE,,4G,0.1,1.84
R04-0000863,4,Highland,+1-276-766-2155,+1-312-951-2006,2026-06-01 19:46:22,1546,VOICE,,4G,0.1,2.58
R04-0000864,4,Highland,+1-424-392-7698,+1-526-970-2670,2026-06-01 15:59:38,0,SMS,,4G,0.0,0.05
R04-0000865,4,Highland,+1-450-870-1470,+1-397-621-5702,2026-06-01 07:14:49,3208,VOICE,,4G,0.1,5.35
R04-0000866,4,Highland,+1-905-590-1580,+1-239-775-5602,2026-06-01 06:43:26,1117,VOICE,,4G,0.1,1.86
R04-0000867,4,Highland,+1-745-417-7185,+1-254-359-5812,2026-06-01 07:08:44,1775,VOICE,,3G,0.12,3.55
R04-0000868,4,Highland,+1-979-992-3033,+1-202-267-5475,2026-06-01 05:45:28,0,SMS,,4G,0.0,0.05
R04-0000869,4,Highland,+1-412-305-5427,+1-274-251-4790,2026-06-01 15:21:45,0,SMS,,4G,0.0,0.05
R04-0000870,4,Highland,+1-329-316-4995,+1-790-950-2179,2026-06-01 16:19:37,3343,VOICE,,4G,0.1,5.57
R04-0000871,4,Highland,+1-698-994-7447,+1-428-658-6108,2026-06-01 03:01:10,0,SMS,,4G,0.0,0.05
R04-0000872,4,Highland,+1-723-255-1322,+1-816-254-1600,2026-06-01 22:24:44,0,SMS,,5G,0.0,0.05
R04-0000873,4,Highland,+1-793-695-2879,+1-558-711-5040,2026-06-01 06:35:13,1717,VOICE,,4G,0.1,2.86
R04-0000874,4,Highland,+1-222-800-9756,,2026-06-01 03:49:43,2616,DATA,471571769,4G,0.0,4.72
R04-0000875,4,Highland,+1-620-934-9929,+1-831-686-5178,2026-06-01 10:56:29,2452,VOICE,,4G,0.1,4.09
R04-0000876,4,Highland,+1-661-747-0755,+1-284-360-1628,2026-06-01 09:30:09,0,SMS,,5G,0.0,0.05
R04-0000877,4,Highland,+1-736-271-4936,,2026-06-01 13:22:36,4254,DATA,390512225,4G,0.0,3.91
R04-0000878,4,Highland,+1-806-777-2646,+1-818-632-1256,2026-06-01 14:52:54,0,SMS,,5G,0.0,0.05
R04-0000879,4,Highland,+1-517-215-4266,+1-775-264-5954,2026-06-01 04:02:16,2768,VOICE,,4G,0.1,4.61
R04-0000880,4,Highland,+1-491-302-5251,+1-355-420-3429,2026-06-01 07:07:01,0,SMS,,4G,0.0,0.05
R04-0000881,4,Highland,+1-581-250-5270,+1-289-553-2082,2026-06-01 22:11:20,1502,VOICE,,4G,0.1,2.5
R04-0000882,4,Highland,+1-797-987-4098,+1-413-676-7559,2026-06-01 20:53:13,0,SMS,,5G,0.0,0.05
R04-0000883,4,Highland,+1-297-807-0648,+1-971-499-9570,2026-06-01 12:06:58,2427,VOICE,,5G,0.08,3.24
R04-0000884,4,Highland,+1-689-814-8296,+1-527-885-5552,2026-06-01 08:09:06,1014,VOICE,,4G,0.1,1.69
R04-0000885,4,Highland,+1-621-284-1740,,2026-06-01 00:14:02,4758,DATA,275736689,5G,0.0,2.76
R04-0000886,4,Highland,+1-688-959-0106,,2026-06-01 10:15:38,5044,DATA,175106513,5G,0.0,1.75
R04-0000887,4,Highland,+1-740-894-3558,+1-288-857-9345,2026-06-01 14:53:06,673,VOICE,,4G,0.1,1.12
R04-0000888,4,Highland,+1-613-392-0790,+1-638-698-9661,2026-06-01 23:27:35,0,SMS,,5G,0.0,0.05
R04-0000889,4,Highland,+1-505-348-7266,,2026-06-01 05:59:43,75,DATA,437210870,4G,0.0,4.37
R04-0000890,4,Highland,+1-401-653-9654,+1-541-608-7883,2026-06-01 13:59:51,0,SMS,,4G,0.0,0.05
R04-0000891,4,Highland,+1-963-779-8829,,2026-06-01 01:48:09,6001,DATA,115088111,4G,0.0,1.15
R04-0000892,4,Highland,+1-654-933-8891,+1-342-832-8862,2026-06-01 20:45:15,2552,VOICE,,5G,0.08,3.4
R04-0000893,4,Highland,+1-503-700-7693,+1-264-774-3094,2026-06-01 02:03:23,1887,VOICE,,4G,0.1,3.15
R04-0000894,4,Highland,+1-616-295-8644,,2026-06-01 11:51:46,3046,DATA,458035978,4G,0.0,4.58
R04-0000895,4,Highland,+1-695-543-1121,+1-305-224-0435,2026-06-01 21:41:48,0,SMS,,4G,0.0,0.05
R04-0000896,4,Highland,+1-700-656-9086,+1-960-880-4461,2026-06-01 14:27:54,3392,VOICE,,4G,0.1,5.65
R04-0000897,4,Highland,+1-764-555-4065,+1-346-203-7384,2026-06-01 00:02:12,0,VOICE,,4G,0.1,0.0
R04-0000898,4,Highland,+1-472-818-8614,+1-814-907-1868,2026-06-01 01:57:13,686,VOICE,,5G,0.08,0.91
R04-0000899,4,Highland,+1-459-339-7167,,2026-06-01 23:59:25,366,DATA,366371101,5G,0.0,3.66
R04-0000900,4,Highland,+1-759-681-9850,+1-409-852-5874,2026-06-01 07:57:01,0,SMS,,4G,0.0,0.05
R04-0000901,4,Highland,+1-845-359-7023,+1-794-712-6808,2026-06-01 21:20:05,3516,VOICE,,5G,0.08,4.69
R04-0000902,4,Highland,+1-225-794-0244,+1-378-442-5404,2026-06-01 02:46:32,2645,VOICE,,5G,0.08,3.53
R04-0000903,4,Highland,+1-720-667-8645,+1-545-722-6969,2026-06-01 13:07:50,1358,VOICE,,4G,0.1,2.26
R04-0000904,4,Highland,+1-656-997-6168,+1-756-681-4915,2026-06-01 03:38:31,0,SMS,,5G,0.0,0.05
R04-0000905,4,Highland,+1-685-226-3495,+1-711-970-7203,2026-06-01 09:27:50,0,SMS,,4G,0.0,0.05
R04-0000906,4,Highland,+1-325-978-6167,+1-407-286-6970,2026-06-01 08:24:04,0,SMS,,5G,0.0,0.05
R04-0000907,4,Highland,+1-494-711-2830,+1-788-248-5337,2026-06-01 02:40:34,1506,VOICE,,5G,0.08,2.01
R04-0000908,4,Highland,+1-521-930-7492,,2026-06-01 22:07:01,1350,DATA,496790018,4G,0.0,4.97
R04-0000909,4,Highland,+1-847-630-1915,+1-874-466-9633,2026-06-01 08:00:38,2587,VOICE,,5G,0.08,3.45
R04-0000910,4,Highland,+1-443-462-5883,+1-812-837-5841,2026-06-01 20:43:11,2939,VOICE,,3G,0.12,5.88
R04-0000911,4,Highland,+1-480-424-9904,+1-219-927-0355,2026-06-01 22:10:03,0,SMS,,3G,0.0,0.05
R04-0000912,4,Highland,+1-525-685-9601,+1-475-597-0409,2026-06-01 18:16:24,1516,VOICE,,4G,0.1,2.53
R04-0000913,4,Highland,+1-358-852-0762,,2026-06-01 23:49:38,6352,DATA,469112340,4G,0.0,4.69
R04-0000914,4,Highland,+1-243-252-3886,,2026-06-01 17:04:44,1642,DATA,184355762,4G,0.0,1.84
R04-0000915,4,Highland,+1-890-666-8627,,2026-06-01 21:31:52,6341,DATA,28127624,5G,0.0,0.28
R04-0000916,4,Highland,+1-694-664-6156,,2026-06-01 03:58:10,2726,DATA,147864390,4G,0.0,1.48
R04-0000917,4,Highland,+1-946-343-7799,,2026-06-01 06:42:08,6833,DATA,491359377,5G,0.0,4.91
R04-0000918,4,Highland,+1-704-739-5137,+1-626-861-4751,2026-06-01 17:43:40,0,SMS,,5G,0.0,0.05
R04-0000919,4,Highland,+1-239-545-7075,+1-525-227-7006,2026-06-01 10:49:41,1605,VOICE,,3G,0.12,3.21
R04-0000920,4,Highland,+1-796-723-2019,+1-576-973-1019,2026-06-01 10:30:47,1809,VOICE,,5G,0.08,2.41
R04-0000921,4,Highland,+1-640-707-0604,+1-934-621-1992,2026-06-01 16:33:31,0,SMS,,4G,0.0,0.05
R04-0000922,4,Highland,+1-847-640-3151,,2026-06-01 20:49:36,1429,DATA,389402360,4G,0.0,3.89
R04-0000923,4,Highland,+1-789-821-2548,+1-944-737-1973,2026-06-01 12:05:23,3195,VOICE,,5G,0.08,4.26
R04-0000924,4,Highland,+1-845-464-8314,+1-396-679-5078,2026-06-01 23:49:44,0,SMS,,5G,0.0,0.05
R04-0000925,4,Highland,+1-982-753-7321,,2026-06-01 21:52:27,4673,DATA,289233092,4G,0.0,2.89
R04-0000926,4,Highland,+1-536-999-4396,,2026-06-01 16:45:59,6229,DATA,472993288,4G,0.0,4.73
R04-0000927,4,Highland,+1-291-724-7606,,2026-06-01 15:14:02,5761,DATA,445629335,4G,0.0,4.46
R04-0000928,4,Highland,+1-671-617-7438,+1-420-960-9966,2026-06-01 18:08:28,0,SMS,,4G,0.0,0.05
R04-0000929,4,Highland,+1-532-839-5979,+1-565-939-2938,2026-06-01 16:35:21,0,SMS,,5G,0.0,0.05
R04-0000930,4,Highland,+1-834-590-5837,+1-553-890-1723,2026-06-01 03:28:43,826,VOICE,,5G,0.08,1.1
R04-0000931,4,Highland,+1-900-512-8239,+1-208-292-7245,2026-06-01 04:50:34,2750,VOICE,,4G,0.1,4.58
R04-0000932,4,Highland,+1-850-927-4167,+1-914-726-5217,2026-06-01 11:54:05,0,SMS,,4G,0.0,0.05
R04-0000933,4,Highland,+1-360-969-0390,+1-291-734-2352,2026-06-01 09:29:50,1592,VOICE,,5G,0.08,2.12
R04-0000934,4,Highland,+1-843-931-2615,,2026-06-01 15:08:44,166,DATA,104237905,4G,0.0,1.04
R04-0000935,4,Highland,+1-252-356-5969,+1-203-953-0105,2026-06-01 12:30:27,1678,VOICE,,4G,0.1,2.8
R04-0000936,4,Highland,+1-784-317-2376,+1-908-228-9044,2026-06-01 13:36:01,1861,VOICE,,4G,0.1,3.1
R04-0000937,4,Highland,+1-507-554-9084,+1-877-767-6135,2026-06-01 20:34:11,0,SMS,,3G,0.0,0.05
R04-0000938,4,Highland,+1-667-233-8018,+1-419-613-9562,2026-06-01 09:54:32,3184,VOICE,,4G,0.1,5.31
R04-0000939,4,Highland,+1-413-874-3975,+1-393-238-7905,2026-06-01 18:00:58,2953,VOICE,,5G,0.08,3.94
R04-0000940,4,Highland,+1-298-769-8587,+1-892-453-8171,2026-06-01 03:36:14,2756,VOICE,,5G,0.08,3.67
R04-0000941,4,Highland,+1-349-316-3786,+1-601-964-9692,2026-06-01 17:25:05,819,VOICE,,4G,0.1,1.37
R04-0000942,4,Highland,+1-842-859-6826,,2026-06-01 07:02:30,2557,DATA,319030954,4G,0.0,3.19
R04-0000943,4,Highland,+1-208-592-2577,+1-525-945-3503,2026-06-01 16:37:30,0,SMS,,5G,0.0,0.05
R04-0000944,4,Highland,+1-427-431-0556,+1-316-972-3800,2026-06-01 15:31:19,0,SMS,,5G,0.0,0.05
R04-0000945,4,Highland,+1-825-855-3667,+1-299-719-2398,2026-06-01 23:16:49,1658,VOICE,,4G,0.1,2.76
R04-0000946,4,Highland,+1-398-521-9634,+1-400-733-7279,2026-06-01 00:51:05,3212,VOICE,,4G,0.1,5.35
R04-0000947,4,Highland,+1-234-904-3065,,2026-06-01 08:12:00,6477,DATA,250212703,4G,0.0,2.5
R04-0000948,4,Highland,+1-915-832-1258,+1-200-757-9070,2026-06-01 04:39:06,2501,VOICE,,5G,0.08,3.33
R04-0000949,4,Highland,+1-833-506-2389,+1-817-653-0016,2026-06-01 06:42:01,83,VOICE,,4G,0.1,0.14
R04-0000950,4,Highland,+1-372-827-1221,,2026-06-01 12:52:33,4862,DATA,425083338,5G,0.0,4.25
R04-0000951,4,Highland,+1-910-531-4949,,2026-06-01 00:24:31,5534,DATA,392977361,4G,0.0,3.93
R04-0000952,4,Highland,+1-210-467-1957,+1-811-411-5651,2026-06-01 20:11:30,0,VOICE,,4G,0.1,0.0
R04-0000953,4,Highland,+1-717-420-8767,+1-676-727-9155,2026-06-01 12:36:35,3266,VOICE,,5G,0.08,4.35
R04-0000954,4,Highland,+1-652-624-7114,+1-659-891-8511,2026-06-01 09:26:36,2051,VOICE,,4G,0.1,3.42
R04-0000955,4,Highland,+1-944-833-3421,+1-648-931-5260,2026-06-01 13:38:39,0,SMS,,4G,0.0,0.05
R04-0000956,4,Highland,+1-356-617-0180,+1-447-986-7622,2026-06-01 07:28:41,0,SMS,,4G,0.0,0.05
R04-0000957,4,Highland,+1-782-563-1030,+1-969-426-1465,2026-06-01 04:22:42,3512,VOICE,,5G,0.08,4.68
R04-0000958,4,Highland,+1-876-912-2481,+1-722-260-4287,2026-06-01 13:09:55,0,VOICE,,4G,0.1,0.0
R04-0000959,4,Highland,+1-958-205-1398,,2026-06-01 00:02:38,1727,DATA,276674937,4G,0.0,2.77
R04-0000960,4,Highland,+1-635-631-2723,+1-335-648-6870,2026-06-01 19:02:55,0,SMS,,4G,0.0,0.05
R04-0000961,4,Highland,+1-758-430-6577,+1-452-958-9628,2026-06-01 10:23:47,2029,VOICE,,5G,0.08,2.71
R04-0000962,4,Highland,+1-568-557-5969,,2026-06-01 02:10:29,146,DATA,308032245,4G,0.0,3.08
R04-0000963,4,Highland,+1-757-755-1214,,2026-06-01 15:28:04,1897,DATA,358689384,5G,0.0,3.59
R04-0000964,4,Highland,+1-565-311-5753,+1-703-684-2528,2026-06-01 06:46:28,0,SMS,,5G,0.0,0.05
R04-0000965,4,Highland,+1-413-205-1204,+1-755-692-4992,2026-06-01 01:54:02,1147,VOICE,,4G,0.1,1.91
R04-0000966,4,Highland,+1-688-862-4563,+1-557-621-6975,2026-06-01 09:21:58,565,VOICE,,5G,0.08,0.75
R04-0000967,4,Highland,+1-788-463-9397,+1-293-861-5844,2026-06-01 14:55:29,0,SMS,,5G,0.0,0.05
R04-0000968,4,Highland,+1-461-212-0074,+1-732-821-0701,2026-06-01 03:15:33,0,SMS,,5G,0.0,0.05
R04-0000969,4,Highland,+1-570-761-8142,+1-307-401-4515,2026-06-01 23:22:47,2276,VOICE,,5G,0.08,3.03
R04-0000970,4,Highland,+1-560-875-7406,+1-669-454-3481,2026-06-01 14:56:37,0,SMS,,4G,0.0,0.05
R04-0000971,4,Highland,+1-568-295-6708,+1-791-459-4381,2026-06-01 07:01:16,0,SMS,,4G,0.0,0.05
R04-0000972,4,Highland,+1-740-377-6521,+1-443-890-7800,2026-06-01 14:13:20,1665,VOICE,,4G,0.1,2.78
R04-0000973,4,Highland,+1-802-609-8333,+1-457-412-2791,2026-06-01 19:46:32,2960,VOICE,,4G,0.1,4.93
R04-0000974,4,Highland,+1-620-779-1381,+1-761-620-6089,2026-06-01 23:29:27,2184,VOICE,,5G,0.08,2.91
R04-0000975,4,Highland,+1-979-479-0467,+1-848-745-2054,2026-06-01 17:08:23,2279,VOICE,,4G,0.1,3.8
R04-0000976,4,Highland,+1-500-215-0016,,2026-06-01 14:51:29,6393,DATA,96608907,5G,0.0,0.97
R04-0000977,4,Highland,+1-262-612-3131,+1-361-250-0135,2026-06-01 05:13:23,2229,VOICE,,5G,0.08,2.97
R04-0000978,4,Highland,+1-215-971-0030,+1-315-515-4860,2026-06-01 01:12:52,0,SMS,,3G,0.0,0.05
R04-0000979,4,Highland,+1-738-867-2951,+1-634-937-1252,2026-06-01 05:37:02,853,VOICE,,4G,0.1,1.42
R04-0000980,4,Highland,+1-274-204-1241,+1-783-212-1271,2026-06-01 11:21:49,1413,VOICE,,5G,0.08,1.88
R04-0000981,4,Highland,+1-903-967-3646,+1-489-330-0667,2026-06-01 00:33:51,0,SMS,,4G,0.0,0.05
R04-0000982,4,Highland,+1-292-386-9320,+1-686-582-2707,2026-06-01 07:18:52,1635,VOICE,,3G,0.12,3.27
R04-0000983,4,Highland,+1-215-302-6468,,2026-06-01 21:55:03,2895,DATA,104813588,3G,0.0,1.05
R04-0000984,4,Highland,+1-211-975-4206,+1-765-345-0723,2026-06-01 13:22:40,2671,VOICE,,4G,0.1,4.45
R04-0000985,4,Highland,+1-802-210-8668,,2026-06-01 10:27:23,759,DATA,496518460,5G,0.0,4.97
R04-0000986,4,Highland,+1-802-468-3745,+1-723-563-4572,2026-06-01 14:45:00,453,VOICE,,3G,0.12,0.91
R04-0000987,4,Highland,+1-219-736-3257,,2026-06-01 05:01:32,7193,DATA,237145959,3G,0.0,2.37
R04-0000988,4,Highland,+1-367-492-3350,+1-274-447-9533,2026-06-01 14:29:06,0,VOICE,,4G,0.1,0.0
R04-0000989,4,Highland,+1-920-704-7325,+1-654-219-8533,2026-06-01 12:35:35,3337,VOICE,,4G,0.1,5.56
R04-0000990,4,Highland,+1-462-242-5672,+1-627-832-2588,2026-06-01 02:21:14,0,SMS,,3G,0.0,0.05
R04-0000991,4,Highland,+1-968-866-0180,+1-645-580-2154,2026-06-01 01:18:28,1465,VOICE,,4G,0.1,2.44
R04-0000992,4,Highland,+1-802-389-3404,+1-240-205-1656,2026-06-01 10:29:05,1860,VOICE,,4G,0.1,3.1
R04-0000993,4,Highland,+1-724-644-8344,+1-607-605-3147,2026-06-01 23:32:08,715,VOICE,,3G,0.12,1.43
R04-0000994,4,Highland,+1-296-813-0903,,2026-06-01 21:53:18,465,DATA,446742771,5G,0.0,4.47
R04-0000995,4,Highland,+1-481-577-8621,+1-798-505-7460,2026-06-01 18:30:21,2325,VOICE,,4G,0.1,3.88
R04-0000996,4,Highland,+1-387-794-8758,+1-594-243-2973,2026-06-01 15:09:32,0,SMS,,5G,0.0,0.05
R04-0000997,4,Highland,+1-505-978-0600,,2026-06-01 23:38:37,6848,DATA,450338238,5G,0.0,4.5
R04-0000998,4,Highland,+1-754-789-0586,+1-455-234-9306,2026-06-01 22:40:14,3146,VOICE,,4G,0.1,5.24
R04-0000999,4,Highland,+1-571-638-1863,+1-721-212-6104,2026-06-01 23:41:12,3305,VOICE,,4G,0.1,5.51
R04-0001000,4,Highland,+1-915-735-6043,,2026-06-01 01:51:30,3595,DATA,435798550,4G,0.0,4.36
R04-0001001,4,Highland,+1-770-733-1527,,2026-06-01 10:01:29,5242,DATA,106243827,5G,0.0,1.06
R04-0001002,4,Highland,+1-762-520-2515,,2026-06-01 04:47:33,571,DATA,239644738,4G,0.0,2.4
R04-0001003,4,Highland,+1-251-448-9389,+1-969-686-8300,2026-06-01 22:19:37,0,SMS,,4G,0.0,0.05
R04-0001004,4,Highland,+1-519-651-0363,+1-205-689-4386,2026-06-01 08:25:48,2601,VOICE,,4G,0.1,4.33
R04-0001005,4,Highland,+1-574-389-2946,+1-982-422-2091,2026-06-01 02:23:42,1894,VOICE,,3G,0.12,3.79
R04-0001006,4,Highland,+1-646-849-4189,+1-976-911-6782,2026-06-01 12:25:13,0,SMS,,4G,0.0,0.05
R04-0001007,4,Highland,+1-324-638-2070,+1-573-834-4148,2026-06-01 12:07:04,890,VOICE,,4G,0.1,1.48
R04-0001008,4,Highland,+1-361-631-0579,+1-862-648-1383,2026-06-01 09:03:25,608,VOICE,,4G,0.1,1.01
R04-0001009,4,Highland,+1-803-509-5518,+1-537-343-7231,2026-06-01 03:46:35,2096,VOICE,,4G,0.1,3.49
R04-0001010,4,Highland,+1-281-602-3723,+1-726-473-5394,2026-06-01 14:22:42,2148,VOICE,,4G,0.1,3.58
R04-0001011,4,Highland,+1-921-406-7351,,2026-06-01 10:12:15,1050,DATA,193621274,4G,0.0,1.94
R04-0001012,4,Highland,+1-439-622-7352,+1-716-399-3089,2026-06-01 02:19:45,1185,VOICE,,3G,0.12,2.37
R04-0001013,4,Highland,+1-285-311-7781,+1-324-887-8982,2026-06-01 00:17:15,2169,VOICE,,4G,0.1,3.62
R04-0001014,4,Highland,+1-777-546-9969,+1-838-296-2538,2026-06-01 08:50:58,3401,VOICE,,5G,0.08,4.53
R04-0001015,4,Highland,+1-206-868-8231,+1-834-244-8515,2026-06-01 23:49:17,2084,VOICE,,3G,0.12,4.17
R04-0001016,4,Highland,+1-692-394-9825,,2026-06-01 19:21:01,4627,DATA,421947333,5G,0.0,4.22
R04-0001017,4,Highland,+1-931-638-3221,,2026-06-01 17:48:44,1983,DATA,350350790,4G,0.0,3.5
R04-0001018,4,Highland,+1-783-484-8252,+1-651-826-8511,2026-06-01 16:46:26,0,SMS,,5G,0.0,0.05
R04-0001019,4,Highland,+1-836-788-7235,+1-586-855-5837,2026-06-01 00:01:01,667,VOICE,,4G,0.1,1.11
R04-0001020,4,Highland,+1-630-778-4282,+1-601-852-4579,2026-06-01 07:00:35,0,SMS,,4G,0.0,0.05
R04-0001021,4,Highland,+1-636-547-3167,+1-529-879-5841,2026-06-01 04:02:31,165,VOICE,,4G,0.1,0.28
R04-0001022,4,Highland,+1-540-385-9428,,2026-06-01 17:18:26,6187,DATA,237172019,4G,0.0,2.37
R04-0001023,4,Highland,+1-201-601-1639,+1-653-838-8290,2026-06-01 10:09:41,879,VOICE,,4G,0.1,1.47
R04-0001024,4,Highland,+1-448-748-3925,+1-924-540-4508,2026-06-01 19:12:24,894,VOICE,,3G,0.12,1.79
R04-0001025,4,Highland,+1-455-404-9397,,2026-06-01 18:32:20,4105,DATA,20940651,4G,0.0,0.21
R04-0001026,4,Highland,+1-751-403-8335,+1-328-233-9577,2026-06-01 03:45:14,337,VOICE,,5G,0.08,0.45
R04-0001027,4,Highland,+1-576-371-2819,,2026-06-01 08:51:30,6772,DATA,123014031,5G,0.0,1.23
R04-0001028,4,Highland,+1-879-874-6801,+1-889-605-9984,2026-06-01 12:09:13,3340,VOICE,,4G,0.1,5.57
R04-0001029,4,Highland,+1-911-871-1432,+1-744-312-9379,2026-06-01 23:35:48,0,SMS,,4G,0.0,0.05
R04-0001030,4,Highland,+1-423-946-5695,,2026-06-01 06:28:32,2157,DATA,108521571,4G,0.0,1.09
R04-0001031,4,Highland,+1-948-556-6236,+1-847-462-8798,2026-06-01 13:43:29,3038,VOICE,,5G,0.08,4.05
R04-0001032,4,Highland,+1-841-883-3196,+1-502-454-1275,2026-06-01 12:37:47,1944,VOICE,,5G,0.08,2.59
R04-0001033,4,Highland,+1-629-517-9637,+1-300-276-7721,2026-06-01 12:27:52,0,SMS,,5G,0.0,0.05
R04-0001034,4,Highland,+1-619-516-6773,+1-225-460-7553,2026-06-01 09:52:32,313,VOICE,,5G,0.08,0.42
R04-0001035,4,Highland,+1-237-632-5265,+1-295-645-8153,2026-06-01 08:14:16,0,VOICE,,4G,0.1,0.0
R04-0001036,4,Highland,+1-567-530-5899,+1-559-246-6856,2026-06-01 23:21:38,0,SMS,,4G,0.0,0.05
R04-0001037,4,Highland,+1-634-434-6521,+1-277-896-8733,2026-06-01 23:31:53,3053,VOICE,,4G,0.1,5.09
R04-0001038,4,Highland,+1-896-242-3658,+1-636-273-9895,2026-06-01 23:59:21,0,VOICE,,5G,0.08,0.0
R04-0001039,4,Highland,+1-342-519-8549,,2026-06-01 00:49:32,5557,DATA,466946411,4G,0.0,4.67
R04-0001040,4,Highland,+1-219-982-1810,+1-497-241-0140,2026-06-01 13:47:46,309,VOICE,,4G,0.1,0.52
R04-0001041,4,Highland,+1-590-237-3877,+1-915-816-1554,2026-06-01 03:28:38,0,SMS,,4G,0.0,0.05
R04-0001042,4,Highland,+1-568-573-0384,+1-868-590-1697,2026-06-01 18:01:13,0,SMS,,4G,0.0,0.05
R04-0001043,4,Highland,+1-412-388-4491,,2026-06-01 08:20:04,6801,DATA,92943683,3G,0.0,0.93
R04-0001044,4,Highland,+1-918-571-4068,,2026-06-01 01:57:58,5533,DATA,342329995,5G,0.0,3.42
R04-0001045,4,Highland,+1-320-807-3814,+1-846-325-5087,2026-06-01 14:54:27,0,SMS,,4G,0.0,0.05
R04-0001046,4,Highland,+1-767-997-2777,+1-926-850-8301,2026-06-01 03:06:04,0,SMS,,3G,0.0,0.05
R04-0001047,4,Highland,+1-911-975-8224,+1-804-889-0877,2026-06-01 11:50:41,2124,VOICE,,5G,0.08,2.83
R04-0001048,4,Highland,+1-782-905-3454,+1-255-587-5603,2026-06-01 17:01:54,570,VOICE,,4G,0.1,0.95
R04-0001049,4,Highland,+1-271-836-7848,+1-794-773-6404,2026-06-01 19:33:15,3025,VOICE,,4G,0.1,5.04
R04-0001050,4,Highland,+1-697-793-2917,+1-231-587-9068,2026-06-01 16:06:34,0,SMS,,4G,0.0,0.05
R04-0001051,4,Highland,+1-562-908-8339,+1-702-997-3601,2026-06-01 09:42:08,2819,VOICE,,4G,0.1,4.7
R04-0001052,4,Highland,+1-812-560-5695,+1-462-870-1187,2026-06-01 07:40:04,0,SMS,,4G,0.0,0.05
R04-0001053,4,Highland,+1-816-289-0364,+1-933-572-9401,2026-06-01 23:18:25,2803,VOICE,,4G,0.1,4.67
R04-0001054,4,Highland,+1-600-409-0754,,2026-06-01 10:14:57,1194,DATA,197974515,3G,0.0,1.98
R04-0001055,4,Highland,+1-869-435-4509,+1-288-341-5693,2026-06-01 15:39:41,0,SMS,,4G,0.0,0.05
R04-0001056,4,Highland,+1-710-614-4950,+1-232-303-4046,2026-06-01 00:29:32,916,VOICE,,4G,0.1,1.53
R04-0001057,4,Highland,+1-476-571-9611,+1-383-559-2626,2026-06-01 05:15:44,364,VOICE,,4G,0.1,0.61
R04-0001058,4,Highland,+1-915-944-1627,+1-454-630-2510,2026-06-01 06:01:44,0,SMS,,5G,0.0,0.05
R04-0001059,4,Highland,+1-589-287-8179,,2026-06-01 12:24:00,4736,DATA,11557119,4G,0.0,0.12
R04-0001060,4,Highland,+1-755-384-7747,,2026-06-01 10:34:06,4366,DATA,342931408,4G,0.0,3.43
R04-0001061,4,Highland,+1-933-203-5684,+1-655-735-8424,2026-06-01 17:08:34,0,SMS,,5G,0.0,0.05
R04-0001062,4,Highland,+1-486-510-4791,+1-641-242-4179,2026-06-01 11:20:39,2032,VOICE,,5G,0.08,2.71
R04-0001063,4,Highland,+1-386-827-4290,+1-495-742-9452,2026-06-01 10:37:33,361,VOICE,,3G,0.12,0.72
R04-0001064,4,Highland,+1-864-762-4687,+1-599-699-1397,2026-06-01 04:31:36,1098,VOICE,,4G,0.1,1.83
R04-0001065,4,Highland,+1-832-688-6274,+1-687-232-6298,2026-06-01 19:50:19,1341,VOICE,,4G,0.1,2.24
R04-0001066,4,Highland,+1-789-732-3907,+1-317-543-7665,2026-06-01 18:35:20,2189,VOICE,,4G,0.1,3.65
R04-0001067,4,Highland,+1-384-285-5854,+1-561-482-4461,2026-06-01 12:46:55,0,SMS,,4G,0.0,0.05
R04-0001068,4,Highland,+1-447-538-4015,,2026-06-01 02:14:53,2921,DATA,379621061,5G,0.0,3.8
R04-0001069,4,Highland,+1-766-998-8985,+1-688-910-1661,2026-06-01 11:08:18,2783,VOICE,,5G,0.08,3.71
R04-0001070,4,Highland,+1-341-236-2933,+1-543-231-1110,2026-06-01 07:35:00,367,VOICE,,4G,0.1,0.61
R04-0001071,4,Highland,+1-610-240-0092,+1-323-226-3977,2026-06-01 03:50:15,984,VOICE,,5G,0.08,1.31
R04-0001072,4,Highland,+1-623-828-1479,+1-824-759-3399,2026-06-01 16:40:11,2130,VOICE,,4G,0.1,3.55
R04-0001073,4,Highland,+1-458-654-7164,+1-722-961-8835,2026-06-01 14:19:00,0,SMS,,5G,0.0,0.05
R04-0001074,4,Highland,+1-453-588-7044,,2026-06-01 04:16:46,1484,DATA,331233374,5G,0.0,3.31
R04-0001075,4,Highland,+1-570-543-0036,+1-265-655-9643,2026-06-01 22:11:12,3212,VOICE,,4G,0.1,5.35
R04-0001076,4,Highland,+1-984-716-0509,+1-770-240-7252,2026-06-01 17:34:39,257,VOICE,,4G,0.1,0.43
R04-0001077,4,Highland,+1-690-971-9453,+1-640-532-5380,2026-06-01 04:49:53,2362,VOICE,,4G,0.1,3.94
R04-0001078,4,Highland,+1-316-918-5524,+1-218-509-0277,2026-06-01 03:16:43,1321,VOICE,,4G,0.1,2.2
R04-0001079,4,Highland,+1-253-500-3531,,2026-06-01 19:12:39,3479,DATA,378910513,5G,0.0,3.79
R04-0001080,4,Highland,+1-780-776-7356,+1-677-603-3311,2026-06-01 22:20:54,163,VOICE,,4G,0.1,0.27
R04-0001081,4,Highland,+1-802-751-5900,+1-755-373-4955,2026-06-01 00:04:23,1717,VOICE,,3G,0.12,3.43
R04-0001082,4,Highland,+1-961-299-5038,+1-866-277-3759,2026-06-01 04:18:51,708,VOICE,,5G,0.08,0.94
R04-0001083,4,Highland,+1-591-923-9195,+1-624-550-9199,2026-06-01 02:02:52,2083,VOICE,,3G,0.12,4.17
R04-0001084,4,Highland,+1-717-528-7510,,2026-06-01 20:17:06,2204,DATA,271830543,4G,0.0,2.72
R04-0001085,4,Highland,+1-717-985-2777,,2026-06-01 18:44:21,6866,DATA,448551102,4G,0.0,4.49
R04-0001086,4,Highland,+1-480-570-3303,+1-797-710-1243,2026-06-01 07:18:51,0,SMS,,4G,0.0,0.05
R04-0001087,4,Highland,+1-956-900-1155,,2026-06-01 05:56:24,4868,DATA,342517226,4G,0.0,3.43
R04-0001088,4,Highland,+1-940-447-5261,,2026-06-01 18:54:44,4047,DATA,448186111,4G,0.0,4.48
R04-0001089,4,Highland,+1-850-399-7631,,2026-06-01 17:32:26,2909,DATA,41277957,4G,0.0,0.41
R04-0001090,4,Highland,+1-556-318-5244,+1-557-978-8855,2026-06-01 19:39:38,268,VOICE,,4G,0.1,0.45
R04-0001091,4,Highland,+1-464-553-9592,+1-890-480-7693,2026-06-01 03:20:13,0,VOICE,,4G,0.1,0.0
R04-0001092,4,Highland,+1-733-456-3321,+1-287-836-6166,2026-06-01 05:05:43,0,VOICE,,3G,0.12,0.0
R04-0001093,4,Highland,+1-737-281-3318,+1-913-344-6923,2026-06-01 18:22:53,3196,VOICE,,5G,0.08,4.26
R04-0001094,4,Highland,+1-412-403-3128,+1-974-419-1863,2026-06-01 19:34:39,0,SMS,,4G,0.0,0.05
R04-0001095,4,Highland,+1-648-657-9468,+1-797-351-7360,2026-06-01 11:32:26,1701,VOICE,,4G,0.1,2.84
R04-0001096,4,Highland,+1-793-591-4460,+1-259-699-2312,2026-06-01 01:11:31,1685,VOICE,,3G,0.12,3.37
R04-0001097,4,Highland,+1-709-933-8535,+1-488-911-5991,2026-06-01 12:40:53,0,SMS,,3G,0.0,0.05
R04-0001098,4,Highland,+1-381-460-6500,+1-492-870-0396,2026-06-01 02:45:02,2575,VOICE,,5G,0.08,3.43
R04-0001099,4,Highland,+1-451-947-1451,+1-919-728-6953,2026-06-01 17:05:23,0,SMS,,4G,0.0,0.05
R04-0001100,4,Highland,+1-311-979-2170,+1-877-358-9400,2026-06-01 10:37:00,0,VOICE,,4G,0.1,0.0
R04-0001101,4,Highland,+1-289-575-5901,,2026-06-01 22:28:18,3544,DATA,332206731,4G,0.0,3.32
R04-0001102,4,Highland,+1-854-601-2786,+1-256-403-6735,2026-06-01 12:06:08,2776,VOICE,,4G,0.1,4.63
R04-0001103,4,Highland,+1-731-247-6546,+1-211-933-7505,2026-06-01 21:03:20,2783,VOICE,,3G,0.12,5.57
R04-0001104,4,Highland,+1-674-513-8393,,2026-06-01 20:12:57,845,DATA,455444958,5G,0.0,4.55
R04-0001105,4,Highland,+1-481-935-2796,+1-765-825-1011,2026-06-01 20:38:44,872,VOICE,,5G,0.08,1.16
R04-0001106,4,Highland,+1-736-774-9347,,2026-06-01 01:39:57,5423,DATA,284092448,5G,0.0,2.84
R04-0001107,4,Highland,+1-741-774-8606,,2026-06-01 04:25:22,6740,DATA,351828327,4G,0.0,3.52
R04-0001108,4,Highland,+1-391-436-2944,+1-428-662-8217,2026-06-01 14:33:25,1870,VOICE,,3G,0.12,3.74
R04-0001109,4,Highland,+1-743-836-5860,+1-384-996-1199,2026-06-01 17:38:12,0,SMS,,4G,0.0,0.05
R04-0001110,4,Highland,+1-736-889-9960,+1-959-489-7144,2026-06-01 10:55:06,0,SMS,,4G,0.0,0.05
R04-0001111,4,Highland,+1-528-212-5669,+1-753-350-6930,2026-06-01 09:20:09,0,SMS,,4G,0.0,0.05
R04-0001112,4,Highland,+1-433-693-8084,+1-255-274-0730,2026-06-01 04:01:01,2004,VOICE,,5G,0.08,2.67
R04-0001113,4,Highland,+1-421-592-9697,+1-642-778-8982,2026-06-01 20:12:08,2600,VOICE,,5G,0.08,3.47
R04-0001114,4,Highland,+1-852-569-0380,+1-643-823-1780,2026-06-01 11:05:26,3201,VOICE,,4G,0.1,5.34
R04-0001115,4,Highland,+1-453-864-1899,+1-857-291-5841,2026-06-01 02:14:26,0,SMS,,4G,0.0,0.05
R04-0001116,4,Highland,+1-466-461-3632,+1-826-730-6031,2026-06-01 09:42:25,0,SMS,,4G,0.0,0.05
R04-0001117,4,Highland,+1-468-723-3004,+1-827-452-7483,2026-06-01 07:17:58,820,VOICE,,4G,0.1,1.37
R04-0001118,4,Highland,+1-804-274-9770,+1-922-712-2119,2026-06-01 21:41:10,0,SMS,,4G,0.0,0.05
R04-0001119,4,Highland,+1-581-858-1941,+1-412-994-3846,2026-06-01 00:54:51,2998,VOICE,,4G,0.1,5.0
R04-0001120,4,Highland,+1-557-622-3169,+1-718-665-0802,2026-06-01 05:20:34,1304,VOICE,,3G,0.12,2.61
R04-0001121,4,Highland,+1-261-317-8661,+1-908-220-7433,2026-06-01 13:02:25,0,SMS,,4G,0.0,0.05
R04-0001122,4,Highland,+1-252-987-4670,+1-448-946-7090,2026-06-01 18:48:05,3341,VOICE,,4G,0.1,5.57
R04-0001123,4,Highland,+1-566-339-1612,+1-970-732-1944,2026-06-01 23:42:24,0,SMS,,3G,0.0,0.05
R04-0001124,4,Highland,+1-334-660-1084,+1-941-731-0248,2026-06-01 03:14:14,0,SMS,,5G,0.0,0.05
R04-0001125,4,Highland,+1-678-207-4684,+1-471-955-4437,2026-06-01 01:50:06,0,SMS,,4G,0.0,0.05
R04-0001126,4,Highland,+1-511-666-0087,+1-268-789-9206,2026-06-01 15:49:18,2525,VOICE,,3G,0.12,5.05
R04-0001127,4,Highland,+1-866-412-1235,+1-729-728-8401,2026-06-01 01:34:01,1551,VOICE,,4G,0.1,2.59
R04-0001128,4,Highland,+1-519-463-6092,+1-217-615-3294,2026-06-01 08:30:47,1540,VOICE,,3G,0.12,3.08
R04-0001129,4,Highland,+1-520-812-0306,+1-868-582-5033,2026-06-01 13:14:01,0,SMS,,5G,0.0,0.05
R04-0001130,4,Highland,+1-943-280-8786,+1-965-916-6905,2026-06-01 02:39:49,0,SMS,,4G,0.0,0.05
R04-0001131,4,Highland,+1-376-504-2779,+1-737-805-7327,2026-06-01 12:25:22,327,VOICE,,4G,0.1,0.55
R04-0001132,4,Highland,+1-736-279-0461,+1-462-577-3695,2026-06-01 08:26:07,0,SMS,,4G,0.0,0.05
R04-0001133,4,Highland,+1-566-611-4575,,2026-06-01 05:16:12,4557,DATA,99786586,3G,0.0,1.0
R04-0001134,4,Highland,+1-585-951-9699,+1-906-622-0867,2026-06-01 09:18:25,2567,VOICE,,5G,0.08,3.42
R04-0001135,4,Highland,+1-635-688-4556,+1-974-430-6037,2026-06-01 05:23:21,2159,VOICE,,5G,0.08,2.88
R04-0001136,4,Highland,+1-370-924-9564,+1-360-508-1833,2026-06-01 15:39:47,2061,VOICE,,3G,0.12,4.12
R04-0001137,4,Highland,+1-221-405-2608,+1-549-375-5034,2026-06-01 10:06:55,0,SMS,,4G,0.0,0.05
R04-0001138,4,Highland,+1-825-242-4717,+1-749-871-8336,2026-06-01 03:01:33,0,SMS,,5G,0.0,0.05
R04-0001139,4,Highland,+1-204-616-5251,+1-715-428-4176,2026-06-01 11:18:21,0,SMS,,4G,0.0,0.05
R04-0001140,4,Highland,+1-772-251-6682,+1-205-673-1483,2026-06-01 08:35:21,0,SMS,,5G,0.0,0.05
R04-0001141,4,Highland,+1-324-259-3102,,2026-06-01 22:34:48,5210,DATA,110478840,5G,0.0,1.1
R04-0001142,4,Highland,+1-729-527-3919,+1-448-834-4536,2026-06-01 03:38:28,2690,VOICE,,4G,0.1,4.48
R04-0001143,4,Highland,+1-381-400-1361,+1-929-705-6447,2026-06-01 17:53:36,2523,VOICE,,4G,0.1,4.21
R04-0001144,4,Highland,+1-371-797-9131,+1-736-242-1753,2026-06-01 05:13:49,1858,VOICE,,3G,0.12,3.72
R04-0001145,4,Highland,+1-416-641-8978,+1-382-697-7482,2026-06-01 14:54:56,1125,VOICE,,5G,0.08,1.5
R04-0001146,4,Highland,+1-650-526-1463,,2026-06-01 06:57:55,3785,DATA,81272992,4G,0.0,0.81
R04-0001147,4,Highland,+1-385-846-2131,+1-541-283-4468,2026-06-01 00:48:19,0,SMS,,5G,0.0,0.05
R04-0001148,4,Highland,+1-585-205-0567,+1-322-969-0136,2026-06-01 09:55:53,1878,VOICE,,3G,0.12,3.76
R04-0001149,4,Highland,+1-498-212-2880,,2026-06-01 17:44:56,3830,DATA,449653633,4G,0.0,4.5
R04-0001150,4,Highland,+1-335-919-0062,,2026-06-01 15:35:35,3045,DATA,453903632,4G,0.0,4.54
R04-0001151,4,Highland,+1-513-703-9807,,2026-06-01 09:13:16,4905,DATA,209447645,4G,0.0,2.09
R04-0001152,4,Highland,+1-365-884-4501,+1-284-741-2622,2026-06-01 14:12:25,139,VOICE,,4G,0.1,0.23
R04-0001153,4,Highland,+1-606-247-1345,+1-637-412-2072,2026-06-01 21:04:29,2398,VOICE,,4G,0.1,4.0
R04-0001154,4,Highland,+1-210-965-8551,+1-223-486-2148,2026-06-01 12:12:15,3240,VOICE,,4G,0.1,5.4
R04-0001155,4,Highland,+1-983-951-4127,+1-547-720-7509,2026-06-01 09:05:35,0,SMS,,5G,0.0,0.05
R04-0001156,4,Highland,+1-818-319-6301,+1-275-218-8885,2026-06-01 12:48:02,0,SMS,,4G,0.0,0.05
R04-0001157,4,Highland,+1-433-786-4609,+1-439-913-3144,2026-06-01 16:35:16,2364,VOICE,,5G,0.08,3.15
R04-0001158,4,Highland,+1-575-880-6825,+1-769-212-9855,2026-06-01 03:11:37,0,SMS,,5G,0.0,0.05
R04-0001159,4,Highland,+1-750-746-2611,,2026-06-01 19:28:31,1767,DATA,441533515,4G,0.0,4.42
R04-0001160,4,Highland,+1-274-406-9707,+1-807-679-1176,2026-06-01 17:03:15,84,VOICE,,3G,0.12,0.17
R04-0001161,4,Highland,+1-262-810-5541,+1-543-487-7073,2026-06-01 07:13:39,2406,VOICE,,5G,0.08,3.21
R04-0001162,4,Highland,+1-214-842-2798,+1-787-444-4032,2026-06-01 00:40:52,361,VOICE,,4G,0.1,0.6
R04-0001163,4,Highland,+1-860-623-3588,+1-201-979-2141,2026-06-01 15:12:49,0,SMS,,5G,0.0,0.05
R04-0001164,4,Highland,+1-743-721-8438,+1-382-370-8896,2026-06-01 10:36:44,0,SMS,,4G,0.0,0.05
R04-0001165,4,Highland,+1-883-798-3486,+1-876-477-7637,2026-06-01 15:01:02,295,VOICE,,4G,0.1,0.49
R04-0001166,4,Highland,+1-400-873-1821,+1-508-561-9746,2026-06-01 07:05:47,1944,VOICE,,5G,0.08,2.59
R04-0001167,4,Highland,+1-700-443-9481,+1-521-963-7160,2026-06-01 16:37:02,2818,VOICE,,4G,0.1,4.7
R04-0001168,4,Highland,+1-563-504-3960,,2026-06-01 21:11:45,2575,DATA,3536236,4G,0.0,0.04
R04-0001169,4,Highland,+1-752-543-7961,,2026-06-01 17:20:01,1040,DATA,96629659,4G,0.0,0.97
R04-0001170,4,Highland,+1-426-342-1779,+1-255-774-7763,2026-06-01 18:15:24,0,SMS,,5G,0.0,0.05
R04-0001171,4,Highland,+1-912-374-7765,+1-537-540-6817,2026-06-01 21:50:23,0,SMS,,4G,0.0,0.05
R04-0001172,4,Highland,+1-497-543-5357,+1-911-292-0198,2026-06-01 05:00:00,1695,VOICE,,5G,0.08,2.26
R04-0001173,4,Highland,+1-549-213-4010,+1-677-597-6318,2026-06-01 09:48:10,0,SMS,,3G,0.0,0.05
R04-0001174,4,Highland,+1-581-436-9727,+1-334-221-5841,2026-06-01 04:30:19,0,SMS,,4G,0.0,0.05
R04-0001175,4,Highland,+1-831-221-4686,+1-213-533-4480,2026-06-01 11:19:30,0,SMS,,4G,0.0,0.05
R04-0001176,4,Highland,+1-376-231-1528,,2026-06-01 16:34:54,4895,DATA,485201066,4G,0.0,4.85
R04-0001177,4,Highland,+1-477-354-0981,+1-690-788-6984,2026-06-01 09:31:21,968,VOICE,,3G,0.12,1.94
R04-0001178,4,Highland,+1-202-223-7768,+1-905-873-2091,2026-06-01 10:14:33,0,SMS,,5G,0.0,0.05
R04-0001179,4,Highland,+1-687-967-0394,+1-818-905-9070,2026-06-01 08:58:54,0,SMS,,5G,0.0,0.05
R04-0001180,4,Highland,+1-597-206-5865,+1-371-791-8641,2026-06-01 21:03:34,0,SMS,,5G,0.0,0.05
R04-0001181,4,Highland,+1-691-415-7090,+1-477-882-1110,2026-06-01 10:59:41,794,VOICE,,5G,0.08,1.06
R04-0001182,4,Highland,+1-471-755-9456,+1-650-806-7617,2026-06-01 03:27:19,0,SMS,,4G,0.0,0.05
R04-0001183,4,Highland,+1-576-274-4824,+1-735-278-9824,2026-06-01 14:15:26,2808,VOICE,,4G,0.1,4.68
R04-0001184,4,Highland,+1-257-569-5126,,2026-06-01 08:51:55,3157,DATA,346356099,5G,0.0,3.46
R04-0001185,4,Highland,+1-379-943-6257,+1-973-698-7462,2026-06-01 20:48:23,556,VOICE,,3G,0.12,1.11
R04-0001186,4,Highland,+1-300-255-5200,+1-292-403-5793,2026-06-01 12:56:37,2283,VOICE,,4G,0.1,3.8
R04-0001187,4,Highland,+1-986-856-3456,+1-976-409-5350,2026-06-01 22:34:08,945,VOICE,,3G,0.12,1.89
R04-0001188,4,Highland,+1-218-837-6609,+1-609-400-6822,2026-06-01 20:20:35,3586,VOICE,,5G,0.08,4.78
R04-0001189,4,Highland,+1-330-535-0879,+1-468-378-7301,2026-06-01 14:32:31,0,SMS,,3G,0.0,0.05
R04-0001190,4,Highland,+1-286-749-3963,+1-850-993-5787,2026-06-01 19:40:42,2393,VOICE,,5G,0.08,3.19
R04-0001191,4,Highland,+1-255-855-4096,+1-557-508-2721,2026-06-01 10:24:39,0,SMS,,3G,0.0,0.05
R04-0001192,4,Highland,+1-351-409-9891,+1-293-352-8336,2026-06-01 02:17:24,2919,VOICE,,3G,0.12,5.84
R04-0001193,4,Highland,+1-487-388-1000,,2026-06-01 16:38:39,6097,DATA,293749923,4G,0.0,2.94
R04-0001194,4,Highland,+1-757-637-7660,+1-376-876-2774,2026-06-01 13:02:43,0,VOICE,,4G,0.1,0.0
R04-0001195,4,Highland,+1-446-379-2073,+1-624-315-7892,2026-06-01 23:40:40,0,SMS,,4G,0.0,0.05
R04-0001196,4,Highland,+1-930-685-1689,+1-686-517-9427,2026-06-01 23:54:10,0,SMS,,3G,0.0,0.05
R04-0001197,4,Highland,+1-409-217-5797,,2026-06-01 05:04:35,5155,DATA,357791543,3G,0.0,3.58
R04-0001198,4,Highland,+1-874-203-4158,+1-567-543-5857,2026-06-01 17:22:11,1541,VOICE,,5G,0.08,2.05
R04-0001199,4,Highland,+1-475-827-8546,,2026-06-01 02:58:14,2112,DATA,23939779,5G,0.0,0.24
R04-0001200,4,Highland,+1-855-445-3347,+1-595-997-2903,2026-06-01 04:04:12,3073,VOICE,,4G,0.1,5.12
R04-0001201,4,Highland,+1-976-568-4078,+1-328-732-7992,2026-06-01 11:34:30,0,SMS,,4G,0.0,0.05
R04-0001202,4,Highland,+1-989-588-5683,,2026-06-01 19:12:14,4584,DATA,162322147,4G,0.0,1.62
R04-0001203,4,Highland,+1-938-723-6540,+1-539-289-5351,2026-06-01 03:58:52,0,SMS,,5G,0.0,0.05
R04-0001204,4,Highland,+1-616-435-1855,+1-449-278-0318,2026-06-01 05:29:23,2593,VOICE,,4G,0.1,4.32
R04-0001205,4,Highland,+1-944-376-4095,+1-303-552-7353,2026-06-01 01:04:11,2893,VOICE,,4G,0.1,4.82
R04-0001206,4,Highland,+1-480-228-6131,+1-517-204-5659,2026-06-01 17:58:00,0,SMS,,5G,0.0,0.05
R04-0001207,4,Highland,+1-408-360-6338,+1-307-576-2831,2026-06-01 02:18:56,3337,VOICE,,5G,0.08,4.45
R04-0001208,4,Highland,+1-605-850-1500,+1-626-568-1844,2026-06-01 15:17:48,2502,VOICE,,4G,0.1,4.17
R04-0001209,4,Highland,+1-434-651-9056,+1-281-207-9984,2026-06-01 11:39:46,275,VOICE,,5G,0.08,0.37
R04-0001210,4,Highland,+1-741-758-9243,+1-577-951-3458,2026-06-01 13:26:44,770,VOICE,,4G,0.1,1.28
R04-0001211,4,Highland,+1-768-663-8607,+1-415-999-6746,2026-06-01 16:34:06,1612,VOICE,,3G,0.12,3.22
R04-0001212,4,Highland,+1-779-432-8887,+1-697-507-6784,2026-06-01 18:17:34,0,SMS,,4G,0.0,0.05
R04-0001213,4,Highland,+1-781-987-2121,,2026-06-01 15:03:55,6912,DATA,132528970,4G,0.0,1.33
R04-0001214,4,Highland,+1-922-802-4087,+1-374-586-9827,2026-06-01 17:00:32,0,SMS,,5G,0.0,0.05
R04-0001215,4,Highland,+1-930-263-5100,+1-491-759-4986,2026-06-01 08:32:19,0,SMS,,5G,0.0,0.05
R04-0001216,4,Highland,+1-328-834-7368,,2026-06-01 16:18:26,815,DATA,75322990,3G,0.0,0.75
R04-0001217,4,Highland,+1-919-421-2014,,2026-06-01 18:08:21,442,DATA,224286277,3G,0.0,2.24
R04-0001218,4,Highland,+1-767-396-3968,+1-712-531-1217,2026-06-01 02:41:56,0,SMS,,5G,0.0,0.05
R04-0001219,4,Highland,+1-322-553-8310,,2026-06-01 13:13:09,4067,DATA,217285962,4G,0.0,2.17
R04-0001220,4,Highland,+1-614-656-8156,,2026-06-01 01:02:06,3692,DATA,226953148,4G,0.0,2.27
R04-0001221,4,Highland,+1-538-789-2017,+1-822-359-1074,2026-06-01 11:33:10,2315,VOICE,,3G,0.12,4.63
R04-0001222,4,Highland,+1-407-355-5145,+1-512-577-1424,2026-06-01 22:31:19,0,SMS,,3G,0.0,0.05
R04-0001223,4,Highland,+1-308-713-0125,+1-665-836-7554,2026-06-01 12:21:43,0,SMS,,5G,0.0,0.05
R04-0001224,4,Highland,+1-364-805-7120,+1-976-337-1360,2026-06-01 20:25:27,1830,VOICE,,4G,0.1,3.05
R04-0001225,4,Highland,+1-797-320-3323,+1-795-961-8456,2026-06-01 12:19:12,1552,VOICE,,4G,0.1,2.59
R04-0001226,4,Highland,+1-794-213-8739,+1-422-331-2241,2026-06-01 23:32:10,1410,VOICE,,4G,0.1,2.35
R04-0001227,4,Highland,+1-978-479-4735,+1-422-838-9466,2026-06-01 03:53:46,0,SMS,,5G,0.0,0.05
R04-0001228,4,Highland,+1-730-565-5199,+1-889-427-6353,2026-06-01 17:09:54,1187,VOICE,,3G,0.12,2.37
R04-0001229,4,Highland,+1-662-894-3718,+1-521-549-6532,2026-06-01 01:13:05,0,SMS,,4G,0.0,0.05
R04-0001230,4,Highland,+1-987-634-5242,+1-920-568-9985,2026-06-01 01:16:48,0,SMS,,4G,0.0,0.05
R04-0001231,4,Highland,+1-562-237-6266,+1-390-947-2866,2026-06-01 15:02:06,650,VOICE,,5G,0.08,0.87
R04-0001232,4,Highland,+1-917-683-9544,,2026-06-01 09:37:39,2996,DATA,480861530,4G,0.0,4.81
R04-0001233,4,Highland,+1-885-805-9588,+1-426-274-4837,2026-06-01 03:39:47,667,VOICE,,4G,0.1,1.11
R04-0001234,4,Highland,+1-551-551-7048,+1-332-354-6414,2026-06-01 17:12:19,0,SMS,,4G,0.0,0.05
R04-0001235,4,Highland,+1-932-805-7263,+1-373-292-9096,2026-06-01 18:47:15,3100,VOICE,,5G,0.08,4.13
R04-0001236,4,Highland,+1-326-585-3558,+1-206-904-1921,2026-06-01 16:23:25,0,SMS,,3G,0.0,0.05
R04-0001237,4,Highland,+1-871-487-5359,+1-281-750-9005,2026-06-01 16:06:36,3434,VOICE,,4G,0.1,5.72
R04-0001238,4,Highland,+1-204-301-9643,+1-419-247-4910,2026-06-01 04:07:31,0,SMS,,5G,0.0,0.05
R04-0001239,4,Highland,+1-368-756-7044,+1-832-492-6441,2026-06-01 20:07:04,0,SMS,,4G,0.0,0.05
R04-0001240,4,Highland,+1-212-983-5049,,2026-06-01 17:11:25,2060,DATA,474563787,3G,0.0,4.75
R04-0001241,4,Highland,+1-926-725-2545,+1-256-991-8558,2026-06-01 10:28:20,0,SMS,,3G,0.0,0.05
R04-0001242,4,Highland,+1-476-352-2726,,2026-06-01 02:43:20,4510,DATA,440715047,5G,0.0,4.41
R04-0001243,4,Highland,+1-253-549-7156,+1-781-447-0188,2026-06-01 12:04:55,1555,VOICE,,4G,0.1,2.59
R04-0001244,4,Highland,+1-346-798-6910,+1-526-643-8831,2026-06-01 16:19:27,0,VOICE,,4G,0.1,0.0
R04-0001245,4,Highland,+1-210-233-9133,,2026-06-01 16:49:25,3255,DATA,400796457,4G,0.0,4.01
R04-0001246,4,Highland,+1-692-680-1340,+1-957-449-6145,2026-06-01 17:15:59,3434,VOICE,,5G,0.08,4.58
R04-0001247,4,Highland,+1-697-241-0374,,2026-06-01 18:23:38,4385,DATA,37168020,3G,0.0,0.37
R04-0001248,4,Highland,+1-798-671-7574,,2026-06-01 14:29:56,1487,DATA,42469536,3G,0.0,0.42
R04-0001249,4,Highland,+1-605-315-5357,+1-976-758-1665,2026-06-01 10:27:42,1677,VOICE,,5G,0.08,2.24
R04-0001250,4,Highland,+1-787-377-7503,+1-951-689-0926,2026-06-01 04:03:15,2216,VOICE,,3G,0.12,4.43
R04-0001251,4,Highland,+1-692-226-0865,,2026-06-01 07:57:27,5458,DATA,459097863,3G,0.0,4.59
R04-0001252,4,Highland,+1-769-767-4881,+1-203-662-2670,2026-06-01 11:09:56,0,SMS,,4G,0.0,0.05
R04-0001253,4,Highland,+1-873-630-6070,+1-423-890-2992,2026-06-01 15:11:49,3300,VOICE,,3G,0.12,6.6
R04-0001254,4,Highland,+1-673-950-2618,+1-920-416-3123,2026-06-01 17:34:06,1988,VOICE,,4G,0.1,3.31
R04-0001255,4,Highland,+1-736-606-3446,+1-634-251-0355,2026-06-01 20:32:51,0,SMS,,4G,0.0,0.05
R04-0001256,4,Highland,+1-340-562-9662,+1-926-239-6377,2026-06-01 03:01:55,1576,VOICE,,4G,0.1,2.63
R04-0001257,4,Highland,+1-801-941-2871,+1-231-478-1060,2026-06-01 00:07:17,3247,VOICE,,4G,0.1,5.41
R04-0001258,4,Highland,+1-507-836-3840,+1-589-650-7883,2026-06-01 18:01:30,3199,VOICE,,4G,0.1,5.33
R04-0001259,4,Highland,+1-580-528-8415,,2026-06-01 22:13:05,661,DATA,491152612,5G,0.0,4.91
R04-0001260,4,Highland,+1-529-592-9521,,2026-06-01 05:53:06,2288,DATA,126631980,4G,0.0,1.27
R04-0001261,4,Highland,+1-565-942-3556,+1-580-476-2658,2026-06-01 02:17:41,979,VOICE,,4G,0.1,1.63
R04-0001262,4,Highland,+1-420-933-2784,+1-556-964-9349,2026-06-01 07:24:39,1913,VOICE,,4G,0.1,3.19
R04-0001263,4,Highland,+1-869-506-9300,+1-447-270-0148,2026-06-01 06:08:40,0,SMS,,5G,0.0,0.05
R04-0001264,4,Highland,+1-395-702-5792,+1-982-366-9722,2026-06-01 05:59:03,0,SMS,,5G,0.0,0.05
R04-0001265,4,Highland,+1-712-372-4948,+1-980-465-2175,2026-06-01 11:06:47,0,SMS,,5G,0.0,0.05
R04-0001266,4,Highland,+1-627-809-8413,,2026-06-01 09:28:01,4374,DATA,359815962,4G,0.0,3.6
R04-0001267,4,Highland,+1-318-774-2380,+1-821-802-9633,2026-06-01 13:48:02,0,SMS,,4G,0.0,0.05
R04-0001268,4,Highland,+1-232-572-1401,+1-370-755-9478,2026-06-01 02:54:35,0,SMS,,4G,0.0,0.05
R04-0001269,4,Highland,+1-810-589-0383,,2026-06-01 23:28:35,5868,DATA,93140349,4G,0.0,0.93
R04-0001270,4,Highland,+1-710-800-3067,+1-489-960-3174,2026-06-01 18:56:11,1768,VOICE,,5G,0.08,2.36
R04-0001271,4,Highland,+1-553-388-5441,+1-483-404-6000,2026-06-01 18:19:18,26,VOICE,,4G,0.1,0.04
R04-0001272,4,Highland,+1-587-872-2538,+1-687-692-3732,2026-06-01 06:44:13,0,VOICE,,4G,0.1,0.0
R04-0001273,4,Highland,+1-307-991-5693,+1-253-253-1552,2026-06-01 09:23:02,2905,VOICE,,5G,0.08,3.87
R04-0001274,4,Highland,+1-823-602-9634,+1-768-332-4406,2026-06-01 11:24:37,0,SMS,,3G,0.0,0.05
R04-0001275,4,Highland,+1-486-637-3889,+1-989-400-0519,2026-06-01 18:45:52,1516,VOICE,,4G,0.1,2.53
R04-0001276,4,Highland,+1-436-918-8348,+1-617-836-3582,2026-06-01 10:27:18,3109,VOICE,,5G,0.08,4.15
R04-0001277,4,Highland,+1-431-232-0810,+1-925-919-7621,2026-06-01 11:52:46,3022,VOICE,,4G,0.1,5.04
R04-0001278,4,Highland,+1-855-861-9552,+1-644-311-3529,2026-06-01 08:52:18,0,SMS,,5G,0.0,0.05
R04-0001279,4,Highland,+1-644-208-7077,+1-203-882-1808,2026-06-01 14:59:10,3578,VOICE,,3G,0.12,7.16
R04-0001280,4,Highland,+1-473-731-5776,+1-977-368-2353,2026-06-01 15:14:39,0,SMS,,4G,0.0,0.05
R04-0001281,4,Highland,+1-825-683-8069,+1-939-541-7251,2026-06-01 08:09:43,3130,VOICE,,5G,0.08,4.17
R04-0001282,4,Highland,+1-237-961-5468,+1-581-362-1460,2026-06-01 10:59:54,2054,VOICE,,4G,0.1,3.42
R04-0001283,4,Highland,+1-228-808-6721,+1-491-285-4129,2026-06-01 06:27:25,0,SMS,,5G,0.0,0.05
R04-0001284,4,Highland,+1-515-905-2150,+1-554-879-2344,2026-06-01 04:27:36,1308,VOICE,,4G,0.1,2.18
R04-0001285,4,Highland,+1-287-702-3909,+1-854-476-9575,2026-06-01 00:47:20,1375,VOICE,,5G,0.08,1.83
R04-0001286,4,Highland,+1-638-956-8935,+1-398-896-7453,2026-06-01 04:59:49,1716,VOICE,,5G,0.08,2.29
R04-0001287,4,Highland,+1-474-589-9600,,2026-06-01 16:59:51,1846,DATA,294490763,4G,0.0,2.94
R04-0001288,4,Highland,+1-348-672-0153,,2026-06-01 04:49:26,6989,DATA,192779818,4G,0.0,1.93
R04-0001289,4,Highland,+1-571-401-3674,+1-832-708-9526,2026-06-01 23:14:44,0,SMS,,5G,0.0,0.05
R04-0001290,4,Highland,+1-898-447-3469,+1-497-693-0713,2026-06-01 13:10:18,1684,VOICE,,4G,0.1,2.81
R04-0001291,4,Highland,+1-553-368-0590,,2026-06-01 18:48:27,6395,DATA,344671020,5G,0.0,3.45
R04-0001292,4,Highland,+1-517-651-0338,+1-873-512-4775,2026-06-01 07:25:21,0,SMS,,5G,0.0,0.05
R04-0001293,4,Highland,+1-957-592-3266,+1-395-613-9434,2026-06-01 10:28:07,2942,VOICE,,4G,0.1,4.9
R04-0001294,4,Highland,+1-425-430-6431,+1-728-569-2173,2026-06-01 10:11:17,0,SMS,,5G,0.0,0.05
R04-0001295,4,Highland,+1-681-619-3355,,2026-06-01 11:20:01,4466,DATA,143073644,5G,0.0,1.43
R04-0001296,4,Highland,+1-584-940-1034,+1-690-799-1404,2026-06-01 15:18:05,2555,VOICE,,4G,0.1,4.26
R04-0001297,4,Highland,+1-413-569-1889,+1-208-256-1116,2026-06-01 07:20:42,30,VOICE,,4G,0.1,0.05
R04-0001298,4,Highland,+1-328-322-8059,+1-874-248-2551,2026-06-01 10:56:11,0,SMS,,5G,0.0,0.05
R04-0001299,4,Highland,+1-586-668-6380,+1-929-567-0175,2026-06-01 18:51:09,184,VOICE,,3G,0.12,0.37
R04-0001300,4,Highland,+1-403-263-0526,+1-761-720-6583,2026-06-01 23:30:02,567,VOICE,,4G,0.1,0.94
R04-0001301,4,Highland,+1-398-596-6902,+1-647-568-3837,2026-06-01 05:38:19,2859,VOICE,,5G,0.08,3.81
R04-0001302,4,Highland,+1-277-710-8853,+1-910-565-6263,2026-06-01 06:23:21,0,SMS,,3G,0.0,0.05
R04-0001303,4,Highland,+1-327-541-0627,,2026-06-01 10:42:32,2617,DATA,78919626,5G,0.0,0.79
R04-0001304,4,Highland,+1-872-201-2007,+1-501-200-6589,2026-06-01 01:09:05,1744,VOICE,,5G,0.08,2.33
R04-0001305,4,Highland,+1-796-273-4438,+1-807-340-8963,2026-06-01 09:32:16,1717,VOICE,,5G,0.08,2.29
R04-0001306,4,Highland,+1-371-561-8054,+1-232-636-5044,2026-06-01 08:47:20,769,VOICE,,3G,0.12,1.54
R04-0001307,4,Highland,+1-364-780-7631,+1-640-480-2305,2026-06-01 11:51:13,0,SMS,,5G,0.0,0.05
R04-0001308,4,Highland,+1-283-966-8010,+1-577-289-6006,2026-06-01 01:40:47,0,SMS,,4G,0.0,0.05
R04-0001309,4,Highland,+1-562-981-8912,+1-825-640-8655,2026-06-01 12:18:50,2850,VOICE,,3G,0.12,5.7
R04-0001310,4,Highland,+1-245-988-8452,+1-224-995-9117,2026-06-01 09:19:58,423,VOICE,,4G,0.1,0.71
R04-0001311,4,Highland,+1-584-845-9923,+1-251-595-7937,2026-06-01 13:18:24,3003,VOICE,,4G,0.1,5.0
R04-0001312,4,Highland,+1-572-626-2922,,2026-06-01 02:43:41,1868,DATA,243713048,5G,0.0,2.44
R04-0001313,4,Highland,+1-405-792-2528,+1-424-338-9440,2026-06-01 17:12:52,68,VOICE,,3G,0.12,0.14
R04-0001314,4,Highland,+1-336-500-6492,+1-880-487-6840,2026-06-01 21:29:35,0,SMS,,4G,0.0,0.05
R04-0001315,4,Highland,+1-898-325-4115,+1-502-660-4897,2026-06-01 02:35:05,0,SMS,,4G,0.0,0.05
R04-0001316,4,Highland,+1-525-813-6340,+1-776-967-4321,2026-06-01 05:17:49,0,SMS,,4G,0.0,0.05
R04-0001317,4,Highland,+1-792-316-5853,+1-843-804-1560,2026-06-01 17:28:43,1640,VOICE,,4G,0.1,2.73
R04-0001318,4,Highland,+1-267-757-1049,+1-933-541-5395,2026-06-01 09:26:03,3312,VOICE,,4G,0.1,5.52
R04-0001319,4,Highland,+1-312-689-9670,+1-359-580-5145,2026-06-01 16:58:24,0,SMS,,3G,0.0,0.05
R04-0001320,4,Highland,+1-920-710-2067,+1-551-650-8004,2026-06-01 00:40:11,0,SMS,,5G,0.0,0.05
R04-0001321,4,Highland,+1-777-899-9724,+1-607-461-8708,2026-06-01 23:50:15,0,SMS,,4G,0.0,0.05
R04-0001322,4,Highland,+1-476-761-0405,+1-948-252-8004,2026-06-01 20:37:47,1122,VOICE,,5G,0.08,1.5
R04-0001323,4,Highland,+1-510-333-4707,+1-512-702-3394,2026-06-01 09:27:37,2223,VOICE,,5G,0.08,2.96
R04-0001324,4,Highland,+1-522-903-1481,+1-714-835-9852,2026-06-01 06:42:32,0,SMS,,4G,0.0,0.05
R04-0001325,4,Highland,+1-626-545-5738,+1-598-536-4417,2026-06-01 02:13:41,3381,VOICE,,5G,0.08,4.51
R04-0001326,4,Highland,+1-811-660-0042,+1-301-575-3383,2026-06-01 21:08:05,0,SMS,,5G,0.0,0.05
R04-0001327,4,Highland,+1-715-988-6516,,2026-06-01 12:43:32,5359,DATA,473625792,4G,0.0,4.74
R04-0001328,4,Highland,+1-618-272-9099,+1-639-935-9995,2026-06-01 15:55:08,2795,VOICE,,4G,0.1,4.66
R04-0001329,4,Highland,+1-318-204-7412,,2026-06-01 15:48:22,3083,DATA,174365862,5G,0.0,1.74
R04-0001330,4,Highland,+1-903-897-3415,+1-973-507-3091,2026-06-01 06:40:07,3272,VOICE,,4G,0.1,5.45
R04-0001331,4,Highland,+1-915-627-0505,+1-635-687-4114,2026-06-01 05:59:03,2707,VOICE,,5G,0.08,3.61
R04-0001332,4,Highland,+1-942-524-8593,,2026-06-01 12:33:43,3258,DATA,138852622,4G,0.0,1.39
R04-0001333,4,Highland,+1-752-845-3353,+1-619-857-8528,2026-06-01 16:02:24,0,SMS,,4G,0.0,0.05
R04-0001334,4,Highland,+1-788-447-7709,+1-503-424-5585,2026-06-01 13:17:10,2864,VOICE,,4G,0.1,4.77
R04-0001335,4,Highland,+1-796-830-8989,+1-275-259-8989,2026-06-01 06:44:37,2135,VOICE,,4G,0.1,3.56
R04-0001336,4,Highland,+1-902-249-1374,,2026-06-01 06:50:54,3744,DATA,178309950,4G,0.0,1.78
R04-0001337,4,Highland,+1-837-367-9384,,2026-06-01 17:24:11,2608,DATA,406726115,4G,0.0,4.07
R04-0001338,4,Highland,+1-460-240-3635,+1-596-357-9641,2026-06-01 02:39:21,488,VOICE,,4G,0.1,0.81
R04-0001339,4,Highland,+1-386-444-5007,+1-856-968-5014,2026-06-01 20:58:06,0,SMS,,5G,0.0,0.05
R04-0001340,4,Highland,+1-986-294-9413,,2026-06-01 23:38:35,6271,DATA,382556726,4G,0.0,3.83
R04-0001341,4,Highland,+1-568-633-5639,+1-522-332-7319,2026-06-01 03:42:48,1861,VOICE,,5G,0.08,2.48
R04-0001342,4,Highland,+1-609-732-0750,+1-487-874-2760,2026-06-01 10:44:52,963,VOICE,,4G,0.1,1.61
R04-0001343,4,Highland,+1-532-464-4986,,2026-06-01 11:55:04,6989,DATA,378694421,3G,0.0,3.79
R04-0001344,4,Highland,+1-472-603-4679,,2026-06-01 09:36:02,2798,DATA,373344660,4G,0.0,3.73
R04-0001345,4,Highland,+1-265-648-7461,+1-672-881-1703,2026-06-01 23:59:21,3004,VOICE,,4G,0.1,5.01
R04-0001346,4,Highland,+1-335-920-2954,+1-478-595-6795,2026-06-01 00:23:44,0,SMS,,3G,0.0,0.05
R04-0001347,4,Highland,+1-273-220-7565,+1-241-283-1709,2026-06-01 06:18:06,0,SMS,,5G,0.0,0.05
R04-0001348,4,Highland,+1-865-844-4640,+1-284-735-4497,2026-06-01 14:03:12,1278,VOICE,,4G,0.1,2.13
R04-0001349,4,Highland,+1-217-426-2324,+1-717-750-4643,2026-06-01 01:33:25,1371,VOICE,,4G,0.1,2.29
R04-0001350,4,Highland,+1-989-691-5551,+1-732-472-9246,2026-06-01 08:45:20,0,SMS,,5G,0.0,0.05
R04-0001351,4,Highland,+1-871-599-2804,,2026-06-01 22:13:59,1984,DATA,233195452,4G,0.0,2.33
R04-0001352,4,Highland,+1-385-621-2601,+1-232-796-4697,2026-06-01 11:26:47,1383,VOICE,,4G,0.1,2.31
R04-0001353,4,Highland,+1-877-430-3503,,2026-06-01 02:15:26,4772,DATA,429281357,4G,0.0,4.29
R04-0001354,4,Highland,+1-445-450-9880,+1-460-989-2390,2026-06-01 04:15:16,287,VOICE,,4G,0.1,0.48
R04-0001355,4,Highland,+1-316-657-4827,,2026-06-01 02:18:48,6332,DATA,249440811,3G,0.0,2.49
R04-0001356,4,Highland,+1-335-431-4242,+1-811-727-6127,2026-06-01 17:05:30,0,SMS,,4G,0.0,0.05
R04-0001357,4,Highland,+1-213-300-4506,+1-509-344-6863,2026-06-01 09:19:06,1351,VOICE,,5G,0.08,1.8
R04-0001358,4,Highland,+1-842-441-8418,+1-690-234-4332,2026-06-01 12:33:31,491,VOICE,,4G,0.1,0.82
R04-0001359,4,Highland,+1-278-257-3625,+1-757-984-3141,2026-06-01 18:07:38,0,SMS,,4G,0.0,0.05
R04-0001360,4,Highland,+1-498-977-8196,+1-676-874-9405,2026-06-01 20:07:31,1570,VOICE,,4G,0.1,2.62
R04-0001361,4,Highland,+1-316-870-9204,+1-409-766-3749,2026-06-01 01:56:16,0,SMS,,3G,0.0,0.05
R04-0001362,4,Highland,+1-989-335-3954,+1-988-307-1280,2026-06-01 14:58:01,1423,VOICE,,4G,0.1,2.37
R04-0001363,4,Highland,+1-353-220-5168,+1-376-834-2629,2026-06-01 03:56:56,1208,VOICE,,4G,0.1,2.01
R04-0001364,4,Highland,+1-469-624-6753,+1-967-206-5000,2026-06-01 13:04:24,2842,VOICE,,5G,0.08,3.79
R04-0001365,4,Highland,+1-864-553-8903,+1-633-793-2078,2026-06-01 12:11:46,1701,VOICE,,3G,0.12,3.4
R04-0001366,4,Highland,+1-782-979-2336,+1-885-258-9665,2026-06-01 04:26:38,0,SMS,,4G,0.0,0.05
R04-0001367,4,Highland,+1-662-267-8663,+1-446-375-1510,2026-06-01 20:27:31,0,SMS,,4G,0.0,0.05
R04-0001368,4,Highland,+1-643-936-7291,,2026-06-01 07:31:00,2237,DATA,379016409,4G,0.0,3.79
R04-0001369,4,Highland,+1-656-281-7616,+1-928-308-5039,2026-06-01 03:32:10,3021,VOICE,,5G,0.08,4.03
R04-0001370,4,Highland,+1-571-339-8970,,2026-06-01 01:12:36,4022,DATA,442523075,4G,0.0,4.43
R04-0001371,4,Highland,+1-255-215-2353,+1-760-982-3719,2026-06-01 04:25:46,0,SMS,,5G,0.0,0.05
R04-0001372,4,Highland,+1-317-884-2183,+1-367-558-2104,2026-06-01 06:22:37,1213,VOICE,,3G,0.12,2.43
R04-0001373,4,Highland,+1-539-750-7339,+1-971-754-9537,2026-06-01 07:53:06,0,SMS,,5G,0.0,0.05
R04-0001374,4,Highland,+1-835-508-7314,+1-622-601-4677,2026-06-01 05:42:49,0,SMS,,4G,0.0,0.05
R04-0001375,4,Highland,+1-294-780-7642,+1-710-548-9507,2026-06-01 20:16:13,0,SMS,,4G,0.0,0.05
R04-0001376,4,Highland,+1-780-598-8182,+1-371-472-8826,2026-06-01 13:35:44,2629,VOICE,,5G,0.08,3.51
R04-0001377,4,Highland,+1-463-716-7517,+1-756-639-1472,2026-06-01 18:17:04,697,VOICE,,4G,0.1,1.16
R04-0001378,4,Highland,+1-236-717-3711,+1-898-812-5832,2026-06-01 23:11:40,3570,VOICE,,5G,0.08,4.76
R04-0001379,4,Highland,+1-846-892-1509,+1-451-529-3149,2026-06-01 23:38:31,0,SMS,,4G,0.0,0.05
R04-0001380,4,Highland,+1-794-745-6198,+1-645-370-3806,2026-06-01 00:46:13,0,SMS,,5G,0.0,0.05
R04-0001381,4,Highland,+1-741-233-4427,+1-908-809-7726,2026-06-01 18:26:17,1281,VOICE,,5G,0.08,1.71
R04-0001382,4,Highland,+1-744-341-0833,+1-341-795-0325,2026-06-01 16:32:59,2607,VOICE,,5G,0.08,3.48
R04-0001383,4,Highland,+1-538-208-7446,,2026-06-01 23:58:16,4095,DATA,358966233,3G,0.0,3.59
R04-0001384,4,Highland,+1-457-909-8905,,2026-06-01 21:40:35,6371,DATA,266622891,5G,0.0,2.67
R04-0001385,4,Highland,+1-424-707-5339,+1-431-222-1372,2026-06-01 00:15:10,0,SMS,,5G,0.0,0.05
R04-0001386,4,Highland,+1-484-863-3039,+1-909-238-2497,2026-06-01 23:43:06,0,VOICE,,5G,0.08,0.0
R04-0001387,4,Highland,+1-899-263-7482,+1-920-263-3942,2026-06-01 18:08:45,2978,VOICE,,4G,0.1,4.96
R04-0001388,4,Highland,+1-838-705-9339,,2026-06-01 10:12:49,214,DATA,438964006,4G,0.0,4.39
R04-0001389,4,Highland,+1-512-666-7141,+1-219-434-8156,2026-06-01 12:59:08,3223,VOICE,,4G,0.1,5.37
R04-0001390,4,Highland,+1-371-559-0724,+1-833-915-3648,2026-06-01 19:06:40,1395,VOICE,,4G,0.1,2.33
R04-0001391,4,Highland,+1-454-322-8133,+1-840-991-8106,2026-06-01 08:07:09,0,SMS,,4G,0.0,0.05
R04-0001392,4,Highland,+1-845-575-6960,+1-609-719-7861,2026-06-01 15:03:59,0,SMS,,4G,0.0,0.05
R04-0001393,4,Highland,+1-249-631-4628,+1-250-750-4456,2026-06-01 02:07:31,2493,VOICE,,5G,0.08,3.32
R04-0001394,4,Highland,+1-685-420-7632,+1-216-635-9934,2026-06-01 21:15:39,3101,VOICE,,4G,0.1,5.17
R04-0001395,4,Highland,+1-561-651-0965,+1-203-871-8188,2026-06-01 13:27:52,0,SMS,,4G,0.0,0.05
R04-0001396,4,Highland,+1-948-833-2848,+1-435-441-7272,2026-06-01 21:09:46,0,SMS,,4G,0.0,0.05
R04-0001397,4,Highland,+1-584-256-0312,+1-848-588-4349,2026-06-01 01:40:19,0,SMS,,3G,0.0,0.05
R04-0001398,4,Highland,+1-579-558-2861,,2026-06-01 02:16:07,6874,DATA,193210326,4G,0.0,1.93
R04-0001399,4,Highland,+1-869-315-8723,+1-964-696-7033,2026-06-01 07:49:03,0,SMS,,4G,0.0,0.05
R04-0001400,4,Highland,+1-742-295-0526,,2026-06-01 14:14:36,83,DATA,371054814,4G,0.0,3.71
R04-0001401,4,Highland,+1-888-446-6620,+1-970-453-0208,2026-06-01 16:06:11,0,SMS,,4G,0.0,0.05
R04-0001402,4,Highland,+1-626-346-5744,,2026-06-01 07:03:50,5617,DATA,471543970,3G,0.0,4.72
R04-0001403,4,Highland,+1-822-846-7942,+1-733-408-9074,2026-06-01 11:38:13,2124,VOICE,,4G,0.1,3.54
R04-0001404,4,Highland,+1-654-607-3856,+1-422-561-4317,2026-06-01 02:53:16,2729,VOICE,,4G,0.1,4.55
R04-0001405,4,Highland,+1-872-605-5835,+1-356-624-6271,2026-06-01 07:22:50,3573,VOICE,,5G,0.08,4.76
R04-0001406,4,Highland,+1-243-623-7416,+1-598-988-0848,2026-06-01 13:32:15,0,SMS,,4G,0.0,0.05
R04-0001407,4,Highland,+1-397-358-3494,+1-397-858-3164,2026-06-01 03:03:56,2774,VOICE,,5G,0.08,3.7
R04-0001408,4,Highland,+1-440-874-7756,+1-537-378-2803,2026-06-01 05:39:51,1646,VOICE,,4G,0.1,2.74
R04-0001409,4,Highland,+1-412-806-0709,+1-374-958-0871,2026-06-01 15:37:44,3414,VOICE,,5G,0.08,4.55
R04-0001410,4,Highland,+1-255-506-5022,+1-483-622-2267,2026-06-01 07:40:58,1240,VOICE,,5G,0.08,1.65
R04-0001411,4,Highland,+1-323-569-5723,+1-620-216-9324,2026-06-01 18:22:36,0,SMS,,3G,0.0,0.05
R04-0001412,4,Highland,+1-904-260-0633,+1-635-441-5987,2026-06-01 03:42:29,0,SMS,,3G,0.0,0.05
R04-0001413,4,Highland,+1-727-573-8612,+1-347-637-5811,2026-06-01 13:17:47,2193,VOICE,,4G,0.1,3.65
R04-0001414,4,Highland,+1-626-940-1810,+1-808-826-4899,2026-06-01 13:48:01,0,SMS,,3G,0.0,0.05
R04-0001415,4,Highland,+1-921-883-8580,+1-851-220-6429,2026-06-01 03:45:43,0,VOICE,,4G,0.1,0.0
R04-0001416,4,Highland,+1-441-647-4110,+1-904-321-4222,2026-06-01 06:50:33,0,SMS,,4G,0.0,0.05
R04-0001417,4,Highland,+1-409-478-0243,,2026-06-01 02:58:39,4754,DATA,338224657,4G,0.0,3.38
R04-0001418,4,Highland,+1-974-595-2287,+1-303-810-4941,2026-06-01 01:55:10,1793,VOICE,,4G,0.1,2.99
R04-0001419,4,Highland,+1-570-424-6625,+1-380-538-5236,2026-06-01 10:36:08,2258,VOICE,,4G,0.1,3.76
R04-0001420,4,Highland,+1-218-808-5396,+1-349-533-7195,2026-06-01 22:52:39,1542,VOICE,,4G,0.1,2.57
R04-0001421,4,Highland,+1-811-491-8386,+1-625-512-4773,2026-06-01 17:06:42,2158,VOICE,,5G,0.08,2.88
R04-0001422,4,Highland,+1-508-206-2621,,2026-06-01 01:35:32,4044,DATA,16634735,5G,0.0,0.17
R04-0001423,4,Highland,+1-637-552-8117,+1-550-852-9546,2026-06-01 16:26:33,0,SMS,,4G,0.0,0.05
R04-0001424,4,Highland,+1-241-887-5827,+1-897-770-8841,2026-06-01 19:39:14,0,SMS,,4G,0.0,0.05
R04-0001425,4,Highland,+1-813-728-9305,+1-492-336-3100,2026-06-01 01:57:14,1702,VOICE,,4G,0.1,2.84
R04-0001426,4,Highland,+1-424-731-3604,+1-911-490-4952,2026-06-01 09:18:50,736,VOICE,,4G,0.1,1.23
R04-0001427,4,Highland,+1-749-855-6161,+1-987-465-7912,2026-06-01 12:10:29,264,VOICE,,5G,0.08,0.35
R04-0001428,4,Highland,+1-667-966-9678,+1-225-663-8328,2026-06-01 03:58:14,0,SMS,,4G,0.0,0.05
R04-0001429,4,Highland,+1-681-303-2479,+1-236-231-4888,2026-06-01 22:07:56,0,SMS,,4G,0.0,0.05
R04-0001430,4,Highland,+1-819-224-7469,+1-241-759-8704,2026-06-01 18:31:16,0,SMS,,4G,0.0,0.05
R04-0001431,4,Highland,+1-859-382-8247,+1-357-654-9854,2026-06-01 04:57:04,2591,VOICE,,3G,0.12,5.18
R04-0001432,4,Highland,+1-392-337-0334,+1-342-587-2488,2026-06-01 08:15:15,0,SMS,,4G,0.0,0.05
R04-0001433,4,Highland,+1-668-638-5007,+1-524-836-2625,2026-06-01 05:46:59,1609,VOICE,,3G,0.12,3.22
R04-0001434,4,Highland,+1-209-235-2589,+1-800-431-6396,2026-06-01 20:07:39,3281,VOICE,,3G,0.12,6.56
R04-0001435,4,Highland,+1-872-582-0265,,2026-06-01 14:42:07,403,DATA,400845756,3G,0.0,4.01
R04-0001436,4,Highland,+1-882-977-5171,+1-291-222-8902,2026-06-01 06:53:43,0,SMS,,4G,0.0,0.05
R04-0001437,4,Highland,+1-941-755-0913,+1-546-448-2209,2026-06-01 17:12:51,587,VOICE,,5G,0.08,0.78
R04-0001438,4,Highland,+1-772-643-7612,+1-407-980-3083,2026-06-01 08:59:08,0,SMS,,4G,0.0,0.05
R04-0001439,4,Highland,+1-266-488-3447,+1-536-777-7263,2026-06-01 19:00:41,0,SMS,,4G,0.0,0.05
R04-0001440,4,Highland,+1-327-388-9374,+1-888-840-8977,2026-06-01 12:14:14,317,VOICE,,5G,0.08,0.42
R04-0001441,4,Highland,+1-764-938-4134,+1-501-791-3687,2026-06-01 16:26:57,0,SMS,,4G,0.0,0.05
R04-0001442,4,Highland,+1-302-878-8490,+1-233-930-6533,2026-06-01 05:51:38,1789,VOICE,,4G,0.1,2.98
R04-0001443,4,Highland,+1-466-251-4052,,2026-06-01 14:15:57,2331,DATA,452209167,5G,0.0,4.52
R04-0001444,4,Highland,+1-789-569-1039,+1-685-507-6251,2026-06-01 04:27:17,0,SMS,,4G,0.0,0.05
R04-0001445,4,Highland,+1-404-494-9267,+1-579-870-1281,2026-06-01 20:09:56,0,SMS,,5G,0.0,0.05
R04-0001446,4,Highland,+1-836-834-5567,+1-362-488-6496,2026-06-01 15:56:06,1121,VOICE,,3G,0.12,2.24
R04-0001447,4,Highland,+1-810-311-5696,+1-270-690-8257,2026-06-01 03:10:41,0,SMS,,4G,0.0,0.05
R04-0001448,4,Highland,+1-240-442-8780,+1-748-738-0328,2026-06-01 12:47:08,0,SMS,,3G,0.0,0.05
R04-0001449,4,Highland,+1-682-597-3869,,2026-06-01 14:44:29,4731,DATA,165902698,4G,0.0,1.66
R04-0001450,4,Highland,+1-244-689-8376,+1-717-532-4217,2026-06-01 03:51:07,0,SMS,,4G,0.0,0.05
R04-0001451,4,Highland,+1-778-929-0711,,2026-06-01 20:27:40,5763,DATA,156128560,3G,0.0,1.56
R04-0001452,4,Highland,+1-717-711-4133,+1-241-493-7626,2026-06-01 02:58:06,762,VOICE,,4G,0.1,1.27
R04-0001453,4,Highland,+1-613-473-6015,+1-257-729-3344,2026-06-01 12:27:51,0,SMS,,4G,0.0,0.05
R04-0001454,4,Highland,+1-533-949-6975,+1-942-584-9033,2026-06-01 04:55:23,0,SMS,,4G,0.0,0.05
R04-0001455,4,Highland,+1-561-955-8552,+1-500-236-2256,2026-06-01 08:17:55,1188,VOICE,,4G,0.1,1.98
R04-0001456,4,Highland,+1-499-913-6470,+1-206-607-0367,2026-06-01 01:26:16,0,SMS,,4G,0.0,0.05
R04-0001457,4,Highland,+1-688-374-3020,+1-930-967-5931,2026-06-01 21:00:52,0,SMS,,5G,0.0,0.05
R04-0001458,4,Highland,+1-609-202-9664,+1-746-680-9930,2026-06-01 00:01:24,2226,VOICE,,5G,0.08,2.97
R04-0001459,4,Highland,+1-682-726-4878,,2026-06-01 12:19:33,4030,DATA,366141070,5G,0.0,3.66
R04-0001460,4,Highland,+1-264-630-7424,+1-401-569-3264,2026-06-01 14:19:32,1880,VOICE,,4G,0.1,3.13
R04-0001461,4,Highland,+1-868-656-2436,+1-838-881-9902,2026-06-01 02:49:19,491,VOICE,,4G,0.1,0.82
R04-0001462,4,Highland,+1-421-471-8458,+1-249-200-1797,2026-06-01 00:44:26,3302,VOICE,,3G,0.12,6.6
R04-0001463,4,Highland,+1-640-373-7278,+1-676-857-9544,2026-06-01 04:25:13,2102,VOICE,,4G,0.1,3.5
R04-0001464,4,Highland,+1-245-774-0732,+1-947-924-7652,2026-06-01 22:50:50,379,VOICE,,3G,0.12,0.76
R04-0001465,4,Highland,+1-667-973-6785,+1-370-234-8933,2026-06-01 18:10:21,3085,VOICE,,3G,0.12,6.17
R04-0001466,4,Highland,+1-676-385-3901,,2026-06-01 00:02:50,1310,DATA,492642234,4G,0.0,4.93
R04-0001467,4,Highland,+1-945-930-0587,+1-467-569-9561,2026-06-01 13:32:31,2532,VOICE,,4G,0.1,4.22
R04-0001468,4,Highland,+1-316-412-9073,+1-533-805-0123,2026-06-01 22:36:31,1525,VOICE,,4G,0.1,2.54
R04-0001469,4,Highland,+1-671-993-7006,+1-747-676-3300,2026-06-01 06:44:50,0,SMS,,5G,0.0,0.05
R04-0001470,4,Highland,+1-884-769-5671,+1-524-920-4891,2026-06-01 18:05:11,2105,VOICE,,4G,0.1,3.51
R04-0001471,4,Highland,+1-427-291-1039,,2026-06-01 14:01:21,4755,DATA,133429902,4G,0.0,1.33
R04-0001472,4,Highland,+1-545-961-7107,+1-371-341-5428,2026-06-01 08:03:26,0,SMS,,4G,0.0,0.05
R04-0001473,4,Highland,+1-796-756-1754,+1-948-467-1513,2026-06-01 07:07:25,1544,VOICE,,4G,0.1,2.57
R04-0001474,4,Highland,+1-638-403-1298,+1-607-273-2139,2026-06-01 12:47:49,0,SMS,,5G,0.0,0.05
R04-0001475,4,Highland,+1-335-788-2504,,2026-06-01 18:18:11,3686,DATA,366642978,5G,0.0,3.67
R04-0001476,4,Highland,+1-936-836-5293,,2026-06-01 15:42:40,4097,DATA,62492156,5G,0.0,0.62
R04-0001477,4,Highland,+1-924-659-2768,,2026-06-01 15:25:46,69,DATA,444925202,4G,0.0,4.45
R04-0001478,4,Highland,+1-956-485-6154,,2026-06-01 03:09:51,2350,DATA,834498,4G,0.0,0.01
R04-0001479,4,Highland,+1-757-468-9011,+1-780-555-8718,2026-06-01 23:42:13,1339,VOICE,,4G,0.1,2.23
R04-0001480,4,Highland,+1-301-296-8540,+1-568-860-4452,2026-06-01 16:20:02,2799,VOICE,,4G,0.1,4.67
R04-0001481,4,Highland,+1-312-868-6509,,2026-06-01 05:36:50,6391,DATA,311130238,3G,0.0,3.11
R04-0001482,4,Highland,+1-800-976-8114,+1-708-625-5747,2026-06-01 20:31:02,2592,VOICE,,5G,0.08,3.46
R04-0001483,4,Highland,+1-510-713-9232,+1-283-366-1992,2026-06-01 08:47:20,3360,VOICE,,3G,0.12,6.72
R04-0001484,4,Highland,+1-570-778-4055,+1-276-431-4860,2026-06-01 15:51:12,0,SMS,,4G,0.0,0.05
R04-0001485,4,Highland,+1-790-442-5536,+1-633-266-3600,2026-06-01 10:47:39,0,SMS,,5G,0.0,0.05
R04-0001486,4,Highland,+1-638-992-7081,+1-453-974-1646,2026-06-01 03:33:49,1584,VOICE,,4G,0.1,2.64
R04-0001487,4,Highland,+1-859-244-1293,,2026-06-01 21:23:20,2719,DATA,174433665,5G,0.0,1.74
R04-0001488,4,Highland,+1-922-451-5850,+1-566-491-6459,2026-06-01 04:21:18,0,SMS,,4G,0.0,0.05
R04-0001489,4,Highland,+1-981-609-9707,+1-775-440-2748,2026-06-01 23:08:44,0,SMS,,4G,0.0,0.05
R04-0001490,4,Highland,+1-819-297-9696,+1-648-590-4610,2026-06-01 10:06:34,0,SMS,,4G,0.0,0.05
R04-0001491,4,Highland,+1-256-344-6929,+1-328-451-4773,2026-06-01 15:33:47,0,SMS,,5G,0.0,0.05
R04-0001492,4,Highland,+1-495-706-7461,+1-600-346-6639,2026-06-01 23:55:52,0,SMS,,3G,0.0,0.05
R04-0001493,4,Highland,+1-328-949-2671,+1-578-230-0768,2026-06-01 01:54:56,3578,VOICE,,4G,0.1,5.96
R04-0001494,4,Highland,+1-592-422-4240,+1-266-539-0640,2026-06-01 11:28:32,756,VOICE,,4G,0.1,1.26
R04-0001495,4,Highland,+1-501-227-7995,+1-848-422-5350,2026-06-01 12:40:28,0,SMS,,5G,0.0,0.05
R04-0001496,4,Highland,+1-823-681-4720,+1-690-305-4104,2026-06-01 13:39:48,1510,VOICE,,4G,0.1,2.52
R04-0001497,4,Highland,+1-530-485-3604,+1-299-984-1092,2026-06-01 02:26:23,673,VOICE,,3G,0.12,1.35
R04-0001498,4,Highland,+1-889-726-1762,+1-455-553-7191,2026-06-01 14:00:12,0,SMS,,4G,0.0,0.05
R04-0001499,4,Highland,+1-777-457-4407,+1-664-874-3856,2026-06-01 01:16:28,2849,VOICE,,3G,0.12,5.7
R04-0001500,4,Highland,+1-529-436-7289,+1-547-808-8315,2026-06-01 06:43:35,1497,VOICE,,4G,0.1,2.5
R04-0001501,4,Highland,+1-943-544-5135,+1-283-237-2749,2026-06-01 22:48:25,2508,VOICE,,5G,0.08,3.34
R04-0001502,4,Highland,+1-250-842-2774,+1-269-254-0628,2026-06-01 14:05:33,935,VOICE,,5G,0.08,1.25
R04-0001503,4,Highland,+1-809-491-8242,+1-605-219-9906,2026-06-01 03:41:58,955,VOICE,,4G,0.1,1.59
R04-0001504,4,Highland,+1-398-664-7826,+1-730-441-8364,2026-06-01 14:15:15,1401,VOICE,,4G,0.1,2.34
R04-0001505,4,Highland,+1-433-515-2306,+1-253-907-6429,2026-06-01 12:14:08,0,VOICE,,4G,0.1,0.0
R04-0001506,4,Highland,+1-683-970-8360,+1-258-280-6992,2026-06-01 18:30:59,1025,VOICE,,4G,0.1,1.71
R04-0001507,4,Highland,+1-671-557-5213,+1-274-862-0162,2026-06-01 19:42:57,3387,VOICE,,3G,0.12,6.77
R04-0001508,4,Highland,+1-727-536-5856,,2026-06-01 03:00:01,310,DATA,347590554,5G,0.0,3.48
R04-0001509,4,Highland,+1-688-416-6310,+1-248-595-9218,2026-06-01 15:14:08,0,SMS,,4G,0.0,0.05
R04-0001510,4,Highland,+1-471-780-0409,+1-979-257-9700,2026-06-01 18:28:03,3545,VOICE,,4G,0.1,5.91
R04-0001511,4,Highland,+1-864-574-1885,+1-603-254-0848,2026-06-01 09:12:07,2855,VOICE,,5G,0.08,3.81
R04-0001512,4,Highland,+1-407-440-8748,,2026-06-01 20:41:50,6159,DATA,64154851,5G,0.0,0.64
R04-0001513,4,Highland,+1-937-999-5243,,2026-06-01 15:33:28,2795,DATA,62740013,5G,0.0,0.63
R04-0001514,4,Highland,+1-884-565-4232,+1-681-489-1654,2026-06-01 07:54:19,2437,VOICE,,4G,0.1,4.06
R04-0001515,4,Highland,+1-217-865-4153,,2026-06-01 17:01:49,5616,DATA,216519182,4G,0.0,2.17
R04-0001516,4,Highland,+1-786-838-9046,+1-298-556-4636,2026-06-01 17:09:11,0,SMS,,4G,0.0,0.05
R04-0001517,4,Highland,+1-561-263-5131,+1-772-204-1944,2026-06-01 14:09:14,2511,VOICE,,3G,0.12,5.02
R04-0001518,4,Highland,+1-839-744-7476,+1-817-466-9728,2026-06-01 12:04:29,1117,VOICE,,4G,0.1,1.86
R04-0001519,4,Highland,+1-586-405-1229,+1-653-937-3193,2026-06-01 16:38:33,0,SMS,,4G,0.0,0.05
R04-0001520,4,Highland,+1-685-655-2261,+1-794-712-6933,2026-06-01 09:24:04,530,VOICE,,4G,0.1,0.88
R04-0001521,4,Highland,+1-359-205-7234,+1-835-732-8291,2026-06-01 13:53:38,2331,VOICE,,4G,0.1,3.89
R04-0001522,4,Highland,+1-874-445-3129,+1-386-412-2726,2026-06-01 10:45:42,2507,VOICE,,4G,0.1,4.18
R04-0001523,4,Highland,+1-472-732-0693,+1-508-604-4298,2026-06-01 07:36:41,3084,VOICE,,4G,0.1,5.14
R04-0001524,4,Highland,+1-912-388-5564,+1-716-535-9351,2026-06-01 23:57:03,2490,VOICE,,4G,0.1,4.15
R04-0001525,4,Highland,+1-489-355-7405,+1-221-376-5529,2026-06-01 20:54:47,3075,VOICE,,4G,0.1,5.12
R04-0001526,4,Highland,+1-347-779-7645,+1-658-672-3382,2026-06-01 10:38:48,0,SMS,,4G,0.0,0.05
R04-0001527,4,Highland,+1-840-536-7559,+1-214-799-6389,2026-06-01 00:06:39,2016,VOICE,,4G,0.1,3.36
R04-0001528,4,Highland,+1-613-403-1587,+1-314-844-7707,2026-06-01 17:31:28,0,VOICE,,3G,0.12,0.0
R04-0001529,4,Highland,+1-658-901-0030,+1-552-888-6615,2026-06-01 18:11:52,0,SMS,,5G,0.0,0.05
R04-0001530,4,Highland,+1-847-927-4565,+1-543-396-6257,2026-06-01 09:14:45,1931,VOICE,,4G,0.1,3.22
R04-0001531,4,Highland,+1-837-433-5419,+1-631-859-2237,2026-06-01 17:19:57,1736,VOICE,,5G,0.08,2.31
R04-0001532,4,Highland,+1-304-898-8164,+1-377-794-3148,2026-06-01 15:56:46,290,VOICE,,5G,0.08,0.39
R04-0001533,4,Highland,+1-711-219-0073,,2026-06-01 01:59:57,4912,DATA,89718891,4G,0.0,0.9
R04-0001534,4,Highland,+1-476-997-5533,+1-573-808-8937,2026-06-01 12:50:07,1195,VOICE,,4G,0.1,1.99
R04-0001535,4,Highland,+1-901-805-0063,+1-342-874-2813,2026-06-01 03:50:20,1665,VOICE,,4G,0.1,2.78
R04-0001536,4,Highland,+1-277-648-7764,,2026-06-01 17:03:17,72,DATA,471341001,4G,0.0,4.71
R04-0001537,4,Highland,+1-426-368-6539,+1-307-565-2034,2026-06-01 10:04:29,0,SMS,,4G,0.0,0.05
R04-0001538,4,Highland,+1-540-408-4799,+1-886-765-1405,2026-06-01 09:36:05,3372,VOICE,,4G,0.1,5.62
R04-0001539,4,Highland,+1-967-863-3402,+1-766-402-0961,2026-06-01 19:31:36,0,SMS,,4G,0.0,0.05
R04-0001540,4,Highland,+1-729-993-9022,,2026-06-01 07:03:34,5800,DATA,465424541,4G,0.0,4.65
R04-0001541,4,Highland,+1-856-346-6031,+1-806-342-5672,2026-06-01 01:13:15,0,SMS,,4G,0.0,0.05
R04-0001542,4,Highland,+1-854-205-1659,+1-663-895-9678,2026-06-01 20:37:40,2979,VOICE,,4G,0.1,4.96
R04-0001543,4,Highland,+1-373-395-5807,+1-606-622-6647,2026-06-01 04:12:24,1979,VOICE,,5G,0.08,2.64
R04-0001544,4,Highland,+1-802-753-3972,+1-238-595-4760,2026-06-01 16:02:55,0,SMS,,4G,0.0,0.05
R04-0001545,4,Highland,+1-454-383-5736,+1-643-436-1884,2026-06-01 12:36:28,2369,VOICE,,4G,0.1,3.95
R04-0001546,4,Highland,+1-666-368-9379,,2026-06-01 14:20:22,1412,DATA,115731258,5G,0.0,1.16
R04-0001547,4,Highland,+1-759-691-9656,+1-282-931-2490,2026-06-01 20:41:37,1404,VOICE,,4G,0.1,2.34
R04-0001548,4,Highland,+1-740-486-6096,+1-879-537-0257,2026-06-01 03:53:17,134,VOICE,,5G,0.08,0.18
R04-0001549,4,Highland,+1-374-381-9480,+1-444-384-4876,2026-06-01 10:44:25,3564,VOICE,,5G,0.08,4.75
R04-0001550,4,Highland,+1-952-944-4258,+1-713-821-6688,2026-06-01 17:30:32,1080,VOICE,,3G,0.12,2.16
R04-0001551,4,Highland,+1-681-571-4297,+1-700-745-9870,2026-06-01 21:34:08,0,SMS,,4G,0.0,0.05
R04-0001552,4,Highland,+1-484-498-7279,+1-532-521-9064,2026-06-01 23:28:09,1118,VOICE,,4G,0.1,1.86
R04-0001553,4,Highland,+1-627-894-7736,,2026-06-01 17:22:22,521,DATA,2058303,5G,0.0,0.02
R04-0001554,4,Highland,+1-506-931-0242,+1-304-907-8253,2026-06-01 20:20:47,0,SMS,,5G,0.0,0.05
R04-0001555,4,Highland,+1-317-585-8367,,2026-06-01 08:37:59,98,DATA,386167299,5G,0.0,3.86
R04-0001556,4,Highland,+1-455-939-0469,+1-275-709-5903,2026-06-01 03:57:11,1164,VOICE,,5G,0.08,1.55
R04-0001557,4,Highland,+1-747-865-4603,+1-468-236-3231,2026-06-01 13:20:12,0,SMS,,4G,0.0,0.05
R04-0001558,4,Highland,+1-427-938-3295,+1-269-261-6623,2026-06-01 23:47:21,1962,VOICE,,4G,0.1,3.27
R04-0001559,4,Highland,+1-802-509-6248,,2026-06-01 17:40:32,1438,DATA,351008973,4G,0.0,3.51
R04-0001560,4,Highland,+1-606-502-7522,+1-462-614-0353,2026-06-01 18:27:20,0,SMS,,4G,0.0,0.05
