cdr_id,region_id,region_name,caller_number,callee_number,call_start,duration_seconds,call_type,bytes_transferred,network_type,rate_per_minute,charge_amount
R07-0000001,7,Sunbelt,+1-350-243-0775,+1-525-484-6542,2026-06-01 18:42:46,3047,VOICE,,4G,0.1,5.08
R07-0000002,7,Sunbelt,+1-920-564-9865,+1-610-903-7523,2026-06-01 16:12:26,0,SMS,,4G,0.0,0.05
R07-0000003,7,Sunbelt,+1-373-600-7008,+1-536-306-1587,2026-06-01 23:59:14,2645,VOICE,,4G,0.1,4.41
R07-0000004,7,Sunbelt,+1-596-687-6579,,2026-06-01 09:15:36,6256,DATA,300822288,5G,0.0,3.01
R07-0000005,7,Sunbelt,+1-515-998-4817,+1-438-437-7022,2026-06-01 05:15:40,694,VOICE,,5G,0.08,0.93
R07-0000006,7,Sunbelt,+1-841-329-4006,,2026-06-01 01:46:35,5766,DATA,206274562,4G,0.0,2.06
R07-0000007,7,Sunbelt,+1-961-409-4507,,2026-06-01 02:19:48,2180,DATA,55942782,3G,0.0,0.56
R07-0000008,7,Sunbelt,+1-529-621-2381,+1-223-640-6110,2026-06-01 16:45:14,356,VOICE,,3G,0.12,0.71
R07-0000009,7,Sunbelt,+1-235-357-5019,+1-275-344-0914,2026-06-01 05:49:42,0,SMS,,3G,0.0,0.05
R07-0000010,7,Sunbelt,+1-487-757-7181,+1-830-264-0200,2026-06-01 18:29:18,2708,VOICE,,3G,0.12,5.42
R07-0000011,7,Sunbelt,+1-432-556-0539,+1-506-277-8858,2026-06-01 22:19:59,0,SMS,,5G,0.0,0.05
R07-0000012,7,Sunbelt,+1-402-488-2360,,2026-06-01 02:40:03,1252,DATA,483307433,3G,0.0,4.83
R07-0000013,7,Sunbelt,+1-766-852-4473,,2026-06-01 03:43:32,456,DATA,257565886,4G,0.0,2.58
R07-0000014,7,Sunbelt,+1-205-955-6573,,2026-06-01 08:45:31,5241,DATA,115700748,5G,0.0,1.16
R07-0000015,7,Sunbelt,+1-808-804-0901,+1-462-213-8478,2026-06-01 11:17:19,0,SMS,,3G,0.0,0.05
R07-0000016,7,Sunbelt,+1-458-652-7708,+1-643-457-9108,2026-06-01 20:55:53,1423,VOICE,,4G,0.1,2.37
R07-0000017,7,Sunbelt,+1-753-494-4935,,2026-06-01 00:31:08,6643,DATA,283785231,4G,0.0,2.84
R07-0000018,7,Sunbelt,+1-895-514-0832,+1-868-655-5517,2026-06-01 16:24:09,2970,VOICE,,5G,0.08,3.96
R07-0000019,7,Sunbelt,+1-207-423-2955,,2026-06-01 15:31:42,572,DATA,442237429,4G,0.0,4.42
R07-0000020,7,Sunbelt,+1-739-848-1230,+1-875-593-2618,2026-06-01 02:22:51,1782,VOICE,,4G,0.1,2.97
R07-0000021,7,Sunbelt,+1-675-590-2757,,2026-06-01 18:49:07,4574,DATA,170399815,5G,0.0,1.7
R07-0000022,7,Sunbelt,+1-738-728-8724,+1-308-880-4503,2026-06-01 01:32:02,2550,VOICE,,4G,0.1,4.25
R07-0000023,7,Sunbelt,+1-741-626-1342,+1-793-721-7784,2026-06-01 18:46:58,0,SMS,,4G,0.0,0.05
R07-0000024,7,Sunbelt,+1-389-862-9126,+1-566-734-5438,2026-06-01 11:06:22,0,SMS,,4G,0.0,0.05
R07-0000025,7,Sunbelt,+1-922-632-3108,+1-910-481-9286,2026-06-01 09:14:11,758,VOICE,,4G,0.1,1.26
R07-0000026,7,Sunbelt,+1-205-290-5126,+1-320-745-6674,2026-06-01 23:40:04,0,SMS,,5G,0.0,0.05
R07-0000027,7,Sunbelt,+1-730-293-9534,+1-625-680-8371,2026-06-01 16:37:58,256,VOICE,,4G,0.1,0.43
R07-0000028,7,Sunbelt,+1-602-681-4388,+1-819-554-2547,2026-06-01 13:20:55,0,VOICE,,4G,0.1,0.0
R07-0000029,7,Sunbelt,+1-435-229-4265,,2026-06-01 12:28:48,4513,DATA,193288865,3G,0.0,1.93
R07-0000030,7,Sunbelt,+1-751-401-9599,+1-857-264-2283,2026-06-01 04:16:40,132,VOICE,,4G,0.1,0.22
R07-0000031,7,Sunbelt,+1-718-435-2705,+1-839-967-7966,2026-06-01 18:12:57,629,VOICE,,4G,0.1,1.05
R07-0000032,7,Sunbelt,+1-986-297-5301,,2026-06-01 03:36:00,3173,DATA,223163753,4G,0.0,2.23
R07-0000033,7,Sunbelt,+1-620-502-2824,+1-556-316-0520,2026-06-01 05:50:37,2645,VOICE,,4G,0.1,4.41
R07-0000034,7,Sunbelt,+1-520-893-1603,+1-256-262-1747,2026-06-01 11:34:44,0,SMS,,5G,0.0,0.05
R07-0000035,7,Sunbelt,+1-265-435-3494,+1-275-283-0437,2026-06-01 03:57:05,2805,VOICE,,4G,0.1,4.67
R07-0000036,7,Sunbelt,+1-579-986-9254,+1-679-885-1578,2026-06-01 02:09:49,0,SMS,,4G,0.0,0.05
R07-0000037,7,Sunbelt,+1-544-761-1451,+1-255-428-5317,2026-06-01 14:20:51,0,SMS,,5G,0.0,0.05
R07-0000038,7,Sunbelt,+1-510-512-0037,,2026-06-01 11:21:27,2681,DATA,300698435,5G,0.0,3.01
R07-0000039,7,Sunbelt,+1-459-624-1375,+1-374-948-4472,2026-06-01 13:21:19,0,SMS,,4G,0.0,0.05
R07-0000040,7,Sunbelt,+1-925-465-2941,,2026-06-01 16:42:10,2253,DATA,97386219,4G,0.0,0.97
R07-0000041,7,Sunbelt,+1-410-351-5904,+1-482-270-3914,2026-06-01 05:49:56,3437,VOICE,,5G,0.08,4.58
R07-0000042,7,Sunbelt,+1-866-992-5127,+1-737-524-1137,2026-06-01 21:29:46,0,SMS,,4G,0.0,0.05
R07-0000043,7,Sunbelt,+1-454-201-3230,+1-509-394-7336,2026-06-01 01:17:11,0,SMS,,4G,0.0,0.05
R07-0000044,7,Sunbelt,+1-227-261-2918,+1-888-223-7610,2026-06-01 07:45:29,1503,VOICE,,5G,0.08,2.0
R07-0000045,7,Sunbelt,+1-303-685-6888,+1-205-506-1144,2026-06-01 08:21:02,788,VOICE,,4G,0.1,1.31
R07-0000046,7,Sunbelt,+1-606-928-1305,+1-688-280-9286,2026-06-01 17:49:35,974,VOICE,,5G,0.08,1.3
R07-0000047,7,Sunbelt,+1-943-287-2432,+1-765-215-4420,2026-06-01 21:20:42,1174,VOICE,,4G,0.1,1.96
R07-0000048,7,Sunbelt,+1-893-857-7069,+1-938-421-4907,2026-06-01 13:27:26,0,VOICE,,4G,0.1,0.0
R07-0000049,7,Sunbelt,+1-299-964-6364,+1-324-842-0214,2026-06-01 18:51:57,510,VOICE,,4G,0.1,0.85
R07-0000050,7,Sunbelt,+1-717-401-0489,+1-220-603-0494,2026-06-01 08:33:24,3510,VOICE,,4G,0.1,5.85
R07-0000051,7,Sunbelt,+1-354-417-0845,+1-313-284-5993,2026-06-01 22:36:43,61,VOICE,,5G,0.08,0.08
R07-0000052,7,Sunbelt,+1-222-459-1038,,2026-06-01 00:27:30,2233,DATA,331029677,5G,0.0,3.31
R07-0000053,7,Sunbelt,+1-342-468-2667,+1-597-681-9188,2026-06-01 20:48:41,3513,VOICE,,4G,0.1,5.86
R07-0000054,7,Sunbelt,+1-717-675-8297,+1-768-527-0759,2026-06-01 11:27:50,1638,VOICE,,4G,0.1,2.73
R07-0000055,7,Sunbelt,+1-683-338-4117,+1-794-882-4855,2026-06-01 22:24:13,0,SMS,,4G,0.0,0.05
R07-0000056,7,Sunbelt,+1-331-824-4685,+1-578-268-8128,2026-06-01 03:02:31,3330,VOICE,,4G,0.1,5.55
R07-0000057,7,Sunbelt,+1-681-934-8772,+1-421-623-1158,2026-06-01 17:36:48,2325,VOICE,,3G,0.12,4.65
R07-0000058,7,Sunbelt,+1-843-852-1046,+1-593-347-7199,2026-06-01 06:19:15,1183,VOICE,,3G,0.12,2.37
R07-0000059,7,Sunbelt,+1-428-212-1390,+1-351-902-7594,2026-06-01 11:53:06,2403,VOICE,,4G,0.1,4.0
R07-0000060,7,Sunbelt,+1-695-212-4937,+1-329-968-7036,2026-06-01 17:03:27,0,SMS,,4G,0.0,0.05
R07-0000061,7,Sunbelt,+1-226-958-2051,+1-821-249-7100,2026-06-01 08:41:30,1926,VOICE,,5G,0.08,2.57
R07-0000062,7,Sunbelt,+1-740-436-3714,+1-664-685-2540,2026-06-01 17:56:21,2513,VOICE,,5G,0.08,3.35
R07-0000063,7,Sunbelt,+1-571-634-4688,+1-235-481-5263,2026-06-01 22:04:25,1906,VOICE,,4G,0.1,3.18
R07-0000064,7,Sunbelt,+1-349-749-5285,+1-875-869-6236,2026-06-01 19:22:35,0,SMS,,4G,0.0,0.05
R07-0000065,7,Sunbelt,+1-843-860-2008,+1-611-278-0288,2026-06-01 19:32:52,0,SMS,,4G,0.0,0.05
R07-0000066,7,Sunbelt,+1-928-834-0624,+1-686-420-9684,2026-06-01 07:36:22,0,SMS,,5G,0.0,0.05
R07-0000067,7,Sunbelt,+1-464-855-8861,+1-481-626-8108,2026-06-01 12:27:20,0,SMS,,4G,0.0,0.05
R07-0000068,7,Sunbelt,+1-968-559-5822,+1-536-487-8445,2026-06-01 00:52:53,1041,VOICE,,4G,0.1,1.74
R07-0000069,7,Sunbelt,+1-856-399-2066,+1-310-629-4152,2026-06-01 19:08:54,0,SMS,,4G,0.0,0.05
R07-0000070,7,Sunbelt,+1-924-638-3051,+1-419-828-8923,2026-06-01 20:20:00,236,VOICE,,5G,0.08,0.31
R07-0000071,7,Sunbelt,+1-613-805-6801,+1-696-569-1425,2026-06-01 03:23:12,952,VOICE,,4G,0.1,1.59
R07-0000072,7,Sunbelt,+1-497-209-9589,+1-680-473-0918,2026-06-01 11:01:48,0,SMS,,5G,0.0,0.05
R07-0000073,7,Sunbelt,+1-397-978-6180,+1-446-347-5840,2026-06-01 02:57:38,698,VOICE,,4G,0.1,1.16
R07-0000074,7,Sunbelt,+1-492-809-8337,+1-740-710-4067,2026-06-01 10:19:20,1928,VOICE,,3G,0.12,3.86
R07-0000075,7,Sunbelt,+1-920-748-4757,+1-675-772-2546,2026-06-01 19:23:24,0,SMS,,5G,0.0,0.05
R07-0000076,7,Sunbelt,+1-926-866-9943,+1-955-825-4483,2026-06-01 17:24:00,2252,VOICE,,3G,0.12,4.5
R07-0000077,7,Sunbelt,+1-335-965-4550,+1-974-653-7869,2026-06-01 15:11:11,3087,VOICE,,4G,0.1,5.15
R07-0000078,7,Sunbelt,+1-423-877-8346,+1-682-250-1380,2026-06-01 18:46:19,3276,VOICE,,3G,0.12,6.55
R07-0000079,7,Sunbelt,+1-329-306-7645,+1-884-389-3723,2026-06-01 04:34:37,336,VOICE,,3G,0.12,0.67
R07-0000080,7,Sunbelt,+1-684-603-2822,+1-483-993-2647,2026-06-01 14:22:04,398,VOICE,,5G,0.08,0.53
R07-0000081,7,Sunbelt,+1-956-800-9899,+1-289-459-4280,2026-06-01 17:34:56,1536,VOICE,,4G,0.1,2.56
R07-0000082,7,Sunbelt,+1-469-270-2147,+1-880-858-5348,2026-06-01 20:30:03,122,VOICE,,4G,0.1,0.2
R07-0000083,7,Sunbelt,+1-276-612-4487,,2026-06-01 13:51:18,4674,DATA,319561112,4G,0.0,3.2
R07-0000084,7,Sunbelt,+1-251-711-6325,+1-504-980-1041,2026-06-01 02:47:40,0,SMS,,5G,0.0,0.05
R07-0000085,7,Sunbelt,+1-817-776-3012,,2026-06-01 13:20:05,1918,DATA,225139127,5G,0.0,2.25
R07-0000086,7,Sunbelt,+1-333-736-5012,+1-534-527-5853,2026-06-01 18:30:39,0,SMS,,4G,0.0,0.05
R07-0000087,7,Sunbelt,+1-796-981-0147,+1-434-541-9303,2026-06-01 18:00:04,0,SMS,,5G,0.0,0.05
R07-0000088,7,Sunbelt,+1-502-810-2293,+1-871-337-2102,2026-06-01 21:38:01,1223,VOICE,,5G,0.08,1.63
R07-0000089,7,Sunbelt,+1-539-463-6177,+1-843-228-7241,2026-06-01 17:21:07,2690,VOICE,,4G,0.1,4.48
R07-0000090,7,Sunbelt,+1-892-629-6302,+1-843-334-6171,2026-06-01 10:46:47,0,SMS,,5G,0.0,0.05
R07-0000091,7,Sunbelt,+1-365-611-4777,,2026-06-01 14:47:36,500,DATA,65340906,4G,0.0,0.65
R07-0000092,7,Sunbelt,+1-857-788-0575,+1-521-762-0630,2026-06-01 14:33:31,284,VOICE,,4G,0.1,0.47
R07-0000093,7,Sunbelt,+1-598-886-6769,,2026-06-01 08:15:42,2290,DATA,498282549,5G,0.0,4.98
R07-0000094,7,Sunbelt,+1-879-481-3376,+1-581-922-8900,2026-06-01 12:15:29,3531,VOICE,,5G,0.08,4.71
R07-0000095,7,Sunbelt,+1-287-722-0820,+1-792-751-0621,2026-06-01 20:47:23,0,SMS,,4G,0.0,0.05
R07-0000096,7,Sunbelt,+1-334-938-3446,+1-396-369-0572,2026-06-01 14:12:05,3009,VOICE,,3G,0.12,6.02
R07-0000097,7,Sunbelt,+1-659-944-0078,+1-344-835-5318,2026-06-01 17:10:29,1096,VOICE,,4G,0.1,1.83
R07-0000098,7,Sunbelt,+1-778-367-4208,+1-710-340-6282,2026-06-01 11:15:32,20,VOICE,,5G,0.08,0.03
R07-0000099,7,Sunbelt,+1-845-525-9999,+1-769-496-6263,2026-06-01 09:47:53,1149,VOICE,,4G,0.1,1.92
R07-0000100,7,Sunbelt,+1-744-209-0073,,2026-06-01 08:01:34,4239,DATA,10655039,4G,0.0,0.11
R07-0000101,7,Sunbelt,+1-719-534-7101,,2026-06-01 02:29:25,804,DATA,85154875,4G,0.0,0.85
R07-0000102,7,Sunbelt,+1-950-863-0905,+1-284-456-9878,2026-06-01 07:35:43,1253,VOICE,,4G,0.1,2.09
R07-0000103,7,Sunbelt,+1-756-947-3139,,2026-06-01 14:10:21,1296,DATA,2145721,3G,0.0,0.02
R07-0000104,7,Sunbelt,+1-483-516-3166,+1-745-597-1137,2026-06-01 03:01:25,0,SMS,,4G,0.0,0.05
R07-0000105,7,Sunbelt,+1-694-248-9328,+1-695-417-7093,2026-06-01 18:52:52,0,SMS,,4G,0.0,0.05
R07-0000106,7,Sunbelt,+1-464-391-5703,+1-642-419-1424,2026-06-01 12:26:21,2306,VOICE,,4G,0.1,3.84
R07-0000107,7,Sunbelt,+1-587-518-3986,+1-452-355-6281,2026-06-01 09:52:03,619,VOICE,,4G,0.1,1.03
R07-0000108,7,Sunbelt,+1-869-966-1242,+1-695-614-6924,2026-06-01 14:30:06,0,SMS,,5G,0.0,0.05
R07-0000109,7,Sunbelt,+1-769-336-1822,+1-970-413-6037,2026-06-01 10:57:52,446,VOICE,,3G,0.12,0.89
R07-0000110,7,Sunbelt,+1-536-331-5582,+1-635-628-2283,2026-06-01 16:56:42,2519,VOICE,,4G,0.1,4.2
R07-0000111,7,Sunbelt,+1-215-819-8458,+1-383-397-8354,2026-06-01 12:24:24,297,VOICE,,3G,0.12,0.59
R07-0000112,7,Sunbelt,+1-609-404-3501,,2026-06-01 10:28:50,2091,DATA,424775724,4G,0.0,4.25
R07-0000113,7,Sunbelt,+1-718-519-2529,,2026-06-01 02:20:48,5973,DATA,409328960,4G,0.0,4.09
R07-0000114,7,Sunbelt,+1-722-961-4197,,2026-06-01 00:11:33,4605,DATA,47936348,5G,0.0,0.48
R07-0000115,7,Sunbelt,+1-237-253-4883,+1-518-445-4533,2026-06-01 10:11:11,1619,VOICE,,4G,0.1,2.7
R07-0000116,7,Sunbelt,+1-845-698-3689,+1-289-219-1702,2026-06-01 07:56:27,3089,VOICE,,5G,0.08,4.12
R07-0000117,7,Sunbelt,+1-224-233-9726,+1-763-960-6357,2026-06-01 02:59:47,0,SMS,,4G,0.0,0.05
R07-0000118,7,Sunbelt,+1-584-612-5957,,2026-06-01 08:38:01,1117,DATA,378105737,4G,0.0,3.78
R07-0000119,7,Sunbelt,+1-833-795-0089,+1-560-325-0788,2026-06-01 00:50:06,3584,VOICE,,4G,0.1,5.97
R07-0000120,7,Sunbelt,+1-435-256-8490,+1-707-507-5627,2026-06-01 06:23:58,1538,VOICE,,5G,0.08,2.05
R07-0000121,7,Sunbelt,+1-705-955-4463,,2026-06-01 19:12:56,6882,DATA,196902192,3G,0.0,1.97
R07-0000122,7,Sunbelt,+1-740-566-8986,,2026-06-01 05:12:47,3631,DATA,105691865,5G,0.0,1.06
R07-0000123,7,Sunbelt,+1-236-909-1199,+1-246-215-4199,2026-06-01 10:20:37,0,VOICE,,4G,0.1,0.0
R07-0000124,7,Sunbelt,+1-684-431-9709,+1-402-505-2662,2026-06-01 23:49:37,1847,VOICE,,4G,0.1,3.08
R07-0000125,7,Sunbelt,+1-823-912-7527,+1-731-507-4904,2026-06-01 12:06:55,2941,VOICE,,4G,0.1,4.9
R07-0000126,7,Sunbelt,+1-763-602-4016,+1-230-367-2490,2026-06-01 12:43:40,0,SMS,,3G,0.0,0.05
R07-0000127,7,Sunbelt,+1-932-203-4316,+1-717-977-7456,2026-06-01 03:22:22,1100,VOICE,,4G,0.1,1.83
R07-0000128,7,Sunbelt,+1-740-956-8669,+1-595-861-9782,2026-06-01 02:49:59,2649,VOICE,,4G,0.1,4.42
R07-0000129,7,Sunbelt,+1-954-357-3201,+1-698-293-0798,2026-06-01 16:38:49,1281,VOICE,,5G,0.08,1.71
R07-0000130,7,Sunbelt,+1-948-458-9985,+1-479-499-7498,2026-06-01 01:40:31,3515,VOICE,,4G,0.1,5.86
R07-0000131,7,Sunbelt,+1-209-700-2829,+1-968-612-1884,2026-06-01 13:47:05,0,SMS,,5G,0.0,0.05
R07-0000132,7,Sunbelt,+1-616-546-6925,+1-855-470-4000,2026-06-01 03:55:59,0,SMS,,4G,0.0,0.05
R07-0000133,7,Sunbelt,+1-919-217-0934,+1-980-889-2492,2026-06-01 11:06:39,3311,VOICE,,5G,0.08,4.41
R07-0000134,7,Sunbelt,+1-747-509-1663,+1-758-988-0784,2026-06-01 19:51:00,312,VOICE,,4G,0.1,0.52
R07-0000135,7,Sunbelt,+1-941-425-2095,,2026-06-01 16:39:10,3915,DATA,93661337,4G,0.0,0.94
R07-0000136,7,Sunbelt,+1-506-844-6458,+1-200-215-1200,2026-06-01 06:22:13,2798,VOICE,,5G,0.08,3.73
R07-0000137,7,Sunbelt,+1-355-333-3047,+1-864-561-6525,2026-06-01 13:46:04,0,SMS,,5G,0.0,0.05
R07-0000138,7,Sunbelt,+1-825-308-4006,+1-634-464-4960,2026-06-01 13:00:52,0,SMS,,3G,0.0,0.05
R07-0000139,7,Sunbelt,+1-818-711-7183,+1-254-437-6253,2026-06-01 18:48:45,3002,VOICE,,4G,0.1,5.0
R07-0000140,7,Sunbelt,+1-542-233-2199,,2026-06-01 13:53:24,4850,DATA,127564883,4G,0.0,1.28
R07-0000141,7,Sunbelt,+1-231-267-6815,+1-860-267-7862,2026-06-01 08:54:29,3373,VOICE,,5G,0.08,4.5
R07-0000142,7,Sunbelt,+1-689-723-0523,+1-945-272-9729,2026-06-01 03:24:33,2326,VOICE,,5G,0.08,3.1
R07-0000143,7,Sunbelt,+1-579-641-8423,+1-875-325-4561,2026-06-01 18:21:17,0,SMS,,5G,0.0,0.05
R07-0000144,7,Sunbelt,+1-527-663-6217,+1-866-907-4979,2026-06-01 10:33:36,0,SMS,,4G,0.0,0.05
R07-0000145,7,Sunbelt,+1-934-830-1478,+1-690-266-5553,2026-06-01 07:25:28,3197,VOICE,,4G,0.1,5.33
R07-0000146,7,Sunbelt,+1-389-480-2895,+1-918-850-8803,2026-06-01 13:56:53,2496,VOICE,,5G,0.08,3.33
R07-0000147,7,Sunbelt,+1-703-605-1008,+1-772-328-8595,2026-06-01 14:52:54,0,SMS,,5G,0.0,0.05
R07-0000148,7,Sunbelt,+1-956-368-9822,+1-253-991-6745,2026-06-01 19:14:24,0,SMS,,4G,0.0,0.05
R07-0000149,7,Sunbelt,+1-592-821-2549,+1-386-930-5745,2026-06-01 19:11:20,933,VOICE,,4G,0.1,1.56
R07-0000150,7,Sunbelt,+1-495-271-8011,+1-500-577-9277,2026-06-01 20:08:26,1951,VOICE,,4G,0.1,3.25
R07-0000151,7,Sunbelt,+1-391-337-4389,+1-541-455-6108,2026-06-01 01:33:29,0,SMS,,5G,0.0,0.05
R07-0000152,7,Sunbelt,+1-467-931-9459,+1-793-331-7218,2026-06-01 08:13:40,0,SMS,,4G,0.0,0.05
R07-0000153,7,Sunbelt,+1-678-678-6535,,2026-06-01 08:25:40,5351,DATA,430044677,4G,0.0,4.3
R07-0000154,7,Sunbelt,+1-830-767-9386,+1-712-661-2645,2026-06-01 17:37:09,1637,VOICE,,3G,0.12,3.27
R07-0000155,7,Sunbelt,+1-240-667-8025,+1-213-258-1701,2026-06-01 21:01:05,1786,VOICE,,5G,0.08,2.38
R07-0000156,7,Sunbelt,+1-360-231-3332,,2026-06-01 22:49:03,6090,DATA,88310240,4G,0.0,0.88
R07-0000157,7,Sunbelt,+1-943-305-2944,+1-675-290-8160,2026-06-01 15:38:45,0,SMS,,4G,0.0,0.05
R07-0000158,7,Sunbelt,+1-500-939-9461,+1-717-343-0548,2026-06-01 22:40:24,0,SMS,,5G,0.0,0.05
R07-0000159,7,Sunbelt,+1-338-672-0842,+1-920-327-8829,2026-06-01 05:33:29,0,SMS,,4G,0.0,0.05
R07-0000160,7,Sunbelt,+1-870-795-0708,,2026-06-01 15:13:26,2108,DATA,46529512,4G,0.0,0.47
R07-0000161,7,Sunbelt,+1-737-208-4359,+1-265-716-3073,2026-06-01 19:38:26,1084,VOICE,,3G,0.12,2.17
R07-0000162,7,Sunbelt,+1-441-770-5065,+1-821-925-4713,2026-06-01 07:36:42,2338,VOICE,,5G,0.08,3.12
R07-0000163,7,Sunbelt,+1-230-544-6245,+1-553-213-1066,2026-06-01 11:56:02,3532,VOICE,,5G,0.08,4.71
R07-0000164,7,Sunbelt,+1-704-700-8700,+1-604-909-9349,2026-06-01 21:30:15,0,SMS,,4G,0.0,0.05
R07-0000165,7,Sunbelt,+1-524-877-8086,+1-423-428-2504,2026-06-01 15:09:52,2594,VOICE,,5G,0.08,3.46
R07-0000166,7,Sunbelt,+1-215-690-3603,+1-567-754-9985,2026-06-01 03:38:55,2901,VOICE,,3G,0.12,5.8
R07-0000167,7,Sunbelt,+1-286-581-7611,+1-715-343-5662,2026-06-01 11:45:41,804,VOICE,,4G,0.1,1.34
R07-0000168,7,Sunbelt,+1-688-735-2274,+1-260-285-2818,2026-06-01 13:37:53,0,SMS,,4G,0.0,0.05
R07-0000169,7,Sunbelt,+1-559-492-6179,+1-820-433-4444,2026-06-01 10:36:23,1225,VOICE,,5G,0.08,1.63
R07-0000170,7,Sunbelt,+1-755-240-9011,+1-260-898-4097,2026-06-01 02:55:21,2234,VOICE,,4G,0.1,3.72
R07-0000171,7,Sunbelt,+1-822-565-4775,+1-739-244-6817,2026-06-01 07:10:37,1122,VOICE,,5G,0.08,1.5
R07-0000172,7,Sunbelt,+1-486-712-6606,+1-836-972-5461,2026-06-01 15:46:25,2670,VOICE,,4G,0.1,4.45
R07-0000173,7,Sunbelt,+1-790-218-7323,+1-320-567-7152,2026-06-01 16:22:38,0,SMS,,5G,0.0,0.05
R07-0000174,7,Sunbelt,+1-797-393-1130,+1-732-880-8147,2026-06-01 08:45:28,0,SMS,,3G,0.0,0.05
R07-0000175,7,Sunbelt,+1-460-875-0425,+1-472-700-4536,2026-06-01 16:34:45,2057,VOICE,,4G,0.1,3.43
R07-0000176,7,Sunbelt,+1-970-762-7282,+1-377-724-9905,2026-06-01 01:48:58,845,VOICE,,5G,0.08,1.13
R07-0000177,7,Sunbelt,+1-935-681-5009,+1-369-998-9222,2026-06-01 11:17:14,0,SMS,,4G,0.0,0.05
R07-0000178,7,Sunbelt,+1-616-914-2734,+1-269-840-6782,2026-06-01 12:08:38,0,SMS,,4G,0.0,0.05
R07-0000179,7,Sunbelt,+1-206-856-3171,+1-729-400-4604,2026-06-01 08:44:33,3094,VOICE,,4G,0.1,5.16
R07-0000180,7,Sunbelt,+1-949-386-7843,,2026-06-01 23:41:19,3784,DATA,328137389,5G,0.0,3.28
R07-0000181,7,Sunbelt,+1-982-377-8102,+1-945-867-3748,2026-06-01 06:25:06,2792,VOICE,,4G,0.1,4.65
R07-0000182,7,Sunbelt,+1-609-532-7699,+1-613-941-0389,2026-06-01 01:05:10,0,SMS,,4G,0.0,0.05
R07-0000183,7,Sunbelt,+1-723-708-2477,+1-960-953-6347,2026-06-01 07:14:23,0,SMS,,5G,0.0,0.05
R07-0000184,7,Sunbelt,+1-417-820-8095,+1-946-408-9633,2026-06-01 16:28:14,1080,VOICE,,4G,0.1,1.8
R07-0000185,7,Sunbelt,+1-244-487-4822,+1-900-772-7571,2026-06-01 20:55:56,1433,VOICE,,4G,0.1,2.39
R07-0000186,7,Sunbelt,+1-353-291-7446,+1-306-324-9204,2026-06-01 18:17:15,641,VOICE,,4G,0.1,1.07
R07-0000187,7,Sunbelt,+1-788-714-9774,+1-390-607-8939,2026-06-01 04:54:39,238,VOICE,,5G,0.08,0.32
R07-0000188,7,Sunbelt,+1-384-544-0308,+1-231-905-7862,2026-06-01 10:10:38,2107,VOICE,,5G,0.08,2.81
R07-0000189,7,Sunbelt,+1-280-937-0450,,2026-06-01 08:00:09,1329,DATA,215186197,4G,0.0,2.15
R07-0000190,7,Sunbelt,+1-324-714-0339,+1-928-346-6484,2026-06-01 14:06:23,2697,VOICE,,5G,0.08,3.6
R07-0000191,7,Sunbelt,+1-221-295-5575,,2026-06-01 13:19:26,1011,DATA,272504304,5G,0.0,2.73
R07-0000192,7,Sunbelt,+1-448-935-4824,+1-711-403-5089,2026-06-01 02:50:09,3363,VOICE,,4G,0.1,5.61
R07-0000193,7,Sunbelt,+1-367-837-2808,+1-941-443-8413,2026-06-01 23:38:48,0,SMS,,4G,0.0,0.05
R07-0000194,7,Sunbelt,+1-341-502-5502,+1-262-518-8371,2026-06-01 02:00:14,0,SMS,,3G,0.0,0.05
R07-0000195,7,Sunbelt,+1-849-246-4443,+1-516-359-4579,2026-06-01 04:57:55,0,SMS,,5G,0.0,0.05
R07-0000196,7,Sunbelt,+1-312-561-2506,+1-651-443-5643,2026-06-01 13:58:20,0,SMS,,4G,0.0,0.05
R07-0000197,7,Sunbelt,+1-334-329-6608,+1-901-717-2250,2026-06-01 01:52:02,2341,VOICE,,4G,0.1,3.9
R07-0000198,7,Sunbelt,+1-294-785-4947,+1-723-316-5897,2026-06-01 15:01:34,2680,VOICE,,5G,0.08,3.57
R07-0000199,7,Sunbelt,+1-355-225-8626,+1-308-858-3301,2026-06-01 10:29:52,2875,VOICE,,4G,0.1,4.79
R07-0000200,7,Sunbelt,+1-912-839-1080,+1-865-929-1821,2026-06-01 08:41:27,0,SMS,,5G,0.0,0.05
R07-0000201,7,Sunbelt,+1-657-282-5532,+1-505-336-3595,2026-06-01 09:41:31,0,SMS,,3G,0.0,0.05
R07-0000202,7,Sunbelt,+1-418-909-5414,,2026-06-01 07:39:56,627,DATA,302808928,4G,0.0,3.03
R07-0000203,7,Sunbelt,+1-611-516-6113,+1-750-889-3363,2026-06-01 04:43:29,1614,VOICE,,4G,0.1,2.69
R07-0000204,7,Sunbelt,+1-287-742-4843,+1-268-876-0233,2026-06-01 17:05:29,1305,VOICE,,4G,0.1,2.18
R07-0000205,7,Sunbelt,+1-373-682-6139,,2026-06-01 04:57:18,2799,DATA,53975577,4G,0.0,0.54
R07-0000206,7,Sunbelt,+1-481-897-8668,+1-809-526-4616,2026-06-01 20:39:50,1036,VOICE,,5G,0.08,1.38
R07-0000207,7,Sunbelt,+1-762-932-1914,,2026-06-01 20:15:39,1135,DATA,313716734,4G,0.0,3.14
R07-0000208,7,Sunbelt,+1-730-623-1292,,2026-06-01 18:11:32,4415,DATA,456935512,5G,0.0,4.57
R07-0000209,7,Sunbelt,+1-209-467-4817,+1-556-751-3383,2026-06-01 22:29:42,0,SMS,,5G,0.0,0.05
R07-0000210,7,Sunbelt,+1-938-738-5872,+1-758-278-1312,2026-06-01 22:04:59,3004,VOICE,,4G,0.1,5.01
R07-0000211,7,Sunbelt,+1-693-288-6888,+1-614-896-7534,2026-06-01 20:30:51,1726,VOICE,,4G,0.1,2.88
R07-0000212,7,Sunbelt,+1-207-351-6367,,2026-06-01 18:52:37,6525,DATA,28094472,5G,0.0,0.28
R07-0000213,7,Sunbelt,+1-929-256-9583,,2026-06-01 00:34:11,6133,DATA,256814421,4G,0.0,2.57
R07-0000214,7,Sunbelt,+1-570-904-7823,,2026-06-01 23:49:14,5509,DATA,102639373,4G,0.0,1.03
R07-0000215,7,Sunbelt,+1-513-943-5258,+1-468-702-0608,2026-06-01 20:42:48,1842,VOICE,,3G,0.12,3.68
R07-0000216,7,Sunbelt,+1-913-670-8987,+1-948-711-4652,2026-06-01 02:31:14,1680,VOICE,,4G,0.1,2.8
R07-0000217,7,Sunbelt,+1-363-683-0443,+1-553-789-9547,2026-06-01 21:02:55,0,SMS,,5G,0.0,0.05
R07-0000218,7,Sunbelt,+1-955-491-2294,+1-337-576-5581,2026-06-01 03:27:37,0,VOICE,,4G,0.1,0.0
R07-0000219,7,Sunbelt,+1-753-830-8118,,2026-06-01 01:45:26,6390,DATA,126107510,5G,0.0,1.26
R07-0000220,7,Sunbelt,+1-272-591-5465,,2026-06-01 14:43:52,3400,DATA,445593961,3G,0.0,4.46
R07-0000221,7,Sunbelt,+1-900-666-0644,+1-603-438-9110,2026-06-01 13:43:15,3135,VOICE,,4G,0.1,5.23
R07-0000222,7,Sunbelt,+1-474-221-4975,+1-390-468-0459,2026-06-01 10:26:50,2174,VOICE,,5G,0.08,2.9
R07-0000223,7,Sunbelt,+1-539-296-0893,,2026-06-01 23:44:17,1494,DATA,438085670,5G,0.0,4.38
R07-0000224,7,Sunbelt,+1-810-965-2108,,2026-06-01 08:58:49,1360,DATA,425327729,5G,0.0,4.25
R07-0000225,7,Sunbelt,+1-947-376-4459,+1-293-372-8023,2026-06-01 07:09:08,3495,VOICE,,5G,0.08,4.66
R07-0000226,7,Sunbelt,+1-664-832-9379,+1-335-541-8575,2026-06-01 11:20:30,0,SMS,,4G,0.0,0.05
R07-0000227,7,Sunbelt,+1-984-206-8180,+1-844-915-4130,2026-06-01 02:24:20,0,SMS,,4G,0.0,0.05
R07-0000228,7,Sunbelt,+1-466-888-5094,+1-586-559-1265,2026-06-01 15:38:02,1501,VOICE,,4G,0.1,2.5
R07-0000229,7,Sunbelt,+1-707-809-1154,+1-917-933-7618,2026-06-01 20:59:10,2471,VOICE,,4G,0.1,4.12
R07-0000230,7,Sunbelt,+1-233-605-4711,+1-894-783-5778,2026-06-01 01:27:38,0,SMS,,4G,0.0,0.05
R07-0000231,7,Sunbelt,+1-545-607-6161,+1-880-596-5133,2026-06-01 20:39:17,780,VOICE,,4G,0.1,1.3
R07-0000232,7,Sunbelt,+1-413-509-4170,+1-586-439-1286,2026-06-01 16:48:40,1783,VOICE,,4G,0.1,2.97
R07-0000233,7,Sunbelt,+1-512-612-9947,+1-357-819-9368,2026-06-01 00:53:05,898,VOICE,,5G,0.08,1.2
R07-0000234,7,Sunbelt,+1-383-420-2860,+1-743-709-0804,2026-06-01 15:45:23,1750,VOICE,,3G,0.12,3.5
R07-0000235,7,Sunbelt,+1-911-551-4963,+1-340-908-7417,2026-06-01 00:04:55,2647,VOICE,,4G,0.1,4.41
R07-0000236,7,Sunbelt,+1-541-534-3169,+1-908-724-4633,2026-06-01 19:20:01,0,SMS,,5G,0.0,0.05
R07-0000237,7,Sunbelt,+1-879-512-3635,,2026-06-01 03:04:20,964,DATA,451552817,3G,0.0,4.52
R07-0000238,7,Sunbelt,+1-255-392-0460,+1-668-640-8782,2026-06-01 09:28:46,2069,VOICE,,4G,0.1,3.45
R07-0000239,7,Sunbelt,+1-714-681-2645,,2026-06-01 18:12:11,6327,DATA,493781383,5G,0.0,4.94
R07-0000240,7,Sunbelt,+1-979-934-8483,+1-937-559-2873,2026-06-01 14:01:59,0,SMS,,4G,0.0,0.05
R07-0000241,7,Sunbelt,+1-273-579-5406,+1-432-635-6378,2026-06-01 08:29:52,0,SMS,,5G,0.0,0.05
R07-0000242,7,Sunbelt,+1-298-863-7507,+1-346-504-1588,2026-06-01 19:54:32,354,VOICE,,4G,0.1,0.59
R07-0000243,7,Sunbelt,+1-617-636-2735,,2026-06-01 21:07:05,6016,DATA,327223960,3G,0.0,3.27
R07-0000244,7,Sunbelt,+1-228-814-0726,+1-200-704-8486,2026-06-01 06:52:25,0,SMS,,3G,0.0,0.05
R07-0000245,7,Sunbelt,+1-762-591-2692,,2026-06-01 14:30:07,454,DATA,95280027,4G,0.0,0.95
R07-0000246,7,Sunbelt,+1-340-947-4219,+1-808-951-5725,2026-06-01 21:19:29,0,SMS,,5G,0.0,0.05
R07-0000247,7,Sunbelt,+1-626-249-9284,+1-866-248-1619,2026-06-01 21:42:24,0,SMS,,4G,0.0,0.05
R07-0000248,7,Sunbelt,+1-943-795-3901,+1-219-345-8893,2026-06-01 09:19:26,0,SMS,,4G,0.0,0.05
R07-0000249,7,Sunbelt,+1-868-269-7498,+1-819-385-6367,2026-06-01 04:19:25,1212,VOICE,,4G,0.1,2.02
R07-0000250,7,Sunbelt,+1-219-418-5630,+1-623-876-2821,2026-06-01 16:02:04,655,VOICE,,5G,0.08,0.87
R07-0000251,7,Sunbelt,+1-445-562-6146,+1-745-797-5866,2026-06-01 08:11:10,1728,VOICE,,4G,0.1,2.88
R07-0000252,7,Sunbelt,+1-246-882-4502,+1-317-594-4460,2026-06-01 22:40:15,0,VOICE,,4G,0.1,0.0
R07-0000253,7,Sunbelt,+1-451-833-0653,+1-718-723-8268,2026-06-01 17:35:17,0,SMS,,4G,0.0,0.05
R07-0000254,7,Sunbelt,+1-938-209-9651,+1-346-573-1616,2026-06-01 10:04:42,1795,VOICE,,5G,0.08,2.39
R07-0000255,7,Sunbelt,+1-986-915-9944,,2026-06-01 10:03:42,586,DATA,100512939,5G,0.0,1.01
R07-0000256,7,Sunbelt,+1-286-878-1996,+1-874-966-8686,2026-06-01 10:49:56,0,SMS,,3G,0.0,0.05
R07-0000257,7,Sunbelt,+1-434-426-9293,,2026-06-01 13:55:28,3501,DATA,495331817,3G,0.0,4.95
R07-0000258,7,Sunbelt,+1-355-824-7988,+1-879-951-6948,2026-06-01 02:15:42,1377,VOICE,,4G,0.1,2.29
R07-0000259,7,Sunbelt,+1-339-653-9233,+1-802-493-1802,2026-06-01 23:51:24,2631,VOICE,,4G,0.1,4.39
R07-0000260,7,Sunbelt,+1-841-580-7191,,2026-06-01 06:36:43,6994,DATA,426151821,4G,0.0,4.26
R07-0000261,7,Sunbelt,+1-693-532-6579,+1-477-534-8871,2026-06-01 15:24:37,2895,VOICE,,3G,0.12,5.79
R07-0000262,7,Sunbelt,+1-346-634-9742,+1-467-974-7490,2026-06-01 15:48:03,0,SMS,,5G,0.0,0.05
R07-0000263,7,Sunbelt,+1-615-823-5056,+1-624-410-9021,2026-06-01 11:07:22,1762,VOICE,,3G,0.12,3.52
R07-0000264,7,Sunbelt,+1-801-743-9858,+1-872-465-9229,2026-06-01 10:53:56,1339,VOICE,,4G,0.1,2.23
R07-0000265,7,Sunbelt,+1-438-780-7391,+1-335-598-3982,2026-06-01 07:49:57,0,SMS,,5G,0.0,0.05
R07-0000266,7,Sunbelt,+1-281-848-1991,+1-634-561-0893,2026-06-01 14:23:12,0,SMS,,4G,0.0,0.05
R07-0000267,7,Sunbelt,+1-285-275-0036,,2026-06-01 17:45:10,5583,DATA,348001329,3G,0.0,3.48
R07-0000268,7,Sunbelt,+1-902-914-6882,+1-677-510-7026,2026-06-01 11:41:52,1862,VOICE,,4G,0.1,3.1
R07-0000269,7,Sunbelt,+1-667-810-0353,+1-381-305-3419,2026-06-01 23:22:15,27,VOICE,,4G,0.1,0.05
R07-0000270,7,Sunbelt,+1-545-819-3795,+1-931-877-3288,2026-06-01 12:22:49,2580,VOICE,,4G,0.1,4.3
R07-0000271,7,Sunbelt,+1-501-230-2290,+1-444-872-1946,2026-06-01 13:15:40,80,VOICE,,4G,0.1,0.13
R07-0000272,7,Sunbelt,+1-256-422-2024,+1-744-585-9965,2026-06-01 18:00:14,73,VOICE,,3G,0.12,0.15
R07-0000273,7,Sunbelt,+1-894-832-7832,+1-524-928-5063,2026-06-01 15:55:35,0,SMS,,4G,0.0,0.05
R07-0000274,7,Sunbelt,+1-529-624-0088,+1-736-889-2575,2026-06-01 04:15:33,1373,VOICE,,4G,0.1,2.29
R07-0000275,7,Sunbelt,+1-324-323-0779,+1-372-708-7476,2026-06-01 06:03:32,119,VOICE,,3G,0.12,0.24
R07-0000276,7,Sunbelt,+1-969-697-2873,,2026-06-01 01:01:40,5084,DATA,141604436,5G,0.0,1.42
R07-0000277,7,Sunbelt,+1-356-425-5022,+1-420-344-2869,2026-06-01 11:04:37,1210,VOICE,,4G,0.1,2.02
R07-0000278,7,Sunbelt,+1-344-987-0305,+1-883-825-7913,2026-06-01 17:00:55,3445,VOICE,,4G,0.1,5.74
R07-0000279,7,Sunbelt,+1-376-587-0316,+1-860-405-9859,2026-06-01 23:50:58,2125,VOICE,,3G,0.12,4.25
R07-0000280,7,Sunbelt,+1-643-567-0755,,2026-06-01 08:27:21,2477,DATA,1391224,5G,0.0,0.01
R07-0000281,7,Sunbelt,+1-918-285-3054,+1-844-574-3987,2026-06-01 16:51:01,2894,VOICE,,4G,0.1,4.82
R07-0000282,7,Sunbelt,+1-959-609-5375,+1-555-556-5916,2026-06-01 13:19:31,3120,VOICE,,5G,0.08,4.16
R07-0000283,7,Sunbelt,+1-892-885-0203,+1-514-819-7767,2026-06-01 13:40:19,0,SMS,,5G,0.0,0.05
R07-0000284,7,Sunbelt,+1-402-537-9059,+1-458-636-8716,2026-06-01 04:23:04,0,SMS,,5G,0.0,0.05
R07-0000285,7,Sunbelt,+1-487-401-5040,+1-442-507-0565,2026-06-01 11:30:18,117,VOICE,,4G,0.1,0.2
R07-0000286,7,Sunbelt,+1-521-701-3856,+1-903-356-5310,2026-06-01 14:24:09,0,SMS,,5G,0.0,0.05
R07-0000287,7,Sunbelt,+1-672-886-1571,,2026-06-01 23:54:53,4458,DATA,370329272,4G,0.0,3.7
R07-0000288,7,Sunbelt,+1-445-487-3887,+1-751-477-0828,2026-06-01 22:32:05,0,SMS,,4G,0.0,0.05
R07-0000289,7,Sunbelt,+1-279-716-9247,,2026-06-01 20:34:10,689,DATA,351756926,4G,0.0,3.52
R07-0000290,7,Sunbelt,+1-201-859-9281,+1-222-483-9643,2026-06-01 08:45:17,0,SMS,,4G,0.0,0.05
R07-0000291,7,Sunbelt,+1-502-415-6774,,2026-06-01 12:15:26,3005,DATA,489819218,5G,0.0,4.9
R07-0000292,7,Sunbelt,+1-871-231-5580,+1-621-688-0268,2026-06-01 12:42:05,0,VOICE,,5G,0.08,0.0
R07-0000293,7,Sunbelt,+1-329-233-8565,+1-318-282-4736,2026-06-01 16:46:17,0,SMS,,4G,0.0,0.05
R07-0000294,7,Sunbelt,+1-598-910-4928,+1-969-209-8939,2026-06-01 01:24:24,0,SMS,,5G,0.0,0.05
R07-0000295,7,Sunbelt,+1-979-506-2914,+1-669-466-8987,2026-06-01 15:10:43,3497,VOICE,,3G,0.12,6.99
R07-0000296,7,Sunbelt,+1-744-550-2053,+1-388-852-3251,2026-06-01 19:38:39,0,SMS,,4G,0.0,0.05
R07-0000297,7,Sunbelt,+1-520-655-7866,,2026-06-01 22:43:34,231,DATA,479042706,4G,0.0,4.79
R07-0000298,7,Sunbelt,+1-754-916-4165,+1-989-999-5865,2026-06-01 18:00:50,0,SMS,,4G,0.0,0.05
R07-0000299,7,Sunbelt,+1-659-599-0902,+1-457-740-0375,2026-06-01 01:25:46,0,SMS,,4G,0.0,0.05
R07-0000300,7,Sunbelt,+1-853-753-9908,+1-381-248-2338,2026-06-01 20:20:13,2709,VOICE,,3G,0.12,5.42
R07-0000301,7,Sunbelt,+1-429-527-1827,+1-881-393-4043,2026-06-01 18:05:22,2160,VOICE,,4G,0.1,3.6
R07-0000302,7,Sunbelt,+1-870-917-7524,+1-923-467-2784,2026-06-01 12:21:39,0,SMS,,5G,0.0,0.05
R07-0000303,7,Sunbelt,+1-408-689-1664,,2026-06-01 23:39:58,5175,DATA,171275891,3G,0.0,1.71
R07-0000304,7,Sunbelt,+1-419-236-0235,+1-554-292-6602,2026-06-01 04:04:58,3422,VOICE,,4G,0.1,5.7
R07-0000305,7,Sunbelt,+1-503-893-7653,+1-490-223-0525,2026-06-01 17:40:22,1254,VOICE,,5G,0.08,1.67
R07-0000306,7,Sunbelt,+1-211-691-3245,+1-482-441-0506,2026-06-01 10:37:55,0,SMS,,5G,0.0,0.05
R07-0000307,7,Sunbelt,+1-578-900-8708,+1-648-255-9407,2026-06-01 15:43:48,1749,VOICE,,4G,0.1,2.92
R07-0000308,7,Sunbelt,+1-965-349-3090,+1-765-897-9684,2026-06-01 20:36:04,0,VOICE,,4G,0.1,0.0
R07-0000309,7,Sunbelt,+1-875-919-2475,+1-374-989-9380,2026-06-01 05:25:19,0,SMS,,3G,0.0,0.05
R07-0000310,7,Sunbelt,+1-280-906-9941,,2026-06-01 20:40:19,4716,DATA,190428079,4G,0.0,1.9
R07-0000311,7,Sunbelt,+1-426-442-2480,+1-596-621-2592,2026-06-01 10:54:15,0,VOICE,,4G,0.1,0.0
R07-0000312,7,Sunbelt,+1-981-264-9238,+1-920-930-3592,2026-06-01 17:40:16,2542,VOICE,,4G,0.1,4.24
R07-0000313,7,Sunbelt,+1-684-372-6831,+1-261-507-9419,2026-06-01 06:05:29,2398,VOICE,,4G,0.1,4.0
R07-0000314,7,Sunbelt,+1-956-840-3214,+1-912-360-9319,2026-06-01 17:11:14,1617,VOICE,,4G,0.1,2.7
R07-0000315,7,Sunbelt,+1-605-531-2915,+1-339-312-3281,2026-06-01 06:50:18,3471,VOICE,,5G,0.08,4.63
R07-0000316,7,Sunbelt,+1-542-580-4390,+1-330-632-2794,2026-06-01 04:34:19,2169,VOICE,,3G,0.12,4.34
R07-0000317,7,Sunbelt,+1-868-649-9601,+1-203-794-4912,2026-06-01 10:57:39,0,SMS,,4G,0.0,0.05
R07-0000318,7,Sunbelt,+1-637-773-1371,+1-769-325-3993,2026-06-01 17:54:12,0,SMS,,4G,0.0,0.05
R07-0000319,7,Sunbelt,+1-267-967-1066,+1-586-601-6600,2026-06-01 05:08:23,3171,VOICE,,3G,0.12,6.34
R07-0000320,7,Sunbelt,+1-792-290-8111,+1-866-500-8090,2026-06-01 07:52:14,333,VOICE,,3G,0.12,0.67
R07-0000321,7,Sunbelt,+1-853-413-6831,+1-523-620-0060,2026-06-01 21:09:28,0,SMS,,4G,0.0,0.05
R07-0000322,7,Sunbelt,+1-452-782-2954,+1-797-721-0270,2026-06-01 12:22:28,0,SMS,,4G,0.0,0.05
R07-0000323,7,Sunbelt,+1-218-862-1120,+1-261-464-1427,2026-06-01 02:01:55,3577,VOICE,,4G,0.1,5.96
R07-0000324,7,Sunbelt,+1-475-847-5808,+1-439-266-9518,2026-06-01 01:12:18,2045,VOICE,,4G,0.1,3.41
R07-0000325,7,Sunbelt,+1-512-744-8280,+1-978-368-2274,2026-06-01 09:22:15,2586,VOICE,,4G,0.1,4.31
R07-0000326,7,Sunbelt,+1-534-788-1732,+1-545-215-5540,2026-06-01 11:29:49,17,VOICE,,4G,0.1,0.03
R07-0000327,7,Sunbelt,+1-939-982-1423,+1-562-200-3094,2026-06-01 12:46:32,2426,VOICE,,4G,0.1,4.04
R07-0000328,7,Sunbelt,+1-243-557-4049,,2026-06-01 02:43:47,5616,DATA,222775089,5G,0.0,2.23
R07-0000329,7,Sunbelt,+1-859-463-8299,+1-228-857-0401,2026-06-01 07:10:43,1414,VOICE,,3G,0.12,2.83
R07-0000330,7,Sunbelt,+1-712-403-9202,+1-234-227-5664,2026-06-01 22:15:28,0,SMS,,4G,0.0,0.05
R07-0000331,7,Sunbelt,+1-823-765-1738,+1-510-831-4986,2026-06-01 16:32:11,0,SMS,,4G,0.0,0.05
R07-0000332,7,Sunbelt,+1-783-751-7728,+1-487-370-6594,2026-06-01 22:54:20,211,VOICE,,5G,0.08,0.28
R07-0000333,7,Sunbelt,+1-481-252-1577,+1-585-774-1079,2026-06-01 16:11:04,0,SMS,,5G,0.0,0.05
R07-0000334,7,Sunbelt,+1-297-684-3792,+1-463-632-6194,2026-06-01 10:22:36,0,SMS,,5G,0.0,0.05
R07-0000335,7,Sunbelt,+1-919-567-0453,+1-329-436-6555,2026-06-01 09:09:04,0,SMS,,3G,0.0,0.05
R07-0000336,7,Sunbelt,+1-649-417-9921,,2026-06-01 23:42:55,625,DATA,415009127,4G,0.0,4.15
R07-0000337,7,Sunbelt,+1-844-414-3151,,2026-06-01 20:13:12,2727,DATA,423967238,4G,0.0,4.24
R07-0000338,7,Sunbelt,+1-297-201-1634,+1-348-290-6869,2026-06-01 05:53:00,0,SMS,,4G,0.0,0.05
R07-0000339,7,Sunbelt,+1-200-257-2522,+1-880-903-3952,2026-06-01 17:01:52,2045,VOICE,,5G,0.08,2.73
R07-0000340,7,Sunbelt,+1-665-479-2732,,2026-06-01 09:35:15,1619,DATA,328546577,4G,0.0,3.29
R07-0000341,7,Sunbelt,+1-202-476-8777,,2026-06-01 16:16:41,1046,DATA,389782284,4G,0.0,3.9
R07-0000342,7,Sunbelt,+1-263-821-4308,+1-552-299-2289,2026-06-01 03:26:25,2897,VOICE,,5G,0.08,3.86
R07-0000343,7,Sunbelt,+1-957-536-0562,,2026-06-01 07:10:35,3849,DATA,106985287,4G,0.0,1.07
R07-0000344,7,Sunbelt,+1-738-544-8765,+1-796-982-1516,2026-06-01 22:08:22,3512,VOICE,,4G,0.1,5.85
R07-0000345,7,Sunbelt,+1-406-537-1781,+1-924-505-2388,2026-06-01 07:07:28,0,SMS,,5G,0.0,0.05
R07-0000346,7,Sunbelt,+1-671-342-5913,+1-794-516-3555,2026-06-01 15:56:49,3425,VOICE,,4G,0.1,5.71
R07-0000347,7,Sunbelt,+1-691-837-4128,+1-655-361-5130,2026-06-01 01:42:48,2047,VOICE,,5G,0.08,2.73
R07-0000348,7,Sunbelt,+1-682-571-7892,+1-922-792-7109,2026-06-01 21:37:47,3064,VOICE,,4G,0.1,5.11
R07-0000349,7,Sunbelt,+1-691-937-2238,,2026-06-01 15:28:02,4349,DATA,430932395,4G,0.0,4.31
R07-0000350,7,Sunbelt,+1-650-279-3399,+1-667-383-3094,2026-06-01 23:46:34,3582,VOICE,,4G,0.1,5.97
R07-0000351,7,Sunbelt,+1-367-354-7083,+1-379-772-4345,2026-06-01 01:34:57,1146,VOICE,,4G,0.1,1.91
R07-0000352,7,Sunbelt,+1-573-662-1543,+1-667-567-7752,2026-06-01 13:02:30,0,SMS,,3G,0.0,0.05
R07-0000353,7,Sunbelt,+1-750-429-8797,+1-633-497-4931,2026-06-01 09:54:48,0,SMS,,4G,0.0,0.05
R07-0000354,7,Sunbelt,+1-769-673-3158,+1-963-990-1238,2026-06-01 07:37:56,0,SMS,,5G,0.0,0.05
R07-0000355,7,Sunbelt,+1-459-226-9385,,2026-06-01 05:46:17,5824,DATA,441715640,5G,0.0,4.42
R07-0000356,7,Sunbelt,+1-513-438-4083,+1-677-459-0336,2026-06-01 23:40:09,0,SMS,,4G,0.0,0.05
R07-0000357,7,Sunbelt,+1-884-319-7596,+1-218-576-8844,2026-06-01 18:39:59,2938,VOICE,,4G,0.1,4.9
R07-0000358,7,Sunbelt,+1-957-905-6637,,2026-06-01 20:26:59,5728,DATA,217158085,4G,0.0,2.17
R07-0000359,7,Sunbelt,+1-827-893-5034,+1-861-214-8808,2026-06-01 02:45:13,203,VOICE,,4G,0.1,0.34
R07-0000360,7,Sunbelt,+1-795-773-9395,+1-839-477-7422,2026-06-01 09:33:30,3211,VOICE,,4G,0.1,5.35
R07-0000361,7,Sunbelt,+1-268-874-8773,+1-952-667-8428,2026-06-01 20:45:46,485,VOICE,,4G,0.1,0.81
R07-0000362,7,Sunbelt,+1-936-988-7740,,2026-06-01 14:50:06,4955,DATA,206052276,4G,0.0,2.06
R07-0000363,7,Sunbelt,+1-483-676-5041,+1-341-746-1094,2026-06-01 21:28:12,0,SMS,,4G,0.0,0.05
R07-0000364,7,Sunbelt,+1-952-683-4041,+1-390-920-0643,2026-06-01 18:02:27,486,VOICE,,3G,0.12,0.97
R07-0000365,7,Sunbelt,+1-217-665-6005,,2026-06-01 15:15:37,3551,DATA,86226575,4G,0.0,0.86
R07-0000366,7,Sunbelt,+1-260-552-9021,+1-773-629-1151,2026-06-01 05:38:06,0,SMS,,4G,0.0,0.05
R07-0000367,7,Sunbelt,+1-334-419-5618,,2026-06-01 22:17:03,6596,DATA,20732372,4G,0.0,0.21
R07-0000368,7,Sunbelt,+1-987-612-1815,+1-820-660-7800,2026-06-01 23:56:21,920,VOICE,,4G,0.1,1.53
R07-0000369,7,Sunbelt,+1-782-865-8300,+1-301-223-7420,2026-06-01 11:54:53,3520,VOICE,,4G,0.1,5.87
R07-0000370,7,Sunbelt,+1-985-840-6512,,2026-06-01 17:04:17,6157,DATA,309799154,4G,0.0,3.1
R07-0000371,7,Sunbelt,+1-642-483-6735,+1-422-348-0093,2026-06-01 00:59:12,401,VOICE,,4G,0.1,0.67
R07-0000372,7,Sunbelt,+1-965-895-7943,+1-786-717-5578,2026-06-01 12:00:00,0,SMS,,3G,0.0,0.05
R07-0000373,7,Sunbelt,+1-202-470-0006,+1-989-388-0994,2026-06-01 23:06:50,0,SMS,,5G,0.0,0.05
R07-0000374,7,Sunbelt,+1-677-942-6540,+1-385-294-9554,2026-06-01 05:45:28,0,SMS,,4G,0.0,0.05
R07-0000375,7,Sunbelt,+1-558-817-3334,+1-436-342-8481,2026-06-01 19:59:24,1522,VOICE,,4G,0.1,2.54
R07-0000376,7,Sunbelt,+1-390-349-4187,+1-945-459-2499,2026-06-01 23:46:23,0,VOICE,,3G,0.12,0.0
R07-0000377,7,Sunbelt,+1-925-652-0558,+1-900-807-8462,2026-06-01 20:35:43,484,VOICE,,4G,0.1,0.81
R07-0000378,7,Sunbelt,+1-784-632-4963,+1-896-690-4494,2026-06-01 18:53:11,3591,VOICE,,4G,0.1,5.99
R07-0000379,7,Sunbelt,+1-210-328-7972,+1-509-894-4356,2026-06-01 00:50:17,1219,VOICE,,4G,0.1,2.03
R07-0000380,7,Sunbelt,+1-439-492-2155,+1-335-974-0244,2026-06-01 11:00:40,0,SMS,,5G,0.0,0.05
R07-0000381,7,Sunbelt,+1-376-787-5896,+1-694-372-7225,2026-06-01 20:27:29,748,VOICE,,5G,0.08,1.0
R07-0000382,7,Sunbelt,+1-357-255-9784,+1-352-224-5326,2026-06-01 13:40:20,0,SMS,,4G,0.0,0.05
R07-0000383,7,Sunbelt,+1-622-935-7241,,2026-06-01 22:41:42,5660,DATA,156281998,4G,0.0,1.56
R07-0000384,7,Sunbelt,+1-897-457-9729,+1-452-477-4397,2026-06-01 07:34:02,0,SMS,,5G,0.0,0.05
R07-0000385,7,Sunbelt,+1-875-231-6668,+1-932-201-0084,2026-06-01 06:06:17,0,SMS,,4G,0.0,0.05
R07-0000386,7,Sunbelt,+1-285-240-3191,+1-941-684-2466,2026-06-01 01:50:18,0,SMS,,4G,0.0,0.05
R07-0000387,7,Sunbelt,+1-473-954-4525,,2026-06-01 16:40:42,3565,DATA,125712938,5G,0.0,1.26
R07-0000388,7,Sunbelt,+1-378-422-6615,+1-682-908-8442,2026-06-01 11:35:24,0,SMS,,3G,0.0,0.05
R07-0000389,7,Sunbelt,+1-274-731-7831,+1-699-243-2293,2026-06-01 14:51:11,1712,VOICE,,4G,0.1,2.85
R07-0000390,7,Sunbelt,+1-699-965-0402,+1-595-746-1023,2026-06-01 07:14:37,2467,VOICE,,5G,0.08,3.29
R07-0000391,7,Sunbelt,+1-558-254-8037,+1-906-991-4117,2026-06-01 17:41:41,1886,VOICE,,3G,0.12,3.77
R07-0000392,7,Sunbelt,+1-267-262-7456,+1-960-357-0663,2026-06-01 15:08:18,0,SMS,,4G,0.0,0.05
R07-0000393,7,Sunbelt,+1-503-224-8787,+1-575-523-7444,2026-06-01 11:52:05,2503,VOICE,,4G,0.1,4.17
R07-0000394,7,Sunbelt,+1-473-364-8223,+1-360-786-1067,2026-06-01 18:42:46,3300,VOICE,,4G,0.1,5.5
R07-0000395,7,Sunbelt,+1-840-652-7259,+1-216-243-6208,2026-06-01 00:51:39,2601,VOICE,,5G,0.08,3.47
R07-0000396,7,Sunbelt,+1-507-824-5749,,2026-06-01 06:23:48,1044,DATA,489459437,3G,0.0,4.89
R07-0000397,7,Sunbelt,+1-372-528-0929,,2026-06-01 22:37:29,1202,DATA,126245466,4G,0.0,1.26
R07-0000398,7,Sunbelt,+1-472-309-0650,+1-274-573-5055,2026-06-01 06:43:38,0,SMS,,4G,0.0,0.05
R07-0000399,7,Sunbelt,+1-479-306-5992,+1-957-796-5010,2026-06-01 04:43:53,0,SMS,,4G,0.0,0.05
R07-0000400,7,Sunbelt,+1-217-512-2651,,2026-06-01 03:49:33,4714,DATA,389097216,5G,0.0,3.89
R07-0000401,7,Sunbelt,+1-625-280-5265,+1-857-938-8785,2026-06-01 18:47:58,0,SMS,,4G,0.0,0.05
R07-0000402,7,Sunbelt,+1-871-423-2128,+1-523-234-4898,2026-06-01 14:14:27,2942,VOICE,,4G,0.1,4.9
R07-0000403,7,Sunbelt,+1-469-913-4331,+1-957-608-3455,2026-06-01 06:53:19,2125,VOICE,,4G,0.1,3.54
R07-0000404,7,Sunbelt,+1-397-726-1177,,2026-06-01 08:57:17,2043,DATA,44496873,4G,0.0,0.44
R07-0000405,7,Sunbelt,+1-529-270-0753,,2026-06-01 12:34:57,1459,DATA,59967508,5G,0.0,0.6
R07-0000406,7,Sunbelt,+1-324-681-9185,+1-948-309-0878,2026-06-01 11:34:21,1737,VOICE,,3G,0.12,3.47
R07-0000407,7,Sunbelt,+1-753-797-7857,+1-206-872-2214,2026-06-01 17:52:24,2154,VOICE,,3G,0.12,4.31
R07-0000408,7,Sunbelt,+1-761-721-2412,+1-459-895-7131,2026-06-01 07:20:26,0,SMS,,5G,0.0,0.05
R07-0000409,7,Sunbelt,+1-912-342-2832,+1-680-569-6185,2026-06-01 18:52:54,0,SMS,,5G,0.0,0.05
R07-0000410,7,Sunbelt,+1-877-323-5299,,2026-06-01 20:22:19,5947,DATA,423421002,4G,0.0,4.23
R07-0000411,7,Sunbelt,+1-405-821-6979,+1-726-464-4216,2026-06-01 22:35:22,0,SMS,,4G,0.0,0.05
R07-0000412,7,Sunbelt,+1-794-265-7438,+1-972-988-6230,2026-06-01 08:07:43,1439,VOICE,,5G,0.08,1.92
R07-0000413,7,Sunbelt,+1-509-216-1198,+1-819-890-9404,2026-06-01 01:35:45,476,VOICE,,5G,0.08,0.63
R07-0000414,7,Sunbelt,+1-327-379-6512,+1-858-371-2933,2026-06-01 01:21:18,2203,VOICE,,5G,0.08,2.94
R07-0000415,7,Sunbelt,+1-820-211-5582,+1-708-996-7259,2026-06-01 00:34:37,2032,VOICE,,4G,0.1,3.39
R07-0000416,7,Sunbelt,+1-710-566-7108,,2026-06-01 23:31:26,3552,DATA,308661993,4G,0.0,3.09
R07-0000417,7,Sunbelt,+1-601-630-1423,+1-555-886-0990,2026-06-01 07:06:37,3353,VOICE,,4G,0.1,5.59
R07-0000418,7,Sunbelt,+1-533-697-3992,+1-832-565-0319,2026-06-01 04:58:00,3294,VOICE,,4G,0.1,5.49
R07-0000419,7,Sunbelt,+1-581-612-2081,+1-508-209-7324,2026-06-01 10:46:50,92,VOICE,,3G,0.12,0.18
R07-0000420,7,Sunbelt,+1-823-409-5202,+1-502-490-7421,2026-06-01 05:47:54,0,SMS,,3G,0.0,0.05
R07-0000421,7,Sunbelt,+1-454-551-4240,+1-798-407-5107,2026-06-01 22:34:23,0,SMS,,4G,0.0,0.05
R07-0000422,7,Sunbelt,+1-946-638-5699,+1-548-658-0543,2026-06-01 08:38:30,1911,VOICE,,3G,0.12,3.82
R07-0000423,7,Sunbelt,+1-856-936-6332,+1-621-921-9162,2026-06-01 15:25:11,0,SMS,,4G,0.0,0.05
R07-0000424,7,Sunbelt,+1-631-807-9421,+1-247-891-4067,2026-06-01 10:21:29,795,VOICE,,4G,0.1,1.33
R07-0000425,7,Sunbelt,+1-374-684-1969,+1-962-703-4412,2026-06-01 11:48:25,0,SMS,,3G,0.0,0.05
R07-0000426,7,Sunbelt,+1-878-561-4283,,2026-06-01 17:48:47,1021,DATA,51885552,5G,0.0,0.52
R07-0000427,7,Sunbelt,+1-362-502-2431,+1-663-416-4502,2026-06-01 23:57:22,1300,VOICE,,4G,0.1,2.17
R07-0000428,7,Sunbelt,+1-380-435-5992,+1-791-272-9745,2026-06-01 10:26:05,3288,VOICE,,4G,0.1,5.48
R07-0000429,7,Sunbelt,+1-485-750-0688,,2026-06-01 19:46:32,1450,DATA,1738643,3G,0.0,0.02
R07-0000430,7,Sunbelt,+1-564-374-4100,+1-347-590-4649,2026-06-01 14:31:14,534,VOICE,,3G,0.12,1.07
R07-0000431,7,Sunbelt,+1-527-336-4982,+1-429-348-5321,2026-06-01 21:26:28,2685,VOICE,,5G,0.08,3.58
R07-0000432,7,Sunbelt,+1-570-821-9744,,2026-06-01 15:33:46,5177,DATA,56214689,4G,0.0,0.56
R07-0000433,7,Sunbelt,+1-492-352-4749,,2026-06-01 08:05:26,6313,DATA,339236111,5G,0.0,3.39
R07-0000434,7,Sunbelt,+1-829-974-4926,+1-241-383-5099,2026-06-01 11:13:57,0,VOICE,,5G,0.08,0.0
R07-0000435,7,Sunbelt,+1-666-548-3259,+1-413-357-6963,2026-06-01 08:38:51,1653,VOICE,,4G,0.1,2.76
R07-0000436,7,Sunbelt,+1-449-792-2452,+1-479-631-6607,2026-06-01 11:16:06,82,VOICE,,5G,0.08,0.11
R07-0000437,7,Sunbelt,+1-894-811-7904,,2026-06-01 06:11:37,2012,DATA,408898953,3G,0.0,4.09
R07-0000438,7,Sunbelt,+1-250-375-2582,+1-311-981-9546,2026-06-01 15:37:00,0,SMS,,4G,0.0,0.05
R07-0000439,7,Sunbelt,+1-930-992-9510,+1-953-802-4231,2026-06-01 22:40:32,2778,VOICE,,4G,0.1,4.63
R07-0000440,7,Sunbelt,+1-760-855-8008,+1-769-228-0378,2026-06-01 15:41:26,1745,VOICE,,5G,0.08,2.33
R07-0000441,7,Sunbelt,+1-850-794-9041,+1-530-402-4643,2026-06-01 19:22:21,0,SMS,,5G,0.0,0.05
R07-0000442,7,Sunbelt,+1-719-555-9606,+1-988-293-8307,2026-06-01 04:02:23,0,SMS,,5G,0.0,0.05
R07-0000443,7,Sunbelt,+1-987-233-0802,,2026-06-01 06:21:44,1010,DATA,128146844,4G,0.0,1.28
R07-0000444,7,Sunbelt,+1-639-648-1391,+1-393-480-6946,2026-06-01 21:16:30,1784,VOICE,,4G,0.1,2.97
R07-0000445,7,Sunbelt,+1-581-562-8644,,2026-06-01 19:15:13,5178,DATA,411393072,4G,0.0,4.11
R07-0000446,7,Sunbelt,+1-496-965-3223,,2026-06-01 02:14:05,6314,DATA,335841247,3G,0.0,3.36
R07-0000447,7,Sunbelt,+1-968-292-8534,+1-721-873-0512,2026-06-01 17:39:28,0,SMS,,4G,0.0,0.05
R07-0000448,7,Sunbelt,+1-246-246-5736,+1-790-715-1177,2026-06-01 17:11:01,2361,VOICE,,4G,0.1,3.94
R07-0000449,7,Sunbelt,+1-600-351-1899,,2026-06-01 10:09:58,2397,DATA,66850609,5G,0.0,0.67
R07-0000450,7,Sunbelt,+1-403-588-1346,+1-672-805-9452,2026-06-01 05:53:38,0,SMS,,4G,0.0,0.05
R07-0000451,7,Sunbelt,+1-520-277-9842,+1-811-486-6354,2026-06-01 06:26:59,3153,VOICE,,5G,0.08,4.2
R07-0000452,7,Sunbelt,+1-587-307-7810,+1-694-627-0166,2026-06-01 23:04:00,0,SMS,,3G,0.0,0.05
R07-0000453,7,Sunbelt,+1-499-530-8974,+1-828-728-9588,2026-06-01 04:16:50,0,SMS,,4G,0.0,0.05
R07-0000454,7,Sunbelt,+1-485-712-6423,+1-353-360-9981,2026-06-01 07:38:21,3057,VOICE,,4G,0.1,5.1
R07-0000455,7,Sunbelt,+1-242-654-2243,+1-874-244-7820,2026-06-01 17:48:08,0,SMS,,4G,0.0,0.05
R07-0000456,7,Sunbelt,+1-700-428-8614,+1-989-201-8371,2026-06-01 04:26:47,1787,VOICE,,3G,0.12,3.57
R07-0000457,7,Sunbelt,+1-976-319-7803,+1-643-207-0968,2026-06-01 05:53:35,0,SMS,,4G,0.0,0.05
R07-0000458,7,Sunbelt,+1-955-562-3238,,2026-06-01 05:31:43,2709,DATA,26129413,4G,0.0,0.26
R07-0000459,7,Sunbelt,+1-457-685-5224,+1-421-486-9798,2026-06-01 13:58:33,166,VOICE,,4G,0.1,0.28
R07-0000460,7,Sunbelt,+1-332-656-4901,+1-815-219-2461,2026-06-01 23:36:18,0,SMS,,4G,0.0,0.05
R07-0000461,7,Sunbelt,+1-365-851-7070,+1-413-520-0552,2026-06-01 09:45:48,0,SMS,,4G,0.0,0.05
R07-0000462,7,Sunbelt,+1-984-396-0267,+1-740-572-0915,2026-06-01 23:36:07,0,SMS,,4G,0.0,0.05
R07-0000463,7,Sunbelt,+1-824-675-9950,+1-829-874-8256,2026-06-01 22:11:29,3311,VOICE,,4G,0.1,5.52
R07-0000464,7,Sunbelt,+1-502-797-0494,+1-471-851-9748,2026-06-01 04:05:40,3549,VOICE,,3G,0.12,7.1
R07-0000465,7,Sunbelt,+1-674-657-7743,+1-227-761-5054,2026-06-01 18:12:26,0,SMS,,5G,0.0,0.05
R07-0000466,7,Sunbelt,+1-277-784-7201,+1-229-404-6682,2026-06-01 13:30:48,2790,VOICE,,5G,0.08,3.72
R07-0000467,7,Sunbelt,+1-694-227-7282,,2026-06-01 12:38:53,3410,DATA,252212947,4G,0.0,2.52
R07-0000468,7,Sunbelt,+1-923-766-2016,+1-361-645-6789,2026-06-01 05:05:34,0,SMS,,4G,0.0,0.05
R07-0000469,7,Sunbelt,+1-336-635-2839,,2026-06-01 13:44:37,167,DATA,75288959,4G,0.0,0.75
R07-0000470,7,Sunbelt,+1-687-593-9779,+1-653-526-7049,2026-06-01 17:45:31,0,SMS,,5G,0.0,0.05
R07-0000471,7,Sunbelt,+1-480-281-4770,+1-421-981-4129,2026-06-01 06:43:57,0,SMS,,3G,0.0,0.05
R07-0000472,7,Sunbelt,+1-987-392-3424,,2026-06-01 01:27:20,7107,DATA,313365467,5G,0.0,3.13
R07-0000473,7,Sunbelt,+1-215-237-6751,+1-347-826-8239,2026-06-01 02:56:49,0,SMS,,4G,0.0,0.05
R07-0000474,7,Sunbelt,+1-901-960-7880,,2026-06-01 06:48:13,7043,DATA,273982568,4G,0.0,2.74
R07-0000475,7,Sunbelt,+1-735-363-6430,+1-303-528-6830,2026-06-01 10:23:37,280,VOICE,,5G,0.08,0.37
R07-0000476,7,Sunbelt,+1-871-690-1780,,2026-06-01 20:38:11,5100,DATA,91624823,4G,0.0,0.92
R07-0000477,7,Sunbelt,+1-970-780-0271,+1-541-405-3829,2026-06-01 09:40:19,1791,VOICE,,3G,0.12,3.58
R07-0000478,7,Sunbelt,+1-628-620-8904,+1-537-615-0361,2026-06-01 14:17:40,1010,VOICE,,4G,0.1,1.68
R07-0000479,7,Sunbelt,+1-361-927-6728,+1-643-727-1237,2026-06-01 10:43:05,299,VOICE,,4G,0.1,0.5
R07-0000480,7,Sunbelt,+1-585-456-7347,+1-563-426-0499,2026-06-01 12:15:04,1662,VOICE,,4G,0.1,2.77
R07-0000481,7,Sunbelt,+1-626-455-4720,+1-556-721-8121,2026-06-01 14:30:51,876,VOICE,,4G,0.1,1.46
R07-0000482,7,Sunbelt,+1-359-370-0999,+1-670-818-2146,2026-06-01 12:20:43,1092,VOICE,,5G,0.08,1.46
R07-0000483,7,Sunbelt,+1-394-570-6766,+1-795-642-3096,2026-06-01 22:29:42,1980,VOICE,,4G,0.1,3.3
R07-0000484,7,Sunbelt,+1-390-736-7853,+1-340-563-8023,2026-06-01 20:44:17,0,SMS,,4G,0.0,0.05
R07-0000485,7,Sunbelt,+1-291-650-3424,+1-208-916-4150,2026-06-01 21:53:02,0,SMS,,4G,0.0,0.05
R07-0000486,7,Sunbelt,+1-397-681-5780,+1-777-226-2351,2026-06-01 08:51:24,669,VOICE,,5G,0.08,0.89
R07-0000487,7,Sunbelt,+1-851-353-1594,,2026-06-01 01:16:09,920,DATA,378150778,5G,0.0,3.78
R07-0000488,7,Sunbelt,+1-811-991-4232,+1-745-905-8950,2026-06-01 19:36:48,2212,VOICE,,5G,0.08,2.95
R07-0000489,7,Sunbelt,+1-418-612-3930,+1-635-910-8268,2026-06-01 09:02:05,0,SMS,,5G,0.0,0.05
R07-0000490,7,Sunbelt,+1-681-617-1493,,2026-06-01 15:33:15,864,DATA,200782468,4G,0.0,2.01
R07-0000491,7,Sunbelt,+1-261-848-5313,+1-875-321-5185,2026-06-01 11:48:00,0,SMS,,4G,0.0,0.05
R07-0000492,7,Sunbelt,+1-831-300-3140,+1-704-704-8795,2026-06-01 03:06:08,0,SMS,,4G,0.0,0.05
R07-0000493,7,Sunbelt,+1-904-474-2086,,2026-06-01 10:50:57,6512,DATA,2208372,3G,0.0,0.02
R07-0000494,7,Sunbelt,+1-506-727-8201,+1-890-470-3150,2026-06-01 22:30:13,295,VOICE,,4G,0.1,0.49
R07-0000495,7,Sunbelt,+1-816-843-0591,+1-370-228-7566,2026-06-01 00:11:21,2397,VOICE,,5G,0.08,3.2
R07-0000496,7,Sunbelt,+1-669-649-1157,,2026-06-01 16:50:30,3853,DATA,457675281,4G,0.0,4.58
R07-0000497,7,Sunbelt,+1-949-326-5877,+1-362-560-2814,2026-06-01 11:50:13,497,VOICE,,4G,0.1,0.83
R07-0000498,7,Sunbelt,+1-485-856-3917,+1-483-458-7770,2026-06-01 16:00:47,1938,VOICE,,3G,0.12,3.88
R07-0000499,7,Sunbelt,+1-962-213-8651,+1-650-886-6699,2026-06-01 09:36:44,1693,VOICE,,4G,0.1,2.82
R07-0000500,7,Sunbelt,+1-343-472-5559,+1-280-628-5957,2026-06-01 07:53:23,0,SMS,,4G,0.0,0.05
R07-0000501,7,Sunbelt,+1-858-568-8355,+1-702-435-0152,2026-06-01 18:13:14,3273,VOICE,,5G,0.08,4.36
R07-0000502,7,Sunbelt,+1-574-592-5843,+1-312-305-3183,2026-06-01 07:11:38,0,SMS,,5G,0.0,0.05
R07-0000503,7,Sunbelt,+1-885-624-1851,+1-743-403-1446,2026-06-01 08:01:54,2793,VOICE,,5G,0.08,3.72
R07-0000504,7,Sunbelt,+1-918-676-0948,+1-256-236-5047,2026-06-01 16:53:33,0,SMS,,5G,0.0,0.05
R07-0000505,7,Sunbelt,+1-518-948-7975,,2026-06-01 10:55:16,6929,DATA,46420162,4G,0.0,0.46
R07-0000506,7,Sunbelt,+1-294-237-1665,+1-464-561-6956,2026-06-01 22:38:01,0,SMS,,4G,0.0,0.05
R07-0000507,7,Sunbelt,+1-345-292-4486,+1-278-826-3024,2026-06-01 15:18:38,0,SMS,,4G,0.0,0.05
R07-0000508,7,Sunbelt,+1-257-792-2812,,2026-06-01 13:46:33,2688,DATA,392833973,4G,0.0,3.93
R07-0000509,7,Sunbelt,+1-704-778-6615,+1-292-355-0551,2026-06-01 04:43:56,2796,VOICE,,4G,0.1,4.66
R07-0000510,7,Sunbelt,+1-441-921-8746,+1-484-860-4084,2026-06-01 06:02:24,282,VOICE,,4G,0.1,0.47
R07-0000511,7,Sunbelt,+1-831-622-8041,+1-588-353-1709,2026-06-01 09:31:11,1203,VOICE,,4G,0.1,2.01
R07-0000512,7,Sunbelt,+1-474-690-9246,+1-418-486-4496,2026-06-01 01:19:22,3171,VOICE,,4G,0.1,5.29
R07-0000513,7,Sunbelt,+1-777-237-0181,+1-284-266-2500,2026-06-01 20:43:52,0,SMS,,4G,0.0,0.05
R07-0000514,7,Sunbelt,+1-612-744-2798,+1-507-503-8839,2026-06-01 02:34:14,0,SMS,,4G,0.0,0.05
R07-0000515,7,Sunbelt,+1-673-881-1881,+1-378-727-1373,2026-06-01 19:35:19,0,SMS,,4G,0.0,0.05
R07-0000516,7,Sunbelt,+1-766-652-0521,+1-299-464-6575,2026-06-01 06:28:01,0,SMS,,4G,0.0,0.05
R07-0000517,7,Sunbelt,+1-787-614-3713,+1-815-282-9768,2026-06-01 13:51:59,1564,VOICE,,4G,0.1,2.61
R07-0000518,7,Sunbelt,+1-824-239-2235,,2026-06-01 13:12:27,3383,DATA,482476485,5G,0.0,4.82
R07-0000519,7,Sunbelt,+1-678-642-3917,+1-225-443-8464,2026-06-01 18:59:01,1443,VOICE,,4G,0.1,2.41
R07-0000520,7,Sunbelt,+1-737-631-8162,+1-238-997-2901,2026-06-01 03:44:07,3084,VOICE,,4G,0.1,5.14
R07-0000521,7,Sunbelt,+1-692-547-9164,+1-820-974-4067,2026-06-01 17:50:31,291,VOICE,,4G,0.1,0.48
R07-0000522,7,Sunbelt,+1-415-630-8534,+1-725-519-5135,2026-06-01 15:29:13,0,SMS,,4G,0.0,0.05
R07-0000523,7,Sunbelt,+1-979-617-5700,,2026-06-01 02:51:12,3087,DATA,323777882,3G,0.0,3.24
R07-0000524,7,Sunbelt,+1-355-729-0088,+1-381-212-8538,2026-06-01 05:31:47,0,SMS,,4G,0.0,0.05
R07-0000525,7,Sunbelt,+1-327-857-7693,+1-443-747-5462,2026-06-01 09:32:56,0,VOICE,,4G,0.1,0.0
R07-0000526,7,Sunbelt,+1-768-745-7981,+1-212-569-5397,2026-06-01 04:34:05,0,SMS,,4G,0.0,0.05
R07-0000527,7,Sunbelt,+1-829-308-2860,+1-678-798-1492,2026-06-01 16:42:33,3017,VOICE,,3G,0.12,6.03
R07-0000528,7,Sunbelt,+1-931-330-6289,+1-818-519-2527,2026-06-01 03:38:13,1900,VOICE,,4G,0.1,3.17
R07-0000529,7,Sunbelt,+1-315-458-9617,+1-726-267-6153,2026-06-01 08:12:56,67,VOICE,,5G,0.08,0.09
R07-0000530,7,Sunbelt,+1-426-256-4660,+1-800-537-1060,2026-06-01 15:53:13,2068,VOICE,,4G,0.1,3.45
R07-0000531,7,Sunbelt,+1-608-254-8432,+1-351-782-2746,2026-06-01 02:41:48,0,VOICE,,4G,0.1,0.0
R07-0000532,7,Sunbelt,+1-503-470-6317,+1-635-697-2074,2026-06-01 09:11:01,0,SMS,,3G,0.0,0.05
R07-0000533,7,Sunbelt,+1-929-430-2566,+1-837-744-7329,2026-06-01 15:19:49,1991,VOICE,,3G,0.12,3.98
R07-0000534,7,Sunbelt,+1-527-688-0689,+1-254-261-8938,2026-06-01 03:53:18,1862,VOICE,,5G,0.08,2.48
R07-0000535,7,Sunbelt,+1-856-598-0048,+1-445-936-6110,2026-06-01 18:40:26,0,SMS,,4G,0.0,0.05
R07-0000536,7,Sunbelt,+1-895-488-2387,+1-963-745-1908,2026-06-01 04:37:37,1203,VOICE,,4G,0.1,2.01
R07-0000537,7,Sunbelt,+1-691-320-4148,+1-699-712-1509,2026-06-01 00:46:20,196,VOICE,,4G,0.1,0.33
R07-0000538,7,Sunbelt,+1-606-614-5758,+1-715-914-2078,2026-06-01 01:00:55,0,SMS,,5G,0.0,0.05
R07-0000539,7,Sunbelt,+1-516-522-8972,+1-608-823-7266,2026-06-01 02:01:36,1412,VOICE,,4G,0.1,2.35
R07-0000540,7,Sunbelt,+1-800-635-3649,+1-860-986-2775,2026-06-01 22:19:19,0,SMS,,4G,0.0,0.05
R07-0000541,7,Sunbelt,+1-340-406-6786,,2026-06-01 15:28:16,3133,DATA,71809734,4G,0.0,0.72
R07-0000542,7,Sunbelt,+1-943-666-6742,+1-878-298-5269,2026-06-01 01:16:38,0,SMS,,3G,0.0,0.05
R07-0000543,7,Sunbelt,+1-901-619-7598,+1-599-360-5488,2026-06-01 22:28:46,0,SMS,,5G,0.0,0.05
R07-0000544,7,Sunbelt,+1-876-560-7570,+1-602-597-0016,2026-06-01 06:40:41,1820,VOICE,,4G,0.1,3.03
R07-0000545,7,Sunbelt,+1-923-884-0456,+1-970-461-5088,2026-06-01 10:30:05,0,SMS,,4G,0.0,0.05
R07-0000546,7,Sunbelt,+1-712-267-3590,+1-864-706-0140,2026-06-01 06:21:18,2231,VOICE,,5G,0.08,2.97
R07-0000547,7,Sunbelt,+1-205-560-2252,,2026-06-01 00:44:15,5268,DATA,458433462,4G,0.0,4.58
R07-0000548,7,Sunbelt,+1-710-331-8232,+1-345-546-6211,2026-06-01 18:00:29,0,SMS,,4G,0.0,0.05
R07-0000549,7,Sunbelt,+1-461-657-0454,+1-642-778-7497,2026-06-01 23:44:56,2336,VOICE,,5G,0.08,3.11
R07-0000550,7,Sunbelt,+1-562-486-9077,+1-848-503-9291,2026-06-01 19:38:51,2350,VOICE,,4G,0.1,3.92
R07-0000551,7,Sunbelt,+1-973-986-0011,,2026-06-01 12:20:36,6438,DATA,433008452,4G,0.0,4.33
R07-0000552,7,Sunbelt,+1-701-469-9228,+1-568-874-6118,2026-06-01 09:10:32,191,VOICE,,5G,0.08,0.25
R07-0000553,7,Sunbelt,+1-784-452-2119,+1-925-520-2322,2026-06-01 15:18:35,3072,VOICE,,4G,0.1,5.12
R07-0000554,7,Sunbelt,+1-816-631-1439,+1-727-687-1507,2026-06-01 04:30:25,0,SMS,,5G,0.0,0.05
R07-0000555,7,Sunbelt,+1-626-584-5010,+1-774-522-1085,2026-06-01 00:51:39,0,SMS,,5G,0.0,0.05
R07-0000556,7,Sunbelt,+1-240-852-8834,+1-679-536-5189,2026-06-01 14:00:09,2445,VOICE,,5G,0.08,3.26
R07-0000557,7,Sunbelt,+1-676-438-7053,+1-461-448-1618,2026-06-01 08:34:05,2078,VOICE,,4G,0.1,3.46
R07-0000558,7,Sunbelt,+1-489-983-8711,+1-785-651-5123,2026-06-01 01:42:10,0,SMS,,4G,0.0,0.05
R07-0000559,7,Sunbelt,+1-922-779-6468,+1-458-401-3506,2026-06-01 08:22:47,0,SMS,,5G,0.0,0.05
R07-0000560,7,Sunbelt,+1-652-460-5441,,2026-06-01 13:55:20,2955,DATA,14184679,3G,0.0,0.14
R07-0000561,7,Sunbelt,+1-238-320-2715,+1-947-272-2991,2026-06-01 13:40:35,940,VOICE,,4G,0.1,1.57
R07-0000562,7,Sunbelt,+1-957-556-4323,+1-797-364-9782,2026-06-01 07:48:15,1716,VOICE,,4G,0.1,2.86
R07-0000563,7,Sunbelt,+1-285-261-2903,+1-743-251-2903,2026-06-01 02:52:43,2509,VOICE,,4G,0.1,4.18
R07-0000564,7,Sunbelt,+1-287-843-9928,+1-942-765-5029,2026-06-01 15:18:44,50,VOICE,,5G,0.08,0.07
R07-0000565,7,Sunbelt,+1-480-868-0474,,2026-06-01 00:06:17,2094,DATA,428138697,4G,0.0,4.28
R07-0000566,7,Sunbelt,+1-717-983-8564,+1-222-739-5992,2026-06-01 13:22:18,306,VOICE,,4G,0.1,0.51
R07-0000567,7,Sunbelt,+1-296-311-4396,+1-730-449-6816,2026-06-01 01:27:35,0,SMS,,5G,0.0,0.05
R07-0000568,7,Sunbelt,+1-538-933-8165,,2026-06-01 02:16:46,4174,DATA,255068527,4G,0.0,2.55
R07-0000569,7,Sunbelt,+1-357-788-8944,+1-632-917-8422,2026-06-01 19:21:23,0,SMS,,4G,0.0,0.05
R07-0000570,7,Sunbelt,+1-451-323-5957,+1-712-757-8306,2026-06-01 13:26:52,2899,VOICE,,4G,0.1,4.83
R07-0000571,7,Sunbelt,+1-856-452-6891,+1-860-882-6543,2026-06-01 06:18:23,2240,VOICE,,4G,0.1,3.73
R07-0000572,7,Sunbelt,+1-913-250-8052,+1-940-535-7267,2026-06-01 11:19:24,2324,VOICE,,4G,0.1,3.87
R07-0000573,7,Sunbelt,+1-401-344-3919,+1-770-762-7003,2026-06-01 17:12:31,0,SMS,,4G,0.0,0.05
R07-0000574,7,Sunbelt,+1-384-685-1957,+1-942-800-3240,2026-06-01 08:07:45,1287,VOICE,,4G,0.1,2.15
R07-0000575,7,Sunbelt,+1-520-772-4338,+1-707-485-9966,2026-06-01 16:45:15,346,VOICE,,5G,0.08,0.46
R07-0000576,7,Sunbelt,+1-919-358-7068,+1-510-219-4179,2026-06-01 14:46:46,3469,VOICE,,4G,0.1,5.78
R07-0000577,7,Sunbelt,+1-404-854-5558,+1-949-700-1835,2026-06-01 11:11:40,0,SMS,,5G,0.0,0.05
R07-0000578,7,Sunbelt,+1-580-678-9301,+1-929-923-9510,2026-06-01 14:52:38,0,SMS,,4G,0.0,0.05
R07-0000579,7,Sunbelt,+1-234-990-0458,+1-494-616-7366,2026-06-01 10:54:32,1187,VOICE,,4G,0.1,1.98
R07-0000580,7,Sunbelt,+1-258-732-5823,+1-410-781-0372,2026-06-01 16:18:40,1439,VOICE,,5G,0.08,1.92
R07-0000581,7,Sunbelt,+1-421-581-3112,,2026-06-01 10:06:25,2952,DATA,11992350,4G,0.0,0.12
R07-0000582,7,Sunbelt,+1-825-721-2276,+1-497-956-5320,2026-06-01 15:51:40,0,SMS,,4G,0.0,0.05
R07-0000583,7,Sunbelt,+1-341-210-2937,,2026-06-01 17:45:36,5112,DATA,155705104,5G,0.0,1.56
R07-0000584,7,Sunbelt,+1-418-304-9335,,2026-06-01 15:20:22,5583,DATA,232412963,4G,0.0,2.32
R07-0000585,7,Sunbelt,+1-328-936-8222,+1-851-863-6657,2026-06-01 06:23:03,0,SMS,,4G,0.0,0.05
R07-0000586,7,Sunbelt,+1-308-276-0661,+1-745-407-3475,2026-06-01 09:13:09,0,SMS,,5G,0.0,0.05
R07-0000587,7,Sunbelt,+1-861-672-4914,+1-598-444-3586,2026-06-01 18:15:20,1499,VOICE,,4G,0.1,2.5
R07-0000588,7,Sunbelt,+1-442-925-4126,+1-718-348-2299,2026-06-01 05:24:02,520,VOICE,,4G,0.1,0.87
R07-0000589,7,Sunbelt,+1-408-709-6910,+1-783-647-7566,2026-06-01 10:53:36,1228,VOICE,,4G,0.1,2.05
R07-0000590,7,Sunbelt,+1-562-758-8182,+1-518-363-6517,2026-06-01 01:15:35,602,VOICE,,4G,0.1,1.0
R07-0000591,7,Sunbelt,+1-229-757-0213,+1-626-939-8809,2026-06-01 10:48:56,2507,VOICE,,3G,0.12,5.01
R07-0000592,7,Sunbelt,+1-333-926-1780,+1-964-509-1147,2026-06-01 03:35:37,353,VOICE,,3G,0.12,0.71
R07-0000593,7,Sunbelt,+1-891-932-2798,+1-777-236-8153,2026-06-01 01:07:49,0,SMS,,4G,0.0,0.05
R07-0000594,7,Sunbelt,+1-364-736-9893,+1-856-647-4386,2026-06-01 12:22:40,65,VOICE,,3G,0.12,0.13
R07-0000595,7,Sunbelt,+1-233-715-4300,+1-341-214-0808,2026-06-01 15:16:37,0,SMS,,4G,0.0,0.05
R07-0000596,7,Sunbelt,+1-780-726-0277,+1-371-293-5413,2026-06-01 02:13:45,0,SMS,,4G,0.0,0.05
R07-0000597,7,Sunbelt,+1-315-846-1906,,2026-06-01 00:48:20,3709,DATA,167019146,4G,0.0,1.67
R07-0000598,7,Sunbelt,+1-585-565-5036,,2026-06-01 00:14:45,5804,DATA,474382480,5G,0.0,4.74
R07-0000599,7,Sunbelt,+1-452-835-9245,+1-675-911-5446,2026-06-01 01:56:49,400,VOICE,,4G,0.1,0.67
R07-0000600,7,Sunbelt,+1-819-910-3718,,2026-06-01 09:33:04,6677,DATA,210288447,5G,0.0,2.1
R07-0000601,7,Sunbelt,+1-968-427-6654,+1-299-243-9993,2026-06-01 15:47:35,2034,VOICE,,4G,0.1,3.39
R07-0000602,7,Sunbelt,+1-410-267-5496,+1-928-783-3739,2026-06-01 10:53:31,3202,VOICE,,5G,0.08,4.27
R07-0000603,7,Sunbelt,+1-733-281-3120,+1-269-334-7442,2026-06-01 05:15:27,0,SMS,,4G,0.0,0.05
R07-0000604,7,Sunbelt,+1-789-638-7548,+1-516-773-9245,2026-06-01 00:08:34,758,VOICE,,5G,0.08,1.01
R07-0000605,7,Sunbelt,+1-509-465-9572,+1-465-930-8819,2026-06-01 12:41:31,0,VOICE,,4G,0.1,0.0
R07-0000606,7,Sunbelt,+1-243-716-7196,+1-589-526-8095,2026-06-01 13:06:17,0,SMS,,4G,0.0,0.05
R07-0000607,7,Sunbelt,+1-946-670-2989,+1-747-440-3832,2026-06-01 12:23:27,0,VOICE,,5G,0.08,0.0
R07-0000608,7,Sunbelt,+1-744-366-2016,+1-614-231-2598,2026-06-01 20:13:33,2336,VOICE,,3G,0.12,4.67
R07-0000609,7,Sunbelt,+1-418-734-6385,+1-726-614-0430,2026-06-01 14:21:40,438,VOICE,,4G,0.1,0.73
R07-0000610,7,Sunbelt,+1-879-372-5721,+1-467-223-1655,2026-06-01 04:52:57,3444,VOICE,,3G,0.12,6.89
R07-0000611,7,Sunbelt,+1-418-366-0061,+1-392-997-9840,2026-06-01 05:56:28,975,VOICE,,3G,0.12,1.95
R07-0000612,7,Sunbelt,+1-903-632-9058,,2026-06-01 14:07:53,5487,DATA,29958100,5G,0.0,0.3
R07-0000613,7,Sunbelt,+1-387-449-0441,+1-354-893-3039,2026-06-01 17:55:19,2306,VOICE,,5G,0.08,3.07
R07-0000614,7,Sunbelt,+1-779-448-3668,+1-892-240-6525,2026-06-01 21:38:21,0,SMS,,5G,0.0,0.05
R07-0000615,7,Sunbelt,+1-454-771-9931,+1-769-876-3508,2026-06-01 22:01:33,1054,VOICE,,4G,0.1,1.76
R07-0000616,7,Sunbelt,+1-363-308-3103,+1-847-617-8659,2026-06-01 01:53:12,0,SMS,,4G,0.0,0.05
R07-0000617,7,Sunbelt,+1-685-301-3138,+1-481-903-9449,2026-06-01 15:59:16,597,VOICE,,4G,0.1,0.99
R07-0000618,7,Sunbelt,+1-510-770-2390,+1-927-464-3720,2026-06-01 13:40:16,463,VOICE,,4G,0.1,0.77
R07-0000619,7,Sunbelt,+1-456-327-9365,+1-457-760-1277,2026-06-01 19:44:28,0,SMS,,4G,0.0,0.05
R07-0000620,7,Sunbelt,+1-630-212-1480,+1-941-984-7512,2026-06-01 10:18:54,0,SMS,,4G,0.0,0.05
R07-0000621,7,Sunbelt,+1-513-822-2748,+1-776-901-4469,2026-06-01 22:38:34,1495,VOICE,,4G,0.1,2.49
R07-0000622,7,Sunbelt,+1-594-609-0312,+1-340-471-0567,2026-06-01 17:49:11,3217,VOICE,,5G,0.08,4.29
R07-0000623,7,Sunbelt,+1-291-226-4181,+1-282-671-9111,2026-06-01 04:57:50,1208,VOICE,,4G,0.1,2.01
R07-0000624,7,Sunbelt,+1-887-513-0096,+1-647-845-6439,2026-06-01 04:44:50,0,SMS,,4G,0.0,0.05
R07-0000625,7,Sunbelt,+1-821-903-9437,+1-585-840-9558,2026-06-01 15:01:02,0,SMS,,3G,0.0,0.05
R07-0000626,7,Sunbelt,+1-233-722-1310,+1-613-577-6890,2026-06-01 01:48:59,0,SMS,,4G,0.0,0.05
R07-0000627,7,Sunbelt,+1-353-661-3486,,2026-06-01 19:18:16,7183,DATA,7282002,4G,0.0,0.07
R07-0000628,7,Sunbelt,+1-423-445-5768,+1-648-624-9139,2026-06-01 01:25:58,0,VOICE,,5G,0.08,0.0
R07-0000629,7,Sunbelt,+1-728-578-0242,+1-224-706-2037,2026-06-01 17:50:50,1731,VOICE,,5G,0.08,2.31
R07-0000630,7,Sunbelt,+1-515-623-5899,+1-262-742-9743,2026-06-01 02:16:44,1134,VOICE,,4G,0.1,1.89
R07-0000631,7,Sunbelt,+1-390-555-4189,,2026-06-01 17:19:54,1456,DATA,482546559,5G,0.0,4.83
R07-0000632,7,Sunbelt,+1-680-478-7515,+1-494-527-2845,2026-06-01 20:05:15,2650,VOICE,,5G,0.08,3.53
R07-0000633,7,Sunbelt,+1-664-871-9109,+1-220-676-9037,2026-06-01 15:19:34,0,SMS,,4G,0.0,0.05
R07-0000634,7,Sunbelt,+1-288-672-8369,+1-461-706-7022,2026-06-01 18:53:53,1326,VOICE,,5G,0.08,1.77
R07-0000635,7,Sunbelt,+1-206-961-4797,+1-814-582-9360,2026-06-01 07:45:51,858,VOICE,,4G,0.1,1.43
R07-0000636,7,Sunbelt,+1-295-869-1731,+1-924-563-2497,2026-06-01 08:04:33,416,VOICE,,4G,0.1,0.69
R07-0000637,7,Sunbelt,+1-774-355-5420,,2026-06-01 13:31:32,6837,DATA,130641042,4G,0.0,1.31
R07-0000638,7,Sunbelt,+1-201-699-2637,,2026-06-01 05:53:35,5592,DATA,290861878,4G,0.0,2.91
R07-0000639,7,Sunbelt,+1-963-962-0135,+1-943-615-0010,2026-06-01 09:17:13,1470,VOICE,,5G,0.08,1.96
R07-0000640,7,Sunbelt,+1-907-241-9450,+1-252-816-2673,2026-06-01 12:11:48,0,SMS,,4G,0.0,0.05
R07-0000641,7,Sunbelt,+1-599-765-4740,+1-434-726-4539,2026-06-01 13:34:41,2451,VOICE,,3G,0.12,4.9
R07-0000642,7,Sunbelt,+1-755-695-1448,+1-321-207-7771,2026-06-01 10:28:12,0,SMS,,4G,0.0,0.05
R07-0000643,7,Sunbelt,+1-679-380-9177,,2026-06-01 19:23:31,6627,DATA,330537595,4G,0.0,3.31
R07-0000644,7,Sunbelt,+1-432-350-6123,+1-582-586-0636,2026-06-01 09:08:03,2893,VOICE,,4G,0.1,4.82
R07-0000645,7,Sunbelt,+1-256-887-4839,,2026-06-01 01:24:33,4835,DATA,294298467,3G,0.0,2.94
R07-0000646,7,Sunbelt,+1-742-380-6457,+1-443-641-5928,2026-06-01 14:21:14,0,SMS,,5G,0.0,0.05
R07-0000647,7,Sunbelt,+1-474-325-6934,,2026-06-01 09:01:48,781,DATA,409287967,4G,0.0,4.09
R07-0000648,7,Sunbelt,+1-744-254-4064,+1-334-599-9028,2026-06-01 22:31:42,3446,VOICE,,3G,0.12,6.89
R07-0000649,7,Sunbelt,+1-789-398-5228,+1-722-280-2171,2026-06-01 13:23:06,0,SMS,,4G,0.0,0.05
R07-0000650,7,Sunbelt,+1-891-901-5726,+1-281-798-2842,2026-06-01 10:37:45,0,SMS,,3G,0.0,0.05
R07-0000651,7,Sunbelt,+1-876-317-7807,,2026-06-01 12:23:52,6523,DATA,471516259,5G,0.0,4.72
R07-0000652,7,Sunbelt,+1-547-873-4659,+1-211-849-8434,2026-06-01 07:26:01,679,VOICE,,4G,0.1,1.13
R07-0000653,7,Sunbelt,+1-333-850-0031,+1-465-400-7147,2026-06-01 06:59:27,526,VOICE,,4G,0.1,0.88
R07-0000654,7,Sunbelt,+1-982-674-2631,,2026-06-01 09:02:12,4580,DATA,420140927,5G,0.0,4.2
R07-0000655,7,Sunbelt,+1-418-832-2400,+1-548-339-4768,2026-06-01 13:01:14,1454,VOICE,,3G,0.12,2.91
R07-0000656,7,Sunbelt,+1-794-471-8202,+1-424-588-8640,2026-06-01 21:00:25,3528,VOICE,,4G,0.1,5.88
R07-0000657,7,Sunbelt,+1-255-848-6006,,2026-06-01 06:02:28,4216,DATA,342183524,4G,0.0,3.42
R07-0000658,7,Sunbelt,+1-434-882-9458,,2026-06-01 10:37:52,6040,DATA,159127140,4G,0.0,1.59
R07-0000659,7,Sunbelt,+1-908-240-2050,+1-539-911-7889,2026-06-01 18:14:46,1484,VOICE,,4G,0.1,2.47
R07-0000660,7,Sunbelt,+1-887-959-0807,+1-448-413-8983,2026-06-01 19:13:48,1087,VOICE,,5G,0.08,1.45
R07-0000661,7,Sunbelt,+1-389-540-1863,+1-594-243-0230,2026-06-01 09:32:49,1253,VOICE,,5G,0.08,1.67
R07-0000662,7,Sunbelt,+1-296-636-0561,+1-260-989-5377,2026-06-01 10:00:29,108,VOICE,,4G,0.1,0.18
R07-0000663,7,Sunbelt,+1-887-597-6021,+1-557-729-3355,2026-06-01 01:18:14,0,SMS,,5G,0.0,0.05
R07-0000664,7,Sunbelt,+1-931-913-2813,+1-592-460-0334,2026-06-01 20:44:14,0,SMS,,4G,0.0,0.05
R07-0000665,7,Sunbelt,+1-684-953-3680,,2026-06-01 11:43:44,650,DATA,170027725,3G,0.0,1.7
R07-0000666,7,Sunbelt,+1-891-336-7471,,2026-06-01 06:00:46,1483,DATA,326552184,4G,0.0,3.27
R07-0000667,7,Sunbelt,+1-374-237-9639,+1-976-248-2087,2026-06-01 00:57:52,207,VOICE,,5G,0.08,0.28
R07-0000668,7,Sunbelt,+1-816-715-6716,+1-710-557-2234,2026-06-01 05:31:07,2190,VOICE,,4G,0.1,3.65
R07-0000669,7,Sunbelt,+1-247-769-0916,+1-494-814-6997,2026-06-01 20:22:16,1119,VOICE,,4G,0.1,1.86
R07-0000670,7,Sunbelt,+1-745-730-8647,+1-915-829-9411,2026-06-01 05:04:41,0,SMS,,4G,0.0,0.05
R07-0000671,7,Sunbelt,+1-311-371-2890,,2026-06-01 11:55:04,3285,DATA,368744463,5G,0.0,3.69
R07-0000672,7,Sunbelt,+1-814-467-9107,+1-743-821-1936,2026-06-01 21:54:02,424,VOICE,,4G,0.1,0.71
R07-0000673,7,Sunbelt,+1-537-613-4763,+1-243-505-1431,2026-06-01 16:00:40,2574,VOICE,,4G,0.1,4.29
R07-0000674,7,Sunbelt,+1-651-937-4462,+1-979-698-0655,2026-06-01 20:57:20,2418,VOICE,,3G,0.12,4.84
R07-0000675,7,Sunbelt,+1-384-439-6435,+1-601-731-4336,2026-06-01 16:51:29,1942,VOICE,,4G,0.1,3.24
R07-0000676,7,Sunbelt,+1-540-845-6679,+1-249-273-0386,2026-06-01 18:33:51,1584,VOICE,,4G,0.1,2.64
R07-0000677,7,Sunbelt,+1-557-759-9773,+1-835-292-7478,2026-06-01 05:40:23,2323,VOICE,,4G,0.1,3.87
R07-0000678,7,Sunbelt,+1-203-952-1226,+1-736-431-2413,2026-06-01 05:24:58,3186,VOICE,,5G,0.08,4.25
R07-0000679,7,Sunbelt,+1-711-966-0369,+1-665-590-6961,2026-06-01 21:59:50,2318,VOICE,,4G,0.1,3.86
R07-0000680,7,Sunbelt,+1-545-918-8644,+1-250-830-7609,2026-06-01 22:35:21,710,VOICE,,4G,0.1,1.18
R07-0000681,7,Sunbelt,+1-221-539-6108,+1-838-445-7836,2026-06-01 12:03:09,0,SMS,,5G,0.0,0.05
R07-0000682,7,Sunbelt,+1-920-715-0973,+1-264-395-3180,2026-06-01 12:49:27,1576,VOICE,,4G,0.1,2.63
R07-0000683,7,Sunbelt,+1-433-318-8578,,2026-06-01 04:01:17,6929,DATA,299048986,4G,0.0,2.99
R07-0000684,7,Sunbelt,+1-820-995-2522,+1-373-369-3870,2026-06-01 01:55:12,2452,VOICE,,5G,0.08,3.27
R07-0000685,7,Sunbelt,+1-503-230-3146,+1-629-227-9539,2026-06-01 07:16:27,0,SMS,,5G,0.0,0.05
R07-0000686,7,Sunbelt,+1-364-883-4503,+1-822-846-7626,2026-06-01 21:29:50,3573,VOICE,,5G,0.08,4.76
R07-0000687,7,Sunbelt,+1-492-431-8079,+1-469-413-9041,2026-06-01 22:14:36,2796,VOICE,,3G,0.12,5.59
R07-0000688,7,Sunbelt,+1-242-270-0104,+1-450-929-2438,2026-06-01 07:13:03,1969,VOICE,,4G,0.1,3.28
R07-0000689,7,Sunbelt,+1-392-793-3690,+1-396-462-4291,2026-06-01 18:43:00,2717,VOICE,,5G,0.08,3.62
R07-0000690,7,Sunbelt,+1-490-396-9686,+1-399-477-7566,2026-06-01 03:18:26,0,SMS,,5G,0.0,0.05
R07-0000691,7,Sunbelt,+1-235-758-0653,+1-577-949-9083,2026-06-01 14:02:05,3543,VOICE,,5G,0.08,4.72
R07-0000692,7,Sunbelt,+1-688-894-1662,,2026-06-01 15:30:07,428,DATA,319640420,4G,0.0,3.2
R07-0000693,7,Sunbelt,+1-532-426-4226,+1-460-377-1998,2026-06-01 20:01:48,2403,VOICE,,4G,0.1,4.0
R07-0000694,7,Sunbelt,+1-623-450-4475,+1-322-715-4441,2026-06-01 06:16:18,0,SMS,,5G,0.0,0.05
R07-0000695,7,Sunbelt,+1-491-750-0686,+1-979-849-1432,2026-06-01 16:14:36,1450,VOICE,,4G,0.1,2.42
R07-0000696,7,Sunbelt,+1-200-530-6818,+1-292-880-0987,2026-06-01 07:38:41,1800,VOICE,,4G,0.1,3.0
R07-0000697,7,Sunbelt,+1-390-840-7031,+1-808-585-4145,2026-06-01 19:44:40,2807,VOICE,,4G,0.1,4.68
R07-0000698,7,Sunbelt,+1-941-204-0353,+1-935-562-1101,2026-06-01 16:45:01,0,SMS,,5G,0.0,0.05
R07-0000699,7,Sunbelt,+1-412-628-1777,+1-725-579-9219,2026-06-01 11:51:25,1227,VOICE,,5G,0.08,1.64
R07-0000700,7,Sunbelt,+1-432-355-6548,+1-258-943-9872,2026-06-01 17:45:19,2587,VOICE,,4G,0.1,4.31
R07-0000701,7,Sunbelt,+1-545-757-0792,+1-611-470-3272,2026-06-01 07:12:58,0,SMS,,4G,0.0,0.05
R07-0000702,7,Sunbelt,+1-226-818-5504,,2026-06-01 16:52:04,6364,DATA,441874404,4G,0.0,4.42
R07-0000703,7,Sunbelt,+1-972-778-5363,+1-456-468-2842,2026-06-01 18:25:10,1908,VOICE,,5G,0.08,2.54
R07-0000704,7,Sunbelt,+1-424-315-0885,+1-328-369-0136,2026-06-01 13:30:40,1390,VOICE,,4G,0.1,2.32
R07-0000705,7,Sunbelt,+1-281-832-8184,+1-242-462-3362,2026-06-01 01:36:27,0,SMS,,4G,0.0,0.05
R07-0000706,7,Sunbelt,+1-828-995-2320,,2026-06-01 05:27:48,1570,DATA,447632084,4G,0.0,4.48
R07-0000707,7,Sunbelt,+1-370-693-9032,+1-244-769-6679,2026-06-01 21:41:36,736,VOICE,,5G,0.08,0.98
R07-0000708,7,Sunbelt,+1-324-874-9793,,2026-06-01 05:16:27,3744,DATA,72221897,4G,0.0,0.72
R07-0000709,7,Sunbelt,+1-208-690-0356,+1-912-362-8518,2026-06-01 04:49:06,0,SMS,,3G,0.0,0.05
R07-0000710,7,Sunbelt,+1-417-555-3788,,2026-06-01 01:43:43,56,DATA,302275530,5G,0.0,3.02
R07-0000711,7,Sunbelt,+1-295-876-4698,,2026-06-01 01:32:18,3725,DATA,352284627,4G,0.0,3.52
R07-0000712,7,Sunbelt,+1-757-714-8346,,2026-06-01 15:49:03,5206,DATA,95918983,5G,0.0,0.96
R07-0000713,7,Sunbelt,+1-745-682-3274,+1-636-882-9041,2026-06-01 22:13:49,2091,VOICE,,4G,0.1,3.49
R07-0000714,7,Sunbelt,+1-816-815-0580,+1-733-985-4857,2026-06-01 23:17:00,2013,VOICE,,4G,0.1,3.35
R07-0000715,7,Sunbelt,+1-728-505-9829,,2026-06-01 13:41:38,6053,DATA,25561475,4G,0.0,0.26
R07-0000716,7,Sunbelt,+1-736-868-5140,,2026-06-01 06:23:06,3810,DATA,430746037,4G,0.0,4.31
R07-0000717,7,Sunbelt,+1-662-610-7638,+1-987-947-5448,2026-06-01 04:04:14,2907,VOICE,,4G,0.1,4.85
R07-0000718,7,Sunbelt,+1-864-549-1877,,2026-06-01 00:43:57,266,DATA,204162299,4G,0.0,2.04
R07-0000719,7,Sunbelt,+1-704-220-5794,,2026-06-01 18:09:05,2899,DATA,435441229,5G,0.0,4.35
R07-0000720,7,Sunbelt,+1-227-622-1698,,2026-06-01 15:51:40,2007,DATA,120474136,5G,0.0,1.2
R07-0000721,7,Sunbelt,+1-315-760-7513,+1-562-365-2110,2026-06-01 21:08:54,1298,VOICE,,3G,0.12,2.6
R07-0000722,7,Sunbelt,+1-347-256-9101,+1-722-200-3952,2026-06-01 05:00:14,0,SMS,,4G,0.0,0.05
R07-0000723,7,Sunbelt,+1-644-889-4081,+1-719-963-6079,2026-06-01 02:44:34,834,VOICE,,4G,0.1,1.39
R07-0000724,7,Sunbelt,+1-493-445-1647,+1-220-418-2553,2026-06-01 17:57:10,2002,VOICE,,4G,0.1,3.34
R07-0000725,7,Sunbelt,+1-845-874-8740,+1-766-316-2969,2026-06-01 16:20:25,0,SMS,,4G,0.0,0.05
R07-0000726,7,Sunbelt,+1-490-447-4629,+1-344-695-7351,2026-06-01 23:44:15,531,VOICE,,5G,0.08,0.71
R07-0000727,7,Sunbelt,+1-242-609-9862,+1-685-916-5784,2026-06-01 05:39:24,0,SMS,,4G,0.0,0.05
R07-0000728,7,Sunbelt,+1-729-876-6628,+1-433-744-0267,2026-06-01 17:23:26,0,SMS,,4G,0.0,0.05
R07-0000729,7,Sunbelt,+1-780-431-1092,+1-950-300-2840,2026-06-01 06:26:35,0,SMS,,5G,0.0,0.05
R07-0000730,7,Sunbelt,+1-898-547-3942,+1-906-382-6463,2026-06-01 22:32:06,0,SMS,,5G,0.0,0.05
R07-0000731,7,Sunbelt,+1-239-647-6901,,2026-06-01 00:57:49,6628,DATA,488845182,4G,0.0,4.89
R07-0000732,7,Sunbelt,+1-744-834-7339,+1-203-488-5900,2026-06-01 04:37:55,3131,VOICE,,4G,0.1,5.22
R07-0000733,7,Sunbelt,+1-680-661-9725,+1-623-551-1361,2026-06-01 07:15:17,1235,VOICE,,3G,0.12,2.47
R07-0000734,7,Sunbelt,+1-421-461-6637,+1-840-712-4088,2026-06-01 06:25:46,829,VOICE,,4G,0.1,1.38
R07-0000735,7,Sunbelt,+1-727-383-0241,,2026-06-01 11:40:40,4009,DATA,148807698,5G,0.0,1.49
R07-0000736,7,Sunbelt,+1-650-848-0374,,2026-06-01 11:28:49,2906,DATA,249022442,4G,0.0,2.49
R07-0000737,7,Sunbelt,+1-585-751-0723,+1-683-810-2558,2026-06-01 10:01:49,0,SMS,,5G,0.0,0.05
R07-0000738,7,Sunbelt,+1-787-679-0395,+1-722-255-7002,2026-06-01 07:29:28,2320,VOICE,,5G,0.08,3.09
R07-0000739,7,Sunbelt,+1-524-259-0775,,2026-06-01 14:06:53,1965,DATA,386854004,4G,0.0,3.87
R07-0000740,7,Sunbelt,+1-403-977-0273,+1-217-846-9978,2026-06-01 00:35:04,2816,VOICE,,3G,0.12,5.63
R07-0000741,7,Sunbelt,+1-728-738-8458,+1-826-722-8705,2026-06-01 11:27:06,1670,VOICE,,4G,0.1,2.78
R07-0000742,7,Sunbelt,+1-867-851-5722,,2026-06-01 01:21:45,3409,DATA,224158793,5G,0.0,2.24
R07-0000743,7,Sunbelt,+1-640-449-4595,,2026-06-01 03:39:17,1750,DATA,233668292,5G,0.0,2.34
R07-0000744,7,Sunbelt,+1-501-380-9437,+1-766-620-1732,2026-06-01 22:16:48,377,VOICE,,4G,0.1,0.63
R07-0000745,7,Sunbelt,+1-758-790-4440,+1-606-626-0693,2026-06-01 07:44:07,0,SMS,,4G,0.0,0.05
R07-0000746,7,Sunbelt,+1-720-619-1344,+1-977-666-4904,2026-06-01 01:38:46,0,SMS,,5G,0.0,0.05
R07-0000747,7,Sunbelt,+1-613-310-2380,+1-306-547-5794,2026-06-01 02:27:21,0,VOICE,,4G,0.1,0.0
R07-0000748,7,Sunbelt,+1-796-660-6431,,2026-06-01 08:06:50,874,DATA,210665151,4G,0.0,2.11
R07-0000749,7,Sunbelt,+1-781-566-6419,,2026-06-01 23:52:14,5909,DATA,36176953,4G,0.0,0.36
R07-0000750,7,Sunbelt,+1-897-284-6885,,2026-06-01 12:39:51,1404,DATA,53692179,3G,0.0,0.54
R07-0000751,7,Sunbelt,+1-655-203-0662,,2026-06-01 06:04:23,1668,DATA,415463943,3G,0.0,4.15
R07-0000752,7,Sunbelt,+1-409-274-0144,+1-688-683-6064,2026-06-01 09:13:00,0,VOICE,,4G,0.1,0.0
R07-0000753,7,Sunbelt,+1-709-700-7890,+1-618-689-2000,2026-06-01 04:21:16,1990,VOICE,,4G,0.1,3.32
R07-0000754,7,Sunbelt,+1-609-605-5670,+1-938-823-3353,2026-06-01 00:09:08,2730,VOICE,,3G,0.12,5.46
R07-0000755,7,Sunbelt,+1-749-367-4268,,2026-06-01 18:33:15,3610,DATA,319230840,3G,0.0,3.19
R07-0000756,7,Sunbelt,+1-935-765-7805,+1-370-474-4633,2026-06-01 07:00:11,0,SMS,,4G,0.0,0.05
R07-0000757,7,Sunbelt,+1-869-439-1575,+1-440-911-8647,2026-06-01 13:31:21,258,VOICE,,5G,0.08,0.34
R07-0000758,7,Sunbelt,+1-825-562-0970,+1-527-537-5059,2026-06-01 13:48:39,3128,VOICE,,3G,0.12,6.26
R07-0000759,7,Sunbelt,+1-204-876-6095,+1-820-736-1777,2026-06-01 16:39:55,0,SMS,,4G,0.0,0.05
R07-0000760,7,Sunbelt,+1-577-831-4232,,2026-06-01 01:35:59,1026,DATA,226184968,5G,0.0,2.26
R07-0000761,7,Sunbelt,+1-214-354-8933,+1-984-543-7203,2026-06-01 07:25:21,0,SMS,,5G,0.0,0.05
R07-0000762,7,Sunbelt,+1-916-400-2479,+1-431-514-4801,2026-06-01 17:32:06,1363,VOICE,,3G,0.12,2.73
R07-0000763,7,Sunbelt,+1-675-223-6915,+1-589-610-3657,2026-06-01 10:21:34,1751,VOICE,,4G,0.1,2.92
R07-0000764,7,Sunbelt,+1-720-219-3615,+1-464-995-7537,2026-06-01 15:21:08,1048,VOICE,,4G,0.1,1.75
R07-0000765,7,Sunbelt,+1-903-767-8427,+1-927-777-1825,2026-06-01 05:57:47,0,SMS,,4G,0.0,0.05
R07-0000766,7,Sunbelt,+1-608-563-0284,+1-651-478-2327,2026-06-01 05:40:18,1937,VOICE,,4G,0.1,3.23
R07-0000767,7,Sunbelt,+1-863-560-5216,,2026-06-01 00:29:07,6121,DATA,270393046,4G,0.0,2.7
R07-0000768,7,Sunbelt,+1-202-621-9854,+1-979-886-0024,2026-06-01 07:43:38,1396,VOICE,,5G,0.08,1.86
R07-0000769,7,Sunbelt,+1-273-354-4921,+1-214-323-9674,2026-06-01 03:28:07,0,SMS,,4G,0.0,0.05
R07-0000770,7,Sunbelt,+1-441-419-9418,+1-694-402-2587,2026-06-01 22:05:21,882,VOICE,,4G,0.1,1.47
R07-0000771,7,Sunbelt,+1-306-738-5569,+1-693-784-2462,2026-06-01 13:56:35,0,SMS,,5G,0.0,0.05
R07-0000772,7,Sunbelt,+1-612-426-7197,,2026-06-01 04:08:59,991,DATA,60191449,3G,0.0,0.6
R07-0000773,7,Sunbelt,+1-553-979-5957,+1-311-219-9586,2026-06-01 12:15:07,0,VOICE,,4G,0.1,0.0
R07-0000774,7,Sunbelt,+1-334-441-4492,+1-361-974-7670,2026-06-01 16:21:45,0,SMS,,5G,0.0,0.05
R07-0000775,7,Sunbelt,+1-988-338-8497,+1-758-791-2094,2026-06-01 06:54:03,2955,VOICE,,4G,0.1,4.93
R07-0000776,7,Sunbelt,+1-558-631-3052,+1-432-412-7975,2026-06-01 15:15:16,0,SMS,,4G,0.0,0.05
R07-0000777,7,Sunbelt,+1-387-970-9163,+1-864-284-2178,2026-06-01 21:02:17,0,SMS,,4G,0.0,0.05
R07-0000778,7,Sunbelt,+1-470-600-1262,+1-721-596-8224,2026-06-01 04:01:05,0,SMS,,5G,0.0,0.05
R07-0000779,7,Sunbelt,+1-509-457-6105,+1-544-766-9913,2026-06-01 19:05:49,0,SMS,,4G,0.0,0.05
R07-0000780,7,Sunbelt,+1-438-271-2256,,2026-06-01 08:17:47,1254,DATA,219747023,4G,0.0,2.2
R07-0000781,7,Sunbelt,+1-440-544-4572,+1-402-678-8536,2026-06-01 01:44:05,2204,VOICE,,4G,0.1,3.67
R07-0000782,7,Sunbelt,+1-518-478-0676,+1-890-533-0929,2026-06-01 18:18:38,2340,VOICE,,5G,0.08,3.12
R07-0000783,7,Sunbelt,+1-483-224-7687,+1-578-877-7607,2026-06-01 04:12:25,0,SMS,,5G,0.0,0.05
R07-0000784,7,Sunbelt,+1-533-251-0364,+1-657-777-4402,2026-06-01 03:36:25,1181,VOICE,,5G,0.08,1.57
R07-0000785,7,Sunbelt,+1-476-562-4296,+1-643-500-4474,2026-06-01 22:19:03,2586,VOICE,,4G,0.1,4.31
R07-0000786,7,Sunbelt,+1-754-235-8828,+1-779-881-2525,2026-06-01 12:56:56,444,VOICE,,5G,0.08,0.59
R07-0000787,7,Sunbelt,+1-798-724-6064,,2026-06-01 06:18:34,2946,DATA,51716207,5G,0.0,0.52
R07-0000788,7,Sunbelt,+1-942-671-4980,+1-224-761-5729,2026-06-01 17:15:30,162,VOICE,,5G,0.08,0.22
R07-0000789,7,Sunbelt,+1-570-308-0222,+1-948-807-1551,2026-06-01 10:58:19,0,VOICE,,5G,0.08,0.0
R07-0000790,7,Sunbelt,+1-874-606-8009,+1-264-409-2646,2026-06-01 01:18:31,0,SMS,,5G,0.0,0.05
R07-0000791,7,Sunbelt,+1-273-493-7428,+1-229-282-5841,2026-06-01 21:21:58,1196,VOICE,,4G,0.1,1.99
R07-0000792,7,Sunbelt,+1-650-291-4414,,2026-06-01 20:53:42,2726,DATA,473066091,4G,0.0,4.73
R07-0000793,7,Sunbelt,+1-402-312-3292,+1-854-794-7786,2026-06-01 14:35:44,1395,VOICE,,5G,0.08,1.86
R07-0000794,7,Sunbelt,+1-924-468-6850,+1-760-615-2201,2026-06-01 22:42:11,1407,VOICE,,4G,0.1,2.35
R07-0000795,7,Sunbelt,+1-221-470-6062,,2026-06-01 00:42:21,5880,DATA,304308845,4G,0.0,3.04
R07-0000796,7,Sunbelt,+1-402-894-3865,+1-679-278-6121,2026-06-01 18:46:41,2668,VOICE,,3G,0.12,5.34
R07-0000797,7,Sunbelt,+1-361-577-5786,,2026-06-01 23:02:28,5971,DATA,286186975,4G,0.0,2.86
R07-0000798,7,Sunbelt,+1-283-952-6052,+1-343-432-5893,2026-06-01 13:22:34,195,VOICE,,4G,0.1,0.33
R07-0000799,7,Sunbelt,+1-766-574-2293,+1-925-866-2577,2026-06-01 01:25:06,3036,VOICE,,4G,0.1,5.06
R07-0000800,7,Sunbelt,+1-582-425-5052,+1-722-667-2319,2026-06-01 16:41:30,2650,VOICE,,5G,0.08,3.53
R07-0000801,7,Sunbelt,+1-221-538-7466,+1-333-857-0453,2026-06-01 14:27:43,3571,VOICE,,4G,0.1,5.95
R07-0000802,7,Sunbelt,+1-278-616-8240,+1-477-826-6872,2026-06-01 16:57:11,637,VOICE,,5G,0.08,0.85
R07-0000803,7,Sunbelt,+1-322-349-5966,+1-672-645-2724,2026-06-01 01:43:41,0,SMS,,4G,0.0,0.05
R07-0000804,7,Sunbelt,+1-805-546-7832,+1-534-907-7731,2026-06-01 04:45:17,77,VOICE,,4G,0.1,0.13
R07-0000805,7,Sunbelt,+1-915-533-1342,+1-755-820-0307,2026-06-01 13:34:25,0,SMS,,4G,0.0,0.05
R07-0000806,7,Sunbelt,+1-399-917-3404,+1-811-739-9425,2026-06-01 01:03:52,0,SMS,,4G,0.0,0.05
R07-0000807,7,Sunbelt,+1-902-214-7969,,2026-06-01 05:35:35,3509,DATA,106620610,5G,0.0,1.07
R07-0000808,7,Sunbelt,+1-682-551-7397,+1-287-427-5459,2026-06-01 07:54:04,1539,VOICE,,4G,0.1,2.56
R07-0000809,7,Sunbelt,+1-366-560-5307,,2026-06-01 02:18:16,3973,DATA,381782570,4G,0.0,3.82
R07-0000810,7,Sunbelt,+1-872-264-0653,+1-595-465-7329,2026-06-01 10:01:45,3337,VOICE,,4G,0.1,5.56
R07-0000811,7,Sunbelt,+1-686-933-1336,+1-773-856-6508,2026-06-01 05:50:28,0,VOICE,,3G,0.12,0.0
R07-0000812,7,Sunbelt,+1-963-724-4875,+1-531-720-0232,2026-06-01 11:02:32,0,SMS,,4G,0.0,0.05
R07-0000813,7,Sunbelt,+1-498-492-8623,+1-836-751-5964,2026-06-01 11:45:03,3291,VOICE,,4G,0.1,5.49
R07-0000814,7,Sunbelt,+1-519-867-1063,+1-473-897-6611,2026-06-01 06:10:46,3143,VOICE,,4G,0.1,5.24
R07-0000815,7,Sunbelt,+1-452-214-0421,,2026-06-01 14:25:51,1776,DATA,255823306,3G,0.0,2.56
R07-0000816,7,Sunbelt,+1-785-654-4381,,2026-06-01 19:56:15,5476,DATA,312737454,4G,0.0,3.13
R07-0000817,7,Sunbelt,+1-324-932-8337,+1-447-229-7764,2026-06-01 18:06:07,0,SMS,,4G,0.0,0.05
R07-0000818,7,Sunbelt,+1-269-297-2121,+1-899-690-0343,2026-06-01 08:36:40,0,SMS,,3G,0.0,0.05
R07-0000819,7,Sunbelt,+1-419-871-7761,+1-332-250-9147,2026-06-01 04:54:41,0,SMS,,4G,0.0,0.05
R07-0000820,7,Sunbelt,+1-698-886-9630,,2026-06-01 22:00:57,6917,DATA,142027585,4G,0.0,1.42
R07-0000821,7,Sunbelt,+1-292-753-3551,+1-427-697-1860,2026-06-01 05:18:30,0,SMS,,4G,0.0,0.05
R07-0000822,7,Sunbelt,+1-268-352-1498,,2026-06-01 21:06:40,2347,DATA,122326722,4G,0.0,1.22
R07-0000823,7,Sunbelt,+1-278-348-6418,+1-615-391-2274,2026-06-01 16:54:44,0,SMS,,4G,0.0,0.05
R07-0000824,7,Sunbelt,+1-939-313-4482,+1-361-525-2031,2026-06-01 07:26:12,257,VOICE,,4G,0.1,0.43
R07-0000825,7,Sunbelt,+1-813-281-8457,,2026-06-01 11:39:48,4437,DATA,364436770,4G,0.0,3.64
R07-0000826,7,Sunbelt,+1-806-935-6144,+1-560-971-3801,2026-06-01 12:09:09,1317,VOICE,,4G,0.1,2.19
R07-0000827,7,Sunbelt,+1-848-363-3976,+1-538-730-2636,2026-06-01 03:43:49,600,VOICE,,4G,0.1,1.0
R07-0000828,7,Sunbelt,+1-208-547-4717,,2026-06-01 18:47:35,623,DATA,133671898,5G,0.0,1.34
R07-0000829,7,Sunbelt,+1-451-649-8609,+1-328-496-7957,2026-06-01 00:19:40,223,VOICE,,4G,0.1,0.37
R07-0000830,7,Sunbelt,+1-933-976-5300,,2026-06-01 08:48:48,7116,DATA,26597379,5G,0.0,0.27
R07-0000831,7,Sunbelt,+1-632-584-3120,+1-657-652-4310,2026-06-01 00:10:14,0,SMS,,4G,0.0,0.05
R07-0000832,7,Sunbelt,+1-611-784-9947,+1-799-405-1719,2026-06-01 13:46:16,1911,VOICE,,5G,0.08,2.55
R07-0000833,7,Sunbelt,+1-577-510-4718,+1-294-788-4511,2026-06-01 09:11:39,0,SMS,,5G,0.0,0.05
R07-0000834,7,Sunbelt,+1-402-968-3128,+1-458-431-2423,2026-06-01 04:33:49,3490,VOICE,,4G,0.1,5.82
R07-0000835,7,Sunbelt,+1-619-330-0684,+1-876-482-7215,2026-06-01 22:17:27,0,VOICE,,4G,0.1,0.0
R07-0000836,7,Sunbelt,+1-298-407-6966,,2026-06-01 10:56:57,1590,DATA,181546906,5G,0.0,1.82
R07-0000837,7,Sunbelt,+1-567-719-9605,+1-681-815-4963,2026-06-01 00:12:04,1346,VOICE,,4G,0.1,2.24
R07-0000838,7,Sunbelt,+1-459-450-7829,+1-226-577-8048,2026-06-01 10:17:00,3203,VOICE,,5G,0.08,4.27
R07-0000839,7,Sunbelt,+1-784-642-2830,+1-456-775-2662,2026-06-01 00:16:44,663,VOICE,,3G,0.12,1.33
R07-0000840,7,Sunbelt,+1-350-819-5327,+1-831-724-6401,2026-06-01 10:28:10,0,SMS,,4G,0.0,0.05
R07-0000841,7,Sunbelt,+1-818-327-8663,,2026-06-01 21:57:01,1309,DATA,2211539,4G,0.0,0.02
R07-0000842,7,Sunbelt,+1-778-259-1897,+1-949-410-6756,2026-06-01 13:48:40,3274,VOICE,,5G,0.08,4.37
R07-0000843,7,Sunbelt,+1-482-552-1845,,2026-06-01 01:11:15,3203,DATA,295596456,5G,0.0,2.96
R07-0000844,7,Sunbelt,+1-390-550-7410,+1-227-435-3430,2026-06-01 08:48:33,0,SMS,,4G,0.0,0.05
R07-0000845,7,Sunbelt,+1-377-547-5022,+1-878-417-3061,2026-06-01 13:55:06,445,VOICE,,4G,0.1,0.74
R07-0000846,7,Sunbelt,+1-863-485-8463,+1-831-854-2434,2026-06-01 08:37:16,2795,VOICE,,5G,0.08,3.73
R07-0000847,7,Sunbelt,+1-475-489-0010,,2026-06-01 17:27:09,5582,DATA,115719965,4G,0.0,1.16
R07-0000848,7,Sunbelt,+1-681-831-8866,+1-728-913-4553,2026-06-01 00:27:41,0,SMS,,5G,0.0,0.05
R07-0000849,7,Sunbelt,+1-785-917-4358,+1-783-695-7325,2026-06-01 22:33:08,0,SMS,,4G,0.0,0.05
R07-0000850,7,Sunbelt,+1-837-941-0270,+1-201-495-3970,2026-06-01 16:11:13,3281,VOICE,,4G,0.1,5.47
R07-0000851,7,Sunbelt,+1-358-609-8753,+1-942-612-2011,2026-06-01 12:07:09,1114,VOICE,,4G,0.1,1.86
R07-0000852,7,Sunbelt,+1-886-670-2737,,2026-06-01 23:58:23,4344,DATA,195607483,5G,0.0,1.96
R07-0000853,7,Sunbelt,+1-471-456-6171,+1-486-256-9037,2026-06-01 23:02:15,3176,VOICE,,4G,0.1,5.29
R07-0000854,7,Sunbelt,+1-640-707-7459,,2026-06-01 05:43:57,5807,DATA,456930075,4G,0.0,4.57
R07-0000855,7,Sunbelt,+1-649-913-5722,+1-801-424-3248,2026-06-01 16:16:06,0,SMS,,5G,0.0,0.05
R07-0000856,7,Sunbelt,+1-950-514-6154,,2026-06-01 11:02:02,5468,DATA,131677029,5G,0.0,1.32
R07-0000857,7,Sunbelt,+1-863-765-0306,+1-417-423-0406,2026-06-01 21:04:17,0,SMS,,4G,0.0,0.05
R07-0000858,7,Sunbelt,+1-576-862-6629,+1-521-227-9372,2026-06-01 12:53:13,0,SMS,,4G,0.0,0.05
R07-0000859,7,Sunbelt,+1-643-942-2217,+1-634-936-3430,2026-06-01 09:30:00,1491,VOICE,,4G,0.1,2.49
R07-0000860,7,Sunbelt,+1-946-210-3147,+1-907-977-0773,2026-06-01 22:45:59,3327,VOICE,,4G,0.1,5.55
R07-0000861,7,Sunbelt,+1-824-644-3262,+1-695-502-2654,2026-06-01 08:34:55,0,SMS,,3G,0.0,0.05
R07-0000862,7,Sunbelt,+1-988-573-5243,+1-578-841-4656,2026-06-01 20:08:54,390,VOICE,,5G,0.08,0.52
R07-0000863,7,Sunbelt,+1-742-372-2349,,2026-06-01 10:06:27,3069,DATA,344426611,4G,0.0,3.44
R07-0000864,7,Sunbelt,+1-639-556-2731,,2026-06-01 21:07:07,6095,DATA,480969535,5G,0.0,4.81
R07-0000865,7,Sunbelt,+1-481-443-0586,+1-982-553-8288,2026-06-01 15:18:49,0,SMS,,4G,0.0,0.05
R07-0000866,7,Sunbelt,+1-905-377-6830,+1-813-412-4768,2026-06-01 05:42:11,0,SMS,,3G,0.0,0.05
R07-0000867,7,Sunbelt,+1-850-829-9023,+1-535-204-4445,2026-06-01 07:03:45,2065,VOICE,,3G,0.12,4.13
R07-0000868,7,Sunbelt,+1-820-491-1787,+1-643-752-8914,2026-06-01 04:43:23,0,SMS,,4G,0.0,0.05
R07-0000869,7,Sunbelt,+1-608-716-3239,+1-670-236-7286,2026-06-01 09:30:41,0,SMS,,3G,0.0,0.05
R07-0000870,7,Sunbelt,+1-654-964-1398,+1-412-768-3758,2026-06-01 00:45:59,0,SMS,,4G,0.0,0.05
R07-0000871,7,Sunbelt,+1-221-235-6448,,2026-06-01 09:25:34,3554,DATA,375129204,3G,0.0,3.75
R07-0000872,7,Sunbelt,+1-936-329-2858,,2026-06-01 18:42:50,6742,DATA,361144276,5G,0.0,3.61
R07-0000873,7,Sunbelt,+1-425-637-9556,+1-340-568-8308,2026-06-01 10:59:46,0,SMS,,4G,0.0,0.05
R07-0000874,7,Sunbelt,+1-552-676-4799,+1-890-547-6159,2026-06-01 22:16:46,1352,VOICE,,5G,0.08,1.8
R07-0000875,7,Sunbelt,+1-906-264-0164,+1-206-296-2941,2026-06-01 06:10:54,0,SMS,,5G,0.0,0.05
R07-0000876,7,Sunbelt,+1-810-751-8244,+1-939-871-4811,2026-06-01 08:03:41,1203,VOICE,,5G,0.08,1.6
R07-0000877,7,Sunbelt,+1-308-658-4839,+1-511-489-7607,2026-06-01 12:34:22,0,SMS,,5G,0.0,0.05
R07-0000878,7,Sunbelt,+1-264-567-5659,+1-478-357-7816,2026-06-01 02:41:22,0,SMS,,5G,0.0,0.05
R07-0000879,7,Sunbelt,+1-338-306-8105,+1-665-467-1909,2026-06-01 14:15:43,225,VOICE,,5G,0.08,0.3
R07-0000880,7,Sunbelt,+1-539-340-9779,+1-743-362-9441,2026-06-01 10:52:06,2137,VOICE,,5G,0.08,2.85
R07-0000881,7,Sunbelt,+1-702-869-4113,+1-602-823-3420,2026-06-01 15:03:08,2486,VOICE,,4G,0.1,4.14
R07-0000882,7,Sunbelt,+1-329-381-4279,+1-947-651-8997,2026-06-01 10:51:06,2932,VOICE,,5G,0.08,3.91
R07-0000883,7,Sunbelt,+1-941-710-3857,,2026-06-01 00:51:34,253,DATA,256754048,3G,0.0,2.57
R07-0000884,7,Sunbelt,+1-359-301-2285,+1-852-775-2842,2026-06-01 03:02:10,0,VOICE,,4G,0.1,0.0
R07-0000885,7,Sunbelt,+1-288-500-2840,+1-717-466-6516,2026-06-01 15:35:30,2716,VOICE,,4G,0.1,4.53
R07-0000886,7,Sunbelt,+1-331-361-6209,+1-745-320-1103,2026-06-01 17:06:49,0,SMS,,5G,0.0,0.05
R07-0000887,7,Sunbelt,+1-854-531-8810,+1-400-419-6769,2026-06-01 18:31:58,2867,VOICE,,4G,0.1,4.78
R07-0000888,7,Sunbelt,+1-596-696-7068,+1-539-202-6571,2026-06-01 06:14:44,0,SMS,,4G,0.0,0.05
R07-0000889,7,Sunbelt,+1-731-305-4445,+1-883-244-1352,2026-06-01 00:27:28,798,VOICE,,4G,0.1,1.33
R07-0000890,7,Sunbelt,+1-346-994-5306,+1-852-842-0601,2026-06-01 06:42:59,0,SMS,,4G,0.0,0.05
R07-0000891,7,Sunbelt,+1-957-816-4023,+1-617-861-5865,2026-06-01 15:41:29,3286,VOICE,,5G,0.08,4.38
R07-0000892,7,Sunbelt,+1-702-603-6528,+1-464-736-3225,2026-06-01 23:40:42,0,SMS,,5G,0.0,0.05
R07-0000893,7,Sunbelt,+1-709-261-5489,+1-811-603-1308,2026-06-01 23:36:03,0,VOICE,,4G,0.1,0.0
R07-0000894,7,Sunbelt,+1-207-249-2983,+1-459-826-2841,2026-06-01 05:26:08,0,SMS,,5G,0.0,0.05
R07-0000895,7,Sunbelt,+1-771-719-9225,,2026-06-01 05:05:55,2594,DATA,208736516,5G,0.0,2.09
R07-0000896,7,Sunbelt,+1-532-367-8836,+1-844-850-4412,2026-06-01 11:56:58,2725,VOICE,,5G,0.08,3.63
R07-0000897,7,Sunbelt,+1-308-497-9482,,2026-06-01 20:37:53,6109,DATA,407848497,3G,0.0,4.08
R07-0000898,7,Sunbelt,+1-644-332-7068,+1-989-812-2446,2026-06-01 05:02:26,2896,VOICE,,4G,0.1,4.83
R07-0000899,7,Sunbelt,+1-911-930-4837,+1-514-898-2962,2026-06-01 22:32:49,0,SMS,,5G,0.0,0.05
R07-0000900,7,Sunbelt,+1-600-499-8324,+1-548-902-0903,2026-06-01 20:18:24,0,VOICE,,5G,0.08,0.0
R07-0000901,7,Sunbelt,+1-218-297-4065,+1-224-840-6292,2026-06-01 04:54:34,0,SMS,,5G,0.0,0.05
R07-0000902,7,Sunbelt,+1-269-965-2163,+1-803-538-6320,2026-06-01 13:31:33,3094,VOICE,,4G,0.1,5.16
R07-0000903,7,Sunbelt,+1-906-466-0186,+1-716-810-6564,2026-06-01 16:15:49,602,VOICE,,4G,0.1,1.0
R07-0000904,7,Sunbelt,+1-407-413-0375,,2026-06-01 20:57:39,1764,DATA,176931961,5G,0.0,1.77
R07-0000905,7,Sunbelt,+1-934-791-3900,+1-871-881-5484,2026-06-01 11:45:51,1934,VOICE,,4G,0.1,3.22
R07-0000906,7,Sunbelt,+1-823-521-9330,+1-798-796-4511,2026-06-01 05:37:37,1960,VOICE,,4G,0.1,3.27
R07-0000907,7,Sunbelt,+1-369-774-0967,+1-623-446-1128,2026-06-01 07:19:37,0,SMS,,4G,0.0,0.05
R07-0000908,7,Sunbelt,+1-395-585-4624,,2026-06-01 05:55:47,4887,DATA,491127829,5G,0.0,4.91
R07-0000909,7,Sunbelt,+1-460-380-3652,+1-499-981-5786,2026-06-01 21:44:09,1156,VOICE,,4G,0.1,1.93
R07-0000910,7,Sunbelt,+1-227-997-4981,+1-964-621-7273,2026-06-01 14:27:06,2290,VOICE,,3G,0.12,4.58
R07-0000911,7,Sunbelt,+1-230-623-1135,+1-837-698-9277,2026-06-01 03:14:17,457,VOICE,,3G,0.12,0.91
R07-0000912,7,Sunbelt,+1-925-451-7558,+1-332-917-3885,2026-06-01 12:17:58,0,SMS,,5G,0.0,0.05
R07-0000913,7,Sunbelt,+1-343-850-3448,+1-445-971-5596,2026-06-01 22:19:13,193,VOICE,,5G,0.08,0.26
R07-0000914,7,Sunbelt,+1-618-761-1669,+1-222-344-5772,2026-06-01 08:13:07,0,SMS,,5G,0.0,0.05
R07-0000915,7,Sunbelt,+1-896-800-2604,+1-528-978-9040,2026-06-01 07:56:56,243,VOICE,,5G,0.08,0.32
R07-0000916,7,Sunbelt,+1-217-661-7568,+1-875-645-6322,2026-06-01 22:04:56,1645,VOICE,,5G,0.08,2.19
R07-0000917,7,Sunbelt,+1-332-696-8331,+1-981-898-1043,2026-06-01 06:22:12,2460,VOICE,,4G,0.1,4.1
R07-0000918,7,Sunbelt,+1-535-616-9581,,2026-06-01 19:38:18,1234,DATA,224879041,5G,0.0,2.25
R07-0000919,7,Sunbelt,+1-750-685-3297,,2026-06-01 16:55:57,3650,DATA,310215208,4G,0.0,3.1
R07-0000920,7,Sunbelt,+1-927-821-8636,,2026-06-01 00:34:25,5326,DATA,475607087,4G,0.0,4.76
R07-0000921,7,Sunbelt,+1-600-426-0605,+1-319-330-7148,2026-06-01 12:48:54,0,SMS,,4G,0.0,0.05
R07-0000922,7,Sunbelt,+1-961-913-6222,+1-334-595-4733,2026-06-01 09:36:52,1665,VOICE,,4G,0.1,2.78
R07-0000923,7,Sunbelt,+1-637-450-8605,+1-629-503-9405,2026-06-01 21:49:37,395,VOICE,,4G,0.1,0.66
R07-0000924,7,Sunbelt,+1-389-665-2042,+1-474-656-3858,2026-06-01 16:47:33,1909,VOICE,,5G,0.08,2.55
R07-0000925,7,Sunbelt,+1-702-955-5849,+1-457-964-3770,2026-06-01 17:25:47,0,SMS,,3G,0.0,0.05
R07-0000926,7,Sunbelt,+1-575-647-5979,+1-836-657-1786,2026-06-01 02:43:15,0,VOICE,,5G,0.08,0.0
R07-0000927,7,Sunbelt,+1-887-514-7695,,2026-06-01 14:28:41,3482,DATA,217086158,5G,0.0,2.17
R07-0000928,7,Sunbelt,+1-984-631-0390,+1-493-275-8012,2026-06-01 19:33:42,0,SMS,,4G,0.0,0.05
R07-0000929,7,Sunbelt,+1-355-536-2389,+1-309-569-7612,2026-06-01 13:39:09,1067,VOICE,,5G,0.08,1.42
R07-0000930,7,Sunbelt,+1-805-484-7653,+1-432-646-7531,2026-06-01 16:00:58,36,VOICE,,4G,0.1,0.06
R07-0000931,7,Sunbelt,+1-209-538-6071,+1-622-505-2135,2026-06-01 02:39:47,2982,VOICE,,5G,0.08,3.98
R07-0000932,7,Sunbelt,+1-504-476-7002,+1-625-334-3149,2026-06-01 20:34:54,0,SMS,,5G,0.0,0.05
R07-0000933,7,Sunbelt,+1-540-261-7308,+1-841-530-5738,2026-06-01 15:38:51,0,SMS,,4G,0.0,0.05
R07-0000934,7,Sunbelt,+1-419-380-8717,+1-218-388-4020,2026-06-01 21:03:27,1407,VOICE,,5G,0.08,1.88
R07-0000935,7,Sunbelt,+1-887-481-3361,+1-765-459-6774,2026-06-01 11:32:55,0,SMS,,3G,0.0,0.05
R07-0000936,7,Sunbelt,+1-400-221-4610,+1-407-600-6715,2026-06-01 12:04:22,0,VOICE,,3G,0.12,0.0
R07-0000937,7,Sunbelt,+1-972-505-6229,+1-544-253-0610,2026-06-01 16:58:43,388,VOICE,,4G,0.1,0.65
R07-0000938,7,Sunbelt,+1-235-872-9169,,2026-06-01 02:31:34,5774,DATA,377994868,5G,0.0,3.78
R07-0000939,7,Sunbelt,+1-345-884-1885,+1-823-909-4795,2026-06-01 07:10:15,1936,VOICE,,5G,0.08,2.58
R07-0000940,7,Sunbelt,+1-257-767-2273,+1-451-988-5655,2026-06-01 12:36:06,1694,VOICE,,3G,0.12,3.39
R07-0000941,7,Sunbelt,+1-357-676-6448,+1-485-321-1737,2026-06-01 23:02:46,0,VOICE,,5G,0.08,0.0
R07-0000942,7,Sunbelt,+1-937-326-9896,+1-807-686-1770,2026-06-01 13:34:35,0,SMS,,5G,0.0,0.05
R07-0000943,7,Sunbelt,+1-344-271-2950,+1-368-332-2455,2026-06-01 23:09:16,1462,VOICE,,4G,0.1,2.44
R07-0000944,7,Sunbelt,+1-847-829-6194,+1-900-663-2052,2026-06-01 01:05:19,2338,VOICE,,3G,0.12,4.68
R07-0000945,7,Sunbelt,+1-864-293-3892,,2026-06-01 17:41:33,3319,DATA,380115116,5G,0.0,3.8
R07-0000946,7,Sunbelt,+1-396-803-2238,+1-781-569-9717,2026-06-01 05:37:18,0,SMS,,4G,0.0,0.05
R07-0000947,7,Sunbelt,+1-520-654-5100,+1-242-664-6784,2026-06-01 03:48:16,0,SMS,,5G,0.0,0.05
R07-0000948,7,Sunbelt,+1-502-781-4106,+1-215-341-7742,2026-06-01 19:42:23,608,VOICE,,4G,0.1,1.01
R07-0000949,7,Sunbelt,+1-413-662-4700,+1-975-792-9190,2026-06-01 22:50:42,271,VOICE,,4G,0.1,0.45
R07-0000950,7,Sunbelt,+1-480-971-0685,,2026-06-01 21:50:11,4670,DATA,387812692,5G,0.0,3.88
R07-0000951,7,Sunbelt,+1-345-816-1880,+1-894-682-1861,2026-06-01 02:39:39,0,SMS,,4G,0.0,0.05
R07-0000952,7,Sunbelt,+1-499-237-8052,+1-948-730-5919,2026-06-01 20:33:03,0,SMS,,3G,0.0,0.05
R07-0000953,7,Sunbelt,+1-429-487-8385,+1-457-543-1571,2026-06-01 21:29:44,2467,VOICE,,3G,0.12,4.93
R07-0000954,7,Sunbelt,+1-947-430-2170,,2026-06-01 01:07:13,745,DATA,156918357,4G,0.0,1.57
R07-0000955,7,Sunbelt,+1-880-369-2203,+1-622-914-8026,2026-06-01 13:20:19,0,SMS,,5G,0.0,0.05
R07-0000956,7,Sunbelt,+1-544-412-4701,+1-868-985-3071,2026-06-01 17:48:34,0,SMS,,5G,0.0,0.05
R07-0000957,7,Sunbelt,+1-247-330-2344,+1-276-392-8245,2026-06-01 05:43:10,2704,VOICE,,3G,0.12,5.41
R07-0000958,7,Sunbelt,+1-382-291-9894,,2026-06-01 05:33:35,667,DATA,121761226,4G,0.0,1.22
R07-0000959,7,Sunbelt,+1-428-275-3643,+1-206-663-4119,2026-06-01 20:18:06,0,SMS,,5G,0.0,0.05
R07-0000960,7,Sunbelt,+1-751-486-9685,+1-703-240-7090,2026-06-01 12:50:29,0,SMS,,4G,0.0,0.05
R07-0000961,7,Sunbelt,+1-503-675-4858,+1-610-631-7163,2026-06-01 00:05:43,0,SMS,,4G,0.0,0.05
R07-0000962,7,Sunbelt,+1-624-638-0330,+1-841-996-2010,2026-06-01 04:39:22,1382,VOICE,,4G,0.1,2.3
R07-0000963,7,Sunbelt,+1-232-535-4539,+1-225-858-1745,2026-06-01 15:56:58,0,SMS,,3G,0.0,0.05
R07-0000964,7,Sunbelt,+1-348-776-5616,+1-835-772-0169,2026-06-01 21:49:02,0,VOICE,,5G,0.08,0.0
R07-0000965,7,Sunbelt,+1-904-410-7720,,2026-06-01 13:52:15,4438,DATA,198087104,4G,0.0,1.98
R07-0000966,7,Sunbelt,+1-942-613-2939,,2026-06-01 03:08:42,800,DATA,87390293,4G,0.0,0.87
R07-0000967,7,Sunbelt,+1-241-277-6415,+1-679-503-8251,2026-06-01 14:16:54,2042,VOICE,,5G,0.08,2.72
R07-0000968,7,Sunbelt,+1-884-690-3301,+1-691-230-3578,2026-06-01 13:28:55,0,SMS,,3G,0.0,0.05
R07-0000969,7,Sunbelt,+1-840-622-5266,+1-319-809-6948,2026-06-01 10:36:51,2937,VOICE,,5G,0.08,3.92
R07-0000970,7,Sunbelt,+1-457-666-8593,+1-520-904-0546,2026-06-01 19:43:09,1598,VOICE,,4G,0.1,2.66
R07-0000971,7,Sunbelt,+1-608-547-0742,+1-556-745-5029,2026-06-01 12:50:24,3334,VOICE,,4G,0.1,5.56
R07-0000972,7,Sunbelt,+1-812-854-2162,+1-353-783-4940,2026-06-01 01:36:19,3537,VOICE,,4G,0.1,5.9
R07-0000973,7,Sunbelt,+1-562-972-2561,,2026-06-01 19:08:47,3744,DATA,119544312,4G,0.0,1.2
R07-0000974,7,Sunbelt,+1-925-455-1916,+1-337-355-4278,2026-06-01 19:10:42,0,SMS,,3G,0.0,0.05
R07-0000975,7,Sunbelt,+1-685-207-7295,+1-376-910-8477,2026-06-01 21:12:27,2012,VOICE,,4G,0.1,3.35
R07-0000976,7,Sunbelt,+1-463-384-4119,+1-370-891-4760,2026-06-01 00:29:33,3118,VOICE,,5G,0.08,4.16
R07-0000977,7,Sunbelt,+1-334-691-9166,+1-899-245-6506,2026-06-01 08:23:48,0,SMS,,5G,0.0,0.05
R07-0000978,7,Sunbelt,+1-734-977-9830,+1-724-443-1137,2026-06-01 15:11:17,2905,VOICE,,4G,0.1,4.84
R07-0000979,7,Sunbelt,+1-246-288-8236,+1-320-681-2498,2026-06-01 09:28:55,0,SMS,,4G,0.0,0.05
R07-0000980,7,Sunbelt,+1-348-942-4883,+1-915-292-6008,2026-06-01 22:28:12,1922,VOICE,,4G,0.1,3.2
R07-0000981,7,Sunbelt,+1-832-341-2774,+1-453-659-4801,2026-06-01 18:32:15,2385,VOICE,,4G,0.1,3.98
R07-0000982,7,Sunbelt,+1-494-463-4623,+1-570-804-3706,2026-06-01 15:33:08,775,VOICE,,5G,0.08,1.03
R07-0000983,7,Sunbelt,+1-787-503-5569,+1-619-795-5946,2026-06-01 21:50:58,3498,VOICE,,4G,0.1,5.83
R07-0000984,7,Sunbelt,+1-329-979-5573,+1-877-989-0322,2026-06-01 05:48:19,3081,VOICE,,4G,0.1,5.14
R07-0000985,7,Sunbelt,+1-709-431-1700,+1-963-751-1316,2026-06-01 14:51:51,0,SMS,,4G,0.0,0.05
R07-0000986,7,Sunbelt,+1-484-520-9748,+1-520-499-5151,2026-06-01 22:59:50,0,SMS,,4G,0.0,0.05
R07-0000987,7,Sunbelt,+1-267-657-0997,+1-371-794-9706,2026-06-01 20:00:44,271,VOICE,,4G,0.1,0.45
R07-0000988,7,Sunbelt,+1-866-956-6974,,2026-06-01 15:23:13,528,DATA,169520310,5G,0.0,1.7
R07-0000989,7,Sunbelt,+1-469-942-1994,+1-415-982-0966,2026-06-01 16:17:42,0,SMS,,4G,0.0,0.05
R07-0000990,7,Sunbelt,+1-663-660-4315,+1-438-768-4385,2026-06-01 09:28:56,241,VOICE,,5G,0.08,0.32
R07-0000991,7,Sunbelt,+1-528-891-0414,,2026-06-01 08:50:33,1126,DATA,288413230,4G,0.0,2.88
R07-0000992,7,Sunbelt,+1-960-327-5648,+1-439-582-3313,2026-06-01 01:06:00,0,SMS,,5G,0.0,0.05
R07-0000993,7,Sunbelt,+1-799-533-4347,+1-671-850-9862,2026-06-01 12:57:40,139,VOICE,,4G,0.1,0.23
R07-0000994,7,Sunbelt,+1-765-562-1345,+1-910-701-7077,2026-06-01 22:48:30,2739,VOICE,,4G,0.1,4.57
R07-0000995,7,Sunbelt,+1-406-816-1119,,2026-06-01 00:38:27,1673,DATA,359530719,5G,0.0,3.6
R07-0000996,7,Sunbelt,+1-915-938-6868,+1-219-825-9892,2026-06-01 16:02:46,229,VOICE,,4G,0.1,0.38
R07-0000997,7,Sunbelt,+1-264-343-9891,+1-925-766-9157,2026-06-01 13:45:41,1744,VOICE,,3G,0.12,3.49
R07-0000998,7,Sunbelt,+1-326-894-2393,+1-643-934-6481,2026-06-01 17:09:10,0,SMS,,5G,0.0,0.05
R07-0000999,7,Sunbelt,+1-479-474-4132,+1-704-356-1526,2026-06-01 11:55:52,2310,VOICE,,3G,0.12,4.62
R07-0001000,7,Sunbelt,+1-204-895-6554,,2026-06-01 13:59:58,6832,DATA,188474972,5G,0.0,1.88
R07-0001001,7,Sunbelt,+1-371-309-4171,+1-847-479-4391,2026-06-01 00:31:36,0,SMS,,4G,0.0,0.05
R07-0001002,7,Sunbelt,+1-208-565-6619,+1-629-520-7243,2026-06-01 20:28:47,2405,VOICE,,4G,0.1,4.01
R07-0001003,7,Sunbelt,+1-410-746-7446,+1-491-813-1027,2026-06-01 00:26:23,2926,VOICE,,5G,0.08,3.9
R07-0001004,7,Sunbelt,+1-940-344-4806,,2026-06-01 21:03:10,3236,DATA,363378097,3G,0.0,3.63
R07-0001005,7,Sunbelt,+1-547-756-6699,,2026-06-01 01:27:41,1836,DATA,284005649,4G,0.0,2.84
R07-0001006,7,Sunbelt,+1-447-301-9839,+1-836-720-4822,2026-06-01 05:32:40,2089,VOICE,,4G,0.1,3.48
R07-0001007,7,Sunbelt,+1-846-727-7854,+1-217-411-2762,2026-06-01 14:42:19,873,VOICE,,3G,0.12,1.75
R07-0001008,7,Sunbelt,+1-527-857-9920,,2026-06-01 13:10:18,7119,DATA,157239928,4G,0.0,1.57
R07-0001009,7,Sunbelt,+1-264-511-9873,+1-512-232-4312,2026-06-01 16:11:22,3080,VOICE,,5G,0.08,4.11
R07-0001010,7,Sunbelt,+1-524-657-3237,+1-960-489-9377,2026-06-01 13:50:49,0,SMS,,4G,0.0,0.05
R07-0001011,7,Sunbelt,+1-405-916-8747,,2026-06-01 06:22:38,1629,DATA,199065477,4G,0.0,1.99
R07-0001012,7,Sunbelt,+1-898-201-2984,+1-279-332-6818,2026-06-01 09:20:42,0,SMS,,4G,0.0,0.05
R07-0001013,7,Sunbelt,+1-887-320-4301,+1-758-426-6253,2026-06-01 16:49:40,2215,VOICE,,4G,0.1,3.69
R07-0001014,7,Sunbelt,+1-721-541-6243,+1-743-736-2146,2026-06-01 08:12:39,0,SMS,,4G,0.0,0.05
R07-0001015,7,Sunbelt,+1-647-317-6285,+1-298-428-2049,2026-06-01 06:27:45,99,VOICE,,5G,0.08,0.13
R07-0001016,7,Sunbelt,+1-840-454-5675,,2026-06-01 02:42:54,4210,DATA,45333639,4G,0.0,0.45
R07-0001017,7,Sunbelt,+1-634-719-2766,,2026-06-01 17:23:59,5847,DATA,17954102,3G,0.0,0.18
R07-0001018,7,Sunbelt,+1-950-759-0962,+1-424-460-3257,2026-06-01 09:05:48,3586,VOICE,,5G,0.08,4.78
R07-0001019,7,Sunbelt,+1-797-704-5510,+1-699-500-7933,2026-06-01 17:13:44,0,SMS,,4G,0.0,0.05
R07-0001020,7,Sunbelt,+1-842-994-6166,+1-228-334-1914,2026-06-01 17:43:20,82,VOICE,,3G,0.12,0.16
R07-0001021,7,Sunbelt,+1-590-289-8450,+1-647-572-7195,2026-06-01 05:50:19,0,SMS,,5G,0.0,0.05
R07-0001022,7,Sunbelt,+1-928-752-6508,+1-714-555-9925,2026-06-01 14:46:06,725,VOICE,,5G,0.08,0.97
R07-0001023,7,Sunbelt,+1-233-259-3714,,2026-06-01 03:00:04,3502,DATA,405315976,3G,0.0,4.05
R07-0001024,7,Sunbelt,+1-960-764-1006,+1-517-240-0290,2026-06-01 20:19:07,0,SMS,,5G,0.0,0.05
R07-0001025,7,Sunbelt,+1-907-981-3264,+1-273-900-1421,2026-06-01 22:04:52,1326,VOICE,,5G,0.08,1.77
R07-0001026,7,Sunbelt,+1-859-708-4769,+1-711-872-1206,2026-06-01 22:57:22,2336,VOICE,,5G,0.08,3.11
R07-0001027,7,Sunbelt,+1-509-379-1697,+1-624-674-0905,2026-06-01 20:02:33,2622,VOICE,,4G,0.1,4.37
R07-0001028,7,Sunbelt,+1-367-250-3037,+1-941-508-9561,2026-06-01 09:10:03,0,SMS,,5G,0.0,0.05
R07-0001029,7,Sunbelt,+1-593-680-5012,+1-770-458-9287,2026-06-01 14:35:28,0,SMS,,5G,0.0,0.05
R07-0001030,7,Sunbelt,+1-593-894-5346,+1-588-235-6107,2026-06-01 08:35:56,0,SMS,,3G,0.0,0.05
R07-0001031,7,Sunbelt,+1-345-454-3431,+1-962-394-9950,2026-06-01 08:09:44,2249,VOICE,,3G,0.12,4.5
R07-0001032,7,Sunbelt,+1-550-686-7080,+1-988-508-4051,2026-06-01 18:36:56,1473,VOICE,,4G,0.1,2.46
R07-0001033,7,Sunbelt,+1-285-816-2140,+1-514-633-4485,2026-06-01 05:57:49,0,SMS,,4G,0.0,0.05
R07-0001034,7,Sunbelt,+1-779-221-9145,,2026-06-01 02:17:14,4479,DATA,445354444,5G,0.0,4.45
R07-0001035,7,Sunbelt,+1-686-507-3650,+1-657-221-7429,2026-06-01 23:28:10,1146,VOICE,,5G,0.08,1.53
R07-0001036,7,Sunbelt,+1-619-523-4523,+1-227-362-6564,2026-06-01 01:52:39,0,SMS,,4G,0.0,0.05
R07-0001037,7,Sunbelt,+1-693-948-0102,+1-492-835-7226,2026-06-01 01:16:55,1989,VOICE,,4G,0.1,3.31
R07-0001038,7,Sunbelt,+1-359-905-2289,,2026-06-01 01:50:35,6001,DATA,271552886,4G,0.0,2.72
R07-0001039,7,Sunbelt,+1-432-539-1418,+1-450-941-2228,2026-06-01 10:13:02,3068,VOICE,,4G,0.1,5.11
R07-0001040,7,Sunbelt,+1-847-383-3775,,2026-06-01 23:10:52,6884,DATA,146479067,5G,0.0,1.46
R07-0001041,7,Sunbelt,+1-981-922-5112,+1-816-598-4418,2026-06-01 03:03:12,941,VOICE,,5G,0.08,1.25
R07-0001042,7,Sunbelt,+1-271-291-3227,,2026-06-01 04:40:19,6893,DATA,90975274,4G,0.0,0.91
R07-0001043,7,Sunbelt,+1-676-868-6620,+1-600-314-3191,2026-06-01 00:16:52,3548,VOICE,,4G,0.1,5.91
R07-0001044,7,Sunbelt,+1-373-689-8076,+1-740-241-2145,2026-06-01 00:09:22,741,VOICE,,4G,0.1,1.24
R07-0001045,7,Sunbelt,+1-379-460-7632,+1-460-945-1993,2026-06-01 22:42:59,0,SMS,,4G,0.0,0.05
R07-0001046,7,Sunbelt,+1-631-327-0610,+1-828-690-8301,2026-06-01 11:40:15,3133,VOICE,,5G,0.08,4.18
R07-0001047,7,Sunbelt,+1-750-500-2943,+1-742-947-0596,2026-06-01 07:45:31,0,SMS,,4G,0.0,0.05
R07-0001048,7,Sunbelt,+1-430-644-0050,,2026-06-01 14:38:06,2085,DATA,213154107,5G,0.0,2.13
R07-0001049,7,Sunbelt,+1-603-691-9131,+1-307-655-1815,2026-06-01 20:59:02,260,VOICE,,4G,0.1,0.43
R07-0001050,7,Sunbelt,+1-331-426-9427,+1-453-335-8042,2026-06-01 02:46:26,0,SMS,,4G,0.0,0.05
R07-0001051,7,Sunbelt,+1-226-487-2417,+1-745-939-1699,2026-06-01 19:24:31,3596,VOICE,,5G,0.08,4.79
R07-0001052,7,Sunbelt,+1-211-977-8155,+1-622-596-3303,2026-06-01 02:36:06,3070,VOICE,,4G,0.1,5.12
R07-0001053,7,Sunbelt,+1-489-946-2884,+1-402-377-2499,2026-06-01 15:49:01,2845,VOICE,,4G,0.1,4.74
R07-0001054,7,Sunbelt,+1-572-539-2454,+1-478-495-8027,2026-06-01 10:54:33,0,VOICE,,4G,0.1,0.0
R07-0001055,7,Sunbelt,+1-315-939-8685,,2026-06-01 00:45:22,4084,DATA,404862480,4G,0.0,4.05
R07-0001056,7,Sunbelt,+1-355-540-1630,+1-900-681-4637,2026-06-01 15:08:34,0,SMS,,4G,0.0,0.05
R07-0001057,7,Sunbelt,+1-263-719-3614,+1-744-585-0574,2026-06-01 04:59:16,0,SMS,,5G,0.0,0.05
R07-0001058,7,Sunbelt,+1-585-760-7506,+1-571-347-4006,2026-06-01 18:53:47,0,SMS,,4G,0.0,0.05
R07-0001059,7,Sunbelt,+1-970-776-1835,+1-983-555-9308,2026-06-01 08:09:42,2615,VOICE,,3G,0.12,5.23
R07-0001060,7,Sunbelt,+1-266-801-2505,+1-647-365-5715,2026-06-01 01:57:26,0,SMS,,4G,0.0,0.05
R07-0001061,7,Sunbelt,+1-385-329-3557,,2026-06-01 10:32:38,3226,DATA,239706653,4G,0.0,2.4
R07-0001062,7,Sunbelt,+1-780-281-9852,+1-301-722-5324,2026-06-01 05:32:54,0,SMS,,4G,0.0,0.05
R07-0001063,7,Sunbelt,+1-806-347-0108,,2026-06-01 09:00:47,6738,DATA,20451422,4G,0.0,0.2
R07-0001064,7,Sunbelt,+1-317-593-9089,,2026-06-01 22:59:09,5178,DATA,105245168,5G,0.0,1.05
R07-0001065,7,Sunbelt,+1-403-409-9560,+1-480-781-7164,2026-06-01 09:49:51,0,SMS,,3G,0.0,0.05
R07-0001066,7,Sunbelt,+1-759-642-0328,,2026-06-01 00:30:36,3277,DATA,153194958,4G,0.0,1.53
R07-0001067,7,Sunbelt,+1-887-524-9158,,2026-06-01 23:36:19,3044,DATA,369350068,4G,0.0,3.69
R07-0001068,7,Sunbelt,+1-811-969-7927,+1-673-388-5114,2026-06-01 00:03:52,0,VOICE,,5G,0.08,0.0
R07-0001069,7,Sunbelt,+1-853-217-4536,+1-899-547-6576,2026-06-01 17:17:00,1606,VOICE,,4G,0.1,2.68
R07-0001070,7,Sunbelt,+1-210-594-1501,,2026-06-01 20:57:13,1486,DATA,56860251,4G,0.0,0.57
R07-0001071,7,Sunbelt,+1-419-261-5143,,2026-06-01 18:51:06,3756,DATA,248180439,5G,0.0,2.48
R07-0001072,7,Sunbelt,+1-488-834-6996,+1-361-331-3849,2026-06-01 00:37:04,0,SMS,,4G,0.0,0.05
R07-0001073,7,Sunbelt,+1-645-679-5487,+1-830-949-5659,2026-06-01 12:16:35,3140,VOICE,,3G,0.12,6.28
R07-0001074,7,Sunbelt,+1-863-546-2463,,2026-06-01 17:17:15,6695,DATA,495595882,5G,0.0,4.96
R07-0001075,7,Sunbelt,+1-626-497-5902,+1-871-868-1718,2026-06-01 14:10:43,0,SMS,,4G,0.0,0.05
R07-0001076,7,Sunbelt,+1-965-930-5068,,2026-06-01 15:54:59,5466,DATA,191463264,4G,0.0,1.91
R07-0001077,7,Sunbelt,+1-868-299-1479,+1-876-738-6951,2026-06-01 15:37:30,646,VOICE,,3G,0.12,1.29
R07-0001078,7,Sunbelt,+1-214-317-2130,+1-375-380-1036,2026-06-01 23:57:57,0,SMS,,5G,0.0,0.05
R07-0001079,7,Sunbelt,+1-516-441-8777,+1-299-570-0969,2026-06-01 22:01:10,1211,VOICE,,5G,0.08,1.61
R07-0001080,7,Sunbelt,+1-244-929-2160,+1-524-591-5705,2026-06-01 11:21:47,0,SMS,,3G,0.0,0.05
R07-0001081,7,Sunbelt,+1-508-237-8141,+1-753-381-7010,2026-06-01 16:30:56,2856,VOICE,,4G,0.1,4.76
R07-0001082,7,Sunbelt,+1-496-904-7103,+1-496-823-7690,2026-06-01 08:13:53,0,SMS,,3G,0.0,0.05
R07-0001083,7,Sunbelt,+1-364-731-8746,+1-795-956-9243,2026-06-01 07:16:25,0,VOICE,,4G,0.1,0.0
R07-0001084,7,Sunbelt,+1-243-731-1840,+1-422-496-8876,2026-06-01 10:04:38,0,SMS,,4G,0.0,0.05
R07-0001085,7,Sunbelt,+1-650-681-8387,+1-965-401-9921,2026-06-01 00:39:23,0,VOICE,,4G,0.1,0.0
R07-0001086,7,Sunbelt,+1-385-952-4440,+1-937-673-3768,2026-06-01 05:22:37,2331,VOICE,,4G,0.1,3.89
R07-0001087,7,Sunbelt,+1-743-478-7067,,2026-06-01 23:11:55,1072,DATA,237827729,5G,0.0,2.38
R07-0001088,7,Sunbelt,+1-967-598-3680,+1-700-801-4381,2026-06-01 13:31:48,3472,VOICE,,4G,0.1,5.79
R07-0001089,7,Sunbelt,+1-221-219-8361,+1-318-293-7519,2026-06-01 06:51:24,0,SMS,,4G,0.0,0.05
R07-0001090,7,Sunbelt,+1-543-403-3794,+1-643-671-7056,2026-06-01 05:14:10,3195,VOICE,,5G,0.08,4.26
R07-0001091,7,Sunbelt,+1-353-608-7315,+1-443-374-9329,2026-06-01 19:34:51,1526,VOICE,,5G,0.08,2.03
R07-0001092,7,Sunbelt,+1-783-349-1372,+1-828-913-4938,2026-06-01 02:51:10,1667,VOICE,,4G,0.1,2.78
R07-0001093,7,Sunbelt,+1-324-427-8156,+1-881-299-2645,2026-06-01 04:44:30,688,VOICE,,4G,0.1,1.15
R07-0001094,7,Sunbelt,+1-425-551-5110,+1-622-580-7440,2026-06-01 15:18:06,1051,VOICE,,3G,0.12,2.1
R07-0001095,7,Sunbelt,+1-511-909-3560,+1-620-673-3085,2026-06-01 15:58:25,2101,VOICE,,3G,0.12,4.2
R07-0001096,7,Sunbelt,+1-553-411-4677,,2026-06-01 22:03:26,6369,DATA,291916084,3G,0.0,2.92
R07-0001097,7,Sunbelt,+1-247-708-6765,+1-559-368-2214,2026-06-01 16:19:13,0,VOICE,,4G,0.1,0.0
R07-0001098,7,Sunbelt,+1-649-770-2150,,2026-06-01 07:56:26,2335,DATA,227100803,4G,0.0,2.27
R07-0001099,7,Sunbelt,+1-204-998-2770,+1-573-514-7852,2026-06-01 21:28:55,2248,VOICE,,4G,0.1,3.75
R07-0001100,7,Sunbelt,+1-336-684-0157,,2026-06-01 03:38:57,3287,DATA,485724866,4G,0.0,4.86
R07-0001101,7,Sunbelt,+1-530-238-3713,+1-343-857-6703,2026-06-01 09:47:45,1601,VOICE,,4G,0.1,2.67
R07-0001102,7,Sunbelt,+1-400-241-4830,+1-552-440-5595,2026-06-01 03:23:17,0,SMS,,4G,0.0,0.05
R07-0001103,7,Sunbelt,+1-841-625-5436,+1-556-508-6862,2026-06-01 06:32:35,1073,VOICE,,4G,0.1,1.79
R07-0001104,7,Sunbelt,+1-304-200-4272,+1-564-338-8516,2026-06-01 08:47:18,2022,VOICE,,5G,0.08,2.7
R07-0001105,7,Sunbelt,+1-824-444-7657,,2026-06-01 00:42:00,2267,DATA,462165580,4G,0.0,4.62
R07-0001106,7,Sunbelt,+1-489-835-5332,,2026-06-01 06:48:50,2205,DATA,290145810,5G,0.0,2.9
R07-0001107,7,Sunbelt,+1-318-798-6810,+1-247-706-7309,2026-06-01 14:14:42,1196,VOICE,,5G,0.08,1.59
R07-0001108,7,Sunbelt,+1-588-836-9076,+1-522-535-8007,2026-06-01 15:10:41,401,VOICE,,3G,0.12,0.8
R07-0001109,7,Sunbelt,+1-658-797-3272,+1-404-802-6759,2026-06-01 09:31:35,0,SMS,,4G,0.0,0.05
R07-0001110,7,Sunbelt,+1-594-374-9714,+1-827-919-2003,2026-06-01 16:23:47,1686,VOICE,,4G,0.1,2.81
R07-0001111,7,Sunbelt,+1-243-391-3771,,2026-06-01 16:44:00,5358,DATA,498302360,5G,0.0,4.98
R07-0001112,7,Sunbelt,+1-821-921-2212,,2026-06-01 10:22:40,1059,DATA,332823542,4G,0.0,3.33
R07-0001113,7,Sunbelt,+1-622-884-9544,+1-458-522-6971,2026-06-01 07:39:18,2430,VOICE,,5G,0.08,3.24
R07-0001114,7,Sunbelt,+1-275-488-5104,+1-917-758-5812,2026-06-01 11:07:38,472,VOICE,,3G,0.12,0.94
R07-0001115,7,Sunbelt,+1-776-427-5051,+1-612-310-8288,2026-06-01 01:31:11,0,SMS,,4G,0.0,0.05
R07-0001116,7,Sunbelt,+1-704-967-8132,+1-755-968-2786,2026-06-01 03:57:44,507,VOICE,,4G,0.1,0.84
R07-0001117,7,Sunbelt,+1-425-632-2592,+1-669-292-3783,2026-06-01 16:09:13,0,SMS,,3G,0.0,0.05
R07-0001118,7,Sunbelt,+1-466-481-9223,+1-827-231-0072,2026-06-01 01:53:05,2937,VOICE,,3G,0.12,5.87
R07-0001119,7,Sunbelt,+1-205-231-7908,+1-357-606-6612,2026-06-01 00:30:24,505,VOICE,,5G,0.08,0.67
R07-0001120,7,Sunbelt,+1-716-850-3182,+1-565-946-3359,2026-06-01 18:44:08,0,SMS,,4G,0.0,0.05
R07-0001121,7,Sunbelt,+1-254-784-5810,+1-822-741-8903,2026-06-01 08:40:54,854,VOICE,,5G,0.08,1.14
R07-0001122,7,Sunbelt,+1-394-659-2973,+1-826-214-4587,2026-06-01 22:21:42,596,VOICE,,4G,0.1,0.99
R07-0001123,7,Sunbelt,+1-324-758-6119,+1-331-621-0982,2026-06-01 07:58:14,0,SMS,,4G,0.0,0.05
R07-0001124,7,Sunbelt,+1-546-615-0322,+1-863-532-6374,2026-06-01 19:08:29,1910,VOICE,,5G,0.08,2.55
R07-0001125,7,Sunbelt,+1-798-895-2970,+1-603-312-7772,2026-06-01 06:45:21,0,SMS,,4G,0.0,0.05
R07-0001126,7,Sunbelt,+1-592-959-7219,+1-684-270-2378,2026-06-01 07:04:44,0,SMS,,4G,0.0,0.05
R07-0001127,7,Sunbelt,+1-728-907-3587,+1-944-634-1764,2026-06-01 07:49:44,1860,VOICE,,5G,0.08,2.48
R07-0001128,7,Sunbelt,+1-352-861-1558,+1-429-604-2760,2026-06-01 02:20:15,2549,VOICE,,5G,0.08,3.4
R07-0001129,7,Sunbelt,+1-530-743-1299,+1-976-714-1572,2026-06-01 15:04:30,2043,VOICE,,5G,0.08,2.72
R07-0001130,7,Sunbelt,+1-801-535-9931,+1-738-755-8257,2026-06-01 14:30:39,2744,VOICE,,3G,0.12,5.49
R07-0001131,7,Sunbelt,+1-416-675-3229,+1-876-727-4803,2026-06-01 12:44:42,1867,VOICE,,5G,0.08,2.49
R07-0001132,7,Sunbelt,+1-883-231-2217,,2026-06-01 14:38:30,681,DATA,457779917,5G,0.0,4.58
R07-0001133,7,Sunbelt,+1-818-784-4208,,2026-06-01 13:01:28,310,DATA,321377905,3G,0.0,3.21
R07-0001134,7,Sunbelt,+1-449-675-1900,+1-265-440-4831,2026-06-01 21:48:12,3401,VOICE,,4G,0.1,5.67
R07-0001135,7,Sunbelt,+1-319-898-8555,,2026-06-01 06:08:06,4692,DATA,141351895,5G,0.0,1.41
R07-0001136,7,Sunbelt,+1-683-517-9326,+1-566-249-2824,2026-06-01 00:12:21,1005,VOICE,,4G,0.1,1.68
R07-0001137,7,Sunbelt,+1-540-619-9700,+1-889-761-5846,2026-06-01 09:47:05,494,VOICE,,3G,0.12,0.99
R07-0001138,7,Sunbelt,+1-954-553-5758,+1-807-539-0068,2026-06-01 18:36:41,0,SMS,,4G,0.0,0.05
R07-0001139,7,Sunbelt,+1-693-577-2593,+1-517-928-5411,2026-06-01 02:10:41,735,VOICE,,3G,0.12,1.47
R07-0001140,7,Sunbelt,+1-526-219-7321,+1-644-286-9510,2026-06-01 00:48:46,821,VOICE,,4G,0.1,1.37
R07-0001141,7,Sunbelt,+1-551-755-4920,,2026-06-01 22:06:37,3607,DATA,226874845,5G,0.0,2.27
R07-0001142,7,Sunbelt,+1-234-529-2350,+1-986-226-2027,2026-06-01 17:39:56,0,SMS,,5G,0.0,0.05
R07-0001143,7,Sunbelt,+1-492-306-7202,+1-524-864-5301,2026-06-01 07:53:18,3562,VOICE,,5G,0.08,4.75
R07-0001144,7,Sunbelt,+1-630-556-3186,,2026-06-01 06:08:06,814,DATA,126520858,4G,0.0,1.27
R07-0001145,7,Sunbelt,+1-690-928-1545,+1-651-731-8838,2026-06-01 18:21:38,0,SMS,,4G,0.0,0.05
R07-0001146,7,Sunbelt,+1-750-716-0325,,2026-06-01 18:17:51,2396,DATA,367250069,4G,0.0,3.67
R07-0001147,7,Sunbelt,+1-896-784-9930,+1-739-846-8452,2026-06-01 13:39:09,0,SMS,,3G,0.0,0.05
R07-0001148,7,Sunbelt,+1-428-551-6569,+1-305-853-7066,2026-06-01 19:27:19,435,VOICE,,5G,0.08,0.58
R07-0001149,7,Sunbelt,+1-976-659-4026,,2026-06-01 02:23:54,4741,DATA,407509307,5G,0.0,4.08
R07-0001150,7,Sunbelt,+1-388-323-4552,+1-801-627-0600,2026-06-01 22:26:43,340,VOICE,,5G,0.08,0.45
R07-0001151,7,Sunbelt,+1-830-760-7282,+1-686-474-7324,2026-06-01 01:08:37,3038,VOICE,,3G,0.12,6.08
R07-0001152,7,Sunbelt,+1-577-526-5520,+1-279-634-5247,2026-06-01 13:36:37,0,SMS,,4G,0.0,0.05
R07-0001153,7,Sunbelt,+1-255-855-6621,+1-201-423-5639,2026-06-01 07:16:58,2173,VOICE,,4G,0.1,3.62
R07-0001154,7,Sunbelt,+1-977-373-0392,+1-850-918-8602,2026-06-01 15:56:30,2482,VOICE,,4G,0.1,4.14
R07-0001155,7,Sunbelt,+1-971-412-4971,+1-973-834-3230,2026-06-01 05:10:24,1327,VOICE,,4G,0.1,2.21
R07-0001156,7,Sunbelt,+1-959-573-3535,+1-866-295-1367,2026-06-01 22:30:52,2407,VOICE,,4G,0.1,4.01
R07-0001157,7,Sunbelt,+1-731-319-7162,+1-847-343-3992,2026-06-01 19:10:19,1343,VOICE,,5G,0.08,1.79
R07-0001158,7,Sunbelt,+1-839-750-9049,+1-655-583-6005,2026-06-01 22:13:29,0,VOICE,,4G,0.1,0.0
R07-0001159,7,Sunbelt,+1-244-307-7863,+1-412-212-9015,2026-06-01 08:53:00,3223,VOICE,,5G,0.08,4.3
R07-0001160,7,Sunbelt,+1-330-882-1381,+1-554-476-4575,2026-06-01 01:55:27,0,SMS,,4G,0.0,0.05
R07-0001161,7,Sunbelt,+1-447-399-6921,+1-764-294-9880,2026-06-01 04:44:26,0,SMS,,4G,0.0,0.05
R07-0001162,7,Sunbelt,+1-360-723-1367,+1-364-903-6035,2026-06-01 21:58:52,2682,VOICE,,5G,0.08,3.58
R07-0001163,7,Sunbelt,+1-765-271-4503,+1-594-743-5534,2026-06-01 03:41:45,714,VOICE,,4G,0.1,1.19
R07-0001164,7,Sunbelt,+1-335-273-8994,+1-852-633-2125,2026-06-01 16:14:22,0,SMS,,5G,0.0,0.05
R07-0001165,7,Sunbelt,+1-711-743-0243,+1-904-875-9136,2026-06-01 03:33:03,250,VOICE,,4G,0.1,0.42
R07-0001166,7,Sunbelt,+1-492-368-5562,,2026-06-01 21:06:14,4203,DATA,289417386,5G,0.0,2.89
R07-0001167,7,Sunbelt,+1-334-784-9678,+1-625-408-7508,2026-06-01 04:34:34,2383,VOICE,,5G,0.08,3.18
R07-0001168,7,Sunbelt,+1-437-877-4215,+1-503-203-5187,2026-06-01 13:21:36,0,SMS,,5G,0.0,0.05
R07-0001169,7,Sunbelt,+1-371-270-3299,+1-367-709-6273,2026-06-01 14:25:59,0,SMS,,4G,0.0,0.05
R07-0001170,7,Sunbelt,+1-585-735-9220,+1-969-656-0562,2026-06-01 15:17:09,0,SMS,,4G,0.0,0.05
R07-0001171,7,Sunbelt,+1-627-287-6194,+1-892-208-9137,2026-06-01 09:50:41,0,SMS,,3G,0.0,0.05
R07-0001172,7,Sunbelt,+1-325-291-8128,+1-463-224-5664,2026-06-01 18:56:25,0,SMS,,4G,0.0,0.05
R07-0001173,7,Sunbelt,+1-308-606-3824,,2026-06-01 11:26:50,5938,DATA,56449582,3G,0.0,0.56
R07-0001174,7,Sunbelt,+1-356-484-8194,+1-437-789-4656,2026-06-01 00:53:17,0,SMS,,4G,0.0,0.05
R07-0001175,7,Sunbelt,+1-251-735-9403,+1-212-544-9752,2026-06-01 04:36:11,2216,VOICE,,4G,0.1,3.69
R07-0001176,7,Sunbelt,+1-716-524-1085,+1-222-732-3999,2026-06-01 22:17:35,508,VOICE,,4G,0.1,0.85
R07-0001177,7,Sunbelt,+1-673-676-3010,+1-240-499-2888,2026-06-01 19:48:34,3420,VOICE,,5G,0.08,4.56
R07-0001178,7,Sunbelt,+1-442-258-6462,+1-858-868-4496,2026-06-01 16:51:26,842,VOICE,,4G,0.1,1.4
R07-0001179,7,Sunbelt,+1-948-397-6045,+1-808-674-3187,2026-06-01 23:52:00,0,SMS,,5G,0.0,0.05
R07-0001180,7,Sunbelt,+1-256-610-9204,+1-249-940-5601,2026-06-01 16:48:10,0,SMS,,3G,0.0,0.05
R07-0001181,7,Sunbelt,+1-305-677-5091,+1-832-802-0414,2026-06-01 22:15:05,3326,VOICE,,3G,0.12,6.65
R07-0001182,7,Sunbelt,+1-348-686-6590,+1-485-443-9318,2026-06-01 17:27:29,0,SMS,,5G,0.0,0.05
R07-0001183,7,Sunbelt,+1-551-539-4232,+1-688-807-6488,2026-06-01 14:53:50,1012,VOICE,,4G,0.1,1.69
R07-0001184,7,Sunbelt,+1-903-251-3242,+1-324-483-6503,2026-06-01 08:09:58,1958,VOICE,,4G,0.1,3.26
R07-0001185,7,Sunbelt,+1-204-453-9721,+1-386-971-6384,2026-06-01 07:20:22,0,VOICE,,5G,0.08,0.0
R07-0001186,7,Sunbelt,+1-753-326-2089,+1-602-652-1953,2026-06-01 22:35:04,3412,VOICE,,4G,0.1,5.69
R07-0001187,7,Sunbelt,+1-873-300-9535,+1-649-203-6776,2026-06-01 21:53:45,0,SMS,,5G,0.0,0.05
R07-0001188,7,Sunbelt,+1-534-246-7104,+1-301-912-6872,2026-06-01 11:58:10,0,SMS,,3G,0.0,0.05
R07-0001189,7,Sunbelt,+1-234-880-6336,+1-744-488-0043,2026-06-01 00:49:42,0,SMS,,3G,0.0,0.05
R07-0001190,7,Sunbelt,+1-339-699-6429,+1-710-672-4623,2026-06-01 17:23:40,1313,VOICE,,5G,0.08,1.75
R07-0001191,7,Sunbelt,+1-334-787-1301,,2026-06-01 02:03:46,2201,DATA,201179504,5G,0.0,2.01
R07-0001192,7,Sunbelt,+1-809-367-3418,+1-426-701-5615,2026-06-01 14:49:12,2918,VOICE,,3G,0.12,5.84
R07-0001193,7,Sunbelt,+1-637-780-9789,+1-885-632-8661,2026-06-01 01:29:26,1174,VOICE,,5G,0.08,1.57
R07-0001194,7,Sunbelt,+1-372-322-4647,+1-811-280-8324,2026-06-01 13:37:43,1603,VOICE,,4G,0.1,2.67
R07-0001195,7,Sunbelt,+1-459-620-3592,+1-531-974-2830,2026-06-01 19:39:57,0,SMS,,4G,0.0,0.05
R07-0001196,7,Sunbelt,+1-859-717-7365,+1-528-416-5088,2026-06-01 05:48:25,2502,VOICE,,3G,0.12,5.0
R07-0001197,7,Sunbelt,+1-347-386-0455,+1-835-522-1736,2026-06-01 21:20:25,22,VOICE,,4G,0.1,0.04
R07-0001198,7,Sunbelt,+1-663-349-6060,+1-784-413-5897,2026-06-01 23:47:45,0,VOICE,,4G,0.1,0.0
R07-0001199,7,Sunbelt,+1-643-327-7759,+1-517-367-7310,2026-06-01 08:36:52,868,VOICE,,3G,0.12,1.74
R07-0001200,7,Sunbelt,+1-684-333-0880,,2026-06-01 16:43:35,1713,DATA,350085906,5G,0.0,3.5
R07-0001201,7,Sunbelt,+1-964-836-1762,+1-420-590-2642,2026-06-01 07:28:16,1150,VOICE,,4G,0.1,1.92
R07-0001202,7,Sunbelt,+1-701-790-3677,+1-509-808-0339,2026-06-01 16:38:39,2804,VOICE,,3G,0.12,5.61
R07-0001203,7,Sunbelt,+1-536-486-6875,+1-853-811-4103,2026-06-01 12:49:29,541,VOICE,,4G,0.1,0.9
R07-0001204,7,Sunbelt,+1-321-305-7758,+1-603-418-5566,2026-06-01 15:50:48,0,SMS,,4G,0.0,0.05
R07-0001205,7,Sunbelt,+1-534-200-9598,,2026-06-01 07:49:00,919,DATA,266117083,4G,0.0,2.66
R07-0001206,7,Sunbelt,+1-717-593-7401,,2026-06-01 06:26:48,4647,DATA,450658849,3G,0.0,4.51
R07-0001207,7,Sunbelt,+1-942-402-3726,,2026-06-01 20:53:05,5524,DATA,352367145,5G,0.0,3.52
R07-0001208,7,Sunbelt,+1-916-410-4532,+1-729-970-6429,2026-06-01 22:56:48,1955,VOICE,,4G,0.1,3.26
R07-0001209,7,Sunbelt,+1-744-628-8366,+1-428-410-4044,2026-06-01 08:50:35,2134,VOICE,,4G,0.1,3.56
R07-0001210,7,Sunbelt,+1-892-449-9626,,2026-06-01 04:43:51,2219,DATA,78852873,4G,0.0,0.79
R07-0001211,7,Sunbelt,+1-715-201-1315,,2026-06-01 12:21:07,4846,DATA,354443233,5G,0.0,3.54
R07-0001212,7,Sunbelt,+1-717-739-5450,+1-809-229-1622,2026-06-01 19:20:45,0,SMS,,4G,0.0,0.05
R07-0001213,7,Sunbelt,+1-454-302-6852,,2026-06-01 04:23:44,1786,DATA,181662496,4G,0.0,1.82
R07-0001214,7,Sunbelt,+1-978-468-1559,+1-655-663-5712,2026-06-01 19:12:38,0,SMS,,4G,0.0,0.05
R07-0001215,7,Sunbelt,+1-319-937-7641,,2026-06-01 00:42:54,55,DATA,215559103,5G,0.0,2.16
R07-0001216,7,Sunbelt,+1-887-493-8784,+1-255-623-2414,2026-06-01 03:41:26,3569,VOICE,,4G,0.1,5.95
R07-0001217,7,Sunbelt,+1-217-929-7828,,2026-06-01 22:28:31,1564,DATA,379485750,4G,0.0,3.79
R07-0001218,7,Sunbelt,+1-509-342-6081,+1-660-855-4386,2026-06-01 15:00:33,145,VOICE,,4G,0.1,0.24
R07-0001219,7,Sunbelt,+1-945-897-7343,+1-337-622-4310,2026-06-01 09:18:21,3180,VOICE,,3G,0.12,6.36
R07-0001220,7,Sunbelt,+1-593-444-9608,+1-568-856-2044,2026-06-01 16:59:40,0,SMS,,4G,0.0,0.05
R07-0001221,7,Sunbelt,+1-670-590-9290,,2026-06-01 20:31:03,2667,DATA,88521470,4G,0.0,0.89
R07-0001222,7,Sunbelt,+1-607-886-9211,+1-462-641-2980,2026-06-01 04:43:13,1002,VOICE,,5G,0.08,1.34
R07-0001223,7,Sunbelt,+1-399-713-5656,+1-582-752-7998,2026-06-01 22:51:11,1140,VOICE,,5G,0.08,1.52
R07-0001224,7,Sunbelt,+1-748-745-5366,,2026-06-01 13:16:32,4290,DATA,1169250,5G,0.0,0.01
R07-0001225,7,Sunbelt,+1-839-592-7580,+1-854-347-8776,2026-06-01 11:19:48,0,SMS,,5G,0.0,0.05
R07-0001226,7,Sunbelt,+1-432-615-4069,,2026-06-01 11:12:09,6550,DATA,409939514,5G,0.0,4.1
R07-0001227,7,Sunbelt,+1-886-390-2520,+1-758-904-1946,2026-06-01 22:04:14,615,VOICE,,3G,0.12,1.23
R07-0001228,7,Sunbelt,+1-762-950-7271,,2026-06-01 12:35:23,624,DATA,379560737,4G,0.0,3.8
R07-0001229,7,Sunbelt,+1-834-329-4290,+1-727-413-0366,2026-06-01 05:26:54,0,SMS,,5G,0.0,0.05
R07-0001230,7,Sunbelt,+1-527-741-6210,+1-964-562-0120,2026-06-01 10:26:23,810,VOICE,,5G,0.08,1.08
R07-0001231,7,Sunbelt,+1-688-635-0955,+1-408-872-1257,2026-06-01 01:25:19,2111,VOICE,,3G,0.12,4.22
R07-0001232,7,Sunbelt,+1-941-856-5714,+1-716-287-9128,2026-06-01 18:12:34,0,SMS,,5G,0.0,0.05
R07-0001233,7,Sunbelt,+1-754-957-1790,+1-302-966-2399,2026-06-01 06:32:11,0,SMS,,4G,0.0,0.05
R07-0001234,7,Sunbelt,+1-688-344-4372,,2026-06-01 08:39:59,5324,DATA,42968071,4G,0.0,0.43
R07-0001235,7,Sunbelt,+1-610-354-8064,+1-932-823-6882,2026-06-01 16:26:37,2725,VOICE,,5G,0.08,3.63
R07-0001236,7,Sunbelt,+1-849-685-8330,+1-326-305-7846,2026-06-01 05:12:27,0,SMS,,4G,0.0,0.05
R07-0001237,7,Sunbelt,+1-834-438-9606,+1-877-971-5863,2026-06-01 21:17:56,2324,VOICE,,4G,0.1,3.87
R07-0001238,7,Sunbelt,+1-235-877-1526,+1-750-820-8628,2026-06-01 10:39:23,0,SMS,,4G,0.0,0.05
R07-0001239,7,Sunbelt,+1-434-432-0239,+1-515-568-0555,2026-06-01 20:24:43,0,SMS,,4G,0.0,0.05
R07-0001240,7,Sunbelt,+1-944-543-2247,+1-243-317-9888,2026-06-01 17:10:09,959,VOICE,,4G,0.1,1.6
R07-0001241,7,Sunbelt,+1-852-236-2578,+1-904-290-9020,2026-06-01 21:15:34,393,VOICE,,5G,0.08,0.52
R07-0001242,7,Sunbelt,+1-928-427-9688,,2026-06-01 02:46:38,835,DATA,236441002,4G,0.0,2.36
R07-0001243,7,Sunbelt,+1-242-968-1511,+1-359-890-9948,2026-06-01 14:08:35,3317,VOICE,,4G,0.1,5.53
R07-0001244,7,Sunbelt,+1-469-347-6786,+1-506-951-2282,2026-06-01 09:08:21,1342,VOICE,,3G,0.12,2.68
R07-0001245,7,Sunbelt,+1-654-751-8678,+1-283-661-1642,2026-06-01 05:29:50,1119,VOICE,,4G,0.1,1.86
R07-0001246,7,Sunbelt,+1-940-766-2553,+1-855-461-7587,2026-06-01 12:13:40,0,SMS,,4G,0.0,0.05
R07-0001247,7,Sunbelt,+1-334-611-3647,+1-697-251-2127,2026-06-01 13:16:35,3180,VOICE,,3G,0.12,6.36
R07-0001248,7,Sunbelt,+1-287-575-1580,+1-447-363-1328,2026-06-01 14:31:43,1143,VOICE,,4G,0.1,1.91
R07-0001249,7,Sunbelt,+1-563-795-5707,+1-494-712-3079,2026-06-01 00:48:09,3288,VOICE,,5G,0.08,4.38
R07-0001250,7,Sunbelt,+1-551-469-5716,+1-334-300-6854,2026-06-01 03:48:33,2446,VOICE,,5G,0.08,3.26
R07-0001251,7,Sunbelt,+1-771-650-7122,+1-852-469-4720,2026-06-01 12:45:02,1825,VOICE,,4G,0.1,3.04
R07-0001252,7,Sunbelt,+1-803-666-2812,+1-296-663-7717,2026-06-01 03:42:06,1888,VOICE,,4G,0.1,3.15
R07-0001253,7,Sunbelt,+1-510-665-5804,+1-806-677-6777,2026-06-01 13:23:26,0,SMS,,5G,0.0,0.05
R07-0001254,7,Sunbelt,+1-747-746-0135,+1-378-935-1098,2026-06-01 14:24:31,2191,VOICE,,4G,0.1,3.65
R07-0001255,7,Sunbelt,+1-947-462-8524,+1-867-777-7158,2026-06-01 15:28:28,2358,VOICE,,5G,0.08,3.14
R07-0001256,7,Sunbelt,+1-560-802-2369,+1-360-941-3037,2026-06-01 04:40:41,0,VOICE,,3G,0.12,0.0
R07-0001257,7,Sunbelt,+1-253-324-9220,+1-344-936-1889,2026-06-01 07:52:03,0,SMS,,4G,0.0,0.05
R07-0001258,7,Sunbelt,+1-265-731-8668,+1-591-567-8788,2026-06-01 04:25:05,2893,VOICE,,5G,0.08,3.86
R07-0001259,7,Sunbelt,+1-622-462-1061,+1-260-762-5625,2026-06-01 13:09:11,747,VOICE,,3G,0.12,1.49
R07-0001260,7,Sunbelt,+1-869-939-7146,,2026-06-01 03:49:08,794,DATA,81264933,4G,0.0,0.81
R07-0001261,7,Sunbelt,+1-636-843-3075,+1-253-887-2585,2026-06-01 06:09:37,2156,VOICE,,4G,0.1,3.59
R07-0001262,7,Sunbelt,+1-785-721-2022,+1-694-739-4830,2026-06-01 23:29:59,984,VOICE,,4G,0.1,1.64
R07-0001263,7,Sunbelt,+1-418-897-2979,+1-228-463-1892,2026-06-01 17:26:39,1540,VOICE,,3G,0.12,3.08
R07-0001264,7,Sunbelt,+1-834-687-9180,+1-219-215-4035,2026-06-01 15:49:51,2516,VOICE,,4G,0.1,4.19
R07-0001265,7,Sunbelt,+1-382-849-2586,+1-468-252-8427,2026-06-01 18:58:12,3438,VOICE,,4G,0.1,5.73
R07-0001266,7,Sunbelt,+1-643-684-3872,+1-732-812-8666,2026-06-01 13:08:35,1381,VOICE,,4G,0.1,2.3
R07-0001267,7,Sunbelt,+1-308-952-0723,+1-866-237-8458,2026-06-01 15:59:25,0,SMS,,4G,0.0,0.05
R07-0001268,7,Sunbelt,+1-285-794-5230,+1-805-508-9474,2026-06-01 11:23:46,3167,VOICE,,4G,0.1,5.28
R07-0001269,7,Sunbelt,+1-831-427-1663,+1-257-474-1606,2026-06-01 18:47:14,193,VOICE,,5G,0.08,0.26
R07-0001270,7,Sunbelt,+1-828-989-1180,+1-879-478-6744,2026-06-01 16:07:52,177,VOICE,,5G,0.08,0.24
R07-0001271,7,Sunbelt,+1-856-816-0272,+1-331-548-6178,2026-06-01 05:30:54,1862,VOICE,,4G,0.1,3.1
R07-0001272,7,Sunbelt,+1-440-473-0763,+1-874-940-1657,2026-06-01 20:49:46,0,SMS,,3G,0.0,0.05
R07-0001273,7,Sunbelt,+1-884-882-2348,+1-239-608-9296,2026-06-01 14:56:29,1320,VOICE,,4G,0.1,2.2
R07-0001274,7,Sunbelt,+1-634-828-2281,+1-498-637-2226,2026-06-01 22:02:31,116,VOICE,,5G,0.08,0.15
R07-0001275,7,Sunbelt,+1-744-239-8767,,2026-06-01 09:10:42,4688,DATA,20538729,3G,0.0,0.21
R07-0001276,7,Sunbelt,+1-689-859-5664,+1-326-670-2711,2026-06-01 00:49:54,2076,VOICE,,4G,0.1,3.46
R07-0001277,7,Sunbelt,+1-752-598-2378,,2026-06-01 18:00:06,6527,DATA,137127275,4G,0.0,1.37
R07-0001278,7,Sunbelt,+1-380-402-5116,+1-452-834-0227,2026-06-01 12:26:39,0,SMS,,5G,0.0,0.05
R07-0001279,7,Sunbelt,+1-654-453-5979,+1-570-597-4126,2026-06-01 17:56:36,0,SMS,,4G,0.0,0.05
R07-0001280,7,Sunbelt,+1-277-469-8474,+1-981-431-6612,2026-06-01 07:49:25,1789,VOICE,,4G,0.1,2.98
R07-0001281,7,Sunbelt,+1-488-881-0895,+1-234-290-2631,2026-06-01 00:42:57,1807,VOICE,,5G,0.08,2.41
R07-0001282,7,Sunbelt,+1-915-905-7564,+1-747-699-7044,2026-06-01 01:13:12,1774,VOICE,,4G,0.1,2.96
R07-0001283,7,Sunbelt,+1-452-347-1850,+1-855-585-3798,2026-06-01 01:21:21,1607,VOICE,,4G,0.1,2.68
R07-0001284,7,Sunbelt,+1-764-572-4310,+1-860-510-2641,2026-06-01 13:51:19,772,VOICE,,4G,0.1,1.29
R07-0001285,7,Sunbelt,+1-474-960-1649,+1-618-360-1696,2026-06-01 21:23:19,0,SMS,,5G,0.0,0.05
R07-0001286,7,Sunbelt,+1-884-860-6036,,2026-06-01 06:23:43,4440,DATA,339923844,3G,0.0,3.4
R07-0001287,7,Sunbelt,+1-953-243-4951,+1-555-512-5443,2026-06-01 04:16:49,309,VOICE,,4G,0.1,0.52
R07-0001288,7,Sunbelt,+1-759-327-4009,+1-310-942-7229,2026-06-01 17:23:30,0,SMS,,4G,0.0,0.05
R07-0001289,7,Sunbelt,+1-705-622-8254,+1-859-386-6422,2026-06-01 05:42:19,556,VOICE,,5G,0.08,0.74
R07-0001290,7,Sunbelt,+1-529-426-9567,+1-596-973-2755,2026-06-01 09:12:06,979,VOICE,,4G,0.1,1.63
R07-0001291,7,Sunbelt,+1-652-612-1571,+1-835-601-8520,2026-06-01 11:34:44,1088,VOICE,,4G,0.1,1.81
R07-0001292,7,Sunbelt,+1-229-632-3812,+1-515-754-4333,2026-06-01 15:06:01,430,VOICE,,4G,0.1,0.72
R07-0001293,7,Sunbelt,+1-856-685-0904,+1-981-687-9212,2026-06-01 16:08:31,0,VOICE,,5G,0.08,0.0
R07-0001294,7,Sunbelt,+1-616-894-0375,+1-630-688-2227,2026-06-01 06:15:04,3227,VOICE,,4G,0.1,5.38
R07-0001295,7,Sunbelt,+1-440-574-8629,+1-671-339-7670,2026-06-01 22:23:45,0,SMS,,4G,0.0,0.05
R07-0001296,7,Sunbelt,+1-515-716-6195,,2026-06-01 06:55:00,538,DATA,486182344,4G,0.0,4.86
R07-0001297,7,Sunbelt,+1-705-210-5287,,2026-06-01 17:54:57,6668,DATA,473225573,4G,0.0,4.73
R07-0001298,7,Sunbelt,+1-324-721-6105,,2026-06-01 22:37:00,7137,DATA,495747431,4G,0.0,4.96
R07-0001299,7,Sunbelt,+1-652-842-3952,+1-247-746-4725,2026-06-01 10:24:59,0,SMS,,5G,0.0,0.05
R07-0001300,7,Sunbelt,+1-889-344-3423,+1-784-791-4695,2026-06-01 00:55:17,0,SMS,,4G,0.0,0.05
R07-0001301,7,Sunbelt,+1-724-793-2151,+1-776-349-5183,2026-06-01 22:48:36,2635,VOICE,,4G,0.1,4.39
R07-0001302,7,Sunbelt,+1-585-244-2453,+1-979-512-1623,2026-06-01 22:44:21,1939,VOICE,,5G,0.08,2.59
R07-0001303,7,Sunbelt,+1-476-494-7156,,2026-06-01 19:18:16,31,DATA,386710524,4G,0.0,3.87
R07-0001304,7,Sunbelt,+1-648-458-6410,+1-593-325-1248,2026-06-01 11:43:24,818,VOICE,,4G,0.1,1.36
R07-0001305,7,Sunbelt,+1-443-922-5031,+1-886-640-4545,2026-06-01 02:42:51,0,SMS,,5G,0.0,0.05
R07-0001306,7,Sunbelt,+1-444-440-2342,+1-395-752-4426,2026-06-01 05:29:12,3405,VOICE,,4G,0.1,5.68
R07-0001307,7,Sunbelt,+1-216-941-7490,+1-486-625-5965,2026-06-01 23:49:47,785,VOICE,,4G,0.1,1.31
R07-0001308,7,Sunbelt,+1-551-802-0402,+1-682-919-0971,2026-06-01 07:56:48,0,SMS,,4G,0.0,0.05
R07-0001309,7,Sunbelt,+1-320-751-8439,+1-309-502-7603,2026-06-01 21:11:16,0,SMS,,4G,0.0,0.05
R07-0001310,7,Sunbelt,+1-874-544-0868,+1-609-210-1088,2026-06-01 21:30:36,2789,VOICE,,4G,0.1,4.65
R07-0001311,7,Sunbelt,+1-820-513-8540,+1-359-965-3745,2026-06-01 15:42:32,217,VOICE,,5G,0.08,0.29
R07-0001312,7,Sunbelt,+1-257-870-3203,,2026-06-01 12:39:39,4084,DATA,14127181,3G,0.0,0.14
R07-0001313,7,Sunbelt,+1-546-766-8477,+1-899-890-3028,2026-06-01 06:03:42,3573,VOICE,,5G,0.08,4.76
R07-0001314,7,Sunbelt,+1-888-913-1310,+1-920-894-6612,2026-06-01 04:30:23,2618,VOICE,,5G,0.08,3.49
R07-0001315,7,Sunbelt,+1-703-585-6135,+1-372-859-9038,2026-06-01 05:09:49,0,SMS,,3G,0.0,0.05
R07-0001316,7,Sunbelt,+1-261-620-0240,+1-814-424-8971,2026-06-01 04:41:31,2158,VOICE,,4G,0.1,3.6
R07-0001317,7,Sunbelt,+1-924-897-6110,,2026-06-01 17:28:51,102,DATA,175680683,4G,0.0,1.76
R07-0001318,7,Sunbelt,+1-925-744-8767,+1-513-449-1688,2026-06-01 22:12:44,0,SMS,,4G,0.0,0.05
R07-0001319,7,Sunbelt,+1-900-292-2778,+1-672-794-2830,2026-06-01 04:07:22,0,SMS,,5G,0.0,0.05
R07-0001320,7,Sunbelt,+1-488-659-9906,+1-603-368-8600,2026-06-01 07:30:31,3048,VOICE,,4G,0.1,5.08
R07-0001321,7,Sunbelt,+1-979-339-6713,+1-547-895-5404,2026-06-01 00:58:36,0,SMS,,5G,0.0,0.05
R07-0001322,7,Sunbelt,+1-570-724-3370,+1-578-305-8795,2026-06-01 06:31:38,0,VOICE,,4G,0.1,0.0
R07-0001323,7,Sunbelt,+1-371-654-1693,+1-673-354-6152,2026-06-01 08:11:38,1172,VOICE,,3G,0.12,2.34
R07-0001324,7,Sunbelt,+1-498-975-0685,+1-921-474-5369,2026-06-01 11:00:35,1030,VOICE,,5G,0.08,1.37
R07-0001325,7,Sunbelt,+1-772-987-4605,+1-558-597-4504,2026-06-01 19:06:05,2103,VOICE,,5G,0.08,2.8
R07-0001326,7,Sunbelt,+1-242-715-5181,+1-383-327-4426,2026-06-01 14:51:03,1358,VOICE,,4G,0.1,2.26
R07-0001327,7,Sunbelt,+1-777-383-8523,+1-684-876-6289,2026-06-01 03:35:27,3027,VOICE,,5G,0.08,4.04
R07-0001328,7,Sunbelt,+1-970-632-8526,+1-354-385-9408,2026-06-01 15:14:51,323,VOICE,,4G,0.1,0.54
R07-0001329,7,Sunbelt,+1-225-719-7346,+1-927-323-4879,2026-06-01 14:13:10,2537,VOICE,,4G,0.1,4.23
R07-0001330,7,Sunbelt,+1-758-727-8485,+1-924-395-9048,2026-06-01 13:21:44,0,SMS,,4G,0.0,0.05
R07-0001331,7,Sunbelt,+1-369-788-1801,,2026-06-01 14:22:11,3397,DATA,177302692,4G,0.0,1.77
R07-0001332,7,Sunbelt,+1-515-911-8880,+1-647-840-6050,2026-06-01 22:56:11,2099,VOICE,,4G,0.1,3.5
R07-0001333,7,Sunbelt,+1-350-837-4971,+1-435-222-3594,2026-06-01 22:13:29,0,SMS,,5G,0.0,0.05
R07-0001334,7,Sunbelt,+1-412-776-4413,+1-760-888-6717,2026-06-01 08:12:34,2152,VOICE,,4G,0.1,3.59
R07-0001335,7,Sunbelt,+1-241-422-7892,+1-471-410-0440,2026-06-01 00:44:29,3578,VOICE,,5G,0.08,4.77
R07-0001336,7,Sunbelt,+1-710-406-6082,+1-499-416-1101,2026-06-01 02:10:51,0,SMS,,4G,0.0,0.05
R07-0001337,7,Sunbelt,+1-645-257-7917,+1-225-827-3972,2026-06-01 19:02:08,0,SMS,,4G,0.0,0.05
R07-0001338,7,Sunbelt,+1-570-431-8117,+1-814-957-6888,2026-06-01 18:03:07,2484,VOICE,,3G,0.12,4.97
R07-0001339,7,Sunbelt,+1-367-277-9938,+1-955-973-8768,2026-06-01 22:51:08,0,SMS,,4G,0.0,0.05
R07-0001340,7,Sunbelt,+1-556-885-3607,+1-791-661-3124,2026-06-01 10:28:03,3098,VOICE,,5G,0.08,4.13
R07-0001341,7,Sunbelt,+1-630-827-5537,,2026-06-01 21:48:51,3723,DATA,223156659,5G,0.0,2.23
R07-0001342,7,Sunbelt,+1-722-852-8278,+1-524-333-6372,2026-06-01 02:12:21,0,SMS,,4G,0.0,0.05
R07-0001343,7,Sunbelt,+1-303-340-2674,+1-969-740-0728,2026-06-01 22:34:10,2907,VOICE,,4G,0.1,4.85
R07-0001344,7,Sunbelt,+1-878-811-4168,,2026-06-01 13:16:48,2008,DATA,495992855,5G,0.0,4.96
R07-0001345,7,Sunbelt,+1-265-614-2673,+1-527-577-1888,2026-06-01 20:04:35,1605,VOICE,,5G,0.08,2.14
R07-0001346,7,Sunbelt,+1-400-956-0444,+1-615-861-4371,2026-06-01 02:37:39,410,VOICE,,4G,0.1,0.68
R07-0001347,7,Sunbelt,+1-242-927-8570,+1-447-488-1493,2026-06-01 20:10:05,1404,VOICE,,5G,0.08,1.87
R07-0001348,7,Sunbelt,+1-310-594-7772,+1-963-751-3774,2026-06-01 22:33:44,3075,VOICE,,3G,0.12,6.15
R07-0001349,7,Sunbelt,+1-732-456-4561,+1-480-205-9091,2026-06-01 16:00:13,1406,VOICE,,5G,0.08,1.87
R07-0001350,7,Sunbelt,+1-835-366-0771,+1-586-417-3249,2026-06-01 14:58:46,1032,VOICE,,4G,0.1,1.72
R07-0001351,7,Sunbelt,+1-743-505-6215,+1-958-303-0154,2026-06-01 06:16:24,2828,VOICE,,3G,0.12,5.66
R07-0001352,7,Sunbelt,+1-543-349-9063,+1-913-358-7481,2026-06-01 14:48:59,3514,VOICE,,3G,0.12,7.03
R07-0001353,7,Sunbelt,+1-301-944-2375,+1-671-669-2290,2026-06-01 19:12:12,2229,VOICE,,3G,0.12,4.46
R07-0001354,7,Sunbelt,+1-668-784-4346,,2026-06-01 10:29:13,3799,DATA,102783292,3G,0.0,1.03
R07-0001355,7,Sunbelt,+1-437-688-3313,+1-316-471-3063,2026-06-01 04:19:01,1482,VOICE,,4G,0.1,2.47
R07-0001356,7,Sunbelt,+1-678-353-6311,+1-582-754-8764,2026-06-01 17:50:09,1645,VOICE,,3G,0.12,3.29
R07-0001357,7,Sunbelt,+1-875-746-1400,+1-683-369-3839,2026-06-01 07:46:19,268,VOICE,,4G,0.1,0.45
R07-0001358,7,Sunbelt,+1-645-324-5776,,2026-06-01 18:21:42,2011,DATA,159862025,5G,0.0,1.6
R07-0001359,7,Sunbelt,+1-666-295-2626,,2026-06-01 06:04:12,4869,DATA,482363792,5G,0.0,4.82
R07-0001360,7,Sunbelt,+1-474-368-7930,,2026-06-01 19:37:27,559,DATA,408311710,4G,0.0,4.08
R07-0001361,7,Sunbelt,+1-624-502-2436,+1-372-830-9059,2026-06-01 18:53:16,0,SMS,,4G,0.0,0.05
R07-0001362,7,Sunbelt,+1-363-954-0004,+1-585-970-2947,2026-06-01 14:56:20,787,VOICE,,5G,0.08,1.05
R07-0001363,7,Sunbelt,+1-911-430-1731,,2026-06-01 23:10:18,4208,DATA,56763659,5G,0.0,0.57
R07-0001364,7,Sunbelt,+1-719-284-2990,,2026-06-01 12:02:12,5431,DATA,483510097,4G,0.0,4.84
R07-0001365,7,Sunbelt,+1-504-602-5169,+1-863-648-6873,2026-06-01 10:28:30,284,VOICE,,4G,0.1,0.47
R07-0001366,7,Sunbelt,+1-629-969-3444,+1-762-579-1518,2026-06-01 21:45:26,0,SMS,,5G,0.0,0.05
R07-0001367,7,Sunbelt,+1-238-817-1650,+1-969-686-8020,2026-06-01 03:19:21,0,SMS,,4G,0.0,0.05
R07-0001368,7,Sunbelt,+1-427-256-3900,+1-486-339-1104,2026-06-01 19:12:30,0,SMS,,3G,0.0,0.05
R07-0001369,7,Sunbelt,+1-904-372-4483,+1-563-625-9407,2026-06-01 16:59:28,2211,VOICE,,3G,0.12,4.42
R07-0001370,7,Sunbelt,+1-915-950-7950,+1-423-240-8589,2026-06-01 05:19:19,949,VOICE,,4G,0.1,1.58
R07-0001371,7,Sunbelt,+1-835-343-3874,+1-543-751-6034,2026-06-01 14:30:30,0,SMS,,4G,0.0,0.05
R07-0001372,7,Sunbelt,+1-415-980-3812,+1-337-986-0910,2026-06-01 14:44:33,0,SMS,,3G,0.0,0.05
R07-0001373,7,Sunbelt,+1-936-445-5899,+1-927-594-1684,2026-06-01 02:20:27,0,SMS,,3G,0.0,0.05
R07-0001374,7,Sunbelt,+1-705-961-8880,+1-851-376-5369,2026-06-01 07:05:28,3545,VOICE,,4G,0.1,5.91
R07-0001375,7,Sunbelt,+1-446-874-8615,+1-984-667-0837,2026-06-01 20:22:38,3001,VOICE,,5G,0.08,4.0
R07-0001376,7,Sunbelt,+1-601-597-6284,+1-927-947-5737,2026-06-01 05:11:00,1810,VOICE,,5G,0.08,2.41
R07-0001377,7,Sunbelt,+1-790-763-7820,+1-485-919-1262,2026-06-01 13:46:41,1847,VOICE,,3G,0.12,3.69
R07-0001378,7,Sunbelt,+1-771-800-0723,+1-958-623-1069,2026-06-01 17:01:39,2039,VOICE,,4G,0.1,3.4
R07-0001379,7,Sunbelt,+1-583-385-6425,+1-235-605-0189,2026-06-01 11:55:38,0,SMS,,5G,0.0,0.05
R07-0001380,7,Sunbelt,+1-903-691-3920,+1-503-461-9277,2026-06-01 01:41:12,851,VOICE,,4G,0.1,1.42
R07-0001381,7,Sunbelt,+1-716-675-9725,+1-271-467-3061,2026-06-01 06:17:54,1671,VOICE,,3G,0.12,3.34
R07-0001382,7,Sunbelt,+1-250-206-4526,+1-774-357-1358,2026-06-01 06:01:24,0,SMS,,4G,0.0,0.05
R07-0001383,7,Sunbelt,+1-565-204-8061,+1-656-965-3135,2026-06-01 22:46:10,1697,VOICE,,4G,0.1,2.83
R07-0001384,7,Sunbelt,+1-753-972-1656,+1-294-785-5189,2026-06-01 16:31:36,1354,VOICE,,3G,0.12,2.71
R07-0001385,7,Sunbelt,+1-695-351-6578,+1-358-761-9624,2026-06-01 09:47:55,2474,VOICE,,5G,0.08,3.3
R07-0001386,7,Sunbelt,+1-801-888-4563,+1-476-307-7366,2026-06-01 05:18:04,0,SMS,,5G,0.0,0.05
R07-0001387,7,Sunbelt,+1-525-432-5774,+1-492-623-0149,2026-06-01 12:20:42,0,SMS,,4G,0.0,0.05
R07-0001388,7,Sunbelt,+1-518-606-8737,+1-454-519-1152,2026-06-01 08:31:00,3271,VOICE,,5G,0.08,4.36
R07-0001389,7,Sunbelt,+1-312-546-9293,+1-297-695-5363,2026-06-01 07:18:41,2844,VOICE,,5G,0.08,3.79
R07-0001390,7,Sunbelt,+1-561-926-8539,,2026-06-01 19:45:09,410,DATA,282813032,4G,0.0,2.83
R07-0001391,7,Sunbelt,+1-967-914-7000,+1-925-923-0434,2026-06-01 06:05:22,111,VOICE,,5G,0.08,0.15
R07-0001392,7,Sunbelt,+1-667-236-2695,+1-331-812-2935,2026-06-01 06:13:48,0,SMS,,5G,0.0,0.05
R07-0001393,7,Sunbelt,+1-619-427-4644,,2026-06-01 02:09:58,7118,DATA,84552935,3G,0.0,0.85
R07-0001394,7,Sunbelt,+1-979-322-2108,,2026-06-01 07:09:00,2984,DATA,438611416,4G,0.0,4.39
R07-0001395,7,Sunbelt,+1-693-976-7837,+1-907-473-6981,2026-06-01 09:59:38,0,SMS,,4G,0.0,0.05
R07-0001396,7,Sunbelt,+1-373-585-5722,+1-416-394-4863,2026-06-01 09:22:24,0,SMS,,5G,0.0,0.05
R07-0001397,7,Sunbelt,+1-200-246-0170,+1-319-582-5527,2026-06-01 08:02:39,0,SMS,,5G,0.0,0.05
R07-0001398,7,Sunbelt,+1-948-398-8193,+1-864-407-7466,2026-06-01 09:38:26,1268,VOICE,,5G,0.08,1.69
R07-0001399,7,Sunbelt,+1-343-903-4634,+1-759-356-5257,2026-06-01 08:44:01,0,SMS,,4G,0.0,0.05
R07-0001400,7,Sunbelt,+1-661-446-7143,+1-351-654-0068,2026-06-01 01:29:42,2915,VOICE,,4G,0.1,4.86
R07-0001401,7,Sunbelt,+1-830-370-3081,+1-744-374-3160,2026-06-01 21:53:46,149,VOICE,,4G,0.1,0.25
R07-0001402,7,Sunbelt,+1-826-488-1224,+1-761-953-6897,2026-06-01 01:44:27,1218,VOICE,,4G,0.1,2.03
R07-0001403,7,Sunbelt,+1-390-691-2605,+1-578-239-7382,2026-06-01 03:15:11,0,SMS,,4G,0.0,0.05
R07-0001404,7,Sunbelt,+1-333-375-9178,,2026-06-01 16:55:07,3726,DATA,89612756,4G,0.0,0.9
R07-0001405,7,Sunbelt,+1-740-447-3979,+1-264-450-7645,2026-06-01 08:23:06,0,SMS,,5G,0.0,0.05
R07-0001406,7,Sunbelt,+1-922-811-5947,+1-625-457-6588,2026-06-01 00:51:33,2003,VOICE,,3G,0.12,4.01
R07-0001407,7,Sunbelt,+1-228-515-4757,+1-370-506-5694,2026-06-01 18:08:48,2288,VOICE,,3G,0.12,4.58
R07-0001408,7,Sunbelt,+1-550-924-3308,+1-446-911-9307,2026-06-01 21:46:45,0,SMS,,5G,0.0,0.05
R07-0001409,7,Sunbelt,+1-897-702-8873,+1-341-261-5535,2026-06-01 15:48:14,0,SMS,,5G,0.0,0.05
R07-0001410,7,Sunbelt,+1-939-581-3045,+1-787-368-5117,2026-06-01 13:35:17,0,VOICE,,5G,0.08,0.0
R07-0001411,7,Sunbelt,+1-678-356-2144,+1-868-321-9216,2026-06-01 16:14:36,2170,VOICE,,5G,0.08,2.89
R07-0001412,7,Sunbelt,+1-894-621-7916,+1-915-922-2487,2026-06-01 00:15:26,3302,VOICE,,4G,0.1,5.5
R07-0001413,7,Sunbelt,+1-456-312-2677,+1-255-366-0621,2026-06-01 04:46:00,1329,VOICE,,4G,0.1,2.21
R07-0001414,7,Sunbelt,+1-245-510-7490,+1-302-321-5885,2026-06-01 11:22:55,0,SMS,,5G,0.0,0.05
R07-0001415,7,Sunbelt,+1-390-209-5800,+1-644-878-3690,2026-06-01 18:18:18,0,SMS,,4G,0.0,0.05
R07-0001416,7,Sunbelt,+1-607-752-8617,+1-683-555-9747,2026-06-01 12:44:04,1510,VOICE,,5G,0.08,2.01
R07-0001417,7,Sunbelt,+1-944-864-7761,+1-693-901-3660,2026-06-01 06:57:47,1321,VOICE,,4G,0.1,2.2
R07-0001418,7,Sunbelt,+1-270-371-7253,+1-432-848-7464,2026-06-01 11:57:12,0,SMS,,5G,0.0,0.05
R07-0001419,7,Sunbelt,+1-422-961-7158,+1-468-608-7142,2026-06-01 07:11:51,0,SMS,,4G,0.0,0.05
R07-0001420,7,Sunbelt,+1-409-284-2778,+1-705-965-2840,2026-06-01 07:26:03,1684,VOICE,,4G,0.1,2.81
R07-0001421,7,Sunbelt,+1-898-834-7588,+1-876-916-8454,2026-06-01 21:16:57,1170,VOICE,,5G,0.08,1.56
R07-0001422,7,Sunbelt,+1-491-608-1968,+1-851-663-1913,2026-06-01 04:54:11,2356,VOICE,,4G,0.1,3.93
R07-0001423,7,Sunbelt,+1-360-655-6829,,2026-06-01 03:52:15,4970,DATA,391556248,5G,0.0,3.92
R07-0001424,7,Sunbelt,+1-573-875-9977,+1-280-744-6667,2026-06-01 09:37:14,1993,VOICE,,5G,0.08,2.66
R07-0001425,7,Sunbelt,+1-926-558-4693,+1-953-405-7074,2026-06-01 04:49:11,0,SMS,,3G,0.0,0.05
R07-0001426,7,Sunbelt,+1-243-769-6930,+1-619-877-0008,2026-06-01 01:05:28,0,SMS,,4G,0.0,0.05
R07-0001427,7,Sunbelt,+1-379-561-1626,+1-218-572-9958,2026-06-01 17:25:00,291,VOICE,,4G,0.1,0.48
R07-0001428,7,Sunbelt,+1-594-917-0903,+1-937-846-2851,2026-06-01 01:42:35,0,SMS,,5G,0.0,0.05
R07-0001429,7,Sunbelt,+1-942-658-2908,+1-545-268-2654,2026-06-01 21:01:20,259,VOICE,,4G,0.1,0.43
R07-0001430,7,Sunbelt,+1-507-284-1351,+1-643-790-3662,2026-06-01 21:26:31,1534,VOICE,,3G,0.12,3.07
R07-0001431,7,Sunbelt,+1-260-482-4327,+1-830-820-0809,2026-06-01 19:20:27,587,VOICE,,4G,0.1,0.98
R07-0001432,7,Sunbelt,+1-539-599-8931,+1-840-711-2882,2026-06-01 06:51:19,1168,VOICE,,5G,0.08,1.56
R07-0001433,7,Sunbelt,+1-281-207-9789,+1-609-996-5605,2026-06-01 14:01:33,0,SMS,,4G,0.0,0.05
R07-0001434,7,Sunbelt,+1-838-811-8826,+1-943-627-4584,2026-06-01 17:47:03,0,SMS,,4G,0.0,0.05
R07-0001435,7,Sunbelt,+1-501-658-8188,+1-242-415-5607,2026-06-01 04:14:45,2146,VOICE,,4G,0.1,3.58
R07-0001436,7,Sunbelt,+1-529-625-9803,+1-825-787-7057,2026-06-01 04:47:43,1571,VOICE,,4G,0.1,2.62
R07-0001437,7,Sunbelt,+1-803-975-7218,+1-659-563-7702,2026-06-01 23:17:35,1563,VOICE,,4G,0.1,2.61
R07-0001438,7,Sunbelt,+1-221-579-1579,,2026-06-01 14:41:02,3701,DATA,328025506,5G,0.0,3.28
R07-0001439,7,Sunbelt,+1-945-632-4081,+1-984-431-5210,2026-06-01 00:04:05,0,SMS,,5G,0.0,0.05
R07-0001440,7,Sunbelt,+1-824-418-4271,+1-975-659-7389,2026-06-01 21:28:44,0,SMS,,4G,0.0,0.05
R07-0001441,7,Sunbelt,+1-732-787-8796,,2026-06-01 19:41:19,4935,DATA,254465312,4G,0.0,2.54
R07-0001442,7,Sunbelt,+1-655-684-9522,+1-426-388-1472,2026-06-01 00:55:46,2122,VOICE,,4G,0.1,3.54
R07-0001443,7,Sunbelt,+1-893-554-4638,+1-979-719-4674,2026-06-01 05:41:15,0,SMS,,4G,0.0,0.05
R07-0001444,7,Sunbelt,+1-688-504-8169,,2026-06-01 03:28:14,1878,DATA,171471418,4G,0.0,1.71
R07-0001445,7,Sunbelt,+1-394-260-3339,,2026-06-01 05:18:58,3423,DATA,134199773,5G,0.0,1.34
R07-0001446,7,Sunbelt,+1-716-836-6397,+1-521-298-2863,2026-06-01 19:21:44,2420,VOICE,,4G,0.1,4.03
R07-0001447,7,Sunbelt,+1-951-890-2217,+1-893-433-2717,2026-06-01 10:47:08,0,SMS,,5G,0.0,0.05
R07-0001448,7,Sunbelt,+1-979-794-6801,+1-527-944-9930,2026-06-01 22:35:41,2024,VOICE,,4G,0.1,3.37
R07-0001449,7,Sunbelt,+1-778-353-5819,,2026-06-01 21:12:48,5957,DATA,83240189,4G,0.0,0.83
R07-0001450,7,Sunbelt,+1-325-823-7826,+1-341-777-1672,2026-06-01 07:18:46,704,VOICE,,4G,0.1,1.17
R07-0001451,7,Sunbelt,+1-870-218-8101,+1-237-218-6705,2026-06-01 16:56:58,2871,VOICE,,3G,0.12,5.74
R07-0001452,7,Sunbelt,+1-747-986-6996,+1-485-433-9985,2026-06-01 04:56:39,0,SMS,,3G,0.0,0.05
R07-0001453,7,Sunbelt,+1-373-571-2093,+1-425-934-6151,2026-06-01 02:47:08,0,SMS,,4G,0.0,0.05
R07-0001454,7,Sunbelt,+1-771-345-6287,+1-554-318-6680,2026-06-01 08:33:44,0,SMS,,5G,0.0,0.05
R07-0001455,7,Sunbelt,+1-789-595-2799,,2026-06-01 03:22:26,2004,DATA,461498150,4G,0.0,4.61
R07-0001456,7,Sunbelt,+1-410-275-2492,+1-891-350-0374,2026-06-01 11:57:22,1753,VOICE,,5G,0.08,2.34
R07-0001457,7,Sunbelt,+1-744-387-6158,+1-886-550-9407,2026-06-01 07:01:15,0,SMS,,5G,0.0,0.05
R07-0001458,7,Sunbelt,+1-883-460-0014,+1-944-375-3225,2026-06-01 18:53:36,1510,VOICE,,5G,0.08,2.01
R07-0001459,7,Sunbelt,+1-504-951-6642,+1-573-940-1816,2026-06-01 02:08:21,1689,VOICE,,5G,0.08,2.25
R07-0001460,7,Sunbelt,+1-677-277-0617,+1-252-818-0128,2026-06-01 06:58:51,0,SMS,,4G,0.0,0.05
R07-0001461,7,Sunbelt,+1-894-576-3075,+1-628-716-1950,2026-06-01 23:15:05,0,SMS,,4G,0.0,0.05
R07-0001462,7,Sunbelt,+1-530-263-1356,+1-930-346-0281,2026-06-01 12:29:36,3366,VOICE,,4G,0.1,5.61
R07-0001463,7,Sunbelt,+1-849-591-3636,,2026-06-01 21:12:21,5608,DATA,240631997,5G,0.0,2.41
R07-0001464,7,Sunbelt,+1-806-632-6105,+1-959-595-9148,2026-06-01 22:18:33,3263,VOICE,,4G,0.1,5.44
R07-0001465,7,Sunbelt,+1-736-806-7457,+1-665-967-8983,2026-06-01 16:12:21,0,SMS,,4G,0.0,0.05
R07-0001466,7,Sunbelt,+1-716-378-3080,+1-262-536-7796,2026-06-01 10:38:20,78,VOICE,,4G,0.1,0.13
R07-0001467,7,Sunbelt,+1-925-449-8599,+1-612-313-1929,2026-06-01 05:50:16,1985,VOICE,,5G,0.08,2.65
R07-0001468,7,Sunbelt,+1-911-641-2530,,2026-06-01 07:18:44,3262,DATA,343524949,3G,0.0,3.44
R07-0001469,7,Sunbelt,+1-273-307-4994,+1-607-716-2515,2026-06-01 20:09:16,696,VOICE,,4G,0.1,1.16
R07-0001470,7,Sunbelt,+1-505-568-7609,+1-288-926-3859,2026-06-01 03:29:29,0,SMS,,5G,0.0,0.05
R07-0001471,7,Sunbelt,+1-695-285-4667,+1-487-255-5727,2026-06-01 16:44:21,398,VOICE,,5G,0.08,0.53
R07-0001472,7,Sunbelt,+1-561-963-5723,,2026-06-01 14:08:32,889,DATA,163144814,5G,0.0,1.63
R07-0001473,7,Sunbelt,+1-710-963-1728,+1-756-261-1955,2026-06-01 18:31:31,1144,VOICE,,4G,0.1,1.91
R07-0001474,7,Sunbelt,+1-905-588-3585,+1-896-844-5940,2026-06-01 09:26:45,2480,VOICE,,5G,0.08,3.31
R07-0001475,7,Sunbelt,+1-618-401-6945,+1-567-264-0918,2026-06-01 02:45:35,3062,VOICE,,4G,0.1,5.1
R07-0001476,7,Sunbelt,+1-972-365-1707,,2026-06-01 14:06:32,3865,DATA,265718050,3G,0.0,2.66
R07-0001477,7,Sunbelt,+1-915-489-7403,+1-637-864-4781,2026-06-01 09:11:54,0,SMS,,5G,0.0,0.05
R07-0001478,7,Sunbelt,+1-874-667-6593,+1-244-983-3761,2026-06-01 18:17:43,0,SMS,,5G,0.0,0.05
R07-0001479,7,Sunbelt,+1-347-487-8809,+1-606-233-7281,2026-06-01 02:07:32,1807,VOICE,,4G,0.1,3.01
R07-0001480,7,Sunbelt,+1-548-715-9869,+1-942-933-5303,2026-06-01 10:55:27,2305,VOICE,,4G,0.1,3.84
R07-0001481,7,Sunbelt,+1-231-959-6137,+1-793-602-1650,2026-06-01 14:06:50,306,VOICE,,3G,0.12,0.61
R07-0001482,7,Sunbelt,+1-308-362-2201,+1-454-802-6376,2026-06-01 19:37:05,2945,VOICE,,5G,0.08,3.93
R07-0001483,7,Sunbelt,+1-794-244-9643,+1-510-685-0357,2026-06-01 09:30:42,0,SMS,,4G,0.0,0.05
R07-0001484,7,Sunbelt,+1-681-359-5575,+1-787-802-8316,2026-06-01 05:05:01,0,SMS,,4G,0.0,0.05
R07-0001485,7,Sunbelt,+1-621-647-6888,+1-742-347-6292,2026-06-01 06:37:41,1614,VOICE,,3G,0.12,3.23
R07-0001486,7,Sunbelt,+1-703-631-5935,+1-750-725-6400,2026-06-01 11:15:08,2507,VOICE,,4G,0.1,4.18
R07-0001487,7,Sunbelt,+1-973-750-0017,+1-926-724-6611,2026-06-01 08:04:18,181,VOICE,,4G,0.1,0.3
R07-0001488,7,Sunbelt,+1-949-571-3800,+1-892-864-4617,2026-06-01 18:39:30,1419,VOICE,,4G,0.1,2.36
R07-0001489,7,Sunbelt,+1-952-961-0760,+1-850-526-7193,2026-06-01 17:49:28,0,SMS,,4G,0.0,0.05
R07-0001490,7,Sunbelt,+1-233-375-9529,+1-391-653-7237,2026-06-01 20:22:51,2550,VOICE,,3G,0.12,5.1
R07-0001491,7,Sunbelt,+1-487-979-0789,,2026-06-01 17:48:48,4975,DATA,497809669,4G,0.0,4.98
R07-0001492,7,Sunbelt,+1-284-687-0285,+1-719-957-0219,2026-06-01 17:31:58,1645,VOICE,,4G,0.1,2.74
R07-0001493,7,Sunbelt,+1-923-677-9734,+1-280-289-1727,2026-06-01 13:56:35,2241,VOICE,,4G,0.1,3.74
R07-0001494,7,Sunbelt,+1-693-421-5529,+1-940-340-1398,2026-06-01 13:16:56,0,SMS,,4G,0.0,0.05
R07-0001495,7,Sunbelt,+1-710-315-2137,+1-766-649-5172,2026-06-01 03:23:48,0,SMS,,5G,0.0,0.05
R07-0001496,7,Sunbelt,+1-790-814-7272,+1-353-332-9502,2026-06-01 07:58:19,0,SMS,,5G,0.0,0.05
R07-0001497,7,Sunbelt,+1-889-601-2762,+1-434-986-5116,2026-06-01 11:54:17,3027,VOICE,,4G,0.1,5.05
R07-0001498,7,Sunbelt,+1-773-793-2739,+1-881-842-6177,2026-06-01 16:48:20,3118,VOICE,,4G,0.1,5.2
R07-0001499,7,Sunbelt,+1-541-729-6546,+1-258-258-9139,2026-06-01 03:37:05,824,VOICE,,4G,0.1,1.37
R07-0001500,7,Sunbelt,+1-952-636-1774,+1-717-419-5478,2026-06-01 16:31:43,0,SMS,,4G,0.0,0.05
R07-0001501,7,Sunbelt,+1-604-909-4436,+1-235-918-6749,2026-06-01 02:10:52,356,VOICE,,5G,0.08,0.47
R07-0001502,7,Sunbelt,+1-869-627-3636,+1-470-383-4582,2026-06-01 08:28:46,1621,VOICE,,5G,0.08,2.16
R07-0001503,7,Sunbelt,+1-840-476-2960,+1-934-556-0407,2026-06-01 23:07:18,2049,VOICE,,4G,0.1,3.42
R07-0001504,7,Sunbelt,+1-457-230-0488,+1-543-351-8881,2026-06-01 20:41:24,2758,VOICE,,4G,0.1,4.6
R07-0001505,7,Sunbelt,+1-733-271-6817,+1-581-565-6743,2026-06-01 02:21:36,0,SMS,,5G,0.0,0.05
R07-0001506,7,Sunbelt,+1-538-711-0819,+1-487-502-8049,2026-06-01 17:36:15,0,SMS,,4G,0.0,0.05
R07-0001507,7,Sunbelt,+1-314-620-2567,+1-563-263-2935,2026-06-01 09:40:01,0,SMS,,4G,0.0,0.05
R07-0001508,7,Sunbelt,+1-921-226-7391,+1-230-271-4490,2026-06-01 00:58:21,2671,VOICE,,4G,0.1,4.45
R07-0001509,7,Sunbelt,+1-737-537-3587,+1-631-733-2351,2026-06-01 14:13:01,0,SMS,,4G,0.0,0.05
R07-0001510,7,Sunbelt,+1-883-901-5341,+1-979-701-8022,2026-06-01 23:37:18,260,VOICE,,4G,0.1,0.43
R07-0001511,7,Sunbelt,+1-423-610-8790,+1-725-866-9578,2026-06-01 15:47:10,2983,VOICE,,5G,0.08,3.98
R07-0001512,7,Sunbelt,+1-281-696-7337,+1-873-206-6646,2026-06-01 00:58:54,3327,VOICE,,4G,0.1,5.55
R07-0001513,7,Sunbelt,+1-722-770-7589,+1-841-732-2763,2026-06-01 11:58:19,0,SMS,,4G,0.0,0.05
R07-0001514,7,Sunbelt,+1-524-438-3091,+1-780-926-6964,2026-06-01 00:11:39,0,SMS,,4G,0.0,0.05
R07-0001515,7,Sunbelt,+1-460-859-6164,,2026-06-01 15:18:15,6807,DATA,117791886,3G,0.0,1.18
R07-0001516,7,Sunbelt,+1-670-505-6281,,2026-06-01 11:09:26,4285,DATA,467321445,5G,0.0,4.67
R07-0001517,7,Sunbelt,+1-978-951-2777,+1-919-824-2115,2026-06-01 10:57:57,0,SMS,,4G,0.0,0.05
R07-0001518,7,Sunbelt,+1-328-714-5719,+1-533-357-5530,2026-06-01 06:00:32,1746,VOICE,,4G,0.1,2.91
R07-0001519,7,Sunbelt,+1-562-444-3768,,2026-06-01 15:36:57,4360,DATA,180987789,5G,0.0,1.81
R07-0001520,7,Sunbelt,+1-346-972-6967,,2026-06-01 00:23:23,4415,DATA,112821128,5G,0.0,1.13
R07-0001521,7,Sunbelt,+1-704-407-6768,+1-464-209-7121,2026-06-01 14:28:23,0,SMS,,4G,0.0,0.05
R07-0001522,7,Sunbelt,+1-355-219-5560,+1-508-303-5526,2026-06-01 01:56:56,1045,VOICE,,4G,0.1,1.74
R07-0001523,7,Sunbelt,+1-949-686-6257,+1-210-853-8720,2026-06-01 06:05:38,0,SMS,,4G,0.0,0.05
R07-0001524,7,Sunbelt,+1-717-309-1287,,2026-06-01 03:19:42,2217,DATA,491890477,5G,0.0,4.92
R07-0001525,7,Sunbelt,+1-211-643-9873,,2026-06-01 01:36:38,5287,DATA,215395211,4G,0.0,2.15
R07-0001526,7,Sunbelt,+1-225-245-6599,,2026-06-01 19:17:05,5835,DATA,2246228,3G,0.0,0.02
R07-0001527,7,Sunbelt,+1-952-455-4267,+1-614-338-9541,2026-06-01 00:32:37,0,SMS,,5G,0.0,0.05
R07-0001528,7,Sunbelt,+1-700-532-4507,+1-544-611-6101,2026-06-01 16:46:11,813,VOICE,,4G,0.1,1.36
R07-0001529,7,Sunbelt,+1-358-838-7329,+1-400-830-4238,2026-06-01 13:16:31,3087,VOICE,,5G,0.08,4.12
R07-0001530,7,Sunbelt,+1-540-954-3518,+1-339-753-7333,2026-06-01 13:47:14,0,SMS,,5G,0.0,0.05
R07-0001531,7,Sunbelt,+1-619-303-8918,+1-779-414-1816,2026-06-01 17:52:09,1288,VOICE,,5G,0.08,1.72
R07-0001532,7,Sunbelt,+1-835-521-1466,+1-359-257-3668,2026-06-01 00:18:22,396,VOICE,,4G,0.1,0.66
R07-0001533,7,Sunbelt,+1-498-982-4573,+1-488-417-1463,2026-06-01 04:45:58,0,SMS,,4G,0.0,0.05
R07-0001534,7,Sunbelt,+1-346-298-5226,+1-724-471-9211,2026-06-01 14:56:07,2161,VOICE,,4G,0.1,3.6
R07-0001535,7,Sunbelt,+1-570-717-6493,+1-346-639-5148,2026-06-01 15:56:36,0,SMS,,5G,0.0,0.05
R07-0001536,7,Sunbelt,+1-781-562-0586,+1-575-533-1397,2026-06-01 10:51:40,0,SMS,,4G,0.0,0.05
R07-0001537,7,Sunbelt,+1-820-282-1430,+1-835-223-1897,2026-06-01 15:45:36,2845,VOICE,,5G,0.08,3.79
R07-0001538,7,Sunbelt,+1-571-413-6280,+1-905-701-5226,2026-06-01 06:36:34,2133,VOICE,,4G,0.1,3.55
R07-0001539,7,Sunbelt,+1-267-690-3369,+1-739-247-5041,2026-06-01 12:42:50,3437,VOICE,,4G,0.1,5.73
R07-0001540,7,Sunbelt,+1-827-540-8287,,2026-06-01 18:57:02,3205,DATA,437078789,4G,0.0,4.37
R07-0001541,7,Sunbelt,+1-760-789-5256,,2026-06-01 17:48:14,96,DATA,343255772,5G,0.0,3.43
R07-0001542,7,Sunbelt,+1-832-263-5972,,2026-06-01 13:11:13,2898,DATA,151615600,3G,0.0,1.52
R07-0001543,7,Sunbelt,+1-688-964-1480,+1-847-672-3264,2026-06-01 12:33:36,0,SMS,,5G,0.0,0.05
R07-0001544,7,Sunbelt,+1-446-569-7478,+1-807-414-2648,2026-06-01 02:48:29,1855,VOICE,,5G,0.08,2.47
R07-0001545,7,Sunbelt,+1-905-441-0940,,2026-06-01 17:35:19,3153,DATA,405549179,4G,0.0,4.06
R07-0001546,7,Sunbelt,+1-261-748-3780,+1-231-525-4139,2026-06-01 03:11:00,1422,VOICE,,4G,0.1,2.37
R07-0001547,7,Sunbelt,+1-371-802-3299,+1-343-295-1259,2026-06-01 12:36:46,3491,VOICE,,5G,0.08,4.65
R07-0001548,7,Sunbelt,+1-507-868-9867,,2026-06-01 21:15:40,3920,DATA,10409387,3G,0.0,0.1
R07-0001549,7,Sunbelt,+1-387-996-9421,,2026-06-01 23:54:00,5806,DATA,218106193,4G,0.0,2.18
R07-0001550,7,Sunbelt,+1-230-264-5734,+1-807-312-8094,2026-06-01 01:41:19,1734,VOICE,,4G,0.1,2.89
R07-0001551,7,Sunbelt,+1-201-956-2480,+1-497-578-6030,2026-06-01 21:18:10,2138,VOICE,,5G,0.08,2.85
R07-0001552,7,Sunbelt,+1-817-963-7865,+1-795-551-6684,2026-06-01 13:47:35,0,SMS,,3G,0.0,0.05
R07-0001553,7,Sunbelt,+1-602-924-2620,+1-567-266-4572,2026-06-01 06:39:17,0,SMS,,5G,0.0,0.05
R07-0001554,7,Sunbelt,+1-309-225-8989,+1-344-401-7517,2026-06-01 08:48:09,2206,VOICE,,3G,0.12,4.41
R07-0001555,7,Sunbelt,+1-404-797-6503,+1-554-431-2241,2026-06-01 10:54:45,0,VOICE,,4G,0.1,0.0
R07-0001556,7,Sunbelt,+1-412-469-3222,+1-778-888-8904,2026-06-01 10:24:19,0,SMS,,4G,0.0,0.05
R07-0001557,7,Sunbelt,+1-895-237-4586,+1-420-598-0440,2026-06-01 02:03:42,348,VOICE,,5G,0.08,0.46
R07-0001558,7,Sunbelt,+1-576-637-0032,+1-576-924-3541,2026-06-01 01:06:30,0,SMS,,5G,0.0,0.05
R07-0001559,7,Sunbelt,+1-230-496-0972,+1-793-918-8721,2026-06-01 14:45:13,0,SMS,,3G,0.0,0.05
R07-0001560,7,Sunbelt,+1-390-599-7444,+1-976-984-8384,2026-06-01 13:48:32,2462,VOICE,,5G,0.08,3.28
R07-0001561,7,Sunbelt,+1-591-365-4327,+1-714-581-5199,2026-06-01 20:45:56,3106,VOICE,,4G,0.1,5.18
R07-0001562,7,Sunbelt,+1-377-582-7520,+1-744-862-8344,2026-06-01 22:45:49,0,SMS,,5G,0.0,0.05
R07-0001563,7,Sunbelt,+1-372-605-7437,+1-412-397-3735,2026-06-01 15:44:54,722,VOICE,,4G,0.1,1.2
R07-0001564,7,Sunbelt,+1-867-475-7693,+1-340-592-8310,2026-06-01 10:06:52,0,SMS,,4G,0.0,0.05
R07-0001565,7,Sunbelt,+1-241-396-2548,+1-662-666-0811,2026-06-01 22:37:27,1773,VOICE,,5G,0.08,2.36
R07-0001566,7,Sunbelt,+1-914-539-5083,+1-662-679-3371,2026-06-01 08:58:01,97,VOICE,,4G,0.1,0.16
R07-0001567,7,Sunbelt,+1-484-506-8420,+1-722-824-8353,2026-06-01 10:07:09,360,VOICE,,5G,0.08,0.48
R07-0001568,7,Sunbelt,+1-350-300-4620,,2026-06-01 21:45:15,5151,DATA,306617377,3G,0.0,3.07
R07-0001569,7,Sunbelt,+1-479-952-8072,+1-752-840-3307,2026-06-01 18:04:16,981,VOICE,,4G,0.1,1.64
R07-0001570,7,Sunbelt,+1-745-338-3338,+1-713-739-0612,2026-06-01 01:10:11,1001,VOICE,,4G,0.1,1.67
R07-0001571,7,Sunbelt,+1-852-814-4369,,2026-06-01 21:04:24,741,DATA,182064973,4G,0.0,1.82
R07-0001572,7,Sunbelt,+1-861-411-5349,,2026-06-01 16:12:00,5673,DATA,368598972,4G,0.0,3.69
R07-0001573,7,Sunbelt,+1-483-414-7986,,2026-06-01 11:25:41,5171,DATA,102205558,5G,0.0,1.02
R07-0001574,7,Sunbelt,+1-753-616-4885,+1-528-712-0707,2026-06-01 07:22:57,2431,VOICE,,5G,0.08,3.24
R07-0001575,7,Sunbelt,+1-770-787-3489,+1-399-842-3991,2026-06-01 15:10:57,713,VOICE,,3G,0.12,1.43
R07-0001576,7,Sunbelt,+1-228-204-0495,+1-763-358-4513,2026-06-01 08:55:01,0,SMS,,4G,0.0,0.05
R07-0001577,7,Sunbelt,+1-207-396-4109,+1-848-421-8370,2026-06-01 17:08:42,801,VOICE,,5G,0.08,1.07
R07-0001578,7,Sunbelt,+1-689-471-6078,+1-775-769-1602,2026-06-01 08:10:37,0,SMS,,3G,0.0,0.05
R07-0001579,7,Sunbelt,+1-940-446-7033,+1-632-803-0647,2026-06-01 10:21:20,1758,VOICE,,4G,0.1,2.93
R07-0001580,7,Sunbelt,+1-934-829-9862,,2026-06-01 03:42:17,6874,DATA,426785959,5G,0.0,4.27
R07-0001581,7,Sunbelt,+1-259-300-8686,,2026-06-01 14:19:47,5526,DATA,164718868,3G,0.0,1.65
R07-0001582,7,Sunbelt,+1-889-827-1715,+1-520-291-2581,2026-06-01 23:12:59,3386,VOICE,,4G,0.1,5.64
R07-0001583,7,Sunbelt,+1-921-870-9093,+1-247-590-0074,2026-06-01 21:30:37,2671,VOICE,,5G,0.08,3.56
R07-0001584,7,Sunbelt,+1-788-377-7792,+1-247-417-6086,2026-06-01 02:35:23,494,VOICE,,4G,0.1,0.82
R07-0001585,7,Sunbelt,+1-662-608-3184,,2026-06-01 07:53:01,1346,DATA,499890329,5G,0.0,5.0
R07-0001586,7,Sunbelt,+1-989-545-7234,+1-624-363-4889,2026-06-01 18:24:55,1214,VOICE,,4G,0.1,2.02
R07-0001587,7,Sunbelt,+1-538-432-7304,+1-403-331-7395,2026-06-01 21:40:48,0,SMS,,4G,0.0,0.05
R07-0001588,7,Sunbelt,+1-507-486-7925,+1-418-409-1662,2026-06-01 03:50:12,0,SMS,,5G,0.0,0.05
R07-0001589,7,Sunbelt,+1-657-367-3516,,2026-06-01 14:24:08,1773,DATA,191953522,5G,0.0,1.92
R07-0001590,7,Sunbelt,+1-504-643-1326,+1-525-570-9873,2026-06-01 05:30:09,0,SMS,,4G,0.0,0.05
R07-0001591,7,Sunbelt,+1-752-331-8776,+1-379-478-6357,2026-06-01 12:33:19,2036,VOICE,,5G,0.08,2.71
R07-0001592,7,Sunbelt,+1-680-571-9357,+1-771-327-0904,2026-06-01 14:01:39,172,VOICE,,3G,0.12,0.34
R07-0001593,7,Sunbelt,+1-706-447-7452,+1-978-690-9489,2026-06-01 18:54:00,155,VOICE,,5G,0.08,0.21
R07-0001594,7,Sunbelt,+1-476-535-6385,,2026-06-01 01:20:30,3453,DATA,194666313,5G,0.0,1.95
R07-0001595,7,Sunbelt,+1-753-645-2785,,2026-06-01 00:11:52,2542,DATA,413584612,3G,0.0,4.14
R07-0001596,7,Sunbelt,+1-363-410-3576,+1-792-839-4544,2026-06-01 10:34:54,0,SMS,,3G,0.0,0.05
R07-0001597,7,Sunbelt,+1-846-685-4402,+1-728-843-9492,2026-06-01 15:46:11,3101,VOICE,,4G,0.1,5.17
R07-0001598,7,Sunbelt,+1-554-763-4936,+1-391-503-7160,2026-06-01 22:54:21,2670,VOICE,,3G,0.12,5.34
R07-0001599,7,Sunbelt,+1-604-480-7011,+1-806-843-9246,2026-06-01 17:57:05,0,SMS,,5G,0.0,0.05
R07-0001600,7,Sunbelt,+1-487-551-3051,+1-598-477-4126,2026-06-01 23:17:00,0,SMS,,5G,0.0,0.05
R07-0001601,7,Sunbelt,+1-801-462-0626,+1-925-740-6205,2026-06-01 23:38:40,0,SMS,,4G,0.0,0.05
R07-0001602,7,Sunbelt,+1-558-421-1089,+1-742-966-0498,2026-06-01 20:28:01,2110,VOICE,,4G,0.1,3.52
R07-0001603,7,Sunbelt,+1-861-399-7101,+1-410-244-5210,2026-06-01 01:40:18,0,SMS,,4G,0.0,0.05
R07-0001604,7,Sunbelt,+1-222-559-3383,+1-376-621-6429,2026-06-01 09:28:18,0,SMS,,5G,0.0,0.05
R07-0001605,7,Sunbelt,+1-594-944-7952,,2026-06-01 12:31:21,1087,DATA,180405919,5G,0.0,1.8
R07-0001606,7,Sunbelt,+1-636-772-8697,+1-837-706-7249,2026-06-01 17:10:07,3305,VOICE,,5G,0.08,4.41
R07-0001607,7,Sunbelt,+1-814-546-4487,+1-584-329-3113,2026-06-01 06:01:09,854,VOICE,,4G,0.1,1.42
R07-0001608,7,Sunbelt,+1-928-953-5263,,2026-06-01 04:19:24,437,DATA,267913912,3G,0.0,2.68
R07-0001609,7,Sunbelt,+1-206-934-2933,+1-327-478-2491,2026-06-01 14:07:58,1795,VOICE,,4G,0.1,2.99
R07-0001610,7,Sunbelt,+1-580-763-8405,+1-934-203-1042,2026-06-01 17:06:25,2865,VOICE,,5G,0.08,3.82
R07-0001611,7,Sunbelt,+1-829-900-2764,,2026-06-01 18:24:35,3765,DATA,162374594,4G,0.0,1.62
R07-0001612,7,Sunbelt,+1-226-831-7218,+1-260-880-4758,2026-06-01 10:09:23,0,SMS,,4G,0.0,0.05
R07-0001613,7,Sunbelt,+1-206-728-5898,+1-385-811-2687,2026-06-01 07:11:37,2716,VOICE,,4G,0.1,4.53
R07-0001614,7,Sunbelt,+1-245-680-2547,+1-579-728-8952,2026-06-01 11:42:17,2029,VOICE,,5G,0.08,2.71
R07-0001615,7,Sunbelt,+1-361-819-3746,+1-556-872-9053,2026-06-01 22:46:52,2053,VOICE,,3G,0.12,4.11
R07-0001616,7,Sunbelt,+1-424-601-9725,+1-908-818-6077,2026-06-01 02:00:59,919,VOICE,,5G,0.08,1.23
R07-0001617,7,Sunbelt,+1-848-299-9830,+1-241-283-6410,2026-06-01 05:39:11,591,VOICE,,5G,0.08,0.79
R07-0001618,7,Sunbelt,+1-869-301-3196,+1-432-591-7749,2026-06-01 05:50:45,0,SMS,,5G,0.0,0.05
R07-0001619,7,Sunbelt,+1-529-754-0277,+1-773-774-2292,2026-06-01 14:37:36,2459,VOICE,,4G,0.1,4.1
R07-0001620,7,Sunbelt,+1-814-516-5220,+1-609-574-5039,2026-06-01 01:17:10,0,VOICE,,4G,0.1,0.0
R07-0001621,7,Sunbelt,+1-780-301-8354,+1-203-835-3978,2026-06-01 06:31:27,0,VOICE,,5G,0.08,0.0
R07-0001622,7,Sunbelt,+1-266-222-0229,+1-628-736-3134,2026-06-01 15:53:22,722,VOICE,,5G,0.08,0.96
R07-0001623,7,Sunbelt,+1-866-781-9380,+1-545-503-6336,2026-06-01 12:44:47,2912,VOICE,,4G,0.1,4.85
R07-0001624,7,Sunbelt,+1-340-297-1025,+1-301-225-8688,2026-06-01 10:43:49,890,VOICE,,5G,0.08,1.19
R07-0001625,7,Sunbelt,+1-741-951-5777,+1-823-366-6392,2026-06-01 03:03:58,0,SMS,,3G,0.0,0.05
R07-0001626,7,Sunbelt,+1-753-991-4629,+1-220-605-9905,2026-06-01 05:03:23,2614,VOICE,,4G,0.1,4.36
R07-0001627,7,Sunbelt,+1-721-960-7183,+1-843-816-1295,2026-06-01 03:16:59,2725,VOICE,,5G,0.08,3.63
R07-0001628,7,Sunbelt,+1-320-256-5853,+1-646-716-1360,2026-06-01 21:22:16,1105,VOICE,,4G,0.1,1.84
R07-0001629,7,Sunbelt,+1-732-297-9943,+1-853-826-1871,2026-06-01 16:26:31,1204,VOICE,,4G,0.1,2.01
R07-0001630,7,Sunbelt,+1-412-315-8045,+1-520-352-8846,2026-06-01 04:27:42,2377,VOICE,,5G,0.08,3.17
R07-0001631,7,Sunbelt,+1-353-439-9035,+1-849-375-6724,2026-06-01 19:13:05,3340,VOICE,,4G,0.1,5.57
R07-0001632,7,Sunbelt,+1-617-959-2975,+1-890-313-2550,2026-06-01 22:57:13,421,VOICE,,4G,0.1,0.7
R07-0001633,7,Sunbelt,+1-953-531-6652,+1-277-511-1797,2026-06-01 06:21:34,1033,VOICE,,3G,0.12,2.07
R07-0001634,7,Sunbelt,+1-257-689-8868,+1-711-368-3651,2026-06-01 01:49:54,1861,VOICE,,4G,0.1,3.1
R07-0001635,7,Sunbelt,+1-968-726-1885,+1-944-254-8401,2026-06-01 00:59:44,0,SMS,,3G,0.0,0.05
R07-0001636,7,Sunbelt,+1-230-921-2156,+1-919-520-1625,2026-06-01 12:14:38,0,VOICE,,5G,0.08,0.0
R07-0001637,7,Sunbelt,+1-765-698-6419,+1-254-300-8941,2026-06-01 20:33:57,0,SMS,,5G,0.0,0.05
R07-0001638,7,Sunbelt,+1-630-247-3374,,2026-06-01 18:37:38,655,DATA,372289620,5G,0.0,3.72
R07-0001639,7,Sunbelt,+1-460-329-9006,+1-880-582-1145,2026-06-01 08:46:39,189,VOICE,,4G,0.1,0.32
R07-0001640,7,Sunbelt,+1-737-887-4100,+1-556-643-6945,2026-06-01 05:04:58,3591,VOICE,,5G,0.08,4.79
R07-0001641,7,Sunbelt,+1-544-681-1396,+1-425-393-5595,2026-06-01 13:55:36,3366,VOICE,,5G,0.08,4.49
R07-0001642,7,Sunbelt,+1-341-272-7840,+1-784-468-9636,2026-06-01 04:26:40,2960,VOICE,,5G,0.08,3.95
R07-0001643,7,Sunbelt,+1-578-686-3742,,2026-06-01 09:06:57,6032,DATA,82074317,4G,0.0,0.82
R07-0001644,7,Sunbelt,+1-964-900-2166,+1-702-617-0626,2026-06-01 20:03:58,3293,VOICE,,4G,0.1,5.49
R07-0001645,7,Sunbelt,+1-232-845-0860,+1-638-934-0678,2026-06-01 23:16:25,3529,VOICE,,3G,0.12,7.06
R07-0001646,7,Sunbelt,+1-462-217-3694,+1-777-470-0073,2026-06-01 04:45:31,1036,VOICE,,5G,0.08,1.38
R07-0001647,7,Sunbelt,+1-291-905-5178,+1-714-630-5301,2026-06-01 04:23:49,1662,VOICE,,4G,0.1,2.77
R07-0001648,7,Sunbelt,+1-586-565-0463,,2026-06-01 03:12:13,2629,DATA,311384527,4G,0.0,3.11
R07-0001649,7,Sunbelt,+1-526-733-9745,+1-229-933-5590,2026-06-01 02:37:12,2652,VOICE,,5G,0.08,3.54
R07-0001650,7,Sunbelt,+1-912-787-0427,+1-272-691-9971,2026-06-01 06:17:29,2201,VOICE,,4G,0.1,3.67
R07-0001651,7,Sunbelt,+1-364-260-1350,+1-989-988-2781,2026-06-01 06:50:31,2966,VOICE,,5G,0.08,3.95
R07-0001652,7,Sunbelt,+1-804-577-0267,+1-635-638-5649,2026-06-01 20:52:38,2982,VOICE,,4G,0.1,4.97
R07-0001653,7,Sunbelt,+1-467-454-2454,+1-576-561-0811,2026-06-01 20:16:50,3593,VOICE,,4G,0.1,5.99
R07-0001654,7,Sunbelt,+1-558-274-7848,+1-668-445-8666,2026-06-01 10:49:06,2682,VOICE,,4G,0.1,4.47
R07-0001655,7,Sunbelt,+1-918-613-8516,+1-291-404-6917,2026-06-01 01:46:24,351,VOICE,,4G,0.1,0.58
R07-0001656,7,Sunbelt,+1-498-216-5708,+1-722-835-7227,2026-06-01 13:38:18,0,VOICE,,4G,0.1,0.0
R07-0001657,7,Sunbelt,+1-929-340-2397,+1-508-259-6720,2026-06-01 23:41:09,3107,VOICE,,4G,0.1,5.18
R07-0001658,7,Sunbelt,+1-382-259-9727,+1-598-973-8566,2026-06-01 19:26:34,0,SMS,,4G,0.0,0.05
R07-0001659,7,Sunbelt,+1-639-320-5734,+1-638-370-9193,2026-06-01 12:44:19,0,SMS,,4G,0.0,0.05
R07-0001660,7,Sunbelt,+1-632-452-6644,+1-892-302-6462,2026-06-01 14:44:05,2279,VOICE,,4G,0.1,3.8
R07-0001661,7,Sunbelt,+1-923-471-5233,+1-877-414-2414,2026-06-01 09:33:24,0,SMS,,4G,0.0,0.05
R07-0001662,7,Sunbelt,+1-459-787-8036,+1-828-720-3861,2026-06-01 03:17:14,1598,VOICE,,4G,0.1,2.66
R07-0001663,7,Sunbelt,+1-702-257-2156,,2026-06-01 21:06:31,2800,DATA,361069395,4G,0.0,3.61
R07-0001664,7,Sunbelt,+1-623-979-1682,+1-651-524-3761,2026-06-01 23:17:15,1755,VOICE,,4G,0.1,2.93
R07-0001665,7,Sunbelt,+1-941-932-6797,,2026-06-01 01:08:24,4644,DATA,103363115,4G,0.0,1.03
R07-0001666,7,Sunbelt,+1-856-731-6872,,2026-06-01 16:04:21,3413,DATA,219080377,4G,0.0,2.19
R07-0001667,7,Sunbelt,+1-856-962-6904,,2026-06-01 22:32:58,2800,DATA,455375914,5G,0.0,4.55
R07-0001668,7,Sunbelt,+1-641-210-2502,,2026-06-01 10:05:40,5979,DATA,369149473,4G,0.0,3.69
R07-0001669,7,Sunbelt,+1-559-986-6499,+1-729-919-0595,2026-06-01 20:42:48,1218,VOICE,,5G,0.08,1.62
R07-0001670,7,Sunbelt,+1-366-430-5744,+1-568-380-7658,2026-06-01 00:27:23,0,SMS,,3G,0.0,0.05
R07-0001671,7,Sunbelt,+1-683-984-5918,+1-539-311-5008,2026-06-01 14:22:50,0,VOICE,,3G,0.12,0.0
R07-0001672,7,Sunbelt,+1-817-690-1933,,2026-06-01 01:27:31,4493,DATA,241580102,4G,0.0,2.42
R07-0001673,7,Sunbelt,+1-393-507-3869,+1-712-854-6429,2026-06-01 07:55:37,0,SMS,,4G,0.0,0.05
R07-0001674,7,Sunbelt,+1-293-248-4197,+1-896-748-8403,2026-06-01 01:15:05,2078,VOICE,,4G,0.1,3.46
R07-0001675,7,Sunbelt,+1-249-612-5281,+1-930-787-8409,2026-06-01 07:56:18,0,SMS,,4G,0.0,0.05
R07-0001676,7,Sunbelt,+1-240-301-5335,+1-344-301-4066,2026-06-01 00:23:14,555,VOICE,,4G,0.1,0.93
R07-0001677,7,Sunbelt,+1-799-918-6594,+1-346-342-6833,2026-06-01 20:51:30,0,SMS,,4G,0.0,0.05
R07-0001678,7,Sunbelt,+1-324-265-2521,,2026-06-01 12:54:57,3947,DATA,42887346,4G,0.0,0.43
R07-0001679,7,Sunbelt,+1-387-342-1433,+1-393-274-4109,2026-06-01 08:50:39,0,SMS,,4G,0.0,0.05
R07-0001680,7,Sunbelt,+1-943-941-4415,,2026-06-01 21:56:08,2338,DATA,31685795,4G,0.0,0.32
R07-0001681,7,Sunbelt,+1-871-402-4384,+1-649-546-8839,2026-06-01 16:38:32,850,VOICE,,5G,0.08,1.13
R07-0001682,7,Sunbelt,+1-534-802-6862,+1-881-422-0588,2026-06-01 12:32:00,0,SMS,,4G,0.0,0.05
R07-0001683,7,Sunbelt,+1-411-368-6681,,2026-06-01 06:31:57,6559,DATA,169484160,4G,0.0,1.69
R07-0001684,7,Sunbelt,+1-789-786-0077,+1-656-970-5569,2026-06-01 12:57:00,1913,VOICE,,3G,0.12,3.83
R07-0001685,7,Sunbelt,+1-616-831-8341,+1-662-559-6008,2026-06-01 14:23:04,2198,VOICE,,4G,0.1,3.66
R07-0001686,7,Sunbelt,+1-534-467-4919,+1-489-557-2781,2026-06-01 13:13:31,0,SMS,,4G,0.0,0.05
R07-0001687,7,Sunbelt,+1-974-356-5780,+1-904-323-9834,2026-06-01 11:33:52,2990,VOICE,,3G,0.12,5.98
R07-0001688,7,Sunbelt,+1-499-359-4068,,2026-06-01 17:46:38,4198,DATA,176371183,4G,0.0,1.76
R07-0001689,7,Sunbelt,+1-225-569-7852,+1-481-828-0194,2026-06-01 04:19:10,0,SMS,,5G,0.0,0.05
R07-0001690,7,Sunbelt,+1-777-892-9677,+1-895-599-8110,2026-06-01 00:21:32,0,SMS,,4G,0.0,0.05
