cdr_id,region_id,region_name,caller_number,callee_number,call_start,duration_seconds,call_type,bytes_transferred,network_type,rate_per_minute,charge_amount
R08-0000001,8,Pinewood,+1-930-857-0238,+1-547-959-7577,2026-06-01 14:21:53,3318,VOICE,,4G,0.1,5.53
R08-0000002,8,Pinewood,+1-973-578-6636,+1-500-234-0318,2026-06-01 14:10:32,247,VOICE,,4G,0.1,0.41
R08-0000003,8,Pinewood,+1-906-674-8663,+1-253-236-0341,2026-06-01 10:54:04,0,SMS,,4G,0.0,0.05
R08-0000004,8,Pinewood,+1-536-243-3761,+1-609-965-3932,2026-06-01 04:44:53,0,SMS,,5G,0.0,0.05
R08-0000005,8,Pinewood,+1-752-524-5671,+1-591-567-6456,2026-06-01 09:44:20,3243,VOICE,,4G,0.1,5.41
R08-0000006,8,Pinewood,+1-291-493-8246,+1-544-806-9881,2026-06-01 19:26:14,2923,VOICE,,4G,0.1,4.87
R08-0000007,8,Pinewood,+1-389-269-4107,+1-611-793-9212,2026-06-01 14:23:03,0,SMS,,4G,0.0,0.05
R08-0000008,8,Pinewood,+1-929-802-5447,+1-733-917-6849,2026-06-01 10:35:16,0,SMS,,4G,0.0,0.05
R08-0000009,8,Pinewood,+1-232-289-8254,+1-368-593-4496,2026-06-01 09:55:07,3031,VOICE,,5G,0.08,4.04
R08-0000010,8,Pinewood,+1-955-378-1982,,2026-06-01 15:31:47,2432,DATA,263658351,4G,0.0,2.64
R08-0000011,8,Pinewood,+1-674-696-9570,+1-354-668-9122,2026-06-01 16:44:46,0,SMS,,3G,0.0,0.05
R08-0000012,8,Pinewood,+1-816-225-6733,+1-289-730-9114,2026-06-01 04:50:42,3265,VOICE,,3G,0.12,6.53
R08-0000013,8,Pinewood,+1-237-243-7631,+1-327-423-1394,2026-06-01 12:47:47,2694,VOICE,,3G,0.12,5.39
R08-0000014,8,Pinewood,+1-473-858-6670,+1-805-304-5773,2026-06-01 10:58:30,1206,VOICE,,4G,0.1,2.01
R08-0000015,8,Pinewood,+1-298-610-2707,,2026-06-01 04:46:59,2913,DATA,344875059,3G,0.0,3.45
R08-0000016,8,Pinewood,+1-389-677-0774,+1-716-780-2796,2026-06-01 06:09:44,0,SMS,,4G,0.0,0.05
R08-0000017,8,Pinewood,+1-971-568-7674,+1-301-212-1776,2026-06-01 15:24:50,0,SMS,,4G,0.0,0.05
R08-0000018,8,Pinewood,+1-679-795-7883,+1-227-577-8610,2026-06-01 04:16:59,0,VOICE,,4G,0.1,0.0
R08-0000019,8,Pinewood,+1-567-495-9296,+1-865-917-4626,2026-06-01 23:08:36,0,SMS,,4G,0.0,0.05
R08-0000020,8,Pinewood,+1-525-716-9222,+1-403-386-8140,2026-06-01 18:07:14,0,SMS,,4G,0.0,0.05
R08-0000021,8,Pinewood,+1-616-739-4628,+1-679-790-4783,2026-06-01 12:54:01,1529,VOICE,,4G,0.1,2.55
R08-0000022,8,Pinewood,+1-768-339-6281,+1-449-340-4354,2026-06-01 12:15:45,325,VOICE,,3G,0.12,0.65
R08-0000023,8,Pinewood,+1-221-278-9639,+1-591-743-0431,2026-06-01 04:38:56,0,SMS,,4G,0.0,0.05
R08-0000024,8,Pinewood,+1-597-299-2562,+1-868-616-2093,2026-06-01 02:17:00,3370,VOICE,,4G,0.1,5.62
R08-0000025,8,Pinewood,+1-371-228-4112,,2026-06-01 15:53:28,4008,DATA,301603390,4G,0.0,3.02
R08-0000026,8,Pinewood,+1-871-771-3564,+1-246-876-8706,2026-06-01 14:54:15,181,VOICE,,4G,0.1,0.3
R08-0000027,8,Pinewood,+1-863-841-9268,+1-687-243-7765,2026-06-01 21:34:25,2134,VOICE,,4G,0.1,3.56
R08-0000028,8,Pinewood,+1-224-226-2265,+1-524-489-4417,2026-06-01 02:56:00,1155,VOICE,,3G,0.12,2.31
R08-0000029,8,Pinewood,+1-406-372-7401,+1-824-700-1041,2026-06-01 15:17:04,0,SMS,,4G,0.0,0.05
R08-0000030,8,Pinewood,+1-397-499-4339,+1-553-625-8953,2026-06-01 17:03:18,0,VOICE,,5G,0.08,0.0
R08-0000031,8,Pinewood,+1-739-698-9873,+1-979-977-0386,2026-06-01 13:48:22,557,VOICE,,4G,0.1,0.93
R08-0000032,8,Pinewood,+1-205-976-0923,+1-793-885-8462,2026-06-01 12:47:50,0,SMS,,4G,0.0,0.05
R08-0000033,8,Pinewood,+1-778-531-9037,+1-933-488-3654,2026-06-01 16:29:29,1322,VOICE,,4G,0.1,2.2
R08-0000034,8,Pinewood,+1-477-382-1554,,2026-06-01 14:11:18,141,DATA,220766968,4G,0.0,2.21
R08-0000035,8,Pinewood,+1-519-368-2942,+1-879-994-3479,2026-06-01 14:50:24,0,SMS,,5G,0.0,0.05
R08-0000036,8,Pinewood,+1-711-635-8429,+1-617-797-5705,2026-06-01 11:49:57,0,SMS,,4G,0.0,0.05
R08-0000037,8,Pinewood,+1-831-251-0356,+1-982-945-7847,2026-06-01 16:42:20,0,SMS,,4G,0.0,0.05
R08-0000038,8,Pinewood,+1-513-682-5124,+1-466-990-5820,2026-06-01 20:38:11,1883,VOICE,,5G,0.08,2.51
R08-0000039,8,Pinewood,+1-690-887-5204,,2026-06-01 08:19:58,1751,DATA,3696602,5G,0.0,0.04
R08-0000040,8,Pinewood,+1-790-818-4806,+1-234-979-4166,2026-06-01 07:19:19,3371,VOICE,,3G,0.12,6.74
R08-0000041,8,Pinewood,+1-891-666-5674,+1-715-548-1782,2026-06-01 18:36:36,3346,VOICE,,5G,0.08,4.46
R08-0000042,8,Pinewood,+1-507-947-5381,+1-829-886-3823,2026-06-01 09:09:34,0,SMS,,5G,0.0,0.05
R08-0000043,8,Pinewood,+1-578-572-2923,+1-964-222-1059,2026-06-01 22:04:44,0,SMS,,4G,0.0,0.05
R08-0000044,8,Pinewood,+1-697-407-5041,+1-812-231-5249,2026-06-01 20:08:10,2417,VOICE,,4G,0.1,4.03
R08-0000045,8,Pinewood,+1-591-763-6202,,2026-06-01 19:59:50,7069,DATA,439725243,4G,0.0,4.4
R08-0000046,8,Pinewood,+1-724-933-2140,,2026-06-01 00:54:58,6457,DATA,160578603,4G,0.0,1.61
R08-0000047,8,Pinewood,+1-914-897-4902,+1-334-730-9357,2026-06-01 00:30:19,3308,VOICE,,3G,0.12,6.62
R08-0000048,8,Pinewood,+1-688-204-4321,+1-561-492-6884,2026-06-01 03:03:48,2253,VOICE,,4G,0.1,3.75
R08-0000049,8,Pinewood,+1-542-422-6963,+1-695-204-2744,2026-06-01 00:20:39,0,SMS,,5G,0.0,0.05
R08-0000050,8,Pinewood,+1-755-362-0606,+1-565-777-5633,2026-06-01 15:04:18,0,SMS,,3G,0.0,0.05
R08-0000051,8,Pinewood,+1-242-340-5814,+1-222-534-9117,2026-06-01 11:59:26,1894,VOICE,,4G,0.1,3.16
R08-0000052,8,Pinewood,+1-501-527-9712,+1-897-216-2333,2026-06-01 23:34:54,864,VOICE,,3G,0.12,1.73
R08-0000053,8,Pinewood,+1-468-942-0868,+1-567-767-0513,2026-06-01 01:33:38,0,SMS,,3G,0.0,0.05
R08-0000054,8,Pinewood,+1-755-413-5899,+1-876-994-3087,2026-06-01 05:28:08,2448,VOICE,,4G,0.1,4.08
R08-0000055,8,Pinewood,+1-555-241-6479,+1-480-388-9879,2026-06-01 03:13:42,2644,VOICE,,4G,0.1,4.41
R08-0000056,8,Pinewood,+1-607-784-2660,+1-953-296-0606,2026-06-01 07:51:33,1495,VOICE,,3G,0.12,2.99
R08-0000057,8,Pinewood,+1-278-425-0842,,2026-06-01 11:43:52,1192,DATA,27077424,5G,0.0,0.27
R08-0000058,8,Pinewood,+1-282-948-2941,+1-284-991-5777,2026-06-01 12:04:58,1689,VOICE,,4G,0.1,2.81
R08-0000059,8,Pinewood,+1-544-725-8163,+1-570-662-4502,2026-06-01 00:51:03,0,SMS,,3G,0.0,0.05
R08-0000060,8,Pinewood,+1-463-486-6542,+1-989-362-7752,2026-06-01 05:36:38,418,VOICE,,4G,0.1,0.7
R08-0000061,8,Pinewood,+1-930-450-2365,,2026-06-01 05:17:11,5493,DATA,454231362,4G,0.0,4.54
R08-0000062,8,Pinewood,+1-665-287-0482,+1-895-493-0230,2026-06-01 18:38:29,106,VOICE,,3G,0.12,0.21
R08-0000063,8,Pinewood,+1-479-347-0303,+1-941-795-7202,2026-06-01 18:46:26,596,VOICE,,4G,0.1,0.99
R08-0000064,8,Pinewood,+1-261-346-9793,+1-236-440-8736,2026-06-01 22:50:31,2130,VOICE,,5G,0.08,2.84
R08-0000065,8,Pinewood,+1-323-701-6084,+1-749-642-1908,2026-06-01 11:33:14,0,SMS,,3G,0.0,0.05
R08-0000066,8,Pinewood,+1-213-877-0464,+1-446-738-7117,2026-06-01 00:32:49,3254,VOICE,,4G,0.1,5.42
R08-0000067,8,Pinewood,+1-327-402-7416,+1-470-380-6263,2026-06-01 14:07:25,1819,VOICE,,5G,0.08,2.43
R08-0000068,8,Pinewood,+1-438-567-1573,+1-491-808-6767,2026-06-01 13:32:23,0,SMS,,5G,0.0,0.05
R08-0000069,8,Pinewood,+1-308-499-7624,+1-243-408-4148,2026-06-01 23:14:58,605,VOICE,,4G,0.1,1.01
R08-0000070,8,Pinewood,+1-309-205-8023,+1-703-683-5595,2026-06-01 13:17:14,3335,VOICE,,4G,0.1,5.56
R08-0000071,8,Pinewood,+1-411-536-5741,+1-245-966-1523,2026-06-01 13:55:02,830,VOICE,,5G,0.08,1.11
R08-0000072,8,Pinewood,+1-723-367-9678,+1-805-471-5254,2026-06-01 06:54:29,2423,VOICE,,3G,0.12,4.85
R08-0000073,8,Pinewood,+1-607-600-3204,+1-380-683-9335,2026-06-01 09:38:26,0,SMS,,5G,0.0,0.05
R08-0000074,8,Pinewood,+1-581-425-2588,,2026-06-01 17:44:18,329,DATA,30869182,4G,0.0,0.31
R08-0000075,8,Pinewood,+1-611-909-3412,+1-851-494-4445,2026-06-01 05:59:36,1110,VOICE,,3G,0.12,2.22
R08-0000076,8,Pinewood,+1-243-650-6736,,2026-06-01 14:37:53,5614,DATA,216570212,4G,0.0,2.17
R08-0000077,8,Pinewood,+1-507-668-8815,+1-557-938-8603,2026-06-01 10:39:23,1558,VOICE,,5G,0.08,2.08
R08-0000078,8,Pinewood,+1-457-723-8658,+1-941-888-7688,2026-06-01 23:41:46,0,SMS,,4G,0.0,0.05
R08-0000079,8,Pinewood,+1-243-240-8881,+1-429-486-1524,2026-06-01 01:10:06,0,SMS,,4G,0.0,0.05
R08-0000080,8,Pinewood,+1-563-646-7511,+1-845-945-9696,2026-06-01 15:56:55,2427,VOICE,,4G,0.1,4.05
R08-0000081,8,Pinewood,+1-249-241-4628,+1-647-558-0561,2026-06-01 05:38:52,1502,VOICE,,5G,0.08,2.0
R08-0000082,8,Pinewood,+1-450-743-2792,+1-415-238-6362,2026-06-01 19:40:24,1609,VOICE,,3G,0.12,3.22
R08-0000083,8,Pinewood,+1-513-794-0935,,2026-06-01 22:05:40,1777,DATA,397032549,4G,0.0,3.97
R08-0000084,8,Pinewood,+1-613-876-2256,+1-787-592-5974,2026-06-01 19:14:26,0,SMS,,4G,0.0,0.05
R08-0000085,8,Pinewood,+1-356-372-7138,+1-308-372-4308,2026-06-01 23:05:48,0,SMS,,4G,0.0,0.05
R08-0000086,8,Pinewood,+1-510-957-6273,,2026-06-01 06:55:22,3817,DATA,314222004,4G,0.0,3.14
R08-0000087,8,Pinewood,+1-459-689-5534,,2026-06-01 03:04:51,5551,DATA,66679245,3G,0.0,0.67
R08-0000088,8,Pinewood,+1-461-881-4130,+1-245-854-2964,2026-06-01 05:35:03,2491,VOICE,,5G,0.08,3.32
R08-0000089,8,Pinewood,+1-593-205-4265,+1-729-867-7591,2026-06-01 22:01:43,1740,VOICE,,5G,0.08,2.32
R08-0000090,8,Pinewood,+1-270-963-0230,+1-211-907-3174,2026-06-01 22:17:33,2818,VOICE,,5G,0.08,3.76
R08-0000091,8,Pinewood,+1-834-687-8598,+1-957-313-6624,2026-06-01 06:35:09,983,VOICE,,4G,0.1,1.64
R08-0000092,8,Pinewood,+1-845-242-5232,+1-763-551-1668,2026-06-01 01:03:41,2985,VOICE,,3G,0.12,5.97
R08-0000093,8,Pinewood,+1-415-593-7738,,2026-06-01 01:16:33,4842,DATA,342579109,4G,0.0,3.43
R08-0000094,8,Pinewood,+1-564-947-4526,+1-747-296-7026,2026-06-01 08:35:24,3468,VOICE,,4G,0.1,5.78
R08-0000095,8,Pinewood,+1-272-694-4706,+1-830-912-4049,2026-06-01 17:12:01,1374,VOICE,,4G,0.1,2.29
R08-0000096,8,Pinewood,+1-619-269-3540,+1-686-218-9065,2026-06-01 09:24:55,1553,VOICE,,5G,0.08,2.07
R08-0000097,8,Pinewood,+1-346-853-6842,+1-831-373-3046,2026-06-01 22:27:51,0,SMS,,5G,0.0,0.05
R08-0000098,8,Pinewood,+1-388-358-4968,+1-985-626-4810,2026-06-01 05:41:42,0,SMS,,4G,0.0,0.05
R08-0000099,8,Pinewood,+1-271-841-4594,+1-203-368-1353,2026-06-01 03:43:52,2260,VOICE,,4G,0.1,3.77
R08-0000100,8,Pinewood,+1-633-662-4631,+1-241-343-9803,2026-06-01 17:54:41,564,VOICE,,5G,0.08,0.75
R08-0000101,8,Pinewood,+1-896-407-6977,+1-801-434-6575,2026-06-01 14:41:33,0,SMS,,5G,0.0,0.05
R08-0000102,8,Pinewood,+1-802-571-2744,+1-306-753-7776,2026-06-01 09:36:05,842,VOICE,,3G,0.12,1.68
R08-0000103,8,Pinewood,+1-321-878-5725,,2026-06-01 10:00:44,2748,DATA,492799517,3G,0.0,4.93
R08-0000104,8,Pinewood,+1-649-729-7904,+1-810-634-3273,2026-06-01 01:59:07,717,VOICE,,4G,0.1,1.2
R08-0000105,8,Pinewood,+1-730-301-8811,,2026-06-01 10:53:30,438,DATA,327824977,5G,0.0,3.28
R08-0000106,8,Pinewood,+1-225-279-0773,,2026-06-01 04:01:25,3963,DATA,28405581,4G,0.0,0.28
R08-0000107,8,Pinewood,+1-815-603-2004,,2026-06-01 15:32:49,4598,DATA,172534776,4G,0.0,1.73
R08-0000108,8,Pinewood,+1-740-635-8607,+1-949-868-2859,2026-06-01 01:17:15,1547,VOICE,,4G,0.1,2.58
R08-0000109,8,Pinewood,+1-756-724-0195,+1-866-467-9249,2026-06-01 03:03:53,0,SMS,,5G,0.0,0.05
R08-0000110,8,Pinewood,+1-432-646-9059,,2026-06-01 08:00:13,1412,DATA,270161197,3G,0.0,2.7
R08-0000111,8,Pinewood,+1-508-484-9063,+1-866-387-3256,2026-06-01 14:23:32,302,VOICE,,4G,0.1,0.5
R08-0000112,8,Pinewood,+1-986-760-9519,,2026-06-01 01:12:59,6825,DATA,117876749,5G,0.0,1.18
R08-0000113,8,Pinewood,+1-627-647-1905,+1-410-909-6777,2026-06-01 07:04:00,1431,VOICE,,5G,0.08,1.91
R08-0000114,8,Pinewood,+1-687-883-7655,+1-394-243-0762,2026-06-01 05:10:57,1791,VOICE,,4G,0.1,2.99
R08-0000115,8,Pinewood,+1-805-671-0913,+1-768-300-5582,2026-06-01 04:35:11,0,SMS,,4G,0.0,0.05
R08-0000116,8,Pinewood,+1-667-972-0115,,2026-06-01 16:07:11,5087,DATA,159993999,3G,0.0,1.6
R08-0000117,8,Pinewood,+1-628-275-6997,,2026-06-01 23:09:07,5058,DATA,56901340,4G,0.0,0.57
R08-0000118,8,Pinewood,+1-462-960-9556,+1-598-772-1731,2026-06-01 10:22:34,0,SMS,,5G,0.0,0.05
R08-0000119,8,Pinewood,+1-366-587-5500,,2026-06-01 15:38:09,969,DATA,397833722,4G,0.0,3.98
R08-0000120,8,Pinewood,+1-560-226-3660,+1-331-814-5386,2026-06-01 17:44:38,0,SMS,,5G,0.0,0.05
R08-0000121,8,Pinewood,+1-687-530-9564,+1-553-283-9034,2026-06-01 06:19:07,764,VOICE,,4G,0.1,1.27
R08-0000122,8,Pinewood,+1-814-894-2648,+1-687-745-5484,2026-06-01 06:08:11,1212,VOICE,,5G,0.08,1.62
R08-0000123,8,Pinewood,+1-497-470-8898,+1-804-851-6540,2026-06-01 06:10:29,0,SMS,,4G,0.0,0.05
R08-0000124,8,Pinewood,+1-448-588-8406,+1-626-836-0168,2026-06-01 12:58:47,0,SMS,,4G,0.0,0.05
R08-0000125,8,Pinewood,+1-769-453-4356,+1-500-872-8902,2026-06-01 18:42:48,2696,VOICE,,5G,0.08,3.59
R08-0000126,8,Pinewood,+1-560-610-1345,,2026-06-01 12:55:12,538,DATA,382026689,4G,0.0,3.82
R08-0000127,8,Pinewood,+1-425-904-1337,+1-605-642-2840,2026-06-01 21:13:33,1792,VOICE,,5G,0.08,2.39
R08-0000128,8,Pinewood,+1-600-896-4429,+1-565-452-2122,2026-06-01 03:56:11,0,SMS,,5G,0.0,0.05
R08-0000129,8,Pinewood,+1-537-851-4409,+1-921-872-3798,2026-06-01 22:22:33,0,SMS,,4G,0.0,0.05
R08-0000130,8,Pinewood,+1-666-813-4461,+1-709-490-4997,2026-06-01 21:45:21,3160,VOICE,,4G,0.1,5.27
R08-0000131,8,Pinewood,+1-625-815-5985,+1-917-887-2633,2026-06-01 10:09:33,3215,VOICE,,4G,0.1,5.36
R08-0000132,8,Pinewood,+1-239-789-3221,+1-774-284-3164,2026-06-01 20:34:14,1266,VOICE,,5G,0.08,1.69
R08-0000133,8,Pinewood,+1-361-340-8897,+1-345-965-6013,2026-06-01 04:33:31,369,VOICE,,4G,0.1,0.62
R08-0000134,8,Pinewood,+1-554-609-9115,+1-646-308-8368,2026-06-01 04:51:40,0,SMS,,3G,0.0,0.05
R08-0000135,8,Pinewood,+1-700-413-8720,+1-607-555-3240,2026-06-01 15:48:39,0,SMS,,4G,0.0,0.05
R08-0000136,8,Pinewood,+1-908-358-9516,+1-215-845-7987,2026-06-01 08:39:51,672,VOICE,,4G,0.1,1.12
R08-0000137,8,Pinewood,+1-360-567-6530,+1-549-918-4635,2026-06-01 18:13:25,0,SMS,,5G,0.0,0.05
R08-0000138,8,Pinewood,+1-959-283-5588,,2026-06-01 04:39:03,5501,DATA,278443843,4G,0.0,2.78
R08-0000139,8,Pinewood,+1-480-744-4001,+1-868-791-5032,2026-06-01 14:23:01,0,SMS,,4G,0.0,0.05
R08-0000140,8,Pinewood,+1-388-668-4316,+1-654-318-5417,2026-06-01 06:02:47,0,SMS,,5G,0.0,0.05
R08-0000141,8,Pinewood,+1-313-945-6326,+1-216-554-6995,2026-06-01 12:41:35,0,SMS,,4G,0.0,0.05
R08-0000142,8,Pinewood,+1-988-685-8999,+1-260-795-6008,2026-06-01 13:38:44,2890,VOICE,,4G,0.1,4.82
R08-0000143,8,Pinewood,+1-473-235-2726,+1-586-928-1121,2026-06-01 12:43:17,3230,VOICE,,4G,0.1,5.38
R08-0000144,8,Pinewood,+1-242-257-0392,+1-349-450-6784,2026-06-01 04:48:30,816,VOICE,,4G,0.1,1.36
R08-0000145,8,Pinewood,+1-639-966-9642,+1-812-365-2362,2026-06-01 19:35:16,0,SMS,,3G,0.0,0.05
R08-0000146,8,Pinewood,+1-583-841-1616,+1-824-583-7198,2026-06-01 20:40:07,0,SMS,,4G,0.0,0.05
R08-0000147,8,Pinewood,+1-436-367-6307,+1-578-343-2670,2026-06-01 17:15:25,2255,VOICE,,5G,0.08,3.01
R08-0000148,8,Pinewood,+1-639-667-2120,+1-742-714-8431,2026-06-01 06:25:46,1722,VOICE,,4G,0.1,2.87
R08-0000149,8,Pinewood,+1-950-528-4166,,2026-06-01 17:23:14,4735,DATA,359553155,4G,0.0,3.6
R08-0000150,8,Pinewood,+1-371-701-9892,+1-825-389-8862,2026-06-01 01:18:20,952,VOICE,,3G,0.12,1.9
R08-0000151,8,Pinewood,+1-275-837-0772,+1-279-372-0619,2026-06-01 22:41:52,0,SMS,,4G,0.0,0.05
R08-0000152,8,Pinewood,+1-264-215-6970,+1-631-336-8022,2026-06-01 03:19:49,1844,VOICE,,5G,0.08,2.46
R08-0000153,8,Pinewood,+1-685-819-1786,+1-346-878-5093,2026-06-01 11:05:43,0,SMS,,5G,0.0,0.05
R08-0000154,8,Pinewood,+1-533-754-2683,+1-894-734-7082,2026-06-01 16:03:51,2370,VOICE,,4G,0.1,3.95
R08-0000155,8,Pinewood,+1-426-708-5355,,2026-06-01 14:44:05,2405,DATA,47455242,5G,0.0,0.47
R08-0000156,8,Pinewood,+1-304-547-1188,+1-566-963-9655,2026-06-01 13:14:51,226,VOICE,,4G,0.1,0.38
R08-0000157,8,Pinewood,+1-526-822-9240,+1-510-428-5175,2026-06-01 02:47:34,0,SMS,,5G,0.0,0.05
R08-0000158,8,Pinewood,+1-640-873-0557,+1-806-411-7054,2026-06-01 03:33:21,0,SMS,,4G,0.0,0.05
R08-0000159,8,Pinewood,+1-723-985-0896,+1-445-440-9188,2026-06-01 23:25:38,0,SMS,,5G,0.0,0.05
R08-0000160,8,Pinewood,+1-958-276-7171,+1-341-397-0988,2026-06-01 18:11:10,0,SMS,,4G,0.0,0.05
R08-0000161,8,Pinewood,+1-635-968-7958,,2026-06-01 00:43:37,6036,DATA,309092231,4G,0.0,3.09
R08-0000162,8,Pinewood,+1-333-300-2340,+1-249-980-8681,2026-06-01 06:30:51,2700,VOICE,,5G,0.08,3.6
R08-0000163,8,Pinewood,+1-807-608-3708,+1-450-314-4949,2026-06-01 14:30:26,1130,VOICE,,3G,0.12,2.26
R08-0000164,8,Pinewood,+1-598-534-1529,+1-876-582-2366,2026-06-01 20:47:28,0,SMS,,5G,0.0,0.05
R08-0000165,8,Pinewood,+1-389-778-0530,+1-266-569-8101,2026-06-01 00:10:58,2906,VOICE,,5G,0.08,3.87
R08-0000166,8,Pinewood,+1-289-585-2191,,2026-06-01 08:14:01,3195,DATA,352010465,4G,0.0,3.52
R08-0000167,8,Pinewood,+1-439-544-4015,+1-856-801-8780,2026-06-01 16:58:52,3333,VOICE,,4G,0.1,5.55
R08-0000168,8,Pinewood,+1-597-352-7400,+1-932-524-3417,2026-06-01 23:57:25,1590,VOICE,,4G,0.1,2.65
R08-0000169,8,Pinewood,+1-208-565-0963,+1-663-787-9293,2026-06-01 04:08:52,1858,VOICE,,5G,0.08,2.48
R08-0000170,8,Pinewood,+1-412-237-2618,+1-219-752-5368,2026-06-01 21:53:33,42,VOICE,,5G,0.08,0.06
R08-0000171,8,Pinewood,+1-611-224-7202,+1-727-928-3230,2026-06-01 08:18:31,2436,VOICE,,5G,0.08,3.25
R08-0000172,8,Pinewood,+1-689-501-3485,+1-747-671-9008,2026-06-01 06:21:24,0,SMS,,4G,0.0,0.05
R08-0000173,8,Pinewood,+1-307-799-7288,+1-946-648-8801,2026-06-01 22:33:53,0,VOICE,,5G,0.08,0.0
R08-0000174,8,Pinewood,+1-934-449-8906,+1-847-247-4110,2026-06-01 17:09:20,0,SMS,,5G,0.0,0.05
R08-0000175,8,Pinewood,+1-801-262-1335,,2026-06-01 13:12:27,5658,DATA,182455251,5G,0.0,1.82
R08-0000176,8,Pinewood,+1-550-204-0181,+1-451-805-9872,2026-06-01 06:54:28,0,SMS,,5G,0.0,0.05
R08-0000177,8,Pinewood,+1-697-323-6391,+1-788-401-9083,2026-06-01 15:20:59,0,SMS,,4G,0.0,0.05
R08-0000178,8,Pinewood,+1-216-931-9196,+1-367-210-9128,2026-06-01 05:05:24,2184,VOICE,,5G,0.08,2.91
R08-0000179,8,Pinewood,+1-455-446-7351,+1-768-617-6040,2026-06-01 07:15:44,709,VOICE,,4G,0.1,1.18
R08-0000180,8,Pinewood,+1-857-503-1062,,2026-06-01 10:16:48,5186,DATA,3880116,4G,0.0,0.04
R08-0000181,8,Pinewood,+1-422-574-1352,,2026-06-01 21:52:30,4797,DATA,372969662,5G,0.0,3.73
R08-0000182,8,Pinewood,+1-546-483-2995,+1-271-835-3815,2026-06-01 14:27:46,3581,VOICE,,5G,0.08,4.77
R08-0000183,8,Pinewood,+1-912-466-2514,+1-640-988-9844,2026-06-01 17:54:05,3021,VOICE,,4G,0.1,5.04
R08-0000184,8,Pinewood,+1-712-909-5004,,2026-06-01 12:49:32,1614,DATA,437308145,4G,0.0,4.37
R08-0000185,8,Pinewood,+1-417-822-1348,+1-306-679-2240,2026-06-01 15:54:25,0,SMS,,4G,0.0,0.05
R08-0000186,8,Pinewood,+1-936-573-4660,+1-201-696-7220,2026-06-01 05:34:36,0,SMS,,5G,0.0,0.05
R08-0000187,8,Pinewood,+1-798-359-6491,,2026-06-01 20:04:45,463,DATA,448539997,4G,0.0,4.49
R08-0000188,8,Pinewood,+1-358-793-2073,,2026-06-01 18:16:52,4384,DATA,209340806,4G,0.0,2.09
R08-0000189,8,Pinewood,+1-505-668-4488,+1-882-701-2363,2026-06-01 02:13:15,1757,VOICE,,4G,0.1,2.93
R08-0000190,8,Pinewood,+1-212-962-1605,+1-682-674-4043,2026-06-01 08:39:41,0,SMS,,4G,0.0,0.05
R08-0000191,8,Pinewood,+1-207-619-7502,+1-781-365-7786,2026-06-01 03:16:15,0,SMS,,5G,0.0,0.05
R08-0000192,8,Pinewood,+1-597-912-8059,+1-868-591-3172,2026-06-01 08:38:20,1604,VOICE,,5G,0.08,2.14
R08-0000193,8,Pinewood,+1-678-266-1139,+1-251-262-0307,2026-06-01 07:39:26,0,SMS,,4G,0.0,0.05
R08-0000194,8,Pinewood,+1-620-281-3489,,2026-06-01 17:20:33,6196,DATA,452589234,4G,0.0,4.53
R08-0000195,8,Pinewood,+1-792-802-9565,+1-245-590-6771,2026-06-01 14:07:59,0,SMS,,3G,0.0,0.05
R08-0000196,8,Pinewood,+1-293-962-6708,,2026-06-01 22:39:27,3402,DATA,131852098,4G,0.0,1.32
R08-0000197,8,Pinewood,+1-377-766-4779,+1-428-426-1691,2026-06-01 00:55:34,2657,VOICE,,4G,0.1,4.43
R08-0000198,8,Pinewood,+1-377-749-1539,+1-969-823-4120,2026-06-01 15:38:56,0,SMS,,4G,0.0,0.05
R08-0000199,8,Pinewood,+1-781-923-5171,+1-576-281-4150,2026-06-01 15:55:47,0,SMS,,4G,0.0,0.05
R08-0000200,8,Pinewood,+1-869-611-6252,+1-277-301-6041,2026-06-01 02:49:39,601,VOICE,,5G,0.08,0.8
R08-0000201,8,Pinewood,+1-281-776-5611,+1-955-579-3381,2026-06-01 07:46:21,214,VOICE,,4G,0.1,0.36
R08-0000202,8,Pinewood,+1-522-416-0592,+1-412-712-5029,2026-06-01 17:03:40,1849,VOICE,,4G,0.1,3.08
R08-0000203,8,Pinewood,+1-594-398-4543,+1-933-677-8872,2026-06-01 01:12:42,640,VOICE,,4G,0.1,1.07
R08-0000204,8,Pinewood,+1-471-437-6771,+1-830-709-3206,2026-06-01 02:32:16,3317,VOICE,,4G,0.1,5.53
R08-0000205,8,Pinewood,+1-219-462-8938,+1-560-232-6495,2026-06-01 00:58:55,0,SMS,,4G,0.0,0.05
R08-0000206,8,Pinewood,+1-768-448-6719,+1-497-349-3982,2026-06-01 16:52:01,1290,VOICE,,5G,0.08,1.72
R08-0000207,8,Pinewood,+1-718-894-3107,+1-356-820-7157,2026-06-01 13:57:19,1731,VOICE,,5G,0.08,2.31
R08-0000208,8,Pinewood,+1-870-373-7976,,2026-06-01 21:50:55,2597,DATA,58002233,4G,0.0,0.58
R08-0000209,8,Pinewood,+1-442-387-8954,+1-295-252-0300,2026-06-01 15:42:16,0,SMS,,3G,0.0,0.05
R08-0000210,8,Pinewood,+1-369-451-7762,,2026-06-01 11:18:02,4430,DATA,612985,4G,0.0,0.01
R08-0000211,8,Pinewood,+1-792-646-0794,+1-361-762-8769,2026-06-01 12:19:09,0,SMS,,4G,0.0,0.05
R08-0000212,8,Pinewood,+1-902-618-6747,+1-693-334-3168,2026-06-01 04:05:31,120,VOICE,,5G,0.08,0.16
R08-0000213,8,Pinewood,+1-953-285-2759,+1-880-319-9968,2026-06-01 09:44:43,1116,VOICE,,4G,0.1,1.86
R08-0000214,8,Pinewood,+1-368-630-9258,+1-297-763-3599,2026-06-01 21:43:01,895,VOICE,,4G,0.1,1.49
R08-0000215,8,Pinewood,+1-617-320-7284,+1-566-707-2198,2026-06-01 22:29:12,0,SMS,,5G,0.0,0.05
R08-0000216,8,Pinewood,+1-738-355-9538,+1-843-568-4487,2026-06-01 07:44:16,287,VOICE,,5G,0.08,0.38
R08-0000217,8,Pinewood,+1-280-283-6917,+1-714-539-2930,2026-06-01 10:55:38,0,SMS,,3G,0.0,0.05
R08-0000218,8,Pinewood,+1-763-256-7721,+1-923-921-2104,2026-06-01 18:35:58,2185,VOICE,,4G,0.1,3.64
R08-0000219,8,Pinewood,+1-500-716-6153,+1-797-650-4125,2026-06-01 18:28:20,0,SMS,,4G,0.0,0.05
R08-0000220,8,Pinewood,+1-291-793-9121,,2026-06-01 02:28:06,4249,DATA,480040375,4G,0.0,4.8
R08-0000221,8,Pinewood,+1-721-241-9007,+1-591-582-1164,2026-06-01 11:00:57,2361,VOICE,,5G,0.08,3.15
R08-0000222,8,Pinewood,+1-724-812-3847,+1-819-972-9540,2026-06-01 12:40:52,0,SMS,,5G,0.0,0.05
R08-0000223,8,Pinewood,+1-314-893-3143,,2026-06-01 20:36:27,3119,DATA,267339538,5G,0.0,2.67
R08-0000224,8,Pinewood,+1-407-637-5090,,2026-06-01 18:17:44,2021,DATA,121902293,4G,0.0,1.22
R08-0000225,8,Pinewood,+1-820-522-3788,,2026-06-01 15:56:50,1165,DATA,420476317,4G,0.0,4.2
R08-0000226,8,Pinewood,+1-219-559-4753,+1-436-741-3830,2026-06-01 21:02:47,0,SMS,,4G,0.0,0.05
R08-0000227,8,Pinewood,+1-565-958-9672,,2026-06-01 14:21:28,3620,DATA,470374776,4G,0.0,4.7
R08-0000228,8,Pinewood,+1-224-289-8715,+1-558-621-9849,2026-06-01 12:36:56,1936,VOICE,,4G,0.1,3.23
R08-0000229,8,Pinewood,+1-680-464-8996,+1-530-201-0269,2026-06-01 14:22:23,1890,VOICE,,3G,0.12,3.78
R08-0000230,8,Pinewood,+1-891-885-7327,+1-493-489-3716,2026-06-01 21:27:24,0,SMS,,4G,0.0,0.05
R08-0000231,8,Pinewood,+1-273-528-3727,,2026-06-01 20:26:16,5210,DATA,247389538,5G,0.0,2.47
R08-0000232,8,Pinewood,+1-807-961-5110,+1-490-569-8246,2026-06-01 17:44:22,0,SMS,,4G,0.0,0.05
R08-0000233,8,Pinewood,+1-397-890-8483,,2026-06-01 07:58:18,137,DATA,439269959,4G,0.0,4.39
R08-0000234,8,Pinewood,+1-516-565-8073,+1-227-605-3801,2026-06-01 15:42:06,2185,VOICE,,4G,0.1,3.64
R08-0000235,8,Pinewood,+1-423-847-3137,,2026-06-01 03:31:51,1343,DATA,411795240,5G,0.0,4.12
R08-0000236,8,Pinewood,+1-978-283-0487,+1-926-939-9521,2026-06-01 22:57:21,3249,VOICE,,3G,0.12,6.5
R08-0000237,8,Pinewood,+1-808-678-7427,,2026-06-01 12:49:12,2252,DATA,100476266,5G,0.0,1.0
R08-0000238,8,Pinewood,+1-756-232-6314,,2026-06-01 12:00:46,765,DATA,373125835,3G,0.0,3.73
R08-0000239,8,Pinewood,+1-506-962-6010,+1-201-777-5788,2026-06-01 19:36:22,1422,VOICE,,4G,0.1,2.37
R08-0000240,8,Pinewood,+1-497-995-3749,+1-422-744-1098,2026-06-01 15:54:45,2756,VOICE,,5G,0.08,3.67
R08-0000241,8,Pinewood,+1-719-979-9447,+1-444-234-4122,2026-06-01 15:16:31,0,SMS,,4G,0.0,0.05
R08-0000242,8,Pinewood,+1-488-896-7282,+1-634-394-0694,2026-06-01 03:30:17,3099,VOICE,,5G,0.08,4.13
R08-0000243,8,Pinewood,+1-425-533-6550,,2026-06-01 20:52:53,1474,DATA,322017016,5G,0.0,3.22
R08-0000244,8,Pinewood,+1-318-982-8619,+1-901-222-7206,2026-06-01 12:14:48,942,VOICE,,4G,0.1,1.57
R08-0000245,8,Pinewood,+1-478-774-2615,+1-936-452-1858,2026-06-01 22:55:01,0,SMS,,5G,0.0,0.05
R08-0000246,8,Pinewood,+1-451-263-8440,+1-644-640-3700,2026-06-01 22:34:09,1355,VOICE,,4G,0.1,2.26
R08-0000247,8,Pinewood,+1-422-483-1985,+1-936-514-8306,2026-06-01 16:24:36,1411,VOICE,,4G,0.1,2.35
R08-0000248,8,Pinewood,+1-834-876-8444,+1-757-919-6390,2026-06-01 22:50:19,1315,VOICE,,4G,0.1,2.19
R08-0000249,8,Pinewood,+1-480-216-0038,+1-362-203-6191,2026-06-01 04:37:30,0,SMS,,3G,0.0,0.05
R08-0000250,8,Pinewood,+1-473-979-5182,+1-398-240-8938,2026-06-01 22:46:01,0,SMS,,3G,0.0,0.05
R08-0000251,8,Pinewood,+1-525-909-8613,+1-863-303-2887,2026-06-01 14:04:45,1716,VOICE,,4G,0.1,2.86
R08-0000252,8,Pinewood,+1-832-548-4552,+1-807-599-9533,2026-06-01 22:11:19,1201,VOICE,,4G,0.1,2.0
R08-0000253,8,Pinewood,+1-420-954-3212,+1-681-240-6639,2026-06-01 01:42:07,0,SMS,,5G,0.0,0.05
R08-0000254,8,Pinewood,+1-581-534-0414,+1-884-716-8004,2026-06-01 23:08:14,1097,VOICE,,4G,0.1,1.83
R08-0000255,8,Pinewood,+1-480-639-8410,+1-666-291-2101,2026-06-01 03:43:13,0,SMS,,4G,0.0,0.05
R08-0000256,8,Pinewood,+1-523-876-0260,+1-440-494-7868,2026-06-01 17:23:00,297,VOICE,,4G,0.1,0.5
R08-0000257,8,Pinewood,+1-281-284-0854,+1-983-238-7911,2026-06-01 03:18:57,0,SMS,,4G,0.0,0.05
R08-0000258,8,Pinewood,+1-792-335-3678,+1-473-304-0110,2026-06-01 14:22:01,2832,VOICE,,5G,0.08,3.78
R08-0000259,8,Pinewood,+1-330-909-0182,+1-383-440-3390,2026-06-01 18:59:21,0,SMS,,4G,0.0,0.05
R08-0000260,8,Pinewood,+1-652-274-2651,+1-734-307-4790,2026-06-01 14:55:06,443,VOICE,,4G,0.1,0.74
R08-0000261,8,Pinewood,+1-699-575-0673,+1-889-661-9467,2026-06-01 03:58:46,0,SMS,,3G,0.0,0.05
R08-0000262,8,Pinewood,+1-228-694-5147,,2026-06-01 06:43:39,6242,DATA,310491436,4G,0.0,3.1
R08-0000263,8,Pinewood,+1-422-947-8029,+1-737-562-5030,2026-06-01 01:43:51,756,VOICE,,4G,0.1,1.26
R08-0000264,8,Pinewood,+1-444-669-5346,+1-207-206-4602,2026-06-01 18:24:25,464,VOICE,,4G,0.1,0.77
R08-0000265,8,Pinewood,+1-450-968-1095,+1-369-370-1929,2026-06-01 00:14:57,0,SMS,,5G,0.0,0.05
R08-0000266,8,Pinewood,+1-807-901-4234,+1-771-692-2480,2026-06-01 02:28:43,2071,VOICE,,4G,0.1,3.45
R08-0000267,8,Pinewood,+1-468-978-8437,+1-550-869-1767,2026-06-01 16:28:10,1165,VOICE,,4G,0.1,1.94
R08-0000268,8,Pinewood,+1-756-728-3234,,2026-06-01 03:23:46,4623,DATA,339498341,3G,0.0,3.39
R08-0000269,8,Pinewood,+1-252-320-2370,+1-276-394-2469,2026-06-01 04:01:23,0,SMS,,4G,0.0,0.05
R08-0000270,8,Pinewood,+1-214-796-1410,,2026-06-01 06:31:11,6017,DATA,224906484,4G,0.0,2.25
R08-0000271,8,Pinewood,+1-425-290-3691,+1-428-365-3176,2026-06-01 21:03:37,0,SMS,,3G,0.0,0.05
R08-0000272,8,Pinewood,+1-492-304-0927,+1-780-608-5608,2026-06-01 17:59:41,1243,VOICE,,4G,0.1,2.07
R08-0000273,8,Pinewood,+1-452-493-0770,+1-945-759-2071,2026-06-01 08:12:36,0,SMS,,4G,0.0,0.05
R08-0000274,8,Pinewood,+1-435-364-8942,,2026-06-01 00:25:42,3484,DATA,51592484,4G,0.0,0.52
R08-0000275,8,Pinewood,+1-389-258-7745,+1-315-499-8943,2026-06-01 03:48:44,1535,VOICE,,5G,0.08,2.05
R08-0000276,8,Pinewood,+1-860-475-8354,,2026-06-01 00:24:10,6667,DATA,460036260,4G,0.0,4.6
R08-0000277,8,Pinewood,+1-977-248-2700,,2026-06-01 04:02:22,5381,DATA,139649868,3G,0.0,1.4
R08-0000278,8,Pinewood,+1-720-533-8640,+1-554-431-7671,2026-06-01 09:12:55,2163,VOICE,,3G,0.12,4.33
R08-0000279,8,Pinewood,+1-264-718-5471,,2026-06-01 04:14:25,721,DATA,23850944,4G,0.0,0.24
R08-0000280,8,Pinewood,+1-304-775-2152,+1-916-338-8901,2026-06-01 06:48:14,0,SMS,,3G,0.0,0.05
R08-0000281,8,Pinewood,+1-204-355-8794,+1-803-327-2743,2026-06-01 17:22:28,0,SMS,,5G,0.0,0.05
R08-0000282,8,Pinewood,+1-236-816-2773,,2026-06-01 18:44:54,2494,DATA,12394774,5G,0.0,0.12
R08-0000283,8,Pinewood,+1-847-777-0465,+1-341-663-1845,2026-06-01 21:21:05,1233,VOICE,,5G,0.08,1.64
R08-0000284,8,Pinewood,+1-641-216-1404,+1-270-310-6419,2026-06-01 05:55:24,2704,VOICE,,4G,0.1,4.51
R08-0000285,8,Pinewood,+1-408-838-9993,+1-283-279-2669,2026-06-01 19:28:11,1342,VOICE,,4G,0.1,2.24
R08-0000286,8,Pinewood,+1-921-712-7498,,2026-06-01 20:27:07,4811,DATA,489069335,5G,0.0,4.89
R08-0000287,8,Pinewood,+1-874-943-6081,,2026-06-01 11:49:44,1869,DATA,495163855,4G,0.0,4.95
R08-0000288,8,Pinewood,+1-978-386-7414,+1-719-452-3712,2026-06-01 01:20:55,2209,VOICE,,3G,0.12,4.42
R08-0000289,8,Pinewood,+1-716-995-4486,+1-485-984-7466,2026-06-01 01:53:49,1025,VOICE,,5G,0.08,1.37
R08-0000290,8,Pinewood,+1-262-465-3708,,2026-06-01 10:35:19,1543,DATA,252379982,4G,0.0,2.52
R08-0000291,8,Pinewood,+1-880-339-3629,,2026-06-01 22:24:42,5741,DATA,5636702,3G,0.0,0.06
R08-0000292,8,Pinewood,+1-438-833-3470,+1-236-982-0253,2026-06-01 03:08:43,0,SMS,,4G,0.0,0.05
R08-0000293,8,Pinewood,+1-253-847-6511,+1-506-782-1984,2026-06-01 15:15:08,0,SMS,,3G,0.0,0.05
R08-0000294,8,Pinewood,+1-370-975-1236,,2026-06-01 10:19:51,1818,DATA,258735703,4G,0.0,2.59
R08-0000295,8,Pinewood,+1-949-317-0875,+1-895-986-9781,2026-06-01 21:46:56,1502,VOICE,,3G,0.12,3.0
R08-0000296,8,Pinewood,+1-343-441-3776,+1-257-210-4891,2026-06-01 01:20:50,0,SMS,,4G,0.0,0.05
R08-0000297,8,Pinewood,+1-572-704-7576,+1-735-366-2919,2026-06-01 22:22:50,3404,VOICE,,4G,0.1,5.67
R08-0000298,8,Pinewood,+1-202-837-8238,+1-816-402-3934,2026-06-01 16:26:40,0,SMS,,4G,0.0,0.05
R08-0000299,8,Pinewood,+1-979-761-8746,+1-338-420-4624,2026-06-01 16:54:16,2062,VOICE,,3G,0.12,4.12
R08-0000300,8,Pinewood,+1-712-307-7059,+1-635-227-9344,2026-06-01 05:58:30,0,SMS,,5G,0.0,0.05
R08-0000301,8,Pinewood,+1-545-464-7399,+1-665-694-0012,2026-06-01 11:06:34,0,SMS,,5G,0.0,0.05
R08-0000302,8,Pinewood,+1-792-342-5959,+1-658-360-2707,2026-06-01 13:43:34,2697,VOICE,,4G,0.1,4.5
R08-0000303,8,Pinewood,+1-631-311-3185,+1-619-471-9728,2026-06-01 17:47:15,539,VOICE,,3G,0.12,1.08
R08-0000304,8,Pinewood,+1-532-795-6690,,2026-06-01 21:18:28,1464,DATA,304367418,4G,0.0,3.04
R08-0000305,8,Pinewood,+1-603-902-8393,,2026-06-01 06:11:09,4531,DATA,161981039,4G,0.0,1.62
R08-0000306,8,Pinewood,+1-361-924-4910,,2026-06-01 21:34:18,6658,DATA,143388101,4G,0.0,1.43
R08-0000307,8,Pinewood,+1-755-718-7535,+1-982-583-4417,2026-06-01 00:55:42,2118,VOICE,,5G,0.08,2.82
R08-0000308,8,Pinewood,+1-227-481-8261,+1-381-549-3981,2026-06-01 14:51:32,1757,VOICE,,5G,0.08,2.34
R08-0000309,8,Pinewood,+1-449-718-9213,+1-602-327-8276,2026-06-01 11:14:48,0,SMS,,5G,0.0,0.05
R08-0000310,8,Pinewood,+1-616-334-9048,+1-643-372-4457,2026-06-01 10:50:13,0,SMS,,4G,0.0,0.05
R08-0000311,8,Pinewood,+1-457-585-5996,+1-823-243-8749,2026-06-01 02:34:15,2913,VOICE,,4G,0.1,4.86
R08-0000312,8,Pinewood,+1-565-825-7468,+1-876-492-4955,2026-06-01 03:29:01,0,SMS,,4G,0.0,0.05
R08-0000313,8,Pinewood,+1-647-882-8794,+1-641-992-6557,2026-06-01 15:44:28,1043,VOICE,,5G,0.08,1.39
R08-0000314,8,Pinewood,+1-745-266-8013,+1-694-215-5765,2026-06-01 07:50:30,1953,VOICE,,3G,0.12,3.91
R08-0000315,8,Pinewood,+1-922-352-5964,+1-504-411-5148,2026-06-01 00:06:08,267,VOICE,,5G,0.08,0.36
R08-0000316,8,Pinewood,+1-551-620-3394,+1-515-528-1726,2026-06-01 17:25:37,0,VOICE,,4G,0.1,0.0
R08-0000317,8,Pinewood,+1-383-909-0844,+1-313-304-8181,2026-06-01 01:42:24,1186,VOICE,,4G,0.1,1.98
R08-0000318,8,Pinewood,+1-792-221-6041,+1-679-549-1713,2026-06-01 09:08:42,2497,VOICE,,4G,0.1,4.16
R08-0000319,8,Pinewood,+1-258-758-1618,,2026-06-01 00:50:53,587,DATA,32890615,5G,0.0,0.33
R08-0000320,8,Pinewood,+1-758-433-1321,+1-509-638-6406,2026-06-01 07:37:21,1914,VOICE,,5G,0.08,2.55
R08-0000321,8,Pinewood,+1-646-580-4147,,2026-06-01 20:31:09,1142,DATA,468429564,4G,0.0,4.68
R08-0000322,8,Pinewood,+1-642-675-5643,+1-579-974-2542,2026-06-01 17:25:50,583,VOICE,,4G,0.1,0.97
R08-0000323,8,Pinewood,+1-328-443-6400,+1-306-792-7680,2026-06-01 01:19:30,0,SMS,,3G,0.0,0.05
R08-0000324,8,Pinewood,+1-723-416-0616,,2026-06-01 11:38:49,3252,DATA,57029539,4G,0.0,0.57
R08-0000325,8,Pinewood,+1-504-277-4659,+1-534-580-7304,2026-06-01 22:01:32,3488,VOICE,,5G,0.08,4.65
R08-0000326,8,Pinewood,+1-665-643-8079,+1-786-200-7290,2026-06-01 20:03:21,0,SMS,,3G,0.0,0.05
R08-0000327,8,Pinewood,+1-472-260-3919,+1-598-850-3298,2026-06-01 10:38:46,2573,VOICE,,4G,0.1,4.29
R08-0000328,8,Pinewood,+1-392-428-4541,,2026-06-01 09:16:19,3613,DATA,81928666,4G,0.0,0.82
R08-0000329,8,Pinewood,+1-471-681-1447,+1-917-336-9410,2026-06-01 19:43:28,1821,VOICE,,4G,0.1,3.04
R08-0000330,8,Pinewood,+1-646-550-9826,+1-966-353-3584,2026-06-01 14:08:58,0,SMS,,4G,0.0,0.05
R08-0000331,8,Pinewood,+1-610-849-2156,+1-503-490-8836,2026-06-01 23:21:09,2271,VOICE,,4G,0.1,3.79
R08-0000332,8,Pinewood,+1-837-960-8254,+1-257-298-0003,2026-06-01 00:46:38,0,SMS,,4G,0.0,0.05
R08-0000333,8,Pinewood,+1-605-575-4735,+1-202-460-3897,2026-06-01 19:06:35,2012,VOICE,,4G,0.1,3.35
R08-0000334,8,Pinewood,+1-477-907-6419,,2026-06-01 20:04:02,3149,DATA,336648503,4G,0.0,3.37
R08-0000335,8,Pinewood,+1-647-637-3739,+1-340-800-8071,2026-06-01 22:57:53,1595,VOICE,,3G,0.12,3.19
R08-0000336,8,Pinewood,+1-817-422-2825,+1-882-313-1060,2026-06-01 00:00:49,2833,VOICE,,4G,0.1,4.72
R08-0000337,8,Pinewood,+1-434-711-0203,+1-797-412-8376,2026-06-01 10:54:53,2138,VOICE,,5G,0.08,2.85
R08-0000338,8,Pinewood,+1-276-741-0250,+1-766-366-4565,2026-06-01 02:54:58,3352,VOICE,,4G,0.1,5.59
R08-0000339,8,Pinewood,+1-530-740-5150,,2026-06-01 03:12:04,2454,DATA,352516653,5G,0.0,3.53
R08-0000340,8,Pinewood,+1-913-774-7838,+1-799-423-3141,2026-06-01 23:58:03,3127,VOICE,,4G,0.1,5.21
R08-0000341,8,Pinewood,+1-288-570-6646,+1-802-938-6453,2026-06-01 10:44:42,2177,VOICE,,5G,0.08,2.9
R08-0000342,8,Pinewood,+1-845-823-2631,+1-302-563-7675,2026-06-01 09:24:53,0,VOICE,,4G,0.1,0.0
R08-0000343,8,Pinewood,+1-714-959-9132,+1-686-953-3695,2026-06-01 18:58:34,0,SMS,,4G,0.0,0.05
R08-0000344,8,Pinewood,+1-837-944-4767,+1-666-664-3884,2026-06-01 20:50:38,2634,VOICE,,4G,0.1,4.39
R08-0000345,8,Pinewood,+1-248-677-3308,+1-643-858-1037,2026-06-01 15:22:34,745,VOICE,,4G,0.1,1.24
R08-0000346,8,Pinewood,+1-493-788-2373,+1-781-780-6895,2026-06-01 16:31:51,43,VOICE,,5G,0.08,0.06
R08-0000347,8,Pinewood,+1-451-276-5086,+1-976-488-5328,2026-06-01 07:49:32,0,VOICE,,5G,0.08,0.0
R08-0000348,8,Pinewood,+1-286-298-0811,+1-295-287-9535,2026-06-01 07:45:57,0,SMS,,4G,0.0,0.05
R08-0000349,8,Pinewood,+1-522-694-8802,+1-857-834-6803,2026-06-01 08:49:07,0,SMS,,4G,0.0,0.05
R08-0000350,8,Pinewood,+1-433-826-6169,+1-769-386-3447,2026-06-01 21:24:24,982,VOICE,,5G,0.08,1.31
R08-0000351,8,Pinewood,+1-207-770-5824,+1-928-568-6812,2026-06-01 08:18:53,0,VOICE,,4G,0.1,0.0
R08-0000352,8,Pinewood,+1-706-505-8997,+1-539-831-3538,2026-06-01 10:02:44,301,VOICE,,5G,0.08,0.4
R08-0000353,8,Pinewood,+1-515-324-0721,+1-806-507-5686,2026-06-01 07:02:51,2025,VOICE,,4G,0.1,3.38
R08-0000354,8,Pinewood,+1-294-586-1904,+1-208-592-1980,2026-06-01 15:41:36,0,SMS,,5G,0.0,0.05
R08-0000355,8,Pinewood,+1-876-738-5038,+1-313-574-8953,2026-06-01 03:36:52,1833,VOICE,,4G,0.1,3.06
R08-0000356,8,Pinewood,+1-558-264-5332,,2026-06-01 14:05:24,4800,DATA,293131899,5G,0.0,2.93
R08-0000357,8,Pinewood,+1-767-842-8567,,2026-06-01 05:51:25,3406,DATA,141806225,3G,0.0,1.42
R08-0000358,8,Pinewood,+1-930-206-8179,+1-378-259-5849,2026-06-01 12:05:15,0,SMS,,5G,0.0,0.05
R08-0000359,8,Pinewood,+1-538-735-5241,+1-278-977-6139,2026-06-01 14:30:12,0,SMS,,5G,0.0,0.05
R08-0000360,8,Pinewood,+1-451-667-7408,+1-546-967-7367,2026-06-01 20:11:58,372,VOICE,,4G,0.1,0.62
R08-0000361,8,Pinewood,+1-933-590-4735,+1-441-705-1324,2026-06-01 19:07:39,0,SMS,,5G,0.0,0.05
R08-0000362,8,Pinewood,+1-264-993-8419,+1-587-261-2052,2026-06-01 04:25:36,3525,VOICE,,4G,0.1,5.88
R08-0000363,8,Pinewood,+1-470-781-8057,+1-693-714-8991,2026-06-01 11:46:20,0,SMS,,5G,0.0,0.05
R08-0000364,8,Pinewood,+1-757-585-8736,,2026-06-01 14:18:57,60,DATA,487015616,5G,0.0,4.87
R08-0000365,8,Pinewood,+1-203-463-7369,+1-699-396-4479,2026-06-01 04:03:39,0,VOICE,,3G,0.12,0.0
R08-0000366,8,Pinewood,+1-651-352-9003,+1-669-972-2457,2026-06-01 22:46:37,1666,VOICE,,4G,0.1,2.78
R08-0000367,8,Pinewood,+1-590-364-0794,+1-459-579-6090,2026-06-01 20:05:12,0,SMS,,4G,0.0,0.05
R08-0000368,8,Pinewood,+1-593-766-8939,+1-330-452-1652,2026-06-01 08:08:48,3342,VOICE,,4G,0.1,5.57
R08-0000369,8,Pinewood,+1-262-970-3466,+1-656-755-1463,2026-06-01 15:39:23,2832,VOICE,,5G,0.08,3.78
R08-0000370,8,Pinewood,+1-371-781-8991,+1-984-539-6962,2026-06-01 02:41:32,0,SMS,,5G,0.0,0.05
R08-0000371,8,Pinewood,+1-243-482-1972,+1-362-943-3557,2026-06-01 03:59:08,2848,VOICE,,5G,0.08,3.8
R08-0000372,8,Pinewood,+1-665-904-4852,+1-733-666-4521,2026-06-01 02:16:36,0,SMS,,5G,0.0,0.05
R08-0000373,8,Pinewood,+1-525-642-1478,+1-514-456-5750,2026-06-01 15:11:21,1016,VOICE,,4G,0.1,1.69
R08-0000374,8,Pinewood,+1-446-668-2346,+1-754-264-0548,2026-06-01 16:11:13,2665,VOICE,,4G,0.1,4.44
R08-0000375,8,Pinewood,+1-967-659-5906,,2026-06-01 08:59:04,1664,DATA,69026229,5G,0.0,0.69
R08-0000376,8,Pinewood,+1-734-486-8925,+1-804-486-7103,2026-06-01 08:31:46,2519,VOICE,,4G,0.1,4.2
R08-0000377,8,Pinewood,+1-664-451-0116,+1-941-590-6333,2026-06-01 21:09:06,549,VOICE,,5G,0.08,0.73
R08-0000378,8,Pinewood,+1-920-424-4531,+1-320-548-6585,2026-06-01 23:33:21,2617,VOICE,,5G,0.08,3.49
R08-0000379,8,Pinewood,+1-587-492-3707,+1-759-685-9211,2026-06-01 14:52:27,3261,VOICE,,4G,0.1,5.44
R08-0000380,8,Pinewood,+1-268-763-3818,,2026-06-01 23:10:18,3448,DATA,284773499,4G,0.0,2.85
R08-0000381,8,Pinewood,+1-528-377-7726,+1-861-541-6545,2026-06-01 11:15:20,0,SMS,,5G,0.0,0.05
R08-0000382,8,Pinewood,+1-536-463-6228,+1-400-740-1520,2026-06-01 20:26:30,0,SMS,,5G,0.0,0.05
R08-0000383,8,Pinewood,+1-803-954-2877,+1-405-529-5160,2026-06-01 05:36:48,3120,VOICE,,4G,0.1,5.2
R08-0000384,8,Pinewood,+1-687-840-2078,+1-836-858-7883,2026-06-01 03:22:51,3347,VOICE,,4G,0.1,5.58
R08-0000385,8,Pinewood,+1-489-209-1348,+1-648-531-6276,2026-06-01 19:32:14,0,SMS,,4G,0.0,0.05
R08-0000386,8,Pinewood,+1-278-689-1067,,2026-06-01 20:09:50,6302,DATA,52175595,4G,0.0,0.52
R08-0000387,8,Pinewood,+1-894-918-5046,,2026-06-01 05:48:23,1101,DATA,201480114,4G,0.0,2.01
R08-0000388,8,Pinewood,+1-284-249-4957,+1-293-957-1598,2026-06-01 21:36:29,2823,VOICE,,4G,0.1,4.71
R08-0000389,8,Pinewood,+1-685-612-4530,+1-252-957-1142,2026-06-01 07:59:36,0,SMS,,4G,0.0,0.05
R08-0000390,8,Pinewood,+1-347-836-5772,+1-248-259-4590,2026-06-01 20:17:12,0,SMS,,3G,0.0,0.05
R08-0000391,8,Pinewood,+1-657-916-3245,+1-896-677-3159,2026-06-01 05:43:28,3479,VOICE,,3G,0.12,6.96
R08-0000392,8,Pinewood,+1-485-361-1385,,2026-06-01 18:13:43,3202,DATA,84217809,3G,0.0,0.84
R08-0000393,8,Pinewood,+1-961-234-3091,+1-724-344-1824,2026-06-01 20:32:42,2164,VOICE,,5G,0.08,2.89
R08-0000394,8,Pinewood,+1-794-287-9247,+1-892-997-9172,2026-06-01 21:34:30,0,VOICE,,4G,0.1,0.0
R08-0000395,8,Pinewood,+1-787-241-7211,+1-434-767-1202,2026-06-01 18:15:36,406,VOICE,,4G,0.1,0.68
R08-0000396,8,Pinewood,+1-533-592-5567,+1-633-731-2484,2026-06-01 02:33:18,1387,VOICE,,4G,0.1,2.31
R08-0000397,8,Pinewood,+1-599-648-1817,+1-337-983-9442,2026-06-01 04:59:00,2802,VOICE,,4G,0.1,4.67
R08-0000398,8,Pinewood,+1-230-218-5938,+1-729-227-4790,2026-06-01 07:01:21,0,SMS,,4G,0.0,0.05
R08-0000399,8,Pinewood,+1-802-508-1349,,2026-06-01 20:21:11,2761,DATA,358777575,4G,0.0,3.59
R08-0000400,8,Pinewood,+1-704-381-8825,+1-520-262-7399,2026-06-01 16:09:30,0,SMS,,4G,0.0,0.05
R08-0000401,8,Pinewood,+1-764-537-2121,+1-855-460-1623,2026-06-01 02:09:56,1947,VOICE,,5G,0.08,2.6
R08-0000402,8,Pinewood,+1-856-620-3748,+1-525-511-8637,2026-06-01 23:36:47,1041,VOICE,,5G,0.08,1.39
R08-0000403,8,Pinewood,+1-566-932-4868,+1-353-681-5803,2026-06-01 22:28:31,0,SMS,,4G,0.0,0.05
R08-0000404,8,Pinewood,+1-988-736-2011,,2026-06-01 05:47:44,4259,DATA,138787854,5G,0.0,1.39
R08-0000405,8,Pinewood,+1-502-239-8303,+1-770-327-2226,2026-06-01 03:01:33,421,VOICE,,4G,0.1,0.7
R08-0000406,8,Pinewood,+1-909-600-4821,,2026-06-01 14:59:03,6834,DATA,422504067,4G,0.0,4.23
R08-0000407,8,Pinewood,+1-437-641-4574,+1-764-340-7023,2026-06-01 19:22:05,0,SMS,,4G,0.0,0.05
R08-0000408,8,Pinewood,+1-332-698-6423,,2026-06-01 06:03:31,4662,DATA,60472851,4G,0.0,0.6
R08-0000409,8,Pinewood,+1-385-477-4599,,2026-06-01 04:20:36,7097,DATA,121848193,5G,0.0,1.22
R08-0000410,8,Pinewood,+1-704-686-9558,+1-813-859-7171,2026-06-01 00:10:16,893,VOICE,,4G,0.1,1.49
R08-0000411,8,Pinewood,+1-295-221-0518,,2026-06-01 09:42:43,5478,DATA,380422642,4G,0.0,3.8
R08-0000412,8,Pinewood,+1-522-719-9575,+1-556-918-4371,2026-06-01 04:19:16,500,VOICE,,5G,0.08,0.67
R08-0000413,8,Pinewood,+1-245-519-5220,+1-943-479-4505,2026-06-01 23:06:48,0,SMS,,4G,0.0,0.05
R08-0000414,8,Pinewood,+1-837-781-8009,+1-472-738-2696,2026-06-01 07:59:32,3435,VOICE,,4G,0.1,5.73
R08-0000415,8,Pinewood,+1-729-720-3122,+1-454-985-3361,2026-06-01 09:52:44,0,SMS,,4G,0.0,0.05
R08-0000416,8,Pinewood,+1-450-548-6203,+1-973-492-7791,2026-06-01 06:58:46,0,SMS,,5G,0.0,0.05
R08-0000417,8,Pinewood,+1-680-712-5242,+1-804-458-1974,2026-06-01 18:47:37,0,VOICE,,4G,0.1,0.0
R08-0000418,8,Pinewood,+1-254-633-8569,+1-389-692-5883,2026-06-01 19:14:28,0,SMS,,4G,0.0,0.05
R08-0000419,8,Pinewood,+1-700-773-4109,+1-965-514-8139,2026-06-01 09:05:17,862,VOICE,,5G,0.08,1.15
R08-0000420,8,Pinewood,+1-636-542-7445,+1-250-937-4523,2026-06-01 08:34:04,0,VOICE,,5G,0.08,0.0
R08-0000421,8,Pinewood,+1-377-622-6920,+1-624-507-0466,2026-06-01 12:52:16,0,SMS,,5G,0.0,0.05
R08-0000422,8,Pinewood,+1-206-429-0667,+1-530-749-0368,2026-06-01 19:17:05,3472,VOICE,,4G,0.1,5.79
R08-0000423,8,Pinewood,+1-959-663-0709,,2026-06-01 20:59:13,4511,DATA,60907950,4G,0.0,0.61
R08-0000424,8,Pinewood,+1-763-232-6496,,2026-06-01 15:56:21,6123,DATA,482204682,4G,0.0,4.82
R08-0000425,8,Pinewood,+1-292-844-1500,+1-467-415-5241,2026-06-01 07:12:32,0,SMS,,4G,0.0,0.05
R08-0000426,8,Pinewood,+1-354-234-2439,+1-367-757-9645,2026-06-01 03:06:29,0,SMS,,3G,0.0,0.05
R08-0000427,8,Pinewood,+1-830-203-7200,+1-768-682-8358,2026-06-01 23:24:39,0,SMS,,3G,0.0,0.05
R08-0000428,8,Pinewood,+1-941-651-2920,,2026-06-01 06:09:12,6953,DATA,2207009,4G,0.0,0.02
R08-0000429,8,Pinewood,+1-270-786-0932,,2026-06-01 21:16:26,1024,DATA,60596223,4G,0.0,0.61
R08-0000430,8,Pinewood,+1-931-600-7632,+1-294-601-1414,2026-06-01 17:03:45,2031,VOICE,,3G,0.12,4.06
R08-0000431,8,Pinewood,+1-481-925-7681,+1-247-570-9291,2026-06-01 11:19:13,1993,VOICE,,5G,0.08,2.66
R08-0000432,8,Pinewood,+1-361-670-1364,+1-820-319-0671,2026-06-01 17:50:28,0,SMS,,5G,0.0,0.05
R08-0000433,8,Pinewood,+1-331-533-6233,+1-894-750-9791,2026-06-01 10:19:06,995,VOICE,,3G,0.12,1.99
R08-0000434,8,Pinewood,+1-708-946-1042,+1-325-564-5497,2026-06-01 18:33:41,287,VOICE,,4G,0.1,0.48
R08-0000435,8,Pinewood,+1-767-328-2861,,2026-06-01 02:31:06,3069,DATA,194550599,5G,0.0,1.95
R08-0000436,8,Pinewood,+1-977-847-8840,+1-671-367-6409,2026-06-01 11:27:48,1677,VOICE,,3G,0.12,3.35
R08-0000437,8,Pinewood,+1-402-471-2694,+1-388-958-1668,2026-06-01 12:34:52,1266,VOICE,,4G,0.1,2.11
R08-0000438,8,Pinewood,+1-830-204-3365,+1-629-703-5904,2026-06-01 08:18:55,2690,VOICE,,3G,0.12,5.38
R08-0000439,8,Pinewood,+1-959-472-3421,,2026-06-01 12:29:27,5945,DATA,172719015,3G,0.0,1.73
R08-0000440,8,Pinewood,+1-726-756-7873,+1-630-653-2039,2026-06-01 02:26:18,847,VOICE,,4G,0.1,1.41
R08-0000441,8,Pinewood,+1-752-330-8374,+1-966-279-3467,2026-06-01 06:15:47,0,VOICE,,5G,0.08,0.0
R08-0000442,8,Pinewood,+1-679-562-7003,+1-902-720-8395,2026-06-01 22:35:58,786,VOICE,,5G,0.08,1.05
R08-0000443,8,Pinewood,+1-225-200-1124,+1-322-868-8359,2026-06-01 18:06:58,3219,VOICE,,3G,0.12,6.44
R08-0000444,8,Pinewood,+1-811-998-5374,+1-783-686-7248,2026-06-01 09:33:33,0,SMS,,4G,0.0,0.05
R08-0000445,8,Pinewood,+1-817-528-4372,+1-303-470-2813,2026-06-01 03:20:40,0,SMS,,3G,0.0,0.05
R08-0000446,8,Pinewood,+1-833-871-0104,+1-664-915-3594,2026-06-01 19:18:21,0,SMS,,4G,0.0,0.05
R08-0000447,8,Pinewood,+1-917-588-8394,+1-804-809-2985,2026-06-01 22:34:12,2483,VOICE,,5G,0.08,3.31
R08-0000448,8,Pinewood,+1-226-957-4532,+1-907-516-6629,2026-06-01 21:27:01,0,SMS,,4G,0.0,0.05
R08-0000449,8,Pinewood,+1-397-953-3970,+1-678-979-9834,2026-06-01 00:07:12,0,SMS,,5G,0.0,0.05
R08-0000450,8,Pinewood,+1-921-212-5552,+1-303-839-4375,2026-06-01 09:39:30,3232,VOICE,,4G,0.1,5.39
R08-0000451,8,Pinewood,+1-790-358-7711,+1-306-713-6961,2026-06-01 15:01:08,0,SMS,,4G,0.0,0.05
R08-0000452,8,Pinewood,+1-855-797-6591,,2026-06-01 18:00:20,3164,DATA,476557825,5G,0.0,4.77
R08-0000453,8,Pinewood,+1-817-576-9492,+1-441-820-9981,2026-06-01 06:28:22,2294,VOICE,,4G,0.1,3.82
R08-0000454,8,Pinewood,+1-573-312-3730,+1-421-219-8585,2026-06-01 06:29:08,1273,VOICE,,5G,0.08,1.7
R08-0000455,8,Pinewood,+1-606-762-5106,+1-302-774-0735,2026-06-01 21:41:28,0,SMS,,3G,0.0,0.05
R08-0000456,8,Pinewood,+1-683-872-4071,+1-655-687-6271,2026-06-01 04:47:07,2155,VOICE,,5G,0.08,2.87
R08-0000457,8,Pinewood,+1-445-651-7376,+1-529-271-0912,2026-06-01 06:23:49,0,SMS,,4G,0.0,0.05
R08-0000458,8,Pinewood,+1-732-965-5743,+1-349-751-3137,2026-06-01 06:39:49,496,VOICE,,4G,0.1,0.83
R08-0000459,8,Pinewood,+1-473-886-7228,,2026-06-01 22:02:21,3344,DATA,79955489,4G,0.0,0.8
R08-0000460,8,Pinewood,+1-966-545-5039,+1-760-711-1039,2026-06-01 12:36:04,0,SMS,,5G,0.0,0.05
R08-0000461,8,Pinewood,+1-221-216-6975,+1-401-356-6094,2026-06-01 21:13:56,0,SMS,,5G,0.0,0.05
R08-0000462,8,Pinewood,+1-740-879-7254,+1-201-734-6936,2026-06-01 17:05:42,2007,VOICE,,5G,0.08,2.68
R08-0000463,8,Pinewood,+1-868-517-6110,,2026-06-01 01:41:03,3063,DATA,58112210,4G,0.0,0.58
R08-0000464,8,Pinewood,+1-920-561-3096,+1-839-718-1508,2026-06-01 12:16:12,3486,VOICE,,3G,0.12,6.97
R08-0000465,8,Pinewood,+1-801-669-3998,+1-976-436-1470,2026-06-01 00:44:03,0,SMS,,4G,0.0,0.05
R08-0000466,8,Pinewood,+1-652-380-8878,+1-218-591-4477,2026-06-01 21:15:02,3548,VOICE,,3G,0.12,7.1
R08-0000467,8,Pinewood,+1-536-569-4853,+1-484-652-3254,2026-06-01 08:31:12,718,VOICE,,3G,0.12,1.44
R08-0000468,8,Pinewood,+1-674-726-9867,+1-722-242-8226,2026-06-01 00:14:45,2125,VOICE,,3G,0.12,4.25
R08-0000469,8,Pinewood,+1-878-545-6652,+1-633-839-9993,2026-06-01 23:52:24,3337,VOICE,,5G,0.08,4.45
R08-0000470,8,Pinewood,+1-526-751-0350,+1-597-860-7126,2026-06-01 03:28:06,0,SMS,,4G,0.0,0.05
R08-0000471,8,Pinewood,+1-922-481-6030,+1-570-723-2851,2026-06-01 03:38:11,362,VOICE,,4G,0.1,0.6
R08-0000472,8,Pinewood,+1-619-626-5701,+1-515-535-3542,2026-06-01 17:30:50,2014,VOICE,,4G,0.1,3.36
R08-0000473,8,Pinewood,+1-566-361-9733,,2026-06-01 17:51:31,6256,DATA,166898760,3G,0.0,1.67
R08-0000474,8,Pinewood,+1-510-300-4079,+1-479-658-3412,2026-06-01 04:07:22,2575,VOICE,,5G,0.08,3.43
R08-0000475,8,Pinewood,+1-709-378-0540,+1-667-756-6243,2026-06-01 04:59:23,0,SMS,,4G,0.0,0.05
R08-0000476,8,Pinewood,+1-916-390-8178,+1-297-916-4244,2026-06-01 01:39:40,603,VOICE,,5G,0.08,0.8
R08-0000477,8,Pinewood,+1-740-743-1495,+1-448-458-2151,2026-06-01 01:54:51,288,VOICE,,3G,0.12,0.58
R08-0000478,8,Pinewood,+1-959-377-1649,+1-800-827-5423,2026-06-01 13:12:13,2196,VOICE,,3G,0.12,4.39
R08-0000479,8,Pinewood,+1-262-443-6027,+1-947-577-3526,2026-06-01 21:25:18,0,SMS,,4G,0.0,0.05
R08-0000480,8,Pinewood,+1-917-599-4504,+1-870-261-4023,2026-06-01 08:31:20,3229,VOICE,,4G,0.1,5.38
R08-0000481,8,Pinewood,+1-579-984-6147,,2026-06-01 00:18:00,2116,DATA,218935486,4G,0.0,2.19
R08-0000482,8,Pinewood,+1-431-865-5866,,2026-06-01 01:07:16,4478,DATA,416818094,4G,0.0,4.17
R08-0000483,8,Pinewood,+1-702-902-6241,+1-534-506-7410,2026-06-01 21:57:12,1927,VOICE,,4G,0.1,3.21
R08-0000484,8,Pinewood,+1-529-873-9214,+1-268-427-9888,2026-06-01 11:50:39,3067,VOICE,,5G,0.08,4.09
R08-0000485,8,Pinewood,+1-526-595-1505,+1-359-893-3934,2026-06-01 12:27:22,944,VOICE,,4G,0.1,1.57
R08-0000486,8,Pinewood,+1-338-956-7805,+1-231-314-4292,2026-06-01 05:02:32,1188,VOICE,,5G,0.08,1.58
R08-0000487,8,Pinewood,+1-393-855-8467,+1-320-462-1653,2026-06-01 01:43:16,514,VOICE,,4G,0.1,0.86
R08-0000488,8,Pinewood,+1-410-466-3051,,2026-06-01 10:54:48,6078,DATA,373690102,4G,0.0,3.74
R08-0000489,8,Pinewood,+1-500-622-3664,,2026-06-01 21:42:27,30,DATA,364428489,4G,0.0,3.64
R08-0000490,8,Pinewood,+1-416-974-5933,+1-532-730-1217,2026-06-01 06:51:50,2252,VOICE,,4G,0.1,3.75
R08-0000491,8,Pinewood,+1-439-814-9897,,2026-06-01 08:05:18,3010,DATA,369118576,5G,0.0,3.69
R08-0000492,8,Pinewood,+1-411-753-5528,+1-794-525-2568,2026-06-01 20:32:36,0,SMS,,4G,0.0,0.05
R08-0000493,8,Pinewood,+1-202-886-6773,+1-453-495-5029,2026-06-01 16:07:11,527,VOICE,,4G,0.1,0.88
R08-0000494,8,Pinewood,+1-238-715-5894,+1-506-902-4227,2026-06-01 04:41:36,530,VOICE,,5G,0.08,0.71
R08-0000495,8,Pinewood,+1-323-366-8036,+1-815-537-0861,2026-06-01 10:45:23,2346,VOICE,,5G,0.08,3.13
R08-0000496,8,Pinewood,+1-736-463-0931,+1-837-219-7624,2026-06-01 07:15:14,1748,VOICE,,5G,0.08,2.33
R08-0000497,8,Pinewood,+1-718-520-1038,+1-612-271-5470,2026-06-01 22:15:23,488,VOICE,,3G,0.12,0.98
R08-0000498,8,Pinewood,+1-603-703-9995,+1-413-559-3577,2026-06-01 13:30:36,1281,VOICE,,4G,0.1,2.14
R08-0000499,8,Pinewood,+1-293-770-2050,,2026-06-01 15:11:52,4587,DATA,11016143,4G,0.0,0.11
R08-0000500,8,Pinewood,+1-470-971-6297,+1-298-329-7201,2026-06-01 19:18:43,1295,VOICE,,4G,0.1,2.16
R08-0000501,8,Pinewood,+1-802-207-6261,+1-372-396-9899,2026-06-01 09:17:57,0,SMS,,4G,0.0,0.05
R08-0000502,8,Pinewood,+1-447-218-8258,+1-787-910-7065,2026-06-01 20:23:28,1787,VOICE,,4G,0.1,2.98
R08-0000503,8,Pinewood,+1-242-609-2040,,2026-06-01 09:50:53,875,DATA,394627903,4G,0.0,3.95
R08-0000504,8,Pinewood,+1-973-997-4340,+1-438-923-8797,2026-06-01 19:59:18,907,VOICE,,3G,0.12,1.81
R08-0000505,8,Pinewood,+1-883-627-5133,+1-862-274-4786,2026-06-01 03:32:03,0,SMS,,4G,0.0,0.05
R08-0000506,8,Pinewood,+1-494-801-9820,+1-964-469-3781,2026-06-01 23:21:54,3020,VOICE,,4G,0.1,5.03
R08-0000507,8,Pinewood,+1-945-825-7282,,2026-06-01 23:22:59,6229,DATA,245581053,5G,0.0,2.46
R08-0000508,8,Pinewood,+1-797-606-2951,,2026-06-01 06:38:51,3288,DATA,175612104,3G,0.0,1.76
R08-0000509,8,Pinewood,+1-514-693-0723,+1-482-941-8055,2026-06-01 17:46:26,2624,VOICE,,4G,0.1,4.37
R08-0000510,8,Pinewood,+1-438-207-9003,+1-410-494-6163,2026-06-01 06:09:33,0,SMS,,5G,0.0,0.05
R08-0000511,8,Pinewood,+1-811-926-8999,+1-495-262-5467,2026-06-01 04:45:50,0,SMS,,5G,0.0,0.05
R08-0000512,8,Pinewood,+1-662-406-0622,+1-931-738-3763,2026-06-01 21:22:45,3151,VOICE,,5G,0.08,4.2
R08-0000513,8,Pinewood,+1-741-908-8228,+1-446-608-6092,2026-06-01 21:54:11,0,SMS,,3G,0.0,0.05
R08-0000514,8,Pinewood,+1-634-902-7613,+1-881-728-0543,2026-06-01 08:23:15,0,SMS,,5G,0.0,0.05
R08-0000515,8,Pinewood,+1-581-320-9879,+1-238-605-8474,2026-06-01 10:59:19,433,VOICE,,4G,0.1,0.72
R08-0000516,8,Pinewood,+1-378-519-0278,,2026-06-01 10:03:43,1952,DATA,230352877,3G,0.0,2.3
R08-0000517,8,Pinewood,+1-389-719-8218,+1-857-532-1854,2026-06-01 17:01:30,2998,VOICE,,3G,0.12,6.0
R08-0000518,8,Pinewood,+1-602-830-5032,+1-611-392-9465,2026-06-01 17:03:48,367,VOICE,,3G,0.12,0.73
R08-0000519,8,Pinewood,+1-431-203-4097,+1-342-532-1309,2026-06-01 09:41:31,2529,VOICE,,5G,0.08,3.37
R08-0000520,8,Pinewood,+1-759-467-4458,+1-890-577-0139,2026-06-01 16:52:53,1617,VOICE,,5G,0.08,2.16
R08-0000521,8,Pinewood,+1-286-826-6335,+1-925-557-2207,2026-06-01 05:39:45,1872,VOICE,,3G,0.12,3.74
R08-0000522,8,Pinewood,+1-504-331-6927,+1-533-216-8059,2026-06-01 09:27:26,2677,VOICE,,4G,0.1,4.46
R08-0000523,8,Pinewood,+1-911-958-1734,+1-812-534-2693,2026-06-01 09:50:44,2274,VOICE,,5G,0.08,3.03
R08-0000524,8,Pinewood,+1-750-523-3497,,2026-06-01 20:32:58,6583,DATA,41234714,4G,0.0,0.41
R08-0000525,8,Pinewood,+1-740-340-3657,,2026-06-01 07:49:09,3246,DATA,393713429,4G,0.0,3.94
R08-0000526,8,Pinewood,+1-507-665-3664,+1-235-383-4032,2026-06-01 19:20:58,720,VOICE,,4G,0.1,1.2
R08-0000527,8,Pinewood,+1-391-559-7833,+1-782-325-1965,2026-06-01 03:05:18,0,SMS,,3G,0.0,0.05
R08-0000528,8,Pinewood,+1-848-998-6515,+1-714-488-6811,2026-06-01 11:58:33,0,SMS,,4G,0.0,0.05
R08-0000529,8,Pinewood,+1-449-563-6072,+1-804-763-5430,2026-06-01 12:39:34,0,SMS,,5G,0.0,0.05
R08-0000530,8,Pinewood,+1-753-230-6524,,2026-06-01 04:30:36,1473,DATA,426067657,4G,0.0,4.26
R08-0000531,8,Pinewood,+1-696-227-8562,,2026-06-01 18:09:47,4208,DATA,361091711,4G,0.0,3.61
R08-0000532,8,Pinewood,+1-354-635-2263,+1-715-545-4400,2026-06-01 15:02:59,0,SMS,,4G,0.0,0.05
R08-0000533,8,Pinewood,+1-697-260-0407,+1-259-955-8864,2026-06-01 14:02:06,0,SMS,,3G,0.0,0.05
R08-0000534,8,Pinewood,+1-966-803-5606,,2026-06-01 05:33:13,4047,DATA,141956277,4G,0.0,1.42
R08-0000535,8,Pinewood,+1-450-766-7252,+1-770-911-4097,2026-06-01 22:34:07,205,VOICE,,3G,0.12,0.41
R08-0000536,8,Pinewood,+1-816-780-5667,+1-856-360-1034,2026-06-01 07:00:27,0,SMS,,4G,0.0,0.05
R08-0000537,8,Pinewood,+1-238-529-1123,,2026-06-01 15:09:10,5689,DATA,145198696,5G,0.0,1.45
R08-0000538,8,Pinewood,+1-661-808-7758,,2026-06-01 15:06:20,3535,DATA,416944137,5G,0.0,4.17
R08-0000539,8,Pinewood,+1-421-930-0919,+1-391-737-9211,2026-06-01 01:45:35,0,SMS,,4G,0.0,0.05
R08-0000540,8,Pinewood,+1-568-316-0365,+1-752-706-6602,2026-06-01 08:44:25,548,VOICE,,4G,0.1,0.91
R08-0000541,8,Pinewood,+1-631-691-7752,+1-739-875-7085,2026-06-01 23:53:58,2302,VOICE,,3G,0.12,4.6
R08-0000542,8,Pinewood,+1-289-285-4772,+1-785-622-0795,2026-06-01 20:12:11,2292,VOICE,,5G,0.08,3.06
R08-0000543,8,Pinewood,+1-233-817-5432,+1-641-412-1995,2026-06-01 21:55:22,0,SMS,,4G,0.0,0.05
R08-0000544,8,Pinewood,+1-219-888-4826,+1-816-990-0244,2026-06-01 09:09:41,2064,VOICE,,4G,0.1,3.44
R08-0000545,8,Pinewood,+1-454-924-9259,+1-357-856-4911,2026-06-01 01:44:36,0,SMS,,4G,0.0,0.05
R08-0000546,8,Pinewood,+1-982-490-7445,+1-311-972-5943,2026-06-01 05:28:37,1372,VOICE,,5G,0.08,1.83
R08-0000547,8,Pinewood,+1-546-362-8293,,2026-06-01 02:37:03,2748,DATA,161051616,4G,0.0,1.61
R08-0000548,8,Pinewood,+1-559-986-2052,,2026-06-01 00:42:26,6219,DATA,350759152,4G,0.0,3.51
R08-0000549,8,Pinewood,+1-624-499-7828,+1-347-590-3085,2026-06-01 08:47:37,1061,VOICE,,5G,0.08,1.41
R08-0000550,8,Pinewood,+1-688-914-7148,+1-537-952-7041,2026-06-01 14:00:29,1712,VOICE,,4G,0.1,2.85
R08-0000551,8,Pinewood,+1-822-970-1776,,2026-06-01 05:06:33,5552,DATA,187487429,4G,0.0,1.87
R08-0000552,8,Pinewood,+1-537-726-3296,+1-667-520-8802,2026-06-01 14:33:51,3510,VOICE,,4G,0.1,5.85
R08-0000553,8,Pinewood,+1-230-495-0529,+1-347-837-0041,2026-06-01 01:13:17,0,SMS,,5G,0.0,0.05
R08-0000554,8,Pinewood,+1-603-283-4290,+1-713-284-9926,2026-06-01 20:11:49,2031,VOICE,,5G,0.08,2.71
R08-0000555,8,Pinewood,+1-312-417-7980,+1-569-651-0801,2026-06-01 09:58:19,414,VOICE,,5G,0.08,0.55
R08-0000556,8,Pinewood,+1-206-226-6602,+1-510-434-1120,2026-06-01 23:59:58,0,SMS,,4G,0.0,0.05
R08-0000557,8,Pinewood,+1-989-759-4572,,2026-06-01 20:33:41,2801,DATA,122652742,5G,0.0,1.23
R08-0000558,8,Pinewood,+1-828-948-5314,+1-625-495-2469,2026-06-01 03:22:24,0,SMS,,4G,0.0,0.05
R08-0000559,8,Pinewood,+1-772-522-5221,,2026-06-01 19:31:41,6917,DATA,465954296,3G,0.0,4.66
R08-0000560,8,Pinewood,+1-636-635-2846,+1-295-449-5223,2026-06-01 04:29:04,0,SMS,,4G,0.0,0.05
R08-0000561,8,Pinewood,+1-361-555-7025,+1-777-402-4673,2026-06-01 07:42:11,394,VOICE,,4G,0.1,0.66
R08-0000562,8,Pinewood,+1-211-627-1152,+1-726-280-2076,2026-06-01 11:18:43,2880,VOICE,,3G,0.12,5.76
R08-0000563,8,Pinewood,+1-689-475-5556,+1-633-767-3062,2026-06-01 06:16:43,1041,VOICE,,4G,0.1,1.74
R08-0000564,8,Pinewood,+1-981-979-4255,+1-789-347-9717,2026-06-01 02:07:44,0,SMS,,4G,0.0,0.05
R08-0000565,8,Pinewood,+1-356-584-2093,,2026-06-01 14:40:52,7090,DATA,381581900,5G,0.0,3.82
R08-0000566,8,Pinewood,+1-491-620-4746,+1-321-862-2925,2026-06-01 12:16:44,744,VOICE,,4G,0.1,1.24
R08-0000567,8,Pinewood,+1-881-576-7634,+1-362-875-3269,2026-06-01 22:01:07,2851,VOICE,,4G,0.1,4.75
R08-0000568,8,Pinewood,+1-488-322-4068,+1-252-576-0585,2026-06-01 23:20:32,3504,VOICE,,3G,0.12,7.01
R08-0000569,8,Pinewood,+1-483-227-8982,+1-860-605-3609,2026-06-01 04:24:48,0,SMS,,4G,0.0,0.05
R08-0000570,8,Pinewood,+1-490-839-0432,+1-586-262-5079,2026-06-01 18:21:01,0,SMS,,4G,0.0,0.05
R08-0000571,8,Pinewood,+1-649-674-1047,+1-595-268-9860,2026-06-01 07:27:14,0,SMS,,5G,0.0,0.05
R08-0000572,8,Pinewood,+1-928-328-1911,+1-490-684-7612,2026-06-01 06:32:15,2827,VOICE,,4G,0.1,4.71
R08-0000573,8,Pinewood,+1-207-281-5425,+1-699-376-7574,2026-06-01 00:47:00,0,SMS,,5G,0.0,0.05
R08-0000574,8,Pinewood,+1-843-716-5352,+1-926-542-7028,2026-06-01 17:18:49,2654,VOICE,,5G,0.08,3.54
R08-0000575,8,Pinewood,+1-871-211-4920,+1-485-469-6742,2026-06-01 18:52:07,0,VOICE,,3G,0.12,0.0
R08-0000576,8,Pinewood,+1-281-659-9607,+1-660-536-5906,2026-06-01 18:59:21,1622,VOICE,,5G,0.08,2.16
R08-0000577,8,Pinewood,+1-539-291-3091,+1-214-827-3913,2026-06-01 23:57:13,0,SMS,,4G,0.0,0.05
R08-0000578,8,Pinewood,+1-659-221-7966,+1-318-588-8286,2026-06-01 01:14:03,1040,VOICE,,4G,0.1,1.73
R08-0000579,8,Pinewood,+1-434-492-1507,+1-741-638-7942,2026-06-01 08:51:29,0,SMS,,5G,0.0,0.05
R08-0000580,8,Pinewood,+1-607-492-2713,+1-202-394-5382,2026-06-01 02:22:43,3093,VOICE,,5G,0.08,4.12
R08-0000581,8,Pinewood,+1-258-233-4176,+1-838-567-3140,2026-06-01 15:11:55,629,VOICE,,3G,0.12,1.26
R08-0000582,8,Pinewood,+1-989-390-3939,+1-567-869-7368,2026-06-01 12:43:38,1170,VOICE,,4G,0.1,1.95
R08-0000583,8,Pinewood,+1-763-886-0040,,2026-06-01 07:55:34,1661,DATA,301125354,5G,0.0,3.01
R08-0000584,8,Pinewood,+1-829-867-5792,+1-358-963-6374,2026-06-01 02:53:24,2647,VOICE,,5G,0.08,3.53
R08-0000585,8,Pinewood,+1-863-827-1231,+1-299-299-8872,2026-06-01 19:25:05,424,VOICE,,4G,0.1,0.71
R08-0000586,8,Pinewood,+1-726-469-9384,+1-516-753-7867,2026-06-01 10:35:04,3359,VOICE,,4G,0.1,5.6
R08-0000587,8,Pinewood,+1-852-643-5997,+1-806-323-9746,2026-06-01 16:36:56,3288,VOICE,,4G,0.1,5.48
R08-0000588,8,Pinewood,+1-734-268-9078,+1-843-313-6742,2026-06-01 14:35:21,0,SMS,,4G,0.0,0.05
R08-0000589,8,Pinewood,+1-201-438-5957,+1-351-240-1551,2026-06-01 20:16:34,0,SMS,,4G,0.0,0.05
R08-0000590,8,Pinewood,+1-556-963-1718,+1-754-847-4315,2026-06-01 22:48:53,0,SMS,,3G,0.0,0.05
R08-0000591,8,Pinewood,+1-504-914-0494,+1-824-246-1695,2026-06-01 10:53:24,1173,VOICE,,4G,0.1,1.96
R08-0000592,8,Pinewood,+1-813-741-2152,+1-964-557-2184,2026-06-01 10:24:31,2254,VOICE,,4G,0.1,3.76
R08-0000593,8,Pinewood,+1-329-386-1428,+1-462-319-9339,2026-06-01 04:37:55,0,SMS,,5G,0.0,0.05
R08-0000594,8,Pinewood,+1-383-329-0309,+1-395-241-3028,2026-06-01 18:45:59,0,VOICE,,4G,0.1,0.0
R08-0000595,8,Pinewood,+1-933-824-6378,+1-725-830-0245,2026-06-01 03:31:42,0,SMS,,4G,0.0,0.05
R08-0000596,8,Pinewood,+1-364-453-6283,+1-980-668-0414,2026-06-01 22:23:25,0,SMS,,4G,0.0,0.05
R08-0000597,8,Pinewood,+1-561-682-0191,,2026-06-01 16:16:57,2112,DATA,377904014,5G,0.0,3.78
R08-0000598,8,Pinewood,+1-254-479-9970,+1-865-930-4541,2026-06-01 17:57:50,0,SMS,,5G,0.0,0.05
R08-0000599,8,Pinewood,+1-877-648-6738,+1-576-585-8465,2026-06-01 06:25:32,477,VOICE,,5G,0.08,0.64
R08-0000600,8,Pinewood,+1-683-388-3346,+1-969-734-4083,2026-06-01 20:05:13,1362,VOICE,,4G,0.1,2.27
R08-0000601,8,Pinewood,+1-236-921-3733,+1-779-659-0761,2026-06-01 04:34:32,2211,VOICE,,3G,0.12,4.42
R08-0000602,8,Pinewood,+1-722-887-6618,+1-527-975-0357,2026-06-01 17:32:16,0,SMS,,4G,0.0,0.05
R08-0000603,8,Pinewood,+1-547-845-1095,+1-324-891-6336,2026-06-01 19:11:36,0,SMS,,4G,0.0,0.05
R08-0000604,8,Pinewood,+1-716-523-5914,+1-276-246-8074,2026-06-01 07:45:24,2723,VOICE,,5G,0.08,3.63
R08-0000605,8,Pinewood,+1-812-346-7362,+1-455-785-5991,2026-06-01 13:46:39,0,SMS,,4G,0.0,0.05
R08-0000606,8,Pinewood,+1-635-296-1185,+1-843-374-4999,2026-06-01 18:18:25,0,SMS,,3G,0.0,0.05
R08-0000607,8,Pinewood,+1-646-733-7232,+1-451-804-3919,2026-06-01 04:07:43,1038,VOICE,,3G,0.12,2.08
R08-0000608,8,Pinewood,+1-456-632-5083,+1-721-873-6724,2026-06-01 17:32:30,2291,VOICE,,5G,0.08,3.05
R08-0000609,8,Pinewood,+1-875-918-8311,,2026-06-01 01:08:24,6675,DATA,317780400,3G,0.0,3.18
R08-0000610,8,Pinewood,+1-836-382-9015,+1-779-744-5786,2026-06-01 21:18:09,2648,VOICE,,4G,0.1,4.41
R08-0000611,8,Pinewood,+1-446-604-2304,+1-518-409-8859,2026-06-01 09:37:00,2278,VOICE,,4G,0.1,3.8
R08-0000612,8,Pinewood,+1-796-454-0786,,2026-06-01 18:31:37,2485,DATA,316970792,4G,0.0,3.17
R08-0000613,8,Pinewood,+1-748-902-4288,+1-616-256-5396,2026-06-01 00:27:21,1661,VOICE,,5G,0.08,2.21
R08-0000614,8,Pinewood,+1-888-496-0889,+1-520-332-7658,2026-06-01 21:48:20,0,SMS,,3G,0.0,0.05
R08-0000615,8,Pinewood,+1-919-687-2076,+1-366-531-5659,2026-06-01 07:04:58,2856,VOICE,,4G,0.1,4.76
R08-0000616,8,Pinewood,+1-893-881-3634,,2026-06-01 01:00:05,4694,DATA,412002977,5G,0.0,4.12
R08-0000617,8,Pinewood,+1-779-514-9484,+1-311-302-4601,2026-06-01 06:51:42,0,SMS,,5G,0.0,0.05
R08-0000618,8,Pinewood,+1-955-641-7091,+1-420-807-6213,2026-06-01 08:44:18,0,SMS,,4G,0.0,0.05
R08-0000619,8,Pinewood,+1-272-261-9738,+1-664-677-6658,2026-06-01 14:08:27,3178,VOICE,,5G,0.08,4.24
R08-0000620,8,Pinewood,+1-338-646-9842,+1-745-231-0594,2026-06-01 06:31:19,1125,VOICE,,4G,0.1,1.88
R08-0000621,8,Pinewood,+1-929-597-3602,+1-701-279-7047,2026-06-01 10:41:59,3286,VOICE,,5G,0.08,4.38
R08-0000622,8,Pinewood,+1-572-887-2475,+1-517-725-3103,2026-06-01 06:49:02,0,VOICE,,5G,0.08,0.0
R08-0000623,8,Pinewood,+1-530-431-2245,+1-631-708-3978,2026-06-01 16:19:43,2434,VOICE,,4G,0.1,4.06
R08-0000624,8,Pinewood,+1-696-944-5716,+1-800-835-0647,2026-06-01 17:26:16,2693,VOICE,,4G,0.1,4.49
R08-0000625,8,Pinewood,+1-785-401-5953,,2026-06-01 15:11:20,3940,DATA,118235945,4G,0.0,1.18
R08-0000626,8,Pinewood,+1-869-607-0668,+1-287-857-3768,2026-06-01 12:17:14,0,SMS,,4G,0.0,0.05
R08-0000627,8,Pinewood,+1-575-351-0266,+1-643-708-4533,2026-06-01 19:32:29,0,SMS,,5G,0.0,0.05
R08-0000628,8,Pinewood,+1-271-710-0994,+1-449-312-0341,2026-06-01 11:40:16,332,VOICE,,5G,0.08,0.44
R08-0000629,8,Pinewood,+1-443-971-3008,,2026-06-01 08:45:35,261,DATA,377809607,5G,0.0,3.78
R08-0000630,8,Pinewood,+1-555-392-7796,,2026-06-01 06:50:34,6474,DATA,391172219,3G,0.0,3.91
R08-0000631,8,Pinewood,+1-203-994-4263,+1-541-389-1373,2026-06-01 06:44:38,1715,VOICE,,5G,0.08,2.29
R08-0000632,8,Pinewood,+1-506-912-7871,+1-327-619-1017,2026-06-01 12:43:20,1119,VOICE,,5G,0.08,1.49
R08-0000633,8,Pinewood,+1-342-602-6173,+1-522-487-6373,2026-06-01 11:15:13,0,SMS,,3G,0.0,0.05
R08-0000634,8,Pinewood,+1-940-575-7318,,2026-06-01 19:37:13,1468,DATA,73349499,4G,0.0,0.73
R08-0000635,8,Pinewood,+1-497-515-5646,,2026-06-01 18:38:02,1428,DATA,318260448,5G,0.0,3.18
R08-0000636,8,Pinewood,+1-898-244-0169,,2026-06-01 23:49:16,1703,DATA,160675702,3G,0.0,1.61
R08-0000637,8,Pinewood,+1-334-490-1197,+1-232-312-7634,2026-06-01 13:39:32,0,SMS,,4G,0.0,0.05
R08-0000638,8,Pinewood,+1-866-817-5246,+1-410-819-1280,2026-06-01 03:32:57,0,VOICE,,4G,0.1,0.0
R08-0000639,8,Pinewood,+1-643-479-1147,+1-950-388-3777,2026-06-01 20:26:25,572,VOICE,,4G,0.1,0.95
R08-0000640,8,Pinewood,+1-243-654-1065,+1-887-486-6619,2026-06-01 03:30:13,2553,VOICE,,4G,0.1,4.25
R08-0000641,8,Pinewood,+1-971-647-9581,+1-786-753-2927,2026-06-01 20:49:33,0,SMS,,4G,0.0,0.05
R08-0000642,8,Pinewood,+1-832-727-2068,+1-522-526-7513,2026-06-01 09:41:56,1941,VOICE,,4G,0.1,3.24
R08-0000643,8,Pinewood,+1-903-463-3950,+1-603-846-7200,2026-06-01 08:38:24,0,SMS,,4G,0.0,0.05
R08-0000644,8,Pinewood,+1-450-229-5138,,2026-06-01 09:29:54,6337,DATA,50740667,5G,0.0,0.51
R08-0000645,8,Pinewood,+1-331-490-4318,,2026-06-01 01:35:27,208,DATA,383059954,4G,0.0,3.83
R08-0000646,8,Pinewood,+1-927-411-0851,+1-921-460-3002,2026-06-01 14:26:53,2667,VOICE,,4G,0.1,4.45
R08-0000647,8,Pinewood,+1-697-222-3405,,2026-06-01 12:38:20,5619,DATA,121205172,5G,0.0,1.21
R08-0000648,8,Pinewood,+1-903-897-8576,+1-737-984-9896,2026-06-01 09:25:35,3036,VOICE,,4G,0.1,5.06
R08-0000649,8,Pinewood,+1-789-282-2391,+1-751-459-4606,2026-06-01 07:34:10,0,SMS,,3G,0.0,0.05
R08-0000650,8,Pinewood,+1-839-209-8606,+1-519-774-0941,2026-06-01 00:23:15,556,VOICE,,4G,0.1,0.93
R08-0000651,8,Pinewood,+1-811-767-4662,+1-544-354-1681,2026-06-01 19:42:58,0,SMS,,5G,0.0,0.05
R08-0000652,8,Pinewood,+1-554-688-0463,+1-692-608-4946,2026-06-01 07:25:32,633,VOICE,,4G,0.1,1.06
R08-0000653,8,Pinewood,+1-879-755-0506,+1-930-635-8028,2026-06-01 17:08:42,0,SMS,,4G,0.0,0.05
R08-0000654,8,Pinewood,+1-234-220-5650,+1-471-558-3831,2026-06-01 07:27:48,1921,VOICE,,4G,0.1,3.2
R08-0000655,8,Pinewood,+1-293-398-2349,+1-575-937-6622,2026-06-01 03:47:32,223,VOICE,,5G,0.08,0.3
R08-0000656,8,Pinewood,+1-355-406-3633,,2026-06-01 21:17:18,5152,DATA,243475312,4G,0.0,2.43
R08-0000657,8,Pinewood,+1-518-459-9204,+1-605-281-5404,2026-06-01 11:49:55,0,SMS,,4G,0.0,0.05
R08-0000658,8,Pinewood,+1-822-807-4163,+1-867-250-3471,2026-06-01 17:16:11,0,SMS,,3G,0.0,0.05
R08-0000659,8,Pinewood,+1-481-647-8638,+1-345-861-4153,2026-06-01 05:55:04,256,VOICE,,5G,0.08,0.34
R08-0000660,8,Pinewood,+1-746-697-5641,+1-426-243-0819,2026-06-01 20:41:38,2687,VOICE,,4G,0.1,4.48
R08-0000661,8,Pinewood,+1-570-886-5471,+1-288-335-3952,2026-06-01 04:13:28,1979,VOICE,,5G,0.08,2.64
R08-0000662,8,Pinewood,+1-487-743-1614,+1-736-320-4833,2026-06-01 17:22:32,0,SMS,,4G,0.0,0.05
R08-0000663,8,Pinewood,+1-808-841-8709,+1-879-957-4234,2026-06-01 09:03:48,2197,VOICE,,3G,0.12,4.39
R08-0000664,8,Pinewood,+1-952-427-0878,+1-981-711-0407,2026-06-01 20:00:50,0,SMS,,4G,0.0,0.05
R08-0000665,8,Pinewood,+1-884-409-0698,+1-341-600-6856,2026-06-01 03:15:40,3252,VOICE,,4G,0.1,5.42
R08-0000666,8,Pinewood,+1-528-545-0735,+1-964-444-8519,2026-06-01 23:26:29,0,SMS,,4G,0.0,0.05
R08-0000667,8,Pinewood,+1-666-892-6727,+1-723-507-4550,2026-06-01 03:19:35,358,VOICE,,5G,0.08,0.48
R08-0000668,8,Pinewood,+1-337-442-9142,+1-299-298-5617,2026-06-01 06:07:32,760,VOICE,,4G,0.1,1.27
R08-0000669,8,Pinewood,+1-881-590-0174,+1-495-285-3950,2026-06-01 00:22:59,1370,VOICE,,4G,0.1,2.28
R08-0000670,8,Pinewood,+1-666-301-8393,+1-955-925-6220,2026-06-01 10:27:20,2900,VOICE,,3G,0.12,5.8
R08-0000671,8,Pinewood,+1-934-283-0634,+1-607-699-6525,2026-06-01 21:16:31,3152,VOICE,,3G,0.12,6.3
R08-0000672,8,Pinewood,+1-596-748-6720,,2026-06-01 23:58:16,265,DATA,251010080,4G,0.0,2.51
R08-0000673,8,Pinewood,+1-248-768-4637,+1-783-433-6048,2026-06-01 16:56:24,1173,VOICE,,5G,0.08,1.56
R08-0000674,8,Pinewood,+1-265-235-3159,+1-306-760-1429,2026-06-01 03:28:19,1297,VOICE,,4G,0.1,2.16
R08-0000675,8,Pinewood,+1-528-320-9519,,2026-06-01 18:23:59,3585,DATA,281023869,5G,0.0,2.81
R08-0000676,8,Pinewood,+1-399-960-0180,+1-539-523-6277,2026-06-01 15:09:21,0,SMS,,5G,0.0,0.05
R08-0000677,8,Pinewood,+1-814-314-0106,+1-626-459-4351,2026-06-01 19:39:31,0,SMS,,5G,0.0,0.05
R08-0000678,8,Pinewood,+1-837-907-6013,+1-605-959-2903,2026-06-01 02:05:08,3210,VOICE,,4G,0.1,5.35
R08-0000679,8,Pinewood,+1-502-320-8540,,2026-06-01 19:24:43,4340,DATA,4758403,4G,0.0,0.05
R08-0000680,8,Pinewood,+1-974-540-0848,+1-402-404-1991,2026-06-01 21:53:56,3277,VOICE,,5G,0.08,4.37
R08-0000681,8,Pinewood,+1-922-658-2869,+1-724-837-5074,2026-06-01 06:00:14,2030,VOICE,,4G,0.1,3.38
R08-0000682,8,Pinewood,+1-657-808-4205,,2026-06-01 13:18:57,6565,DATA,494698299,5G,0.0,4.95
R08-0000683,8,Pinewood,+1-240-540-7036,+1-407-774-9742,2026-06-01 10:23:03,2511,VOICE,,4G,0.1,4.19
R08-0000684,8,Pinewood,+1-369-679-8210,+1-371-441-6784,2026-06-01 17:23:05,0,VOICE,,3G,0.12,0.0
R08-0000685,8,Pinewood,+1-629-555-0269,,2026-06-01 03:50:53,7002,DATA,374185581,4G,0.0,3.74
R08-0000686,8,Pinewood,+1-766-717-4050,+1-862-585-8287,2026-06-01 17:57:44,1873,VOICE,,5G,0.08,2.5
R08-0000687,8,Pinewood,+1-660-378-9907,+1-722-428-1057,2026-06-01 02:25:46,0,SMS,,3G,0.0,0.05
R08-0000688,8,Pinewood,+1-988-690-7367,+1-435-636-9303,2026-06-01 09:36:03,612,VOICE,,5G,0.08,0.82
R08-0000689,8,Pinewood,+1-882-670-6344,+1-857-314-4420,2026-06-01 00:19:42,2798,VOICE,,4G,0.1,4.66
R08-0000690,8,Pinewood,+1-870-675-7589,+1-831-699-8799,2026-06-01 17:07:21,244,VOICE,,4G,0.1,0.41
R08-0000691,8,Pinewood,+1-447-460-9660,+1-472-311-0681,2026-06-01 01:01:12,0,SMS,,5G,0.0,0.05
R08-0000692,8,Pinewood,+1-341-599-7625,+1-777-859-6402,2026-06-01 17:25:59,2860,VOICE,,5G,0.08,3.81
R08-0000693,8,Pinewood,+1-770-214-0917,+1-506-418-7716,2026-06-01 18:28:46,230,VOICE,,4G,0.1,0.38
R08-0000694,8,Pinewood,+1-220-285-4006,+1-562-204-5626,2026-06-01 12:31:50,2398,VOICE,,5G,0.08,3.2
R08-0000695,8,Pinewood,+1-370-235-3679,+1-279-973-6218,2026-06-01 22:14:34,1044,VOICE,,3G,0.12,2.09
R08-0000696,8,Pinewood,+1-841-923-1702,,2026-06-01 16:51:43,2259,DATA,336341768,5G,0.0,3.36
R08-0000697,8,Pinewood,+1-958-645-9294,+1-622-517-9102,2026-06-01 14:01:30,3181,VOICE,,4G,0.1,5.3
R08-0000698,8,Pinewood,+1-254-372-5498,+1-524-859-7588,2026-06-01 21:08:45,0,SMS,,4G,0.0,0.05
R08-0000699,8,Pinewood,+1-373-747-0769,+1-484-408-0483,2026-06-01 18:25:02,2990,VOICE,,3G,0.12,5.98
R08-0000700,8,Pinewood,+1-835-441-9231,+1-466-760-5935,2026-06-01 19:12:47,0,SMS,,4G,0.0,0.05
R08-0000701,8,Pinewood,+1-574-607-3318,+1-263-929-3476,2026-06-01 16:18:50,0,SMS,,4G,0.0,0.05
R08-0000702,8,Pinewood,+1-325-216-0048,+1-374-335-7849,2026-06-01 10:15:43,432,VOICE,,4G,0.1,0.72
R08-0000703,8,Pinewood,+1-946-976-3368,,2026-06-01 17:40:36,1265,DATA,94416849,4G,0.0,0.94
R08-0000704,8,Pinewood,+1-826-664-2584,+1-746-280-4709,2026-06-01 22:59:48,1746,VOICE,,5G,0.08,2.33
R08-0000705,8,Pinewood,+1-968-801-7007,,2026-06-01 10:59:36,7152,DATA,8907522,4G,0.0,0.09
R08-0000706,8,Pinewood,+1-624-694-3848,,2026-06-01 09:31:46,6003,DATA,350208802,3G,0.0,3.5
R08-0000707,8,Pinewood,+1-537-458-1577,+1-888-910-2952,2026-06-01 22:43:41,0,SMS,,5G,0.0,0.05
R08-0000708,8,Pinewood,+1-886-586-7338,+1-401-733-7237,2026-06-01 04:22:31,129,VOICE,,4G,0.1,0.21
R08-0000709,8,Pinewood,+1-212-742-9405,+1-727-686-6756,2026-06-01 17:05:30,491,VOICE,,4G,0.1,0.82
R08-0000710,8,Pinewood,+1-729-212-5430,+1-246-675-6498,2026-06-01 09:18:50,0,SMS,,5G,0.0,0.05
R08-0000711,8,Pinewood,+1-962-778-0309,+1-800-293-1981,2026-06-01 20:14:24,128,VOICE,,5G,0.08,0.17
R08-0000712,8,Pinewood,+1-300-970-3539,+1-320-868-2997,2026-06-01 15:19:09,584,VOICE,,4G,0.1,0.97
R08-0000713,8,Pinewood,+1-934-848-8094,+1-851-673-0470,2026-06-01 13:31:32,0,SMS,,5G,0.0,0.05
R08-0000714,8,Pinewood,+1-720-312-8765,+1-541-822-6192,2026-06-01 14:38:45,3512,VOICE,,5G,0.08,4.68
R08-0000715,8,Pinewood,+1-536-471-2342,+1-900-372-5025,2026-06-01 03:23:51,0,SMS,,4G,0.0,0.05
R08-0000716,8,Pinewood,+1-455-997-2117,,2026-06-01 01:33:21,3234,DATA,1610508,3G,0.0,0.02
R08-0000717,8,Pinewood,+1-940-424-5969,+1-249-213-9727,2026-06-01 17:26:58,0,SMS,,4G,0.0,0.05
R08-0000718,8,Pinewood,+1-789-353-8916,+1-662-918-1660,2026-06-01 22:23:30,311,VOICE,,3G,0.12,0.62
R08-0000719,8,Pinewood,+1-680-433-6918,+1-216-709-9057,2026-06-01 13:06:30,0,SMS,,4G,0.0,0.05
R08-0000720,8,Pinewood,+1-548-697-7558,+1-658-627-0666,2026-06-01 06:41:43,73,VOICE,,4G,0.1,0.12
R08-0000721,8,Pinewood,+1-379-455-8330,+1-527-581-3876,2026-06-01 08:32:58,3142,VOICE,,4G,0.1,5.24
R08-0000722,8,Pinewood,+1-241-660-7871,+1-308-510-6943,2026-06-01 19:02:41,2631,VOICE,,4G,0.1,4.39
R08-0000723,8,Pinewood,+1-204-614-3682,+1-537-528-8197,2026-06-01 02:29:25,0,SMS,,4G,0.0,0.05
R08-0000724,8,Pinewood,+1-940-417-1079,,2026-06-01 09:15:20,4093,DATA,399202974,5G,0.0,3.99
R08-0000725,8,Pinewood,+1-255-243-2643,+1-639-840-9623,2026-06-01 12:15:36,918,VOICE,,5G,0.08,1.22
R08-0000726,8,Pinewood,+1-472-626-7242,+1-570-685-3844,2026-06-01 15:27:30,1267,VOICE,,4G,0.1,2.11
R08-0000727,8,Pinewood,+1-337-937-5261,+1-207-726-3726,2026-06-01 19:33:07,0,SMS,,5G,0.0,0.05
R08-0000728,8,Pinewood,+1-213-804-3650,+1-276-589-5900,2026-06-01 11:36:51,0,SMS,,4G,0.0,0.05
R08-0000729,8,Pinewood,+1-448-714-6140,+1-827-435-9847,2026-06-01 00:37:23,0,VOICE,,5G,0.08,0.0
R08-0000730,8,Pinewood,+1-876-949-9598,+1-207-479-1536,2026-06-01 01:23:59,2494,VOICE,,5G,0.08,3.33
R08-0000731,8,Pinewood,+1-371-949-3834,+1-281-871-5075,2026-06-01 03:46:16,2684,VOICE,,5G,0.08,3.58
R08-0000732,8,Pinewood,+1-382-366-4082,+1-587-543-2306,2026-06-01 22:52:29,0,SMS,,3G,0.0,0.05
R08-0000733,8,Pinewood,+1-259-655-9441,+1-247-426-6305,2026-06-01 00:47:16,1648,VOICE,,5G,0.08,2.2
R08-0000734,8,Pinewood,+1-803-751-6971,+1-948-978-7164,2026-06-01 13:46:36,0,VOICE,,3G,0.12,0.0
R08-0000735,8,Pinewood,+1-525-718-6852,,2026-06-01 00:55:18,971,DATA,156706667,5G,0.0,1.57
R08-0000736,8,Pinewood,+1-305-463-8951,+1-563-273-0849,2026-06-01 10:17:49,0,SMS,,4G,0.0,0.05
R08-0000737,8,Pinewood,+1-580-312-0205,+1-379-678-1216,2026-06-01 21:04:52,0,VOICE,,4G,0.1,0.0
R08-0000738,8,Pinewood,+1-293-982-3539,+1-488-313-4438,2026-06-01 22:15:14,465,VOICE,,4G,0.1,0.78
R08-0000739,8,Pinewood,+1-401-481-7669,,2026-06-01 13:45:58,4315,DATA,139878765,3G,0.0,1.4
R08-0000740,8,Pinewood,+1-973-271-4568,+1-860-559-4976,2026-06-01 15:29:47,0,VOICE,,5G,0.08,0.0
R08-0000741,8,Pinewood,+1-663-877-1881,+1-705-546-1384,2026-06-01 10:19:59,0,SMS,,4G,0.0,0.05
R08-0000742,8,Pinewood,+1-520-348-9305,,2026-06-01 15:17:12,817,DATA,485439740,3G,0.0,4.85
R08-0000743,8,Pinewood,+1-866-735-0329,+1-668-777-0037,2026-06-01 08:53:02,0,VOICE,,4G,0.1,0.0
R08-0000744,8,Pinewood,+1-616-938-5822,+1-560-993-2937,2026-06-01 07:21:40,3465,VOICE,,4G,0.1,5.78
R08-0000745,8,Pinewood,+1-230-770-6883,,2026-06-01 06:00:37,4281,DATA,30641874,4G,0.0,0.31
R08-0000746,8,Pinewood,+1-443-503-3440,,2026-06-01 02:58:43,5690,DATA,14288200,4G,0.0,0.14
R08-0000747,8,Pinewood,+1-621-664-9119,+1-586-985-3889,2026-06-01 10:30:35,0,SMS,,5G,0.0,0.05
R08-0000748,8,Pinewood,+1-922-381-1199,+1-856-959-7729,2026-06-01 01:20:43,2287,VOICE,,4G,0.1,3.81
R08-0000749,8,Pinewood,+1-403-378-1757,+1-369-728-9204,2026-06-01 23:14:08,3278,VOICE,,4G,0.1,5.46
R08-0000750,8,Pinewood,+1-364-449-1987,+1-631-411-2386,2026-06-01 11:42:24,2476,VOICE,,3G,0.12,4.95
R08-0000751,8,Pinewood,+1-592-648-4234,+1-558-223-2101,2026-06-01 17:22:08,0,SMS,,5G,0.0,0.05
R08-0000752,8,Pinewood,+1-894-328-3430,+1-785-551-4504,2026-06-01 20:50:41,0,SMS,,4G,0.0,0.05
R08-0000753,8,Pinewood,+1-870-714-5347,+1-771-231-8669,2026-06-01 18:24:50,955,VOICE,,4G,0.1,1.59
R08-0000754,8,Pinewood,+1-874-705-6134,,2026-06-01 04:55:57,3702,DATA,98226482,4G,0.0,0.98
R08-0000755,8,Pinewood,+1-398-949-8533,,2026-06-01 14:48:53,4176,DATA,319785120,5G,0.0,3.2
R08-0000756,8,Pinewood,+1-866-795-9033,+1-940-831-4114,2026-06-01 11:54:59,1041,VOICE,,4G,0.1,1.74
R08-0000757,8,Pinewood,+1-225-852-8599,+1-481-940-1679,2026-06-01 22:08:27,694,VOICE,,4G,0.1,1.16
R08-0000758,8,Pinewood,+1-335-472-5255,,2026-06-01 03:48:37,1382,DATA,395566790,4G,0.0,3.96
R08-0000759,8,Pinewood,+1-335-763-9610,+1-342-703-6305,2026-06-01 09:25:09,587,VOICE,,5G,0.08,0.78
R08-0000760,8,Pinewood,+1-266-410-8790,+1-950-724-7258,2026-06-01 15:38:30,2183,VOICE,,4G,0.1,3.64
R08-0000761,8,Pinewood,+1-657-346-3206,,2026-06-01 10:51:12,4910,DATA,75337788,5G,0.0,0.75
R08-0000762,8,Pinewood,+1-262-397-7630,+1-973-558-3379,2026-06-01 12:30:25,18,VOICE,,4G,0.1,0.03
R08-0000763,8,Pinewood,+1-444-354-9462,+1-476-882-6588,2026-06-01 10:03:19,0,SMS,,4G,0.0,0.05
R08-0000764,8,Pinewood,+1-683-797-9007,,2026-06-01 19:30:53,4504,DATA,238266517,4G,0.0,2.38
R08-0000765,8,Pinewood,+1-473-758-5504,+1-228-824-4228,2026-06-01 07:20:42,317,VOICE,,5G,0.08,0.42
R08-0000766,8,Pinewood,+1-801-419-4191,+1-948-919-0453,2026-06-01 19:30:16,0,SMS,,4G,0.0,0.05
R08-0000767,8,Pinewood,+1-724-955-8017,+1-558-833-1449,2026-06-01 06:59:39,1426,VOICE,,5G,0.08,1.9
R08-0000768,8,Pinewood,+1-547-710-0673,+1-566-604-6413,2026-06-01 01:22:49,732,VOICE,,3G,0.12,1.46
R08-0000769,8,Pinewood,+1-512-960-7683,,2026-06-01 19:21:24,6305,DATA,418838527,5G,0.0,4.19
R08-0000770,8,Pinewood,+1-890-842-2606,,2026-06-01 02:13:37,4308,DATA,440972352,4G,0.0,4.41
R08-0000771,8,Pinewood,+1-611-210-0579,+1-811-739-7999,2026-06-01 12:28:40,2231,VOICE,,4G,0.1,3.72
R08-0000772,8,Pinewood,+1-716-566-2700,+1-300-470-4121,2026-06-01 15:52:34,1289,VOICE,,4G,0.1,2.15
R08-0000773,8,Pinewood,+1-563-585-8466,+1-338-300-7657,2026-06-01 22:20:11,2390,VOICE,,4G,0.1,3.98
R08-0000774,8,Pinewood,+1-606-916-8997,+1-751-397-2579,2026-06-01 06:04:45,908,VOICE,,4G,0.1,1.51
R08-0000775,8,Pinewood,+1-307-368-7523,+1-887-504-0756,2026-06-01 21:28:58,541,VOICE,,4G,0.1,0.9
R08-0000776,8,Pinewood,+1-487-226-1216,+1-259-612-0715,2026-06-01 12:32:08,0,SMS,,5G,0.0,0.05
R08-0000777,8,Pinewood,+1-727-567-4307,+1-269-923-7679,2026-06-01 16:59:59,0,VOICE,,4G,0.1,0.0
R08-0000778,8,Pinewood,+1-706-453-0364,+1-572-619-8069,2026-06-01 00:53:33,2651,VOICE,,4G,0.1,4.42
R08-0000779,8,Pinewood,+1-349-583-6225,,2026-06-01 20:33:08,5423,DATA,57842606,4G,0.0,0.58
R08-0000780,8,Pinewood,+1-556-906-8990,+1-549-963-5006,2026-06-01 21:52:29,110,VOICE,,5G,0.08,0.15
R08-0000781,8,Pinewood,+1-462-929-8413,+1-680-511-7085,2026-06-01 16:02:16,1189,VOICE,,4G,0.1,1.98
R08-0000782,8,Pinewood,+1-653-487-4973,+1-844-537-2382,2026-06-01 21:36:54,132,VOICE,,4G,0.1,0.22
R08-0000783,8,Pinewood,+1-512-952-4347,+1-880-786-2164,2026-06-01 23:12:28,593,VOICE,,4G,0.1,0.99
R08-0000784,8,Pinewood,+1-652-995-1053,,2026-06-01 15:16:58,1478,DATA,147255764,5G,0.0,1.47
R08-0000785,8,Pinewood,+1-686-868-9340,+1-528-719-7279,2026-06-01 13:48:54,0,SMS,,4G,0.0,0.05
R08-0000786,8,Pinewood,+1-914-282-7016,+1-227-725-6837,2026-06-01 16:43:50,3517,VOICE,,5G,0.08,4.69
R08-0000787,8,Pinewood,+1-487-540-4274,+1-884-497-3034,2026-06-01 12:25:20,1073,VOICE,,3G,0.12,2.15
R08-0000788,8,Pinewood,+1-397-691-0891,+1-436-911-4924,2026-06-01 04:26:32,627,VOICE,,4G,0.1,1.04
R08-0000789,8,Pinewood,+1-252-767-3560,+1-853-512-8614,2026-06-01 18:35:05,0,VOICE,,4G,0.1,0.0
R08-0000790,8,Pinewood,+1-921-374-0313,+1-292-252-6631,2026-06-01 20:37:08,0,VOICE,,5G,0.08,0.0
R08-0000791,8,Pinewood,+1-513-741-0451,+1-290-944-3752,2026-06-01 11:01:17,843,VOICE,,4G,0.1,1.41
R08-0000792,8,Pinewood,+1-859-220-2293,+1-885-615-8158,2026-06-01 07:38:11,2054,VOICE,,4G,0.1,3.42
R08-0000793,8,Pinewood,+1-457-494-6910,,2026-06-01 22:02:22,3312,DATA,180849916,5G,0.0,1.81
R08-0000794,8,Pinewood,+1-309-316-2956,+1-831-577-1763,2026-06-01 03:11:47,839,VOICE,,4G,0.1,1.4
R08-0000795,8,Pinewood,+1-697-743-1722,+1-909-251-8855,2026-06-01 18:09:30,2695,VOICE,,4G,0.1,4.49
R08-0000796,8,Pinewood,+1-379-727-0221,+1-208-806-0535,2026-06-01 02:52:57,0,SMS,,4G,0.0,0.05
R08-0000797,8,Pinewood,+1-556-813-9698,+1-822-335-8955,2026-06-01 19:03:49,0,SMS,,4G,0.0,0.05
R08-0000798,8,Pinewood,+1-858-868-4595,+1-554-369-0959,2026-06-01 16:14:39,0,SMS,,4G,0.0,0.05
R08-0000799,8,Pinewood,+1-638-294-1214,+1-411-289-2332,2026-06-01 10:07:09,0,SMS,,4G,0.0,0.05
R08-0000800,8,Pinewood,+1-660-466-4932,+1-869-574-3881,2026-06-01 03:02:30,3568,VOICE,,4G,0.1,5.95
R08-0000801,8,Pinewood,+1-479-894-0988,+1-680-640-9830,2026-06-01 11:23:56,1633,VOICE,,5G,0.08,2.18
R08-0000802,8,Pinewood,+1-884-553-3544,+1-349-776-6365,2026-06-01 09:32:23,1697,VOICE,,5G,0.08,2.26
R08-0000803,8,Pinewood,+1-521-463-0249,+1-823-933-6220,2026-06-01 10:05:40,0,SMS,,5G,0.0,0.05
R08-0000804,8,Pinewood,+1-799-909-0971,+1-661-539-3930,2026-06-01 03:52:02,3005,VOICE,,5G,0.08,4.01
R08-0000805,8,Pinewood,+1-542-713-7467,+1-488-253-3084,2026-06-01 11:06:08,988,VOICE,,4G,0.1,1.65
R08-0000806,8,Pinewood,+1-705-304-6439,+1-862-323-7359,2026-06-01 15:13:28,430,VOICE,,5G,0.08,0.57
R08-0000807,8,Pinewood,+1-434-890-5462,+1-718-500-8592,2026-06-01 22:52:33,661,VOICE,,4G,0.1,1.1
R08-0000808,8,Pinewood,+1-424-371-1519,+1-237-383-9071,2026-06-01 17:57:10,1793,VOICE,,5G,0.08,2.39
R08-0000809,8,Pinewood,+1-521-376-8238,+1-428-881-9449,2026-06-01 06:37:03,1078,VOICE,,5G,0.08,1.44
R08-0000810,8,Pinewood,+1-465-410-5586,+1-444-513-5796,2026-06-01 13:14:08,817,VOICE,,5G,0.08,1.09
R08-0000811,8,Pinewood,+1-277-786-6427,+1-490-334-2970,2026-06-01 05:26:29,1682,VOICE,,4G,0.1,2.8
R08-0000812,8,Pinewood,+1-447-561-2525,+1-812-693-5728,2026-06-01 13:15:20,3070,VOICE,,4G,0.1,5.12
R08-0000813,8,Pinewood,+1-213-467-0197,+1-221-867-9722,2026-06-01 04:06:36,1960,VOICE,,5G,0.08,2.61
R08-0000814,8,Pinewood,+1-321-219-6866,+1-538-636-6212,2026-06-01 16:01:11,0,SMS,,4G,0.0,0.05
R08-0000815,8,Pinewood,+1-608-652-6581,+1-355-737-2182,2026-06-01 13:05:34,3126,VOICE,,5G,0.08,4.17
R08-0000816,8,Pinewood,+1-624-749-5945,+1-257-723-9849,2026-06-01 19:41:10,2640,VOICE,,4G,0.1,4.4
R08-0000817,8,Pinewood,+1-658-619-1576,+1-346-576-5964,2026-06-01 02:14:01,1181,VOICE,,4G,0.1,1.97
R08-0000818,8,Pinewood,+1-634-658-3587,,2026-06-01 17:08:43,5179,DATA,459355027,3G,0.0,4.59
R08-0000819,8,Pinewood,+1-514-758-4159,+1-831-713-3799,2026-06-01 17:46:23,1217,VOICE,,4G,0.1,2.03
R08-0000820,8,Pinewood,+1-597-328-6204,+1-620-250-2714,2026-06-01 08:55:28,0,SMS,,4G,0.0,0.05
R08-0000821,8,Pinewood,+1-821-939-8189,+1-866-435-7168,2026-06-01 08:44:16,317,VOICE,,4G,0.1,0.53
R08-0000822,8,Pinewood,+1-755-773-0233,+1-962-707-9082,2026-06-01 16:41:53,1375,VOICE,,5G,0.08,1.83
R08-0000823,8,Pinewood,+1-863-897-9743,+1-424-842-3734,2026-06-01 22:00:39,3075,VOICE,,5G,0.08,4.1
R08-0000824,8,Pinewood,+1-470-211-3027,+1-417-946-8302,2026-06-01 23:29:34,0,SMS,,4G,0.0,0.05
R08-0000825,8,Pinewood,+1-586-234-7841,+1-634-714-6821,2026-06-01 05:14:02,0,SMS,,4G,0.0,0.05
R08-0000826,8,Pinewood,+1-717-816-5000,,2026-06-01 03:51:09,3821,DATA,161737788,4G,0.0,1.62
R08-0000827,8,Pinewood,+1-251-711-4814,+1-888-564-1061,2026-06-01 02:57:46,1325,VOICE,,4G,0.1,2.21
R08-0000828,8,Pinewood,+1-973-623-4059,+1-899-548-2580,2026-06-01 14:54:20,0,SMS,,5G,0.0,0.05
R08-0000829,8,Pinewood,+1-505-326-9631,+1-675-723-0448,2026-06-01 12:43:22,77,VOICE,,5G,0.08,0.1
R08-0000830,8,Pinewood,+1-387-716-4889,+1-808-234-2030,2026-06-01 17:39:49,0,SMS,,4G,0.0,0.05
R08-0000831,8,Pinewood,+1-677-357-4881,+1-633-739-5485,2026-06-01 16:40:24,3158,VOICE,,5G,0.08,4.21
R08-0000832,8,Pinewood,+1-514-752-3559,+1-261-307-1872,2026-06-01 00:16:41,0,SMS,,4G,0.0,0.05
R08-0000833,8,Pinewood,+1-981-789-5952,+1-807-219-8217,2026-06-01 16:42:06,0,SMS,,3G,0.0,0.05
R08-0000834,8,Pinewood,+1-607-873-7256,+1-786-935-0642,2026-06-01 07:29:43,2148,VOICE,,4G,0.1,3.58
R08-0000835,8,Pinewood,+1-384-586-7654,+1-310-840-2914,2026-06-01 07:42:48,1216,VOICE,,4G,0.1,2.03
R08-0000836,8,Pinewood,+1-344-641-3699,+1-364-332-1446,2026-06-01 09:03:19,506,VOICE,,5G,0.08,0.67
R08-0000837,8,Pinewood,+1-881-674-6818,+1-794-335-4187,2026-06-01 16:16:40,0,SMS,,5G,0.0,0.05
R08-0000838,8,Pinewood,+1-610-848-7189,+1-690-524-4848,2026-06-01 21:57:36,3391,VOICE,,4G,0.1,5.65
R08-0000839,8,Pinewood,+1-447-212-0681,+1-554-573-4297,2026-06-01 15:11:24,0,SMS,,4G,0.0,0.05
R08-0000840,8,Pinewood,+1-562-364-6334,,2026-06-01 06:04:35,5292,DATA,137124503,4G,0.0,1.37
R08-0000841,8,Pinewood,+1-635-684-6204,+1-378-720-0735,2026-06-01 23:03:24,0,VOICE,,4G,0.1,0.0
R08-0000842,8,Pinewood,+1-932-850-8476,+1-236-504-4202,2026-06-01 12:08:09,0,SMS,,5G,0.0,0.05
R08-0000843,8,Pinewood,+1-663-411-0656,+1-556-422-9886,2026-06-01 09:15:07,3365,VOICE,,5G,0.08,4.49
R08-0000844,8,Pinewood,+1-489-334-4622,+1-319-714-0702,2026-06-01 00:09:09,432,VOICE,,5G,0.08,0.58
R08-0000845,8,Pinewood,+1-896-837-7802,+1-626-611-4665,2026-06-01 12:48:27,3392,VOICE,,4G,0.1,5.65
R08-0000846,8,Pinewood,+1-752-991-7231,+1-575-884-9314,2026-06-01 11:43:59,432,VOICE,,5G,0.08,0.58
R08-0000847,8,Pinewood,+1-631-715-6503,+1-325-997-8732,2026-06-01 02:04:03,3584,VOICE,,4G,0.1,5.97
R08-0000848,8,Pinewood,+1-684-769-6880,+1-917-323-2440,2026-06-01 19:48:29,1256,VOICE,,4G,0.1,2.09
R08-0000849,8,Pinewood,+1-790-675-5296,+1-532-835-6253,2026-06-01 01:20:16,0,SMS,,4G,0.0,0.05
R08-0000850,8,Pinewood,+1-379-248-7687,+1-421-890-8937,2026-06-01 18:45:26,0,SMS,,4G,0.0,0.05
R08-0000851,8,Pinewood,+1-795-713-1668,+1-465-595-5005,2026-06-01 05:10:45,0,SMS,,4G,0.0,0.05
R08-0000852,8,Pinewood,+1-308-996-8225,+1-586-555-4197,2026-06-01 20:12:28,0,SMS,,3G,0.0,0.05
R08-0000853,8,Pinewood,+1-353-755-4242,+1-347-264-9169,2026-06-01 20:14:40,0,SMS,,3G,0.0,0.05
R08-0000854,8,Pinewood,+1-291-422-7048,,2026-06-01 10:13:17,5199,DATA,80752976,4G,0.0,0.81
R08-0000855,8,Pinewood,+1-622-672-8652,+1-275-812-2510,2026-06-01 17:24:37,0,SMS,,4G,0.0,0.05
R08-0000856,8,Pinewood,+1-383-463-0665,+1-421-592-9333,2026-06-01 02:13:08,790,VOICE,,4G,0.1,1.32
R08-0000857,8,Pinewood,+1-736-988-4392,+1-871-289-7332,2026-06-01 12:37:46,0,SMS,,3G,0.0,0.05
R08-0000858,8,Pinewood,+1-642-501-2625,+1-323-825-5031,2026-06-01 15:17:34,2686,VOICE,,4G,0.1,4.48
R08-0000859,8,Pinewood,+1-481-948-8841,,2026-06-01 16:16:37,6976,DATA,470621296,4G,0.0,4.71
R08-0000860,8,Pinewood,+1-413-274-6128,,2026-06-01 01:45:21,3445,DATA,396906407,4G,0.0,3.97
R08-0000861,8,Pinewood,+1-418-732-2294,+1-690-211-2842,2026-06-01 13:34:44,1183,VOICE,,4G,0.1,1.97
R08-0000862,8,Pinewood,+1-326-205-3095,+1-523-584-1794,2026-06-01 14:11:52,0,SMS,,3G,0.0,0.05
R08-0000863,8,Pinewood,+1-626-300-5215,+1-806-668-8281,2026-06-01 01:18:47,0,SMS,,4G,0.0,0.05
R08-0000864,8,Pinewood,+1-331-295-8925,+1-571-561-2064,2026-06-01 11:56:08,1036,VOICE,,4G,0.1,1.73
R08-0000865,8,Pinewood,+1-755-648-7728,+1-971-508-0528,2026-06-01 17:07:32,2746,VOICE,,5G,0.08,3.66
R08-0000866,8,Pinewood,+1-731-869-1612,+1-461-566-1948,2026-06-01 00:02:18,190,VOICE,,3G,0.12,0.38
R08-0000867,8,Pinewood,+1-491-745-6108,+1-446-625-1910,2026-06-01 09:46:54,0,SMS,,5G,0.0,0.05
R08-0000868,8,Pinewood,+1-244-518-3860,+1-591-239-2363,2026-06-01 04:27:46,1596,VOICE,,3G,0.12,3.19
R08-0000869,8,Pinewood,+1-613-772-0395,,2026-06-01 09:13:23,6760,DATA,307253857,4G,0.0,3.07
R08-0000870,8,Pinewood,+1-478-736-4263,+1-478-542-0165,2026-06-01 15:36:53,704,VOICE,,4G,0.1,1.17
R08-0000871,8,Pinewood,+1-909-499-6045,+1-282-430-9572,2026-06-01 05:15:11,2885,VOICE,,4G,0.1,4.81
R08-0000872,8,Pinewood,+1-473-344-6564,+1-319-710-7705,2026-06-01 18:10:09,0,SMS,,4G,0.0,0.05
R08-0000873,8,Pinewood,+1-674-274-0868,+1-695-208-7243,2026-06-01 05:08:28,1701,VOICE,,5G,0.08,2.27
R08-0000874,8,Pinewood,+1-893-779-7195,+1-766-823-2961,2026-06-01 20:18:28,543,VOICE,,5G,0.08,0.72
R08-0000875,8,Pinewood,+1-301-871-0651,+1-947-424-7540,2026-06-01 16:21:56,1525,VOICE,,4G,0.1,2.54
R08-0000876,8,Pinewood,+1-277-797-7495,+1-305-501-5359,2026-06-01 05:28:16,0,SMS,,5G,0.0,0.05
R08-0000877,8,Pinewood,+1-362-336-1197,+1-893-597-3385,2026-06-01 09:43:12,0,SMS,,5G,0.0,0.05
R08-0000878,8,Pinewood,+1-659-749-5266,+1-701-309-9262,2026-06-01 11:57:35,2845,VOICE,,4G,0.1,4.74
R08-0000879,8,Pinewood,+1-482-854-2215,+1-254-994-1310,2026-06-01 18:52:11,0,SMS,,3G,0.0,0.05
R08-0000880,8,Pinewood,+1-445-846-2440,+1-628-626-6421,2026-06-01 14:34:21,1690,VOICE,,4G,0.1,2.82
R08-0000881,8,Pinewood,+1-399-677-4075,+1-738-311-3025,2026-06-01 06:28:36,0,SMS,,4G,0.0,0.05
R08-0000882,8,Pinewood,+1-636-652-6226,+1-747-527-2913,2026-06-01 10:24:44,3218,VOICE,,4G,0.1,5.36
R08-0000883,8,Pinewood,+1-210-927-8049,+1-837-833-5308,2026-06-01 22:03:31,0,SMS,,4G,0.0,0.05
R08-0000884,8,Pinewood,+1-821-348-1182,+1-422-602-6728,2026-06-01 14:47:12,2650,VOICE,,5G,0.08,3.53
R08-0000885,8,Pinewood,+1-239-848-5081,+1-511-240-3310,2026-06-01 11:10:13,3120,VOICE,,5G,0.08,4.16
R08-0000886,8,Pinewood,+1-828-834-4423,,2026-06-01 20:13:10,4203,DATA,206002127,4G,0.0,2.06
R08-0000887,8,Pinewood,+1-231-432-8118,+1-462-667-9014,2026-06-01 05:56:46,0,SMS,,4G,0.0,0.05
R08-0000888,8,Pinewood,+1-628-907-2202,+1-248-617-6133,2026-06-01 07:28:21,0,SMS,,4G,0.0,0.05
R08-0000889,8,Pinewood,+1-640-553-9315,+1-787-976-1313,2026-06-01 00:50:39,0,VOICE,,3G,0.12,0.0
R08-0000890,8,Pinewood,+1-247-979-6436,+1-576-487-0367,2026-06-01 07:11:59,0,SMS,,4G,0.0,0.05
R08-0000891,8,Pinewood,+1-340-230-9866,+1-291-325-5587,2026-06-01 12:55:41,0,SMS,,3G,0.0,0.05
R08-0000892,8,Pinewood,+1-738-932-6982,+1-988-236-4292,2026-06-01 01:34:58,1932,VOICE,,4G,0.1,3.22
R08-0000893,8,Pinewood,+1-272-576-2647,+1-368-471-1435,2026-06-01 04:30:28,519,VOICE,,4G,0.1,0.87
R08-0000894,8,Pinewood,+1-700-712-9587,,2026-06-01 22:26:42,6420,DATA,169055743,4G,0.0,1.69
R08-0000895,8,Pinewood,+1-799-628-3636,+1-534-536-7517,2026-06-01 10:45:43,0,SMS,,3G,0.0,0.05
R08-0000896,8,Pinewood,+1-923-260-3764,+1-460-264-0835,2026-06-01 04:45:37,1070,VOICE,,4G,0.1,1.78
R08-0000897,8,Pinewood,+1-676-817-7449,+1-485-374-0430,2026-06-01 04:38:35,0,SMS,,3G,0.0,0.05
R08-0000898,8,Pinewood,+1-433-576-5138,+1-312-208-8374,2026-06-01 04:48:01,3483,VOICE,,4G,0.1,5.8
R08-0000899,8,Pinewood,+1-714-330-5725,+1-966-267-6868,2026-06-01 18:00:04,0,SMS,,5G,0.0,0.05
R08-0000900,8,Pinewood,+1-405-625-4753,+1-341-479-2459,2026-06-01 02:35:38,463,VOICE,,4G,0.1,0.77
R08-0000901,8,Pinewood,+1-972-309-9302,+1-550-246-4331,2026-06-01 14:49:16,1218,VOICE,,3G,0.12,2.44
R08-0000902,8,Pinewood,+1-755-679-7834,,2026-06-01 05:55:51,5666,DATA,286481428,4G,0.0,2.86
R08-0000903,8,Pinewood,+1-346-811-4733,,2026-06-01 02:10:25,6371,DATA,21133363,4G,0.0,0.21
R08-0000904,8,Pinewood,+1-856-865-2537,+1-757-727-6411,2026-06-01 09:33:02,0,SMS,,4G,0.0,0.05
R08-0000905,8,Pinewood,+1-439-638-8116,+1-384-869-0032,2026-06-01 01:25:55,86,VOICE,,4G,0.1,0.14
R08-0000906,8,Pinewood,+1-492-913-8583,+1-850-330-4046,2026-06-01 09:31:10,2090,VOICE,,4G,0.1,3.48
R08-0000907,8,Pinewood,+1-416-564-1645,+1-508-509-3148,2026-06-01 13:51:00,0,SMS,,4G,0.0,0.05
R08-0000908,8,Pinewood,+1-674-277-5030,+1-372-705-8958,2026-06-01 10:49:10,0,SMS,,3G,0.0,0.05
R08-0000909,8,Pinewood,+1-842-850-3182,+1-592-279-9028,2026-06-01 11:57:13,1005,VOICE,,4G,0.1,1.68
R08-0000910,8,Pinewood,+1-725-442-6183,+1-455-762-5648,2026-06-01 04:16:59,0,SMS,,4G,0.0,0.05
R08-0000911,8,Pinewood,+1-413-682-3968,+1-713-625-8164,2026-06-01 19:35:01,47,VOICE,,3G,0.12,0.09
R08-0000912,8,Pinewood,+1-502-788-0818,+1-320-938-3509,2026-06-01 11:56:07,270,VOICE,,4G,0.1,0.45
R08-0000913,8,Pinewood,+1-219-858-2736,+1-931-205-6551,2026-06-01 19:13:25,0,SMS,,4G,0.0,0.05
R08-0000914,8,Pinewood,+1-361-759-3426,+1-383-940-6668,2026-06-01 06:42:14,2938,VOICE,,4G,0.1,4.9
R08-0000915,8,Pinewood,+1-818-303-3222,,2026-06-01 21:00:18,5932,DATA,22109978,3G,0.0,0.22
R08-0000916,8,Pinewood,+1-982-584-6514,+1-618-768-0397,2026-06-01 22:30:05,0,SMS,,5G,0.0,0.05
R08-0000917,8,Pinewood,+1-987-977-7453,+1-224-290-2594,2026-06-01 07:09:54,0,SMS,,3G,0.0,0.05
R08-0000918,8,Pinewood,+1-956-391-1872,+1-831-470-1264,2026-06-01 13:19:22,579,VOICE,,3G,0.12,1.16
R08-0000919,8,Pinewood,+1-794-422-2474,,2026-06-01 12:40:10,6976,DATA,445051426,4G,0.0,4.45
R08-0000920,8,Pinewood,+1-549-324-6414,,2026-06-01 05:11:04,4735,DATA,342054648,5G,0.0,3.42
R08-0000921,8,Pinewood,+1-220-510-0012,+1-213-503-0270,2026-06-01 03:52:31,3549,VOICE,,4G,0.1,5.92
R08-0000922,8,Pinewood,+1-236-859-3293,+1-395-779-7326,2026-06-01 03:44:11,322,VOICE,,3G,0.12,0.64
R08-0000923,8,Pinewood,+1-792-724-9233,+1-818-805-3145,2026-06-01 00:34:37,3346,VOICE,,5G,0.08,4.46
R08-0000924,8,Pinewood,+1-718-538-0667,+1-288-727-7578,2026-06-01 22:08:44,0,SMS,,5G,0.0,0.05
R08-0000925,8,Pinewood,+1-705-362-5311,+1-866-899-1353,2026-06-01 22:26:05,1812,VOICE,,4G,0.1,3.02
R08-0000926,8,Pinewood,+1-862-605-7705,+1-509-819-9359,2026-06-01 14:06:02,1256,VOICE,,4G,0.1,2.09
R08-0000927,8,Pinewood,+1-778-546-9068,+1-779-439-7044,2026-06-01 21:17:37,1452,VOICE,,4G,0.1,2.42
R08-0000928,8,Pinewood,+1-333-511-0272,+1-698-365-4892,2026-06-01 06:47:48,0,SMS,,3G,0.0,0.05
R08-0000929,8,Pinewood,+1-984-394-7527,,2026-06-01 18:28:44,6593,DATA,233275463,4G,0.0,2.33
R08-0000930,8,Pinewood,+1-985-418-1664,+1-938-370-5951,2026-06-01 21:14:39,2156,VOICE,,5G,0.08,2.87
R08-0000931,8,Pinewood,+1-625-588-6748,,2026-06-01 11:07:11,2285,DATA,336150560,4G,0.0,3.36
R08-0000932,8,Pinewood,+1-466-656-2204,+1-379-912-8639,2026-06-01 03:13:21,3589,VOICE,,5G,0.08,4.79
R08-0000933,8,Pinewood,+1-564-974-3540,+1-328-287-1745,2026-06-01 03:41:47,1688,VOICE,,5G,0.08,2.25
R08-0000934,8,Pinewood,+1-936-631-8063,+1-760-781-5425,2026-06-01 00:28:06,344,VOICE,,3G,0.12,0.69
R08-0000935,8,Pinewood,+1-596-252-5663,+1-216-280-9412,2026-06-01 12:44:38,57,VOICE,,4G,0.1,0.1
R08-0000936,8,Pinewood,+1-449-523-0135,,2026-06-01 20:55:51,2274,DATA,422136,4G,0.0,0.0
R08-0000937,8,Pinewood,+1-901-491-2328,,2026-06-01 12:10:39,5056,DATA,141318933,4G,0.0,1.41
R08-0000938,8,Pinewood,+1-355-654-3231,+1-386-636-0606,2026-06-01 02:51:43,2286,VOICE,,5G,0.08,3.05
R08-0000939,8,Pinewood,+1-481-442-6896,+1-690-547-2737,2026-06-01 17:35:40,0,SMS,,5G,0.0,0.05
R08-0000940,8,Pinewood,+1-649-242-5969,+1-492-591-3657,2026-06-01 14:38:37,0,SMS,,3G,0.0,0.05
R08-0000941,8,Pinewood,+1-856-461-3224,+1-528-997-5788,2026-06-01 08:03:24,0,SMS,,4G,0.0,0.05
R08-0000942,8,Pinewood,+1-431-327-8917,+1-422-972-5933,2026-06-01 07:42:26,3179,VOICE,,4G,0.1,5.3
R08-0000943,8,Pinewood,+1-744-961-6911,+1-736-262-8520,2026-06-01 07:50:15,852,VOICE,,4G,0.1,1.42
R08-0000944,8,Pinewood,+1-831-485-9944,+1-745-806-1446,2026-06-01 20:07:25,0,SMS,,5G,0.0,0.05
R08-0000945,8,Pinewood,+1-554-268-5611,,2026-06-01 16:47:57,7083,DATA,423582850,4G,0.0,4.24
R08-0000946,8,Pinewood,+1-242-773-0070,+1-290-474-8392,2026-06-01 16:54:09,1767,VOICE,,4G,0.1,2.95
R08-0000947,8,Pinewood,+1-286-253-0545,+1-946-304-6271,2026-06-01 16:14:21,0,SMS,,4G,0.0,0.05
R08-0000948,8,Pinewood,+1-236-769-2622,+1-306-251-4683,2026-06-01 11:35:22,0,SMS,,5G,0.0,0.05
R08-0000949,8,Pinewood,+1-812-901-9427,+1-924-554-9974,2026-06-01 22:54:07,0,SMS,,4G,0.0,0.05
R08-0000950,8,Pinewood,+1-843-514-0346,+1-575-511-8945,2026-06-01 20:57:19,1199,VOICE,,5G,0.08,1.6
R08-0000951,8,Pinewood,+1-235-984-6232,+1-901-753-6836,2026-06-01 01:30:51,1014,VOICE,,5G,0.08,1.35
R08-0000952,8,Pinewood,+1-736-930-4323,+1-900-741-8588,2026-06-01 14:03:06,0,SMS,,5G,0.0,0.05
R08-0000953,8,Pinewood,+1-955-421-6902,+1-614-528-7536,2026-06-01 02:05:26,0,SMS,,4G,0.0,0.05
R08-0000954,8,Pinewood,+1-877-838-7467,+1-652-813-4610,2026-06-01 10:42:11,2547,VOICE,,3G,0.12,5.09
R08-0000955,8,Pinewood,+1-753-311-9218,+1-225-472-8066,2026-06-01 18:19:44,561,VOICE,,4G,0.1,0.94
R08-0000956,8,Pinewood,+1-855-829-7214,+1-564-508-8749,2026-06-01 12:24:47,3067,VOICE,,5G,0.08,4.09
R08-0000957,8,Pinewood,+1-894-344-0564,+1-617-662-3672,2026-06-01 02:57:14,0,SMS,,5G,0.0,0.05
R08-0000958,8,Pinewood,+1-775-263-6017,+1-602-967-1285,2026-06-01 08:24:25,0,SMS,,5G,0.0,0.05
R08-0000959,8,Pinewood,+1-798-466-6946,+1-623-220-8849,2026-06-01 06:46:22,1882,VOICE,,4G,0.1,3.14
R08-0000960,8,Pinewood,+1-862-460-8263,+1-915-220-6945,2026-06-01 11:15:52,186,VOICE,,4G,0.1,0.31
R08-0000961,8,Pinewood,+1-862-702-1087,,2026-06-01 17:49:34,4855,DATA,204955711,5G,0.0,2.05
R08-0000962,8,Pinewood,+1-632-680-0907,+1-309-341-0529,2026-06-01 02:33:56,2972,VOICE,,5G,0.08,3.96
R08-0000963,8,Pinewood,+1-322-710-4398,+1-890-464-4768,2026-06-01 06:41:11,1252,VOICE,,4G,0.1,2.09
R08-0000964,8,Pinewood,+1-462-312-8686,+1-758-917-4226,2026-06-01 01:52:34,0,SMS,,3G,0.0,0.05
R08-0000965,8,Pinewood,+1-240-436-6539,+1-857-328-7703,2026-06-01 09:20:42,395,VOICE,,4G,0.1,0.66
R08-0000966,8,Pinewood,+1-208-325-0686,+1-523-973-9659,2026-06-01 14:38:56,0,SMS,,5G,0.0,0.05
R08-0000967,8,Pinewood,+1-526-425-7063,+1-767-254-2380,2026-06-01 08:10:10,0,SMS,,4G,0.0,0.05
R08-0000968,8,Pinewood,+1-205-787-9334,+1-335-989-7129,2026-06-01 02:52:58,0,SMS,,4G,0.0,0.05
R08-0000969,8,Pinewood,+1-536-783-4943,+1-480-591-3620,2026-06-01 23:38:54,147,VOICE,,5G,0.08,0.2
R08-0000970,8,Pinewood,+1-552-719-8112,+1-940-660-6047,2026-06-01 10:40:53,0,SMS,,4G,0.0,0.05
R08-0000971,8,Pinewood,+1-401-397-2318,+1-788-959-2731,2026-06-01 20:04:02,0,SMS,,5G,0.0,0.05
R08-0000972,8,Pinewood,+1-201-348-8217,+1-343-415-1921,2026-06-01 14:55:01,484,VOICE,,5G,0.08,0.65
R08-0000973,8,Pinewood,+1-831-726-9024,+1-383-576-6127,2026-06-01 04:02:35,1773,VOICE,,4G,0.1,2.96
R08-0000974,8,Pinewood,+1-206-527-7287,+1-777-659-9489,2026-06-01 12:37:49,223,VOICE,,4G,0.1,0.37
R08-0000975,8,Pinewood,+1-355-769-1876,,2026-06-01 08:01:18,5781,DATA,70262291,5G,0.0,0.7
R08-0000976,8,Pinewood,+1-860-523-9781,+1-680-377-3563,2026-06-01 22:05:23,3505,VOICE,,3G,0.12,7.01
R08-0000977,8,Pinewood,+1-926-984-0607,,2026-06-01 06:56:48,6089,DATA,421137896,4G,0.0,4.21
R08-0000978,8,Pinewood,+1-340-721-4772,+1-221-753-1926,2026-06-01 11:20:39,3108,VOICE,,5G,0.08,4.14
R08-0000979,8,Pinewood,+1-974-616-5503,+1-885-755-7083,2026-06-01 13:33:41,2346,VOICE,,4G,0.1,3.91
R08-0000980,8,Pinewood,+1-820-480-0145,+1-915-381-5192,2026-06-01 17:06:54,2503,VOICE,,4G,0.1,4.17
R08-0000981,8,Pinewood,+1-411-313-1901,+1-234-710-0015,2026-06-01 17:48:53,0,SMS,,4G,0.0,0.05
R08-0000982,8,Pinewood,+1-787-528-9983,,2026-06-01 15:43:02,1569,DATA,136148125,4G,0.0,1.36
R08-0000983,8,Pinewood,+1-599-659-8834,+1-644-529-5171,2026-06-01 22:45:12,2002,VOICE,,4G,0.1,3.34
R08-0000984,8,Pinewood,+1-968-412-9623,+1-348-428-0657,2026-06-01 23:51:28,1149,VOICE,,4G,0.1,1.92
R08-0000985,8,Pinewood,+1-871-833-7012,+1-787-660-4624,2026-06-01 06:31:13,434,VOICE,,3G,0.12,0.87
R08-0000986,8,Pinewood,+1-588-324-2544,,2026-06-01 00:14:56,1135,DATA,448577596,4G,0.0,4.49
R08-0000987,8,Pinewood,+1-259-216-3455,,2026-06-01 15:08:03,4044,DATA,403491887,4G,0.0,4.03
R08-0000988,8,Pinewood,+1-608-784-0213,,2026-06-01 02:24:12,4634,DATA,315124994,4G,0.0,3.15
R08-0000989,8,Pinewood,+1-288-942-5706,+1-818-207-8826,2026-06-01 12:49:29,494,VOICE,,4G,0.1,0.82
R08-0000990,8,Pinewood,+1-279-999-6337,+1-971-444-1274,2026-06-01 00:07:22,2865,VOICE,,3G,0.12,5.73
R08-0000991,8,Pinewood,+1-644-682-6023,+1-465-851-4574,2026-06-01 14:48:08,2551,VOICE,,4G,0.1,4.25
R08-0000992,8,Pinewood,+1-883-601-0824,+1-974-646-1290,2026-06-01 12:50:05,0,SMS,,5G,0.0,0.05
R08-0000993,8,Pinewood,+1-693-610-2298,,2026-06-01 18:50:35,2943,DATA,355869947,4G,0.0,3.56
R08-0000994,8,Pinewood,+1-320-364-6044,+1-459-685-7460,2026-06-01 15:59:25,2008,VOICE,,3G,0.12,4.02
R08-0000995,8,Pinewood,+1-226-490-1175,+1-634-223-1740,2026-06-01 14:25:52,0,SMS,,3G,0.0,0.05
R08-0000996,8,Pinewood,+1-599-786-3592,+1-595-425-5973,2026-06-01 06:41:30,0,SMS,,5G,0.0,0.05
R08-0000997,8,Pinewood,+1-526-478-7269,+1-502-743-5497,2026-06-01 20:47:16,2186,VOICE,,5G,0.08,2.91
R08-0000998,8,Pinewood,+1-336-964-9124,+1-436-575-6125,2026-06-01 02:02:44,3400,VOICE,,5G,0.08,4.53
R08-0000999,8,Pinewood,+1-470-299-0909,+1-518-798-4200,2026-06-01 09:27:01,0,SMS,,4G,0.0,0.05
R08-0001000,8,Pinewood,+1-281-266-5200,+1-386-328-0275,2026-06-01 20:55:59,0,SMS,,5G,0.0,0.05
R08-0001001,8,Pinewood,+1-215-792-8618,+1-816-888-6210,2026-06-01 09:53:16,1399,VOICE,,4G,0.1,2.33
R08-0001002,8,Pinewood,+1-657-716-5457,,2026-06-01 04:58:30,5622,DATA,490371434,5G,0.0,4.9
R08-0001003,8,Pinewood,+1-539-519-3015,+1-699-892-9850,2026-06-01 08:21:13,0,SMS,,4G,0.0,0.05
R08-0001004,8,Pinewood,+1-860-572-5582,,2026-06-01 07:07:24,1780,DATA,307370842,4G,0.0,3.07
R08-0001005,8,Pinewood,+1-620-938-0557,+1-558-721-6024,2026-06-01 14:26:34,0,SMS,,3G,0.0,0.05
R08-0001006,8,Pinewood,+1-803-908-1151,+1-878-499-3690,2026-06-01 08:55:21,208,VOICE,,4G,0.1,0.35
R08-0001007,8,Pinewood,+1-802-824-5221,+1-578-742-2022,2026-06-01 11:51:51,0,SMS,,5G,0.0,0.05
R08-0001008,8,Pinewood,+1-946-587-6152,+1-474-947-7435,2026-06-01 06:06:56,0,SMS,,5G,0.0,0.05
R08-0001009,8,Pinewood,+1-685-829-2139,,2026-06-01 22:56:43,909,DATA,438894137,4G,0.0,4.39
R08-0001010,8,Pinewood,+1-459-460-9586,,2026-06-01 17:42:19,6553,DATA,275292785,5G,0.0,2.75
R08-0001011,8,Pinewood,+1-424-862-2097,+1-835-813-7695,2026-06-01 22:38:43,924,VOICE,,4G,0.1,1.54
R08-0001012,8,Pinewood,+1-790-756-3810,+1-774-985-7171,2026-06-01 02:11:09,0,SMS,,4G,0.0,0.05
R08-0001013,8,Pinewood,+1-513-326-7238,+1-390-548-8312,2026-06-01 17:04:23,0,SMS,,4G,0.0,0.05
R08-0001014,8,Pinewood,+1-847-431-1825,,2026-06-01 08:59:07,6925,DATA,146989260,5G,0.0,1.47
R08-0001015,8,Pinewood,+1-268-672-2396,,2026-06-01 00:08:29,2553,DATA,333343622,4G,0.0,3.33
R08-0001016,8,Pinewood,+1-752-917-1920,+1-215-688-4725,2026-06-01 11:25:49,1622,VOICE,,4G,0.1,2.7
R08-0001017,8,Pinewood,+1-320-313-2965,+1-987-999-2630,2026-06-01 03:34:57,923,VOICE,,4G,0.1,1.54
R08-0001018,8,Pinewood,+1-852-293-7277,+1-554-852-5846,2026-06-01 22:21:35,960,VOICE,,4G,0.1,1.6
R08-0001019,8,Pinewood,+1-942-763-3928,,2026-06-01 11:34:54,5193,DATA,98011531,3G,0.0,0.98
R08-0001020,8,Pinewood,+1-432-421-7068,+1-865-799-6725,2026-06-01 17:40:05,0,SMS,,3G,0.0,0.05
R08-0001021,8,Pinewood,+1-376-863-0756,,2026-06-01 14:42:43,1374,DATA,255988701,5G,0.0,2.56
R08-0001022,8,Pinewood,+1-507-503-9788,+1-852-478-3011,2026-06-01 16:25:15,0,SMS,,5G,0.0,0.05
R08-0001023,8,Pinewood,+1-939-470-6622,+1-897-715-0005,2026-06-01 19:24:23,0,SMS,,4G,0.0,0.05
R08-0001024,8,Pinewood,+1-537-410-8033,+1-716-985-6066,2026-06-01 03:02:40,2966,VOICE,,4G,0.1,4.94
R08-0001025,8,Pinewood,+1-219-556-3502,,2026-06-01 16:38:32,1719,DATA,57519188,5G,0.0,0.58
R08-0001026,8,Pinewood,+1-498-840-1954,+1-203-674-4891,2026-06-01 06:07:55,33,VOICE,,3G,0.12,0.07
R08-0001027,8,Pinewood,+1-943-746-3260,+1-548-804-5668,2026-06-01 20:58:56,1098,VOICE,,4G,0.1,1.83
R08-0001028,8,Pinewood,+1-843-378-2908,+1-367-831-8125,2026-06-01 17:59:30,0,SMS,,4G,0.0,0.05
R08-0001029,8,Pinewood,+1-822-866-7952,+1-506-345-2753,2026-06-01 14:19:05,1736,VOICE,,4G,0.1,2.89
R08-0001030,8,Pinewood,+1-643-791-8170,+1-367-552-5520,2026-06-01 11:11:33,2828,VOICE,,3G,0.12,5.66
R08-0001031,8,Pinewood,+1-243-896-6078,+1-280-228-8190,2026-06-01 00:43:56,0,SMS,,4G,0.0,0.05
R08-0001032,8,Pinewood,+1-752-389-7299,+1-728-558-0742,2026-06-01 02:51:19,0,SMS,,5G,0.0,0.05
R08-0001033,8,Pinewood,+1-443-254-5093,+1-502-434-5301,2026-06-01 13:55:24,0,SMS,,5G,0.0,0.05
R08-0001034,8,Pinewood,+1-760-323-6125,+1-354-314-0985,2026-06-01 06:57:55,2534,VOICE,,4G,0.1,4.22
R08-0001035,8,Pinewood,+1-684-345-9921,,2026-06-01 16:15:48,7025,DATA,24089665,4G,0.0,0.24
R08-0001036,8,Pinewood,+1-541-325-0952,+1-933-469-3991,2026-06-01 22:20:12,3455,VOICE,,3G,0.12,6.91
R08-0001037,8,Pinewood,+1-512-679-1012,+1-926-449-3906,2026-06-01 01:01:56,3556,VOICE,,3G,0.12,7.11
R08-0001038,8,Pinewood,+1-960-500-4545,+1-350-971-0845,2026-06-01 13:42:24,2641,VOICE,,5G,0.08,3.52
R08-0001039,8,Pinewood,+1-390-422-3059,+1-230-358-4424,2026-06-01 03:15:00,1942,VOICE,,4G,0.1,3.24
R08-0001040,8,Pinewood,+1-441-382-8801,,2026-06-01 07:03:37,687,DATA,214494272,4G,0.0,2.14
R08-0001041,8,Pinewood,+1-405-765-4481,+1-586-684-7918,2026-06-01 14:31:03,0,SMS,,4G,0.0,0.05
R08-0001042,8,Pinewood,+1-489-745-3391,+1-223-772-4548,2026-06-01 09:58:12,625,VOICE,,4G,0.1,1.04
R08-0001043,8,Pinewood,+1-558-209-8944,+1-630-625-1231,2026-06-01 08:40:35,1791,VOICE,,4G,0.1,2.99
R08-0001044,8,Pinewood,+1-519-868-4230,+1-251-206-5357,2026-06-01 08:08:32,0,SMS,,5G,0.0,0.05
R08-0001045,8,Pinewood,+1-949-948-4244,+1-293-464-2728,2026-06-01 11:22:49,0,SMS,,3G,0.0,0.05
R08-0001046,8,Pinewood,+1-887-264-0106,+1-602-738-7743,2026-06-01 19:53:58,0,SMS,,5G,0.0,0.05
R08-0001047,8,Pinewood,+1-365-400-2059,+1-883-497-3683,2026-06-01 14:09:02,0,SMS,,4G,0.0,0.05
R08-0001048,8,Pinewood,+1-499-325-3153,+1-454-427-8485,2026-06-01 13:31:51,3583,VOICE,,3G,0.12,7.17
R08-0001049,8,Pinewood,+1-882-482-2103,+1-724-318-2508,2026-06-01 09:18:21,0,SMS,,4G,0.0,0.05
R08-0001050,8,Pinewood,+1-258-665-3984,+1-278-334-2327,2026-06-01 00:17:22,0,SMS,,4G,0.0,0.05
R08-0001051,8,Pinewood,+1-665-495-9331,+1-373-734-1292,2026-06-01 22:22:29,0,SMS,,4G,0.0,0.05
R08-0001052,8,Pinewood,+1-833-800-8194,+1-816-425-6908,2026-06-01 14:43:31,3067,VOICE,,4G,0.1,5.11
R08-0001053,8,Pinewood,+1-870-847-7810,+1-775-526-1170,2026-06-01 15:38:55,563,VOICE,,3G,0.12,1.13
R08-0001054,8,Pinewood,+1-400-750-2829,+1-562-352-0710,2026-06-01 19:59:12,0,SMS,,4G,0.0,0.05
R08-0001055,8,Pinewood,+1-637-302-7179,+1-665-538-2117,2026-06-01 05:30:17,3400,VOICE,,3G,0.12,6.8
R08-0001056,8,Pinewood,+1-936-823-7651,+1-903-833-0947,2026-06-01 11:36:34,0,VOICE,,3G,0.12,0.0
R08-0001057,8,Pinewood,+1-941-742-9572,,2026-06-01 19:28:28,2069,DATA,242807634,4G,0.0,2.43
R08-0001058,8,Pinewood,+1-570-556-0248,+1-307-300-0372,2026-06-01 21:46:01,0,SMS,,3G,0.0,0.05
R08-0001059,8,Pinewood,+1-421-917-0129,+1-415-971-6677,2026-06-01 15:23:36,0,SMS,,4G,0.0,0.05
R08-0001060,8,Pinewood,+1-744-829-7162,+1-532-361-4339,2026-06-01 08:25:30,0,SMS,,5G,0.0,0.05
R08-0001061,8,Pinewood,+1-461-279-0540,+1-935-619-9373,2026-06-01 18:58:09,2221,VOICE,,4G,0.1,3.7
R08-0001062,8,Pinewood,+1-961-614-5959,,2026-06-01 12:30:48,6872,DATA,164724321,3G,0.0,1.65
R08-0001063,8,Pinewood,+1-767-298-6347,,2026-06-01 15:06:43,435,DATA,157513879,4G,0.0,1.58
R08-0001064,8,Pinewood,+1-938-473-8867,+1-785-999-5009,2026-06-01 20:21:18,1922,VOICE,,5G,0.08,2.56
R08-0001065,8,Pinewood,+1-579-798-6188,,2026-06-01 11:51:24,4016,DATA,194511855,5G,0.0,1.95
R08-0001066,8,Pinewood,+1-332-645-5963,+1-475-818-5670,2026-06-01 06:01:13,0,SMS,,4G,0.0,0.05
R08-0001067,8,Pinewood,+1-476-721-0706,,2026-06-01 16:02:00,1429,DATA,363455826,4G,0.0,3.63
R08-0001068,8,Pinewood,+1-714-697-4585,+1-900-763-6211,2026-06-01 01:06:51,1843,VOICE,,3G,0.12,3.69
R08-0001069,8,Pinewood,+1-944-946-3565,+1-855-456-7952,2026-06-01 04:01:19,0,SMS,,5G,0.0,0.05
R08-0001070,8,Pinewood,+1-502-765-0804,,2026-06-01 20:29:36,1749,DATA,269848413,5G,0.0,2.7
R08-0001071,8,Pinewood,+1-232-741-9772,+1-573-324-4850,2026-06-01 17:45:10,0,SMS,,4G,0.0,0.05
R08-0001072,8,Pinewood,+1-857-535-2956,+1-867-803-1813,2026-06-01 02:50:21,3051,VOICE,,5G,0.08,4.07
R08-0001073,8,Pinewood,+1-656-524-4953,+1-310-394-7823,2026-06-01 05:23:08,1390,VOICE,,3G,0.12,2.78
R08-0001074,8,Pinewood,+1-728-907-8789,+1-780-587-9423,2026-06-01 13:56:25,0,SMS,,5G,0.0,0.05
R08-0001075,8,Pinewood,+1-744-425-8587,,2026-06-01 01:34:48,6644,DATA,378209153,4G,0.0,3.78
R08-0001076,8,Pinewood,+1-641-666-7176,,2026-06-01 02:57:00,2960,DATA,6933468,5G,0.0,0.07
R08-0001077,8,Pinewood,+1-570-230-2755,+1-730-553-5411,2026-06-01 16:39:48,792,VOICE,,4G,0.1,1.32
R08-0001078,8,Pinewood,+1-761-413-0106,+1-987-598-2812,2026-06-01 05:03:19,3235,VOICE,,4G,0.1,5.39
R08-0001079,8,Pinewood,+1-234-270-0638,,2026-06-01 10:27:30,2299,DATA,250393609,5G,0.0,2.5
R08-0001080,8,Pinewood,+1-662-672-1106,+1-507-774-7212,2026-06-01 18:03:59,0,SMS,,4G,0.0,0.05
R08-0001081,8,Pinewood,+1-434-998-1539,,2026-06-01 10:06:20,6437,DATA,204934435,3G,0.0,2.05
R08-0001082,8,Pinewood,+1-549-670-5323,+1-618-270-5540,2026-06-01 05:42:08,2539,VOICE,,3G,0.12,5.08
R08-0001083,8,Pinewood,+1-957-469-0870,+1-236-424-9575,2026-06-01 05:45:04,0,SMS,,5G,0.0,0.05
R08-0001084,8,Pinewood,+1-934-423-9503,+1-700-276-2718,2026-06-01 19:28:00,0,SMS,,4G,0.0,0.05
R08-0001085,8,Pinewood,+1-312-539-8200,+1-317-639-9604,2026-06-01 05:11:54,1891,VOICE,,4G,0.1,3.15
R08-0001086,8,Pinewood,+1-791-645-6600,+1-721-272-6046,2026-06-01 04:22:47,0,SMS,,5G,0.0,0.05
R08-0001087,8,Pinewood,+1-642-427-2775,+1-497-411-1702,2026-06-01 22:14:56,424,VOICE,,5G,0.08,0.57
R08-0001088,8,Pinewood,+1-226-296-1782,+1-837-335-4820,2026-06-01 12:56:05,0,SMS,,4G,0.0,0.05
R08-0001089,8,Pinewood,+1-905-899-8472,,2026-06-01 12:34:58,1401,DATA,498342445,3G,0.0,4.98
R08-0001090,8,Pinewood,+1-967-639-7861,+1-544-451-9261,2026-06-01 06:13:47,2993,VOICE,,4G,0.1,4.99
R08-0001091,8,Pinewood,+1-507-631-7823,+1-267-346-0370,2026-06-01 21:01:12,3050,VOICE,,4G,0.1,5.08
R08-0001092,8,Pinewood,+1-353-265-5746,+1-901-333-2842,2026-06-01 22:59:47,0,SMS,,4G,0.0,0.05
R08-0001093,8,Pinewood,+1-731-622-1717,+1-671-812-9892,2026-06-01 12:28:26,2207,VOICE,,4G,0.1,3.68
R08-0001094,8,Pinewood,+1-259-963-0920,+1-397-586-8946,2026-06-01 03:10:16,1936,VOICE,,4G,0.1,3.23
R08-0001095,8,Pinewood,+1-343-926-7325,+1-712-887-6769,2026-06-01 08:51:48,2947,VOICE,,4G,0.1,4.91
R08-0001096,8,Pinewood,+1-811-851-8149,+1-533-259-3714,2026-06-01 22:35:11,0,SMS,,4G,0.0,0.05
R08-0001097,8,Pinewood,+1-909-709-8655,+1-848-832-3875,2026-06-01 04:01:08,0,SMS,,4G,0.0,0.05
R08-0001098,8,Pinewood,+1-499-914-8540,+1-444-269-4885,2026-06-01 15:43:08,1600,VOICE,,5G,0.08,2.13
R08-0001099,8,Pinewood,+1-223-683-7931,,2026-06-01 06:35:52,2262,DATA,357562823,3G,0.0,3.58
R08-0001100,8,Pinewood,+1-985-791-4975,+1-395-992-0498,2026-06-01 09:40:54,2320,VOICE,,3G,0.12,4.64
R08-0001101,8,Pinewood,+1-580-866-0486,,2026-06-01 06:33:31,3699,DATA,285382893,4G,0.0,2.85
R08-0001102,8,Pinewood,+1-219-273-9943,+1-387-501-5245,2026-06-01 02:17:30,1448,VOICE,,5G,0.08,1.93
R08-0001103,8,Pinewood,+1-578-909-6257,+1-780-295-1882,2026-06-01 23:59:53,0,SMS,,5G,0.0,0.05
R08-0001104,8,Pinewood,+1-361-901-6395,,2026-06-01 19:32:13,1337,DATA,150722885,4G,0.0,1.51
R08-0001105,8,Pinewood,+1-967-482-8829,+1-943-817-4291,2026-06-01 00:51:26,0,SMS,,4G,0.0,0.05
R08-0001106,8,Pinewood,+1-827-890-8195,+1-721-596-2018,2026-06-01 21:38:47,0,SMS,,4G,0.0,0.05
R08-0001107,8,Pinewood,+1-912-477-0611,+1-721-605-0587,2026-06-01 08:01:39,0,SMS,,4G,0.0,0.05
R08-0001108,8,Pinewood,+1-338-216-1387,+1-673-642-1392,2026-06-01 16:22:43,0,SMS,,5G,0.0,0.05
R08-0001109,8,Pinewood,+1-644-256-9327,+1-716-220-0615,2026-06-01 08:17:45,316,VOICE,,4G,0.1,0.53
R08-0001110,8,Pinewood,+1-529-372-5201,+1-894-547-1163,2026-06-01 03:00:42,2374,VOICE,,5G,0.08,3.17
R08-0001111,8,Pinewood,+1-804-710-7358,+1-278-920-3092,2026-06-01 19:39:58,0,SMS,,5G,0.0,0.05
R08-0001112,8,Pinewood,+1-844-380-8280,+1-397-200-7998,2026-06-01 14:34:11,3184,VOICE,,5G,0.08,4.25
R08-0001113,8,Pinewood,+1-765-223-9677,+1-553-523-8011,2026-06-01 19:58:49,1718,VOICE,,5G,0.08,2.29
R08-0001114,8,Pinewood,+1-621-521-6769,,2026-06-01 02:42:28,6723,DATA,294178034,5G,0.0,2.94
R08-0001115,8,Pinewood,+1-691-231-5119,+1-599-232-0966,2026-06-01 05:04:28,0,SMS,,4G,0.0,0.05
R08-0001116,8,Pinewood,+1-273-641-7798,+1-535-947-2546,2026-06-01 00:06:15,2846,VOICE,,4G,0.1,4.74
R08-0001117,8,Pinewood,+1-453-617-6860,+1-374-613-8110,2026-06-01 21:05:24,0,SMS,,4G,0.0,0.05
R08-0001118,8,Pinewood,+1-207-512-4125,+1-865-514-7648,2026-06-01 03:26:29,527,VOICE,,5G,0.08,0.7
R08-0001119,8,Pinewood,+1-790-963-8525,,2026-06-01 12:10:58,5227,DATA,346109560,4G,0.0,3.46
R08-0001120,8,Pinewood,+1-385-902-6570,+1-688-459-1396,2026-06-01 00:40:30,0,SMS,,4G,0.0,0.05
R08-0001121,8,Pinewood,+1-708-965-1102,+1-781-501-0706,2026-06-01 06:37:27,0,SMS,,4G,0.0,0.05
R08-0001122,8,Pinewood,+1-437-453-5908,+1-950-262-2517,2026-06-01 00:36:42,2340,VOICE,,4G,0.1,3.9
R08-0001123,8,Pinewood,+1-887-466-0431,+1-801-850-8037,2026-06-01 05:51:29,720,VOICE,,4G,0.1,1.2
R08-0001124,8,Pinewood,+1-252-652-5446,,2026-06-01 20:17:47,6124,DATA,459544020,4G,0.0,4.6
R08-0001125,8,Pinewood,+1-522-977-0591,+1-349-566-8065,2026-06-01 09:33:55,0,SMS,,3G,0.0,0.05
R08-0001126,8,Pinewood,+1-493-681-9007,+1-558-242-6303,2026-06-01 08:41:20,2272,VOICE,,5G,0.08,3.03
R08-0001127,8,Pinewood,+1-392-901-1146,,2026-06-01 22:05:32,5967,DATA,261494195,3G,0.0,2.61
R08-0001128,8,Pinewood,+1-926-479-3769,+1-983-424-9291,2026-06-01 23:10:30,0,SMS,,5G,0.0,0.05
R08-0001129,8,Pinewood,+1-637-495-2854,+1-280-627-4842,2026-06-01 10:04:30,157,VOICE,,4G,0.1,0.26
R08-0001130,8,Pinewood,+1-220-380-4006,+1-437-272-8684,2026-06-01 19:31:48,0,VOICE,,3G,0.12,0.0
R08-0001131,8,Pinewood,+1-235-572-1132,+1-883-412-7729,2026-06-01 12:47:07,0,SMS,,5G,0.0,0.05
R08-0001132,8,Pinewood,+1-841-303-1065,,2026-06-01 06:23:35,3617,DATA,74574508,4G,0.0,0.75
R08-0001133,8,Pinewood,+1-834-851-0006,,2026-06-01 01:22:26,2528,DATA,477142663,4G,0.0,4.77
R08-0001134,8,Pinewood,+1-856-888-4715,+1-595-400-3022,2026-06-01 21:17:34,1180,VOICE,,4G,0.1,1.97
R08-0001135,8,Pinewood,+1-541-594-3572,+1-751-533-1936,2026-06-01 17:32:09,651,VOICE,,5G,0.08,0.87
R08-0001136,8,Pinewood,+1-375-244-8373,+1-788-320-4396,2026-06-01 06:34:43,0,SMS,,5G,0.0,0.05
R08-0001137,8,Pinewood,+1-704-996-2056,+1-260-237-5495,2026-06-01 00:56:13,0,SMS,,4G,0.0,0.05
R08-0001138,8,Pinewood,+1-393-401-9019,,2026-06-01 00:00:55,185,DATA,236594058,3G,0.0,2.37
R08-0001139,8,Pinewood,+1-279-834-6945,+1-622-867-0046,2026-06-01 23:29:48,447,VOICE,,4G,0.1,0.75
R08-0001140,8,Pinewood,+1-289-794-8370,+1-648-225-9876,2026-06-01 02:38:45,1991,VOICE,,3G,0.12,3.98
R08-0001141,8,Pinewood,+1-345-229-7179,,2026-06-01 19:49:25,2303,DATA,315948551,4G,0.0,3.16
R08-0001142,8,Pinewood,+1-476-876-7708,+1-642-327-3447,2026-06-01 18:13:24,0,SMS,,4G,0.0,0.05
R08-0001143,8,Pinewood,+1-430-209-1869,,2026-06-01 05:40:34,6882,DATA,409673773,4G,0.0,4.1
R08-0001144,8,Pinewood,+1-202-581-4962,+1-888-621-3143,2026-06-01 02:54:11,0,SMS,,3G,0.0,0.05
R08-0001145,8,Pinewood,+1-541-267-6564,+1-807-959-1002,2026-06-01 12:10:50,0,SMS,,5G,0.0,0.05
R08-0001146,8,Pinewood,+1-429-289-0732,+1-698-537-4030,2026-06-01 03:06:16,0,SMS,,4G,0.0,0.05
R08-0001147,8,Pinewood,+1-275-812-4248,,2026-06-01 21:41:17,5430,DATA,306433126,4G,0.0,3.06
R08-0001148,8,Pinewood,+1-382-790-2439,,2026-06-01 15:59:55,2179,DATA,338665370,5G,0.0,3.39
R08-0001149,8,Pinewood,+1-728-275-6627,+1-525-967-0108,2026-06-01 10:15:16,1534,VOICE,,4G,0.1,2.56
R08-0001150,8,Pinewood,+1-809-973-5631,,2026-06-01 01:44:02,1986,DATA,237659530,4G,0.0,2.38
R08-0001151,8,Pinewood,+1-320-851-2805,+1-276-721-6347,2026-06-01 10:41:49,0,SMS,,4G,0.0,0.05
R08-0001152,8,Pinewood,+1-280-425-0765,+1-904-891-0226,2026-06-01 00:04:59,2509,VOICE,,5G,0.08,3.35
R08-0001153,8,Pinewood,+1-489-944-1082,,2026-06-01 21:32:27,6586,DATA,8966138,5G,0.0,0.09
R08-0001154,8,Pinewood,+1-852-962-9804,+1-718-949-0195,2026-06-01 04:39:19,2046,VOICE,,3G,0.12,4.09
R08-0001155,8,Pinewood,+1-709-424-3283,+1-672-492-9586,2026-06-01 09:09:16,958,VOICE,,4G,0.1,1.6
R08-0001156,8,Pinewood,+1-487-789-3580,+1-312-251-6655,2026-06-01 03:10:56,0,SMS,,4G,0.0,0.05
R08-0001157,8,Pinewood,+1-695-474-3527,+1-963-719-9295,2026-06-01 09:48:57,3043,VOICE,,4G,0.1,5.07
R08-0001158,8,Pinewood,+1-384-451-3900,+1-394-432-1137,2026-06-01 23:08:31,2594,VOICE,,4G,0.1,4.32
R08-0001159,8,Pinewood,+1-856-673-2087,,2026-06-01 00:37:40,805,DATA,471395526,4G,0.0,4.71
R08-0001160,8,Pinewood,+1-679-964-0439,,2026-06-01 20:46:30,3347,DATA,347834258,4G,0.0,3.48
R08-0001161,8,Pinewood,+1-527-241-4947,+1-440-857-8414,2026-06-01 02:47:52,41,VOICE,,3G,0.12,0.08
R08-0001162,8,Pinewood,+1-512-646-5111,+1-621-901-4179,2026-06-01 14:48:42,3229,VOICE,,4G,0.1,5.38
R08-0001163,8,Pinewood,+1-479-791-5214,+1-651-401-3597,2026-06-01 09:27:48,0,SMS,,5G,0.0,0.05
R08-0001164,8,Pinewood,+1-353-778-3981,+1-330-210-5144,2026-06-01 17:32:17,2191,VOICE,,5G,0.08,2.92
R08-0001165,8,Pinewood,+1-565-689-3884,,2026-06-01 01:50:39,5957,DATA,125783479,3G,0.0,1.26
R08-0001166,8,Pinewood,+1-971-944-6447,+1-653-383-5768,2026-06-01 15:50:20,0,SMS,,5G,0.0,0.05
R08-0001167,8,Pinewood,+1-729-863-5965,+1-359-766-4488,2026-06-01 04:39:05,973,VOICE,,5G,0.08,1.3
R08-0001168,8,Pinewood,+1-635-389-5492,+1-508-535-4972,2026-06-01 13:06:03,0,SMS,,4G,0.0,0.05
R08-0001169,8,Pinewood,+1-353-221-6922,,2026-06-01 11:54:38,1630,DATA,291638792,4G,0.0,2.92
R08-0001170,8,Pinewood,+1-900-297-2230,+1-207-581-5320,2026-06-01 04:34:24,1478,VOICE,,4G,0.1,2.46
R08-0001171,8,Pinewood,+1-465-804-0955,,2026-06-01 21:59:46,2289,DATA,86024735,4G,0.0,0.86
R08-0001172,8,Pinewood,+1-277-896-7617,+1-335-603-4417,2026-06-01 23:56:30,3176,VOICE,,3G,0.12,6.35
R08-0001173,8,Pinewood,+1-815-466-6537,,2026-06-01 20:50:23,4914,DATA,89154080,5G,0.0,0.89
R08-0001174,8,Pinewood,+1-457-492-2245,+1-507-590-2592,2026-06-01 06:33:26,0,SMS,,4G,0.0,0.05
R08-0001175,8,Pinewood,+1-795-378-3222,+1-337-713-9338,2026-06-01 02:59:20,2614,VOICE,,5G,0.08,3.49
R08-0001176,8,Pinewood,+1-860-604-2807,+1-376-303-5350,2026-06-01 19:59:25,0,SMS,,4G,0.0,0.05
R08-0001177,8,Pinewood,+1-313-542-8122,+1-212-367-1332,2026-06-01 01:10:57,0,SMS,,5G,0.0,0.05
R08-0001178,8,Pinewood,+1-789-824-9524,+1-454-364-6031,2026-06-01 10:31:36,3020,VOICE,,4G,0.1,5.03
R08-0001179,8,Pinewood,+1-264-667-1619,+1-792-694-6184,2026-06-01 08:13:48,0,SMS,,5G,0.0,0.05
R08-0001180,8,Pinewood,+1-943-470-3167,+1-282-693-5510,2026-06-01 11:23:05,0,SMS,,4G,0.0,0.05
R08-0001181,8,Pinewood,+1-678-547-3691,+1-294-837-4343,2026-06-01 18:57:50,0,SMS,,5G,0.0,0.05
R08-0001182,8,Pinewood,+1-568-750-2893,+1-378-823-6570,2026-06-01 05:32:36,1767,VOICE,,5G,0.08,2.36
R08-0001183,8,Pinewood,+1-251-270-9617,,2026-06-01 02:25:09,467,DATA,330387520,5G,0.0,3.3
R08-0001184,8,Pinewood,+1-249-575-6318,+1-460-710-5364,2026-06-01 17:57:14,725,VOICE,,3G,0.12,1.45
R08-0001185,8,Pinewood,+1-399-295-3832,+1-312-652-9958,2026-06-01 19:38:10,0,SMS,,4G,0.0,0.05
R08-0001186,8,Pinewood,+1-365-915-3602,+1-496-523-4978,2026-06-01 07:55:43,0,SMS,,4G,0.0,0.05
R08-0001187,8,Pinewood,+1-291-746-0240,+1-734-583-0468,2026-06-01 14:13:37,95,VOICE,,5G,0.08,0.13
R08-0001188,8,Pinewood,+1-666-831-4261,+1-679-734-1528,2026-06-01 22:40:03,2886,VOICE,,4G,0.1,4.81
R08-0001189,8,Pinewood,+1-282-983-9858,+1-853-789-7051,2026-06-01 05:27:44,0,SMS,,4G,0.0,0.05
R08-0001190,8,Pinewood,+1-935-419-3536,+1-570-676-2028,2026-06-01 09:28:47,2522,VOICE,,4G,0.1,4.2
R08-0001191,8,Pinewood,+1-729-251-5175,+1-313-202-2652,2026-06-01 05:15:10,2440,VOICE,,3G,0.12,4.88
R08-0001192,8,Pinewood,+1-829-982-9724,+1-675-884-3149,2026-06-01 13:19:41,3034,VOICE,,4G,0.1,5.06
R08-0001193,8,Pinewood,+1-882-289-9095,+1-212-424-5790,2026-06-01 19:50:47,2251,VOICE,,4G,0.1,3.75
R08-0001194,8,Pinewood,+1-391-966-6232,+1-666-753-6498,2026-06-01 01:27:01,477,VOICE,,4G,0.1,0.8
R08-0001195,8,Pinewood,+1-568-674-7364,+1-529-298-9495,2026-06-01 03:51:03,1736,VOICE,,3G,0.12,3.47
R08-0001196,8,Pinewood,+1-978-269-5928,+1-313-433-8077,2026-06-01 07:57:09,1554,VOICE,,5G,0.08,2.07
R08-0001197,8,Pinewood,+1-475-547-3267,,2026-06-01 03:38:40,6565,DATA,117018357,5G,0.0,1.17
R08-0001198,8,Pinewood,+1-440-213-1088,+1-614-544-9125,2026-06-01 20:41:40,618,VOICE,,4G,0.1,1.03
R08-0001199,8,Pinewood,+1-241-258-4646,+1-663-797-8342,2026-06-01 16:47:17,626,VOICE,,4G,0.1,1.04
R08-0001200,8,Pinewood,+1-763-200-6719,+1-975-786-2561,2026-06-01 16:58:26,0,SMS,,3G,0.0,0.05
R08-0001201,8,Pinewood,+1-854-636-6325,,2026-06-01 20:26:40,3910,DATA,418862617,5G,0.0,4.19
R08-0001202,8,Pinewood,+1-511-785-3161,+1-670-614-3654,2026-06-01 13:56:20,805,VOICE,,4G,0.1,1.34
R08-0001203,8,Pinewood,+1-340-717-5714,+1-484-282-4487,2026-06-01 10:57:42,639,VOICE,,3G,0.12,1.28
R08-0001204,8,Pinewood,+1-456-825-2237,+1-989-734-1573,2026-06-01 18:06:52,2341,VOICE,,4G,0.1,3.9
R08-0001205,8,Pinewood,+1-407-326-9309,+1-870-888-3826,2026-06-01 13:21:53,0,SMS,,3G,0.0,0.05
R08-0001206,8,Pinewood,+1-286-648-9381,,2026-06-01 16:17:18,2410,DATA,268722554,4G,0.0,2.69
R08-0001207,8,Pinewood,+1-423-260-4524,+1-545-236-4790,2026-06-01 03:20:31,3579,VOICE,,3G,0.12,7.16
R08-0001208,8,Pinewood,+1-372-569-4956,+1-260-827-8615,2026-06-01 06:38:56,2619,VOICE,,3G,0.12,5.24
R08-0001209,8,Pinewood,+1-974-311-5505,+1-262-280-9447,2026-06-01 05:25:24,2283,VOICE,,4G,0.1,3.8
R08-0001210,8,Pinewood,+1-679-805-6892,+1-865-503-0185,2026-06-01 22:25:43,1805,VOICE,,5G,0.08,2.41
R08-0001211,8,Pinewood,+1-567-847-5327,,2026-06-01 08:08:12,6600,DATA,459657079,4G,0.0,4.6
R08-0001212,8,Pinewood,+1-546-394-0111,+1-763-869-3803,2026-06-01 17:15:29,3426,VOICE,,4G,0.1,5.71
R08-0001213,8,Pinewood,+1-683-634-3922,+1-507-953-5188,2026-06-01 23:34:35,2706,VOICE,,3G,0.12,5.41
R08-0001214,8,Pinewood,+1-634-440-8308,+1-455-770-6802,2026-06-01 13:20:20,1843,VOICE,,4G,0.1,3.07
R08-0001215,8,Pinewood,+1-465-334-3247,+1-222-489-3869,2026-06-01 12:41:12,0,SMS,,4G,0.0,0.05
R08-0001216,8,Pinewood,+1-971-519-3254,+1-289-850-2578,2026-06-01 11:07:19,546,VOICE,,3G,0.12,1.09
R08-0001217,8,Pinewood,+1-303-887-7934,,2026-06-01 22:03:25,5086,DATA,72718995,5G,0.0,0.73
R08-0001218,8,Pinewood,+1-717-632-4326,+1-855-892-6117,2026-06-01 01:40:43,2644,VOICE,,5G,0.08,3.53
R08-0001219,8,Pinewood,+1-477-962-8667,+1-647-455-8276,2026-06-01 06:46:37,576,VOICE,,4G,0.1,0.96
R08-0001220,8,Pinewood,+1-596-430-7108,+1-672-946-7554,2026-06-01 19:33:07,0,VOICE,,4G,0.1,0.0
R08-0001221,8,Pinewood,+1-413-351-4690,+1-632-642-8901,2026-06-01 21:25:26,331,VOICE,,4G,0.1,0.55
R08-0001222,8,Pinewood,+1-926-291-0686,+1-731-644-3945,2026-06-01 09:29:29,1293,VOICE,,5G,0.08,1.72
R08-0001223,8,Pinewood,+1-658-718-9231,+1-596-651-5053,2026-06-01 06:55:36,0,SMS,,4G,0.0,0.05
R08-0001224,8,Pinewood,+1-737-629-5039,+1-431-725-7675,2026-06-01 17:48:22,0,SMS,,5G,0.0,0.05
R08-0001225,8,Pinewood,+1-260-371-5104,+1-809-514-8203,2026-06-01 16:10:06,2575,VOICE,,4G,0.1,4.29
R08-0001226,8,Pinewood,+1-369-520-1775,+1-961-809-9695,2026-06-01 20:36:41,2542,VOICE,,4G,0.1,4.24
R08-0001227,8,Pinewood,+1-467-946-1293,+1-283-846-4143,2026-06-01 02:28:27,0,SMS,,4G,0.0,0.05
R08-0001228,8,Pinewood,+1-905-676-0045,+1-594-292-5674,2026-06-01 16:40:18,0,SMS,,4G,0.0,0.05
R08-0001229,8,Pinewood,+1-270-883-7132,,2026-06-01 07:28:39,2875,DATA,82888843,5G,0.0,0.83
R08-0001230,8,Pinewood,+1-828-366-3624,+1-520-612-2452,2026-06-01 16:48:01,0,SMS,,4G,0.0,0.05
R08-0001231,8,Pinewood,+1-642-982-1958,+1-724-445-8876,2026-06-01 02:17:01,0,SMS,,4G,0.0,0.05
R08-0001232,8,Pinewood,+1-733-373-3311,+1-243-214-1622,2026-06-01 13:27:10,1358,VOICE,,4G,0.1,2.26
R08-0001233,8,Pinewood,+1-584-252-5140,+1-265-647-4846,2026-06-01 23:08:13,64,VOICE,,4G,0.1,0.11
R08-0001234,8,Pinewood,+1-733-816-7890,+1-781-383-1146,2026-06-01 11:19:15,279,VOICE,,5G,0.08,0.37
R08-0001235,8,Pinewood,+1-851-556-5555,+1-964-254-6535,2026-06-01 23:33:02,3151,VOICE,,4G,0.1,5.25
R08-0001236,8,Pinewood,+1-243-293-4006,+1-595-251-3899,2026-06-01 12:18:04,0,SMS,,5G,0.0,0.05
R08-0001237,8,Pinewood,+1-964-296-0990,+1-970-272-8143,2026-06-01 23:44:03,2939,VOICE,,4G,0.1,4.9
R08-0001238,8,Pinewood,+1-739-656-6287,+1-274-397-6262,2026-06-01 13:34:14,1543,VOICE,,4G,0.1,2.57
R08-0001239,8,Pinewood,+1-555-280-0505,+1-204-447-2977,2026-06-01 15:52:15,0,SMS,,5G,0.0,0.05
R08-0001240,8,Pinewood,+1-706-251-5571,+1-796-636-0733,2026-06-01 02:04:17,933,VOICE,,4G,0.1,1.56
R08-0001241,8,Pinewood,+1-916-538-3409,+1-661-473-5439,2026-06-01 06:35:05,3343,VOICE,,4G,0.1,5.57
R08-0001242,8,Pinewood,+1-223-730-4437,,2026-06-01 00:02:12,3285,DATA,130877001,4G,0.0,1.31
R08-0001243,8,Pinewood,+1-929-801-7907,+1-361-829-4887,2026-06-01 12:06:55,1982,VOICE,,5G,0.08,2.64
R08-0001244,8,Pinewood,+1-596-577-3486,+1-747-759-3491,2026-06-01 20:03:56,204,VOICE,,3G,0.12,0.41
R08-0001245,8,Pinewood,+1-958-281-7229,+1-251-837-5714,2026-06-01 07:01:39,0,SMS,,5G,0.0,0.05
R08-0001246,8,Pinewood,+1-736-430-4572,+1-646-522-4192,2026-06-01 10:45:53,1710,VOICE,,4G,0.1,2.85
R08-0001247,8,Pinewood,+1-226-501-3135,+1-928-466-5719,2026-06-01 08:52:30,816,VOICE,,3G,0.12,1.63
R08-0001248,8,Pinewood,+1-849-713-6880,+1-774-617-4299,2026-06-01 02:41:45,1129,VOICE,,5G,0.08,1.51
R08-0001249,8,Pinewood,+1-828-256-7627,,2026-06-01 16:06:47,297,DATA,203441021,5G,0.0,2.03
R08-0001250,8,Pinewood,+1-824-503-9318,+1-298-468-7432,2026-06-01 22:07:58,480,VOICE,,4G,0.1,0.8
R08-0001251,8,Pinewood,+1-388-629-7644,+1-934-947-4755,2026-06-01 16:10:47,2303,VOICE,,5G,0.08,3.07
R08-0001252,8,Pinewood,+1-424-547-2461,+1-623-721-9269,2026-06-01 03:11:35,0,SMS,,5G,0.0,0.05
R08-0001253,8,Pinewood,+1-214-645-4312,+1-669-692-7891,2026-06-01 20:18:07,0,SMS,,5G,0.0,0.05
R08-0001254,8,Pinewood,+1-441-620-8640,+1-594-725-1554,2026-06-01 14:04:43,37,VOICE,,5G,0.08,0.05
R08-0001255,8,Pinewood,+1-337-653-2195,+1-470-456-3178,2026-06-01 23:13:17,0,SMS,,4G,0.0,0.05
R08-0001256,8,Pinewood,+1-399-247-4500,+1-452-565-0134,2026-06-01 22:05:39,1744,VOICE,,3G,0.12,3.49
R08-0001257,8,Pinewood,+1-758-775-4160,+1-342-529-3545,2026-06-01 04:54:09,2914,VOICE,,4G,0.1,4.86
R08-0001258,8,Pinewood,+1-620-296-5287,+1-795-831-3061,2026-06-01 09:06:07,0,SMS,,5G,0.0,0.05
R08-0001259,8,Pinewood,+1-505-992-8629,+1-451-379-3029,2026-06-01 03:24:17,0,SMS,,4G,0.0,0.05
R08-0001260,8,Pinewood,+1-528-504-8623,,2026-06-01 00:31:15,5335,DATA,13941110,4G,0.0,0.14
R08-0001261,8,Pinewood,+1-850-502-9311,+1-713-927-6044,2026-06-01 08:06:55,859,VOICE,,5G,0.08,1.15
R08-0001262,8,Pinewood,+1-984-890-8599,+1-981-737-5507,2026-06-01 07:51:07,0,SMS,,5G,0.0,0.05
R08-0001263,8,Pinewood,+1-709-750-1960,+1-854-557-3058,2026-06-01 14:57:20,2476,VOICE,,4G,0.1,4.13
R08-0001264,8,Pinewood,+1-735-542-5973,,2026-06-01 17:33:17,4036,DATA,150425974,5G,0.0,1.5
R08-0001265,8,Pinewood,+1-345-270-0385,,2026-06-01 15:19:50,4621,DATA,395717022,4G,0.0,3.96
R08-0001266,8,Pinewood,+1-216-203-2603,,2026-06-01 10:50:38,3309,DATA,157355668,4G,0.0,1.57
R08-0001267,8,Pinewood,+1-615-830-2986,+1-986-353-4535,2026-06-01 02:54:19,3576,VOICE,,4G,0.1,5.96
R08-0001268,8,Pinewood,+1-216-449-8730,,2026-06-01 14:06:09,1328,DATA,442750691,4G,0.0,4.43
R08-0001269,8,Pinewood,+1-643-800-8533,+1-715-702-2960,2026-06-01 11:43:23,1347,VOICE,,3G,0.12,2.69
R08-0001270,8,Pinewood,+1-735-513-1161,+1-613-615-9572,2026-06-01 22:38:37,0,SMS,,5G,0.0,0.05
R08-0001271,8,Pinewood,+1-280-598-7243,+1-494-226-3691,2026-06-01 11:08:52,1174,VOICE,,3G,0.12,2.35
R08-0001272,8,Pinewood,+1-936-564-9476,+1-376-203-3337,2026-06-01 08:57:02,0,SMS,,4G,0.0,0.05
R08-0001273,8,Pinewood,+1-886-259-4103,,2026-06-01 11:52:26,5683,DATA,56869121,4G,0.0,0.57
R08-0001274,8,Pinewood,+1-752-684-1114,+1-388-652-8316,2026-06-01 01:56:31,1745,VOICE,,4G,0.1,2.91
R08-0001275,8,Pinewood,+1-421-536-2199,+1-429-681-4164,2026-06-01 21:03:43,0,SMS,,3G,0.0,0.05
R08-0001276,8,Pinewood,+1-768-731-5060,,2026-06-01 09:01:26,6705,DATA,402621030,4G,0.0,4.03
R08-0001277,8,Pinewood,+1-758-889-6366,+1-429-516-3898,2026-06-01 12:42:27,3461,VOICE,,3G,0.12,6.92
R08-0001278,8,Pinewood,+1-619-368-5284,+1-837-357-5977,2026-06-01 06:17:38,2972,VOICE,,4G,0.1,4.95
R08-0001279,8,Pinewood,+1-572-821-1041,+1-237-785-4606,2026-06-01 03:49:02,1125,VOICE,,4G,0.1,1.88
R08-0001280,8,Pinewood,+1-361-861-3585,,2026-06-01 14:57:53,2429,DATA,487731235,4G,0.0,4.88
R08-0001281,8,Pinewood,+1-894-849-5450,+1-818-203-7531,2026-06-01 16:53:16,0,SMS,,4G,0.0,0.05
R08-0001282,8,Pinewood,+1-769-837-0027,+1-820-334-7948,2026-06-01 06:54:06,3037,VOICE,,5G,0.08,4.05
R08-0001283,8,Pinewood,+1-303-638-4160,,2026-06-01 03:26:25,1658,DATA,407423128,5G,0.0,4.07
R08-0001284,8,Pinewood,+1-516-651-7301,,2026-06-01 07:41:43,3234,DATA,39342451,3G,0.0,0.39
R08-0001285,8,Pinewood,+1-317-377-7255,+1-806-708-8922,2026-06-01 17:53:06,3562,VOICE,,4G,0.1,5.94
R08-0001286,8,Pinewood,+1-491-803-6248,,2026-06-01 18:54:19,3514,DATA,360721917,4G,0.0,3.61
R08-0001287,8,Pinewood,+1-339-406-3524,+1-349-286-7035,2026-06-01 01:59:05,698,VOICE,,4G,0.1,1.16
R08-0001288,8,Pinewood,+1-928-327-7304,+1-270-399-0700,2026-06-01 15:02:33,0,SMS,,4G,0.0,0.05
R08-0001289,8,Pinewood,+1-714-309-5859,+1-434-765-8477,2026-06-01 07:59:47,2075,VOICE,,4G,0.1,3.46
R08-0001290,8,Pinewood,+1-513-458-0823,+1-421-702-7465,2026-06-01 15:52:02,1259,VOICE,,4G,0.1,2.1
R08-0001291,8,Pinewood,+1-603-857-7704,+1-441-358-4976,2026-06-01 05:55:21,2694,VOICE,,3G,0.12,5.39
R08-0001292,8,Pinewood,+1-924-348-1182,+1-594-254-2585,2026-06-01 15:00:10,3365,VOICE,,4G,0.1,5.61
R08-0001293,8,Pinewood,+1-407-327-5835,+1-486-854-5099,2026-06-01 01:09:43,0,SMS,,3G,0.0,0.05
R08-0001294,8,Pinewood,+1-633-353-8717,+1-391-851-2393,2026-06-01 00:07:28,1185,VOICE,,4G,0.1,1.98
R08-0001295,8,Pinewood,+1-245-953-3430,+1-515-858-9877,2026-06-01 12:47:51,0,SMS,,4G,0.0,0.05
R08-0001296,8,Pinewood,+1-534-434-4588,+1-510-233-0556,2026-06-01 16:53:21,0,SMS,,4G,0.0,0.05
R08-0001297,8,Pinewood,+1-384-600-2289,+1-259-738-4455,2026-06-01 06:02:42,0,SMS,,3G,0.0,0.05
R08-0001298,8,Pinewood,+1-403-687-7875,+1-347-699-9549,2026-06-01 21:43:18,0,SMS,,4G,0.0,0.05
R08-0001299,8,Pinewood,+1-859-896-6518,+1-940-864-5746,2026-06-01 04:17:17,0,SMS,,3G,0.0,0.05
R08-0001300,8,Pinewood,+1-391-216-7919,+1-976-861-5675,2026-06-01 08:08:50,479,VOICE,,5G,0.08,0.64
R08-0001301,8,Pinewood,+1-244-211-5854,+1-411-681-4399,2026-06-01 02:18:06,0,SMS,,5G,0.0,0.05
R08-0001302,8,Pinewood,+1-798-545-8763,+1-986-701-9140,2026-06-01 22:54:38,3246,VOICE,,3G,0.12,6.49
R08-0001303,8,Pinewood,+1-284-261-6507,+1-284-682-5023,2026-06-01 19:57:06,1735,VOICE,,5G,0.08,2.31
R08-0001304,8,Pinewood,+1-402-267-9247,+1-790-550-7266,2026-06-01 21:14:07,2117,VOICE,,5G,0.08,2.82
R08-0001305,8,Pinewood,+1-241-365-0901,+1-438-510-5934,2026-06-01 04:15:56,0,SMS,,4G,0.0,0.05
R08-0001306,8,Pinewood,+1-494-317-0954,,2026-06-01 16:48:34,5316,DATA,36992010,5G,0.0,0.37
R08-0001307,8,Pinewood,+1-318-619-1492,,2026-06-01 20:10:27,4718,DATA,299873510,4G,0.0,3.0
R08-0001308,8,Pinewood,+1-639-531-5540,+1-296-330-4688,2026-06-01 13:03:51,0,SMS,,4G,0.0,0.05
R08-0001309,8,Pinewood,+1-787-493-4335,+1-556-232-3254,2026-06-01 16:41:33,3459,VOICE,,3G,0.12,6.92
R08-0001310,8,Pinewood,+1-553-686-4449,+1-571-478-8925,2026-06-01 02:32:34,1915,VOICE,,4G,0.1,3.19
R08-0001311,8,Pinewood,+1-274-927-1179,+1-269-695-8409,2026-06-01 11:26:29,0,SMS,,4G,0.0,0.05
R08-0001312,8,Pinewood,+1-545-554-4494,,2026-06-01 20:39:55,6035,DATA,40074349,3G,0.0,0.4
R08-0001313,8,Pinewood,+1-647-956-2724,+1-556-840-5611,2026-06-01 08:14:36,2148,VOICE,,3G,0.12,4.3
R08-0001314,8,Pinewood,+1-235-856-8892,+1-430-827-6677,2026-06-01 23:17:41,1992,VOICE,,3G,0.12,3.98
R08-0001315,8,Pinewood,+1-465-380-6303,,2026-06-01 15:06:18,2496,DATA,155785994,3G,0.0,1.56
R08-0001316,8,Pinewood,+1-686-586-9175,+1-213-975-6102,2026-06-01 08:18:34,3070,VOICE,,4G,0.1,5.12
R08-0001317,8,Pinewood,+1-522-861-2367,+1-551-610-5111,2026-06-01 19:33:53,0,SMS,,3G,0.0,0.05
R08-0001318,8,Pinewood,+1-275-835-1923,+1-318-948-9326,2026-06-01 05:01:13,2621,VOICE,,5G,0.08,3.49
R08-0001319,8,Pinewood,+1-435-926-4183,+1-527-672-9269,2026-06-01 07:51:18,3410,VOICE,,5G,0.08,4.55
R08-0001320,8,Pinewood,+1-668-963-0131,+1-392-847-0404,2026-06-01 04:04:06,0,SMS,,3G,0.0,0.05
R08-0001321,8,Pinewood,+1-967-629-0031,,2026-06-01 17:59:29,1786,DATA,219966775,4G,0.0,2.2
R08-0001322,8,Pinewood,+1-333-256-1427,,2026-06-01 11:58:16,744,DATA,413486529,5G,0.0,4.13
R08-0001323,8,Pinewood,+1-365-506-9561,+1-577-271-5016,2026-06-01 13:04:50,2165,VOICE,,4G,0.1,3.61
R08-0001324,8,Pinewood,+1-704-893-9036,+1-837-622-3959,2026-06-01 15:18:43,297,VOICE,,4G,0.1,0.5
R08-0001325,8,Pinewood,+1-278-537-4066,+1-832-531-5299,2026-06-01 19:56:02,3493,VOICE,,4G,0.1,5.82
R08-0001326,8,Pinewood,+1-300-917-2831,+1-513-978-6260,2026-06-01 22:30:53,0,SMS,,4G,0.0,0.05
R08-0001327,8,Pinewood,+1-416-793-4021,+1-238-341-5625,2026-06-01 22:41:13,0,SMS,,4G,0.0,0.05
R08-0001328,8,Pinewood,+1-857-667-5270,+1-527-780-3647,2026-06-01 15:41:29,1654,VOICE,,3G,0.12,3.31
R08-0001329,8,Pinewood,+1-282-290-1616,+1-511-921-4028,2026-06-01 03:41:15,3264,VOICE,,4G,0.1,5.44
R08-0001330,8,Pinewood,+1-466-277-9790,,2026-06-01 17:39:34,1289,DATA,190034831,4G,0.0,1.9
R08-0001331,8,Pinewood,+1-428-215-9466,,2026-06-01 21:44:24,3316,DATA,107656058,4G,0.0,1.08
R08-0001332,8,Pinewood,+1-500-570-9313,,2026-06-01 19:05:17,1020,DATA,207124550,4G,0.0,2.07
R08-0001333,8,Pinewood,+1-821-484-1539,+1-682-842-8223,2026-06-01 06:06:05,680,VOICE,,5G,0.08,0.91
R08-0001334,8,Pinewood,+1-253-803-8759,,2026-06-01 06:19:11,5502,DATA,111790059,3G,0.0,1.12
R08-0001335,8,Pinewood,+1-390-929-2745,+1-418-613-4676,2026-06-01 22:17:39,1225,VOICE,,5G,0.08,1.63
R08-0001336,8,Pinewood,+1-713-838-0618,+1-923-935-3016,2026-06-01 02:28:56,1584,VOICE,,4G,0.1,2.64
R08-0001337,8,Pinewood,+1-905-459-1234,,2026-06-01 15:15:03,355,DATA,376453431,5G,0.0,3.76
R08-0001338,8,Pinewood,+1-954-797-0324,+1-314-786-8510,2026-06-01 02:55:01,0,SMS,,3G,0.0,0.05
R08-0001339,8,Pinewood,+1-894-739-8678,+1-421-380-3096,2026-06-01 16:30:23,0,VOICE,,4G,0.1,0.0
R08-0001340,8,Pinewood,+1-849-490-3105,+1-819-325-6651,2026-06-01 03:04:35,2419,VOICE,,3G,0.12,4.84
R08-0001341,8,Pinewood,+1-398-221-9297,,2026-06-01 11:16:59,677,DATA,211255502,4G,0.0,2.11
R08-0001342,8,Pinewood,+1-684-598-8274,+1-334-773-2399,2026-06-01 20:55:06,2589,VOICE,,4G,0.1,4.32
R08-0001343,8,Pinewood,+1-895-722-6886,+1-436-385-5835,2026-06-01 03:13:51,0,SMS,,4G,0.0,0.05
R08-0001344,8,Pinewood,+1-337-252-4255,+1-910-681-4610,2026-06-01 18:41:11,1022,VOICE,,4G,0.1,1.7
R08-0001345,8,Pinewood,+1-437-466-3152,+1-329-690-7567,2026-06-01 18:46:01,147,VOICE,,4G,0.1,0.25
R08-0001346,8,Pinewood,+1-403-517-6410,+1-715-472-6896,2026-06-01 23:53:46,1197,VOICE,,4G,0.1,2.0
R08-0001347,8,Pinewood,+1-968-338-3146,+1-977-849-8671,2026-06-01 14:11:21,0,SMS,,4G,0.0,0.05
R08-0001348,8,Pinewood,+1-384-665-9591,+1-581-271-8615,2026-06-01 22:02:11,3126,VOICE,,3G,0.12,6.25
R08-0001349,8,Pinewood,+1-558-299-4501,+1-648-751-5538,2026-06-01 00:22:30,2472,VOICE,,3G,0.12,4.94
R08-0001350,8,Pinewood,+1-566-530-0494,+1-236-550-6980,2026-06-01 09:18:35,0,SMS,,3G,0.0,0.05
R08-0001351,8,Pinewood,+1-665-810-6684,+1-385-811-3250,2026-06-01 09:17:01,0,SMS,,3G,0.0,0.05
R08-0001352,8,Pinewood,+1-524-431-6080,+1-657-906-5596,2026-06-01 10:04:04,1486,VOICE,,4G,0.1,2.48
R08-0001353,8,Pinewood,+1-833-844-2508,+1-931-968-3445,2026-06-01 21:06:22,3310,VOICE,,4G,0.1,5.52
R08-0001354,8,Pinewood,+1-589-733-6896,+1-433-369-9573,2026-06-01 07:46:31,0,SMS,,4G,0.0,0.05
R08-0001355,8,Pinewood,+1-455-237-0793,+1-734-876-2667,2026-06-01 02:00:59,0,SMS,,3G,0.0,0.05
R08-0001356,8,Pinewood,+1-472-857-3996,+1-638-704-8456,2026-06-01 19:00:28,544,VOICE,,4G,0.1,0.91
R08-0001357,8,Pinewood,+1-324-403-2209,+1-714-981-9013,2026-06-01 05:18:10,0,SMS,,4G,0.0,0.05
R08-0001358,8,Pinewood,+1-435-553-7536,+1-222-336-1819,2026-06-01 21:19:35,478,VOICE,,4G,0.1,0.8
R08-0001359,8,Pinewood,+1-692-585-7364,+1-219-837-9782,2026-06-01 08:19:40,0,SMS,,4G,0.0,0.05
R08-0001360,8,Pinewood,+1-343-265-9026,,2026-06-01 01:29:16,6694,DATA,104211096,4G,0.0,1.04
R08-0001361,8,Pinewood,+1-657-883-2513,+1-742-940-6592,2026-06-01 13:20:50,2193,VOICE,,4G,0.1,3.65
R08-0001362,8,Pinewood,+1-855-745-4311,,2026-06-01 01:07:47,5849,DATA,15159049,5G,0.0,0.15
R08-0001363,8,Pinewood,+1-238-293-8699,+1-431-205-1001,2026-06-01 13:11:25,0,SMS,,4G,0.0,0.05
R08-0001364,8,Pinewood,+1-513-670-3402,+1-586-534-9333,2026-06-01 00:23:48,0,SMS,,4G,0.0,0.05
R08-0001365,8,Pinewood,+1-532-898-1540,+1-580-666-8874,2026-06-01 11:10:34,3287,VOICE,,3G,0.12,6.57
R08-0001366,8,Pinewood,+1-860-916-4663,+1-729-613-1353,2026-06-01 02:49:26,2752,VOICE,,3G,0.12,5.5
R08-0001367,8,Pinewood,+1-983-755-6849,+1-419-252-3619,2026-06-01 07:50:56,0,SMS,,4G,0.0,0.05
R08-0001368,8,Pinewood,+1-955-547-9400,+1-639-629-5080,2026-06-01 12:15:33,3398,VOICE,,4G,0.1,5.66
R08-0001369,8,Pinewood,+1-456-597-0879,+1-730-250-2692,2026-06-01 01:35:04,0,SMS,,3G,0.0,0.05
R08-0001370,8,Pinewood,+1-766-498-9003,+1-618-438-8233,2026-06-01 14:15:34,0,SMS,,3G,0.0,0.05
R08-0001371,8,Pinewood,+1-724-669-2914,+1-696-821-4048,2026-06-01 10:33:23,754,VOICE,,4G,0.1,1.26
R08-0001372,8,Pinewood,+1-801-739-0080,+1-545-584-5962,2026-06-01 23:27:31,0,SMS,,4G,0.0,0.05
R08-0001373,8,Pinewood,+1-858-424-8454,+1-230-700-4686,2026-06-01 11:01:06,338,VOICE,,4G,0.1,0.56
R08-0001374,8,Pinewood,+1-485-559-2000,+1-538-669-2244,2026-06-01 14:04:00,0,SMS,,4G,0.0,0.05
R08-0001375,8,Pinewood,+1-689-991-0328,,2026-06-01 04:03:03,5529,DATA,31542959,4G,0.0,0.32
R08-0001376,8,Pinewood,+1-809-340-0333,,2026-06-01 13:49:39,1453,DATA,198898424,4G,0.0,1.99
R08-0001377,8,Pinewood,+1-829-869-6179,,2026-06-01 22:34:15,5978,DATA,196412880,4G,0.0,1.96
R08-0001378,8,Pinewood,+1-508-861-6373,,2026-06-01 03:58:14,5134,DATA,266865650,4G,0.0,2.67
R08-0001379,8,Pinewood,+1-789-693-0458,+1-220-603-5385,2026-06-01 16:30:52,3404,VOICE,,5G,0.08,4.54
R08-0001380,8,Pinewood,+1-507-734-4132,+1-278-630-1197,2026-06-01 07:02:46,0,SMS,,4G,0.0,0.05
R08-0001381,8,Pinewood,+1-399-691-0164,+1-944-654-5847,2026-06-01 07:09:52,2248,VOICE,,5G,0.08,3.0
R08-0001382,8,Pinewood,+1-788-264-5240,+1-743-241-6760,2026-06-01 18:21:03,469,VOICE,,4G,0.1,0.78
R08-0001383,8,Pinewood,+1-637-637-7430,+1-544-261-3139,2026-06-01 01:33:21,1453,VOICE,,4G,0.1,2.42
R08-0001384,8,Pinewood,+1-321-456-4366,+1-237-840-9220,2026-06-01 12:12:08,468,VOICE,,4G,0.1,0.78
R08-0001385,8,Pinewood,+1-898-629-3588,+1-298-845-0057,2026-06-01 19:52:59,0,SMS,,4G,0.0,0.05
R08-0001386,8,Pinewood,+1-371-588-8635,+1-571-767-0198,2026-06-01 19:21:41,0,SMS,,4G,0.0,0.05
R08-0001387,8,Pinewood,+1-808-721-7888,+1-446-608-4752,2026-06-01 16:46:15,2635,VOICE,,4G,0.1,4.39
R08-0001388,8,Pinewood,+1-582-971-2747,+1-763-255-5332,2026-06-01 15:48:37,1831,VOICE,,4G,0.1,3.05
R08-0001389,8,Pinewood,+1-973-481-7476,+1-230-400-4774,2026-06-01 17:31:21,1398,VOICE,,5G,0.08,1.86
R08-0001390,8,Pinewood,+1-546-913-5702,,2026-06-01 15:18:42,5266,DATA,189624384,3G,0.0,1.9
R08-0001391,8,Pinewood,+1-706-627-5186,+1-379-459-1330,2026-06-01 00:49:39,1756,VOICE,,3G,0.12,3.51
R08-0001392,8,Pinewood,+1-718-295-9083,,2026-06-01 06:28:52,4100,DATA,314260296,4G,0.0,3.14
R08-0001393,8,Pinewood,+1-893-619-9645,+1-335-508-0365,2026-06-01 07:27:05,0,SMS,,3G,0.0,0.05
R08-0001394,8,Pinewood,+1-745-934-7482,+1-554-989-7615,2026-06-01 12:04:43,2133,VOICE,,4G,0.1,3.55
R08-0001395,8,Pinewood,+1-795-806-4517,,2026-06-01 13:28:16,6982,DATA,220004080,4G,0.0,2.2
R08-0001396,8,Pinewood,+1-876-345-5569,+1-377-795-3180,2026-06-01 08:53:29,3244,VOICE,,4G,0.1,5.41
R08-0001397,8,Pinewood,+1-206-569-4325,+1-271-929-6703,2026-06-01 11:43:35,1770,VOICE,,3G,0.12,3.54
R08-0001398,8,Pinewood,+1-621-345-1745,,2026-06-01 20:55:41,4238,DATA,385990701,4G,0.0,3.86
R08-0001399,8,Pinewood,+1-468-996-3236,+1-614-741-8826,2026-06-01 17:11:52,2334,VOICE,,4G,0.1,3.89
R08-0001400,8,Pinewood,+1-952-932-7394,,2026-06-01 09:47:06,5795,DATA,227908840,3G,0.0,2.28
R08-0001401,8,Pinewood,+1-241-527-2731,+1-851-509-0735,2026-06-01 15:53:13,3324,VOICE,,5G,0.08,4.43
R08-0001402,8,Pinewood,+1-574-818-9621,+1-435-651-2952,2026-06-01 18:44:53,837,VOICE,,4G,0.1,1.4
R08-0001403,8,Pinewood,+1-223-921-5333,+1-608-966-6414,2026-06-01 22:49:21,0,VOICE,,4G,0.1,0.0
R08-0001404,8,Pinewood,+1-580-270-8910,+1-419-337-0135,2026-06-01 01:50:08,0,VOICE,,4G,0.1,0.0
R08-0001405,8,Pinewood,+1-927-687-8529,+1-211-368-2661,2026-06-01 18:07:05,0,SMS,,5G,0.0,0.05
R08-0001406,8,Pinewood,+1-628-921-9990,+1-836-270-1378,2026-06-01 00:01:19,0,SMS,,4G,0.0,0.05
R08-0001407,8,Pinewood,+1-909-233-4987,+1-329-478-1777,2026-06-01 18:36:54,924,VOICE,,4G,0.1,1.54
R08-0001408,8,Pinewood,+1-525-866-0274,+1-513-856-8355,2026-06-01 00:23:36,2952,VOICE,,4G,0.1,4.92
R08-0001409,8,Pinewood,+1-217-475-3310,+1-794-879-9292,2026-06-01 11:44:54,1313,VOICE,,4G,0.1,2.19
R08-0001410,8,Pinewood,+1-733-753-4118,+1-280-456-6198,2026-06-01 19:32:55,2208,VOICE,,4G,0.1,3.68
R08-0001411,8,Pinewood,+1-276-698-7661,+1-851-965-5905,2026-06-01 20:34:04,1725,VOICE,,4G,0.1,2.88
R08-0001412,8,Pinewood,+1-220-557-2662,,2026-06-01 05:06:18,379,DATA,104624008,4G,0.0,1.05
R08-0001413,8,Pinewood,+1-359-870-1867,+1-911-596-8089,2026-06-01 04:59:11,2107,VOICE,,5G,0.08,2.81
R08-0001414,8,Pinewood,+1-601-814-9572,+1-224-383-1060,2026-06-01 14:39:07,2636,VOICE,,4G,0.1,4.39
R08-0001415,8,Pinewood,+1-514-927-9958,+1-763-296-4116,2026-06-01 19:36:01,0,VOICE,,4G,0.1,0.0
R08-0001416,8,Pinewood,+1-793-473-3981,,2026-06-01 12:43:37,3569,DATA,229803774,5G,0.0,2.3
R08-0001417,8,Pinewood,+1-483-911-8838,+1-867-404-6950,2026-06-01 16:08:55,0,SMS,,5G,0.0,0.05
R08-0001418,8,Pinewood,+1-736-897-0010,+1-872-722-9304,2026-06-01 16:31:42,139,VOICE,,3G,0.12,0.28
R08-0001419,8,Pinewood,+1-988-318-3530,+1-716-328-5742,2026-06-01 02:50:14,0,SMS,,4G,0.0,0.05
R08-0001420,8,Pinewood,+1-921-845-8292,+1-802-341-1301,2026-06-01 00:24:37,0,SMS,,4G,0.0,0.05
R08-0001421,8,Pinewood,+1-588-932-8244,+1-835-890-6359,2026-06-01 17:03:07,447,VOICE,,3G,0.12,0.89
R08-0001422,8,Pinewood,+1-945-755-2079,+1-563-669-9593,2026-06-01 02:34:24,2575,VOICE,,4G,0.1,4.29
R08-0001423,8,Pinewood,+1-451-446-6480,+1-471-670-3420,2026-06-01 13:21:00,2580,VOICE,,4G,0.1,4.3
R08-0001424,8,Pinewood,+1-611-262-5131,+1-860-535-0992,2026-06-01 12:06:38,0,SMS,,4G,0.0,0.05
R08-0001425,8,Pinewood,+1-966-961-5179,+1-372-611-0980,2026-06-01 15:18:35,0,SMS,,5G,0.0,0.05
R08-0001426,8,Pinewood,+1-948-886-7359,+1-774-881-1499,2026-06-01 18:37:15,2934,VOICE,,5G,0.08,3.91
R08-0001427,8,Pinewood,+1-570-898-5798,+1-852-224-6558,2026-06-01 14:31:28,2884,VOICE,,4G,0.1,4.81
R08-0001428,8,Pinewood,+1-821-293-9749,,2026-06-01 01:19:07,7181,DATA,188826016,4G,0.0,1.89
R08-0001429,8,Pinewood,+1-627-777-7215,,2026-06-01 17:14:38,6591,DATA,304799275,5G,0.0,3.05
R08-0001430,8,Pinewood,+1-428-265-5394,+1-616-261-9192,2026-06-01 09:45:10,1368,VOICE,,5G,0.08,1.82
R08-0001431,8,Pinewood,+1-224-657-1561,+1-449-949-6099,2026-06-01 02:22:23,85,VOICE,,4G,0.1,0.14
R08-0001432,8,Pinewood,+1-293-267-1732,+1-889-358-8822,2026-06-01 11:39:43,887,VOICE,,3G,0.12,1.77
R08-0001433,8,Pinewood,+1-362-941-3650,+1-659-323-2574,2026-06-01 04:34:48,0,SMS,,3G,0.0,0.05
R08-0001434,8,Pinewood,+1-377-881-3945,,2026-06-01 16:23:44,2639,DATA,418820061,5G,0.0,4.19
R08-0001435,8,Pinewood,+1-919-259-2800,,2026-06-01 13:40:50,109,DATA,419060293,4G,0.0,4.19
R08-0001436,8,Pinewood,+1-947-536-9464,+1-647-514-5709,2026-06-01 13:03:59,1808,VOICE,,5G,0.08,2.41
R08-0001437,8,Pinewood,+1-870-259-7646,+1-956-216-2454,2026-06-01 23:21:26,0,SMS,,4G,0.0,0.05
R08-0001438,8,Pinewood,+1-456-480-2529,+1-484-631-8360,2026-06-01 18:14:13,204,VOICE,,4G,0.1,0.34
R08-0001439,8,Pinewood,+1-877-633-0644,+1-858-473-9933,2026-06-01 13:06:15,102,VOICE,,3G,0.12,0.2
R08-0001440,8,Pinewood,+1-268-432-7949,+1-730-723-3066,2026-06-01 01:43:49,370,VOICE,,4G,0.1,0.62
R08-0001441,8,Pinewood,+1-650-536-3078,+1-534-415-9013,2026-06-01 22:20:18,1790,VOICE,,3G,0.12,3.58
R08-0001442,8,Pinewood,+1-388-886-3161,+1-482-962-3454,2026-06-01 18:35:41,0,SMS,,4G,0.0,0.05
R08-0001443,8,Pinewood,+1-865-852-0242,,2026-06-01 22:49:53,3189,DATA,215909157,4G,0.0,2.16
R08-0001444,8,Pinewood,+1-969-999-4406,+1-808-510-1074,2026-06-01 22:28:03,0,SMS,,4G,0.0,0.05
R08-0001445,8,Pinewood,+1-843-667-3070,+1-693-215-5743,2026-06-01 01:53:29,0,VOICE,,4G,0.1,0.0
R08-0001446,8,Pinewood,+1-368-429-5382,+1-734-906-0466,2026-06-01 23:04:32,0,SMS,,4G,0.0,0.05
R08-0001447,8,Pinewood,+1-545-372-3676,+1-680-228-5742,2026-06-01 01:28:47,0,SMS,,4G,0.0,0.05
R08-0001448,8,Pinewood,+1-265-555-7532,+1-480-383-8520,2026-06-01 15:35:58,1199,VOICE,,4G,0.1,2.0
R08-0001449,8,Pinewood,+1-227-623-3272,+1-334-467-9978,2026-06-01 08:35:55,0,SMS,,5G,0.0,0.05
R08-0001450,8,Pinewood,+1-515-631-3747,+1-326-624-5567,2026-06-01 02:06:55,1192,VOICE,,5G,0.08,1.59
R08-0001451,8,Pinewood,+1-336-529-8705,+1-743-495-2834,2026-06-01 18:56:25,1561,VOICE,,4G,0.1,2.6
R08-0001452,8,Pinewood,+1-604-290-0613,+1-829-319-7362,2026-06-01 08:25:07,2589,VOICE,,4G,0.1,4.32
R08-0001453,8,Pinewood,+1-828-998-3877,,2026-06-01 11:29:37,3215,DATA,199040528,5G,0.0,1.99
R08-0001454,8,Pinewood,+1-875-463-3039,,2026-06-01 04:15:30,2335,DATA,192515659,3G,0.0,1.93
R08-0001455,8,Pinewood,+1-863-948-6328,+1-830-643-1406,2026-06-01 10:04:31,2345,VOICE,,5G,0.08,3.13
R08-0001456,8,Pinewood,+1-735-746-3935,+1-727-424-0140,2026-06-01 11:31:41,2932,VOICE,,4G,0.1,4.89
R08-0001457,8,Pinewood,+1-466-482-0967,+1-438-240-9780,2026-06-01 22:15:22,2259,VOICE,,4G,0.1,3.77
R08-0001458,8,Pinewood,+1-770-726-8459,+1-838-934-9702,2026-06-01 08:51:40,0,SMS,,4G,0.0,0.05
R08-0001459,8,Pinewood,+1-208-539-0248,+1-928-641-4760,2026-06-01 17:36:58,0,SMS,,4G,0.0,0.05
R08-0001460,8,Pinewood,+1-578-655-5152,+1-256-917-1875,2026-06-01 08:35:42,0,SMS,,4G,0.0,0.05
R08-0001461,8,Pinewood,+1-741-904-9775,+1-237-569-1366,2026-06-01 02:27:58,0,SMS,,5G,0.0,0.05
R08-0001462,8,Pinewood,+1-684-693-2569,+1-357-787-2267,2026-06-01 00:38:35,15,VOICE,,3G,0.12,0.03
R08-0001463,8,Pinewood,+1-281-574-7075,+1-538-618-6665,2026-06-01 11:28:25,0,SMS,,3G,0.0,0.05
R08-0001464,8,Pinewood,+1-781-539-1204,+1-876-767-7317,2026-06-01 18:01:03,704,VOICE,,4G,0.1,1.17
R08-0001465,8,Pinewood,+1-672-559-6971,+1-829-213-1867,2026-06-01 01:36:50,0,SMS,,4G,0.0,0.05
R08-0001466,8,Pinewood,+1-858-391-2341,+1-761-499-4960,2026-06-01 10:11:34,2019,VOICE,,5G,0.08,2.69
R08-0001467,8,Pinewood,+1-638-928-5427,,2026-06-01 19:52:20,6622,DATA,220658654,4G,0.0,2.21
R08-0001468,8,Pinewood,+1-484-706-4620,+1-604-888-9628,2026-06-01 14:33:53,2596,VOICE,,4G,0.1,4.33
R08-0001469,8,Pinewood,+1-246-474-9578,+1-941-830-2696,2026-06-01 15:15:54,1499,VOICE,,3G,0.12,3.0
R08-0001470,8,Pinewood,+1-806-950-3977,+1-586-481-9172,2026-06-01 00:42:00,0,SMS,,4G,0.0,0.05
R08-0001471,8,Pinewood,+1-207-256-9615,+1-941-365-9031,2026-06-01 17:11:23,2176,VOICE,,3G,0.12,4.35
R08-0001472,8,Pinewood,+1-930-721-3289,+1-521-742-0505,2026-06-01 22:04:00,838,VOICE,,4G,0.1,1.4
R08-0001473,8,Pinewood,+1-764-564-4038,,2026-06-01 05:08:37,7103,DATA,186089025,3G,0.0,1.86
R08-0001474,8,Pinewood,+1-217-210-6618,+1-606-847-3942,2026-06-01 12:02:13,884,VOICE,,4G,0.1,1.47
R08-0001475,8,Pinewood,+1-450-380-8453,+1-913-548-3033,2026-06-01 07:59:45,1532,VOICE,,5G,0.08,2.04
R08-0001476,8,Pinewood,+1-441-346-9487,+1-750-720-8889,2026-06-01 18:59:08,768,VOICE,,4G,0.1,1.28
R08-0001477,8,Pinewood,+1-432-605-1850,+1-364-338-7150,2026-06-01 05:27:35,394,VOICE,,5G,0.08,0.53
R08-0001478,8,Pinewood,+1-703-647-2836,,2026-06-01 05:00:38,2302,DATA,122046081,4G,0.0,1.22
R08-0001479,8,Pinewood,+1-989-676-4979,+1-808-737-0391,2026-06-01 18:46:34,1045,VOICE,,5G,0.08,1.39
R08-0001480,8,Pinewood,+1-258-941-0808,+1-342-351-4391,2026-06-01 13:27:05,0,SMS,,4G,0.0,0.05
R08-0001481,8,Pinewood,+1-308-681-3885,+1-649-386-9762,2026-06-01 22:53:33,0,SMS,,5G,0.0,0.05
R08-0001482,8,Pinewood,+1-314-732-8542,+1-767-749-5133,2026-06-01 07:29:05,0,SMS,,5G,0.0,0.05
R08-0001483,8,Pinewood,+1-619-751-1513,+1-363-203-8015,2026-06-01 02:15:11,0,SMS,,4G,0.0,0.05
R08-0001484,8,Pinewood,+1-718-580-3650,+1-682-467-5304,2026-06-01 16:46:46,2548,VOICE,,4G,0.1,4.25
R08-0001485,8,Pinewood,+1-974-767-3940,+1-437-464-9105,2026-06-01 19:10:30,3234,VOICE,,4G,0.1,5.39
R08-0001486,8,Pinewood,+1-456-304-9222,+1-910-725-4689,2026-06-01 05:49:56,1921,VOICE,,4G,0.1,3.2
R08-0001487,8,Pinewood,+1-765-675-2012,+1-900-424-4157,2026-06-01 03:13:48,0,VOICE,,5G,0.08,0.0
R08-0001488,8,Pinewood,+1-494-295-2729,+1-683-556-7129,2026-06-01 01:56:46,0,SMS,,4G,0.0,0.05
R08-0001489,8,Pinewood,+1-708-224-6254,+1-264-904-8493,2026-06-01 13:39:26,1658,VOICE,,4G,0.1,2.76
R08-0001490,8,Pinewood,+1-248-425-9487,+1-527-717-7254,2026-06-01 07:37:18,1160,VOICE,,4G,0.1,1.93
R08-0001491,8,Pinewood,+1-927-342-2258,+1-813-938-9895,2026-06-01 22:02:24,0,SMS,,5G,0.0,0.05
R08-0001492,8,Pinewood,+1-864-377-9669,+1-354-597-0675,2026-06-01 05:42:32,0,SMS,,3G,0.0,0.05
R08-0001493,8,Pinewood,+1-216-501-8543,+1-455-617-7608,2026-06-01 11:36:40,2927,VOICE,,3G,0.12,5.85
R08-0001494,8,Pinewood,+1-596-963-7696,+1-629-243-9935,2026-06-01 09:29:41,2442,VOICE,,3G,0.12,4.88
R08-0001495,8,Pinewood,+1-542-396-4237,,2026-06-01 12:52:21,2387,DATA,232482432,4G,0.0,2.32
R08-0001496,8,Pinewood,+1-714-712-8154,,2026-06-01 16:44:55,3927,DATA,275608375,4G,0.0,2.76
R08-0001497,8,Pinewood,+1-227-411-2436,+1-488-320-1327,2026-06-01 02:38:22,119,VOICE,,4G,0.1,0.2
R08-0001498,8,Pinewood,+1-370-406-1069,+1-480-838-5812,2026-06-01 06:45:59,2631,VOICE,,4G,0.1,4.39
R08-0001499,8,Pinewood,+1-467-897-2273,+1-781-579-0064,2026-06-01 02:55:30,3144,VOICE,,4G,0.1,5.24
R08-0001500,8,Pinewood,+1-871-407-0707,,2026-06-01 16:23:22,1239,DATA,264383176,5G,0.0,2.64
R08-0001501,8,Pinewood,+1-302-682-9091,+1-729-687-5820,2026-06-01 05:59:22,1436,VOICE,,4G,0.1,2.39
R08-0001502,8,Pinewood,+1-862-333-9165,+1-435-463-3989,2026-06-01 10:59:58,2725,VOICE,,4G,0.1,4.54
R08-0001503,8,Pinewood,+1-769-687-9796,+1-894-868-1488,2026-06-01 09:49:32,0,SMS,,5G,0.0,0.05
R08-0001504,8,Pinewood,+1-965-917-8785,+1-409-499-0241,2026-06-01 20:09:14,2679,VOICE,,4G,0.1,4.46
R08-0001505,8,Pinewood,+1-921-938-9908,,2026-06-01 13:30:19,3674,DATA,284899184,4G,0.0,2.85
R08-0001506,8,Pinewood,+1-808-245-5877,,2026-06-01 12:33:21,488,DATA,291970291,4G,0.0,2.92
R08-0001507,8,Pinewood,+1-721-796-0758,,2026-06-01 00:58:48,1861,DATA,53561518,3G,0.0,0.54
R08-0001508,8,Pinewood,+1-555-681-0632,,2026-06-01 15:43:47,6247,DATA,125991757,5G,0.0,1.26
R08-0001509,8,Pinewood,+1-978-480-8769,+1-500-465-5328,2026-06-01 04:13:28,1814,VOICE,,4G,0.1,3.02
R08-0001510,8,Pinewood,+1-307-278-7768,+1-441-825-6344,2026-06-01 19:32:10,3214,VOICE,,3G,0.12,6.43
R08-0001511,8,Pinewood,+1-504-352-1920,+1-657-257-6963,2026-06-01 00:03:13,614,VOICE,,5G,0.08,0.82
R08-0001512,8,Pinewood,+1-832-442-2711,+1-686-981-8218,2026-06-01 06:08:17,0,SMS,,5G,0.0,0.05
R08-0001513,8,Pinewood,+1-463-738-5386,+1-806-608-5626,2026-06-01 10:36:10,0,SMS,,5G,0.0,0.05
R08-0001514,8,Pinewood,+1-730-773-7159,+1-419-619-4582,2026-06-01 14:15:29,0,SMS,,3G,0.0,0.05
R08-0001515,8,Pinewood,+1-297-830-8336,+1-357-342-3658,2026-06-01 00:53:08,1436,VOICE,,4G,0.1,2.39
R08-0001516,8,Pinewood,+1-775-969-9106,+1-889-916-3589,2026-06-01 09:00:47,98,VOICE,,4G,0.1,0.16
R08-0001517,8,Pinewood,+1-675-728-1816,+1-885-239-1453,2026-06-01 08:28:59,68,VOICE,,4G,0.1,0.11
R08-0001518,8,Pinewood,+1-296-749-8288,+1-695-678-3055,2026-06-01 02:13:29,2005,VOICE,,5G,0.08,2.67
R08-0001519,8,Pinewood,+1-397-208-2784,+1-967-750-5669,2026-06-01 15:11:25,0,SMS,,4G,0.0,0.05
R08-0001520,8,Pinewood,+1-404-466-0646,+1-353-992-4983,2026-06-01 00:13:30,0,SMS,,4G,0.0,0.05
R08-0001521,8,Pinewood,+1-202-486-9510,+1-317-225-7718,2026-06-01 10:36:46,0,SMS,,4G,0.0,0.05
R08-0001522,8,Pinewood,+1-530-890-7293,,2026-06-01 10:47:45,2926,DATA,353856865,4G,0.0,3.54
R08-0001523,8,Pinewood,+1-808-214-8149,+1-694-604-9263,2026-06-01 16:48:52,0,SMS,,4G,0.0,0.05
R08-0001524,8,Pinewood,+1-817-553-7405,+1-500-961-0908,2026-06-01 02:15:36,0,SMS,,4G,0.0,0.05
R08-0001525,8,Pinewood,+1-677-622-4532,+1-622-433-0976,2026-06-01 09:14:21,1773,VOICE,,5G,0.08,2.36
R08-0001526,8,Pinewood,+1-945-966-3440,+1-635-582-9719,2026-06-01 14:18:03,85,VOICE,,4G,0.1,0.14
R08-0001527,8,Pinewood,+1-724-482-5381,+1-795-518-0618,2026-06-01 21:37:25,0,SMS,,5G,0.0,0.05
R08-0001528,8,Pinewood,+1-604-981-4478,+1-797-284-3891,2026-06-01 08:54:58,2812,VOICE,,4G,0.1,4.69
R08-0001529,8,Pinewood,+1-608-325-8265,+1-407-493-4764,2026-06-01 08:09:50,0,SMS,,3G,0.0,0.05
R08-0001530,8,Pinewood,+1-833-303-3026,+1-309-233-4516,2026-06-01 22:15:40,0,SMS,,5G,0.0,0.05
R08-0001531,8,Pinewood,+1-891-374-4506,+1-797-272-3898,2026-06-01 01:12:15,1607,VOICE,,5G,0.08,2.14
R08-0001532,8,Pinewood,+1-367-794-1512,+1-397-214-5178,2026-06-01 18:25:37,0,SMS,,5G,0.0,0.05
R08-0001533,8,Pinewood,+1-874-454-3980,+1-423-537-9199,2026-06-01 16:49:58,0,VOICE,,5G,0.08,0.0
R08-0001534,8,Pinewood,+1-246-903-5886,+1-678-435-1623,2026-06-01 22:20:24,0,SMS,,4G,0.0,0.05
R08-0001535,8,Pinewood,+1-539-694-2120,+1-265-206-7218,2026-06-01 19:20:18,643,VOICE,,5G,0.08,0.86
R08-0001536,8,Pinewood,+1-231-403-4072,+1-901-591-8332,2026-06-01 13:06:35,2560,VOICE,,5G,0.08,3.41
R08-0001537,8,Pinewood,+1-379-266-9179,+1-872-370-7670,2026-06-01 05:54:18,0,SMS,,5G,0.0,0.05
R08-0001538,8,Pinewood,+1-893-645-5905,+1-309-292-7842,2026-06-01 17:05:05,3198,VOICE,,4G,0.1,5.33
R08-0001539,8,Pinewood,+1-465-744-3364,+1-969-760-2816,2026-06-01 21:53:00,1965,VOICE,,3G,0.12,3.93
R08-0001540,8,Pinewood,+1-729-550-6311,+1-409-291-4740,2026-06-01 16:15:09,1076,VOICE,,4G,0.1,1.79
R08-0001541,8,Pinewood,+1-523-789-5004,+1-494-862-2803,2026-06-01 07:40:21,455,VOICE,,4G,0.1,0.76
R08-0001542,8,Pinewood,+1-693-583-3412,+1-458-295-8435,2026-06-01 18:21:50,2675,VOICE,,5G,0.08,3.57
R08-0001543,8,Pinewood,+1-639-601-4453,+1-381-556-8093,2026-06-01 07:57:40,3376,VOICE,,4G,0.1,5.63
R08-0001544,8,Pinewood,+1-291-821-3010,+1-331-731-5924,2026-06-01 06:53:14,0,SMS,,4G,0.0,0.05
R08-0001545,8,Pinewood,+1-389-987-9485,+1-372-388-3730,2026-06-01 16:40:36,2075,VOICE,,4G,0.1,3.46
R08-0001546,8,Pinewood,+1-471-676-6013,+1-809-959-7429,2026-06-01 02:33:02,3423,VOICE,,3G,0.12,6.85
R08-0001547,8,Pinewood,+1-244-329-6622,+1-837-530-5354,2026-06-01 21:32:54,0,SMS,,5G,0.0,0.05
R08-0001548,8,Pinewood,+1-713-770-1297,,2026-06-01 20:18:41,6034,DATA,284363668,4G,0.0,2.84
R08-0001549,8,Pinewood,+1-804-639-6021,+1-376-234-1638,2026-06-01 20:01:06,0,SMS,,4G,0.0,0.05
R08-0001550,8,Pinewood,+1-763-213-6382,+1-504-978-4478,2026-06-01 14:40:07,0,SMS,,4G,0.0,0.05
R08-0001551,8,Pinewood,+1-384-737-3406,+1-631-612-8635,2026-06-01 21:49:19,1887,VOICE,,4G,0.1,3.15
R08-0001552,8,Pinewood,+1-568-761-1540,+1-286-334-8119,2026-06-01 11:56:29,1391,VOICE,,5G,0.08,1.85
R08-0001553,8,Pinewood,+1-690-558-5985,+1-975-569-3505,2026-06-01 17:17:14,0,SMS,,5G,0.0,0.05
R08-0001554,8,Pinewood,+1-699-589-7898,+1-508-593-1172,2026-06-01 20:41:35,0,SMS,,5G,0.0,0.05
R08-0001555,8,Pinewood,+1-980-247-0458,,2026-06-01 07:39:22,1751,DATA,203428253,4G,0.0,2.03
R08-0001556,8,Pinewood,+1-538-685-9917,,2026-06-01 09:29:46,2288,DATA,140367609,3G,0.0,1.4
R08-0001557,8,Pinewood,+1-627-810-1953,+1-779-567-4529,2026-06-01 03:14:43,0,SMS,,5G,0.0,0.05
R08-0001558,8,Pinewood,+1-559-906-4396,,2026-06-01 11:41:39,2017,DATA,408816603,4G,0.0,4.09
R08-0001559,8,Pinewood,+1-927-702-4109,+1-747-573-5932,2026-06-01 08:28:58,0,SMS,,5G,0.0,0.05
R08-0001560,8,Pinewood,+1-206-902-1710,,2026-06-01 11:50:26,1863,DATA,146032779,4G,0.0,1.46
R08-0001561,8,Pinewood,+1-206-231-2976,+1-306-828-3248,2026-06-01 03:37:22,259,VOICE,,3G,0.12,0.52
R08-0001562,8,Pinewood,+1-885-648-5734,+1-478-467-8270,2026-06-01 03:56:55,3111,VOICE,,3G,0.12,6.22
R08-0001563,8,Pinewood,+1-388-499-2089,+1-968-218-6336,2026-06-01 02:18:53,0,SMS,,5G,0.0,0.05
R08-0001564,8,Pinewood,+1-601-972-0712,+1-880-465-4961,2026-06-01 14:37:26,730,VOICE,,4G,0.1,1.22
R08-0001565,8,Pinewood,+1-295-650-1783,+1-890-858-6727,2026-06-01 12:48:07,997,VOICE,,4G,0.1,1.66
R08-0001566,8,Pinewood,+1-601-584-9131,+1-861-301-4616,2026-06-01 13:58:53,1968,VOICE,,4G,0.1,3.28
R08-0001567,8,Pinewood,+1-920-584-7982,+1-816-994-2457,2026-06-01 00:44:32,0,VOICE,,5G,0.08,0.0
R08-0001568,8,Pinewood,+1-201-209-3203,+1-854-969-7835,2026-06-01 18:49:00,194,VOICE,,4G,0.1,0.32
R08-0001569,8,Pinewood,+1-323-661-9140,,2026-06-01 12:33:25,465,DATA,221975862,4G,0.0,2.22
R08-0001570,8,Pinewood,+1-402-338-0438,+1-348-590-3201,2026-06-01 02:26:55,0,SMS,,5G,0.0,0.05
R08-0001571,8,Pinewood,+1-741-483-6160,,2026-06-01 22:03:42,4292,DATA,157782896,5G,0.0,1.58
R08-0001572,8,Pinewood,+1-632-786-5527,+1-438-288-0325,2026-06-01 17:06:50,3190,VOICE,,5G,0.08,4.25
R08-0001573,8,Pinewood,+1-486-999-8155,+1-689-747-0834,2026-06-01 05:31:13,163,VOICE,,4G,0.1,0.27
R08-0001574,8,Pinewood,+1-226-594-1402,+1-589-932-7738,2026-06-01 09:17:32,2858,VOICE,,5G,0.08,3.81
R08-0001575,8,Pinewood,+1-204-912-8210,+1-579-606-4142,2026-06-01 04:27:28,0,SMS,,4G,0.0,0.05
R08-0001576,8,Pinewood,+1-716-984-0275,+1-416-679-6090,2026-06-01 23:59:01,0,SMS,,5G,0.0,0.05
R08-0001577,8,Pinewood,+1-561-537-2918,+1-915-977-3739,2026-06-01 12:54:33,0,SMS,,4G,0.0,0.05
R08-0001578,8,Pinewood,+1-240-470-6006,,2026-06-01 04:53:59,5214,DATA,181019395,3G,0.0,1.81
R08-0001579,8,Pinewood,+1-465-487-6935,+1-455-420-6720,2026-06-01 21:50:09,1078,VOICE,,4G,0.1,1.8
R08-0001580,8,Pinewood,+1-382-500-2123,+1-547-879-9506,2026-06-01 20:20:01,3146,VOICE,,4G,0.1,5.24
R08-0001581,8,Pinewood,+1-257-650-0411,+1-489-959-2436,2026-06-01 16:43:28,1552,VOICE,,4G,0.1,2.59
R08-0001582,8,Pinewood,+1-359-272-1369,+1-572-597-9534,2026-06-01 06:05:05,0,SMS,,4G,0.0,0.05
R08-0001583,8,Pinewood,+1-761-987-0875,+1-338-500-5560,2026-06-01 00:44:21,1299,VOICE,,5G,0.08,1.73
R08-0001584,8,Pinewood,+1-859-899-4673,+1-514-896-7796,2026-06-01 08:38:04,1729,VOICE,,4G,0.1,2.88
R08-0001585,8,Pinewood,+1-381-266-2236,+1-270-580-8717,2026-06-01 08:51:04,0,SMS,,4G,0.0,0.05
R08-0001586,8,Pinewood,+1-648-338-9001,,2026-06-01 16:00:12,6706,DATA,382344520,4G,0.0,3.82
R08-0001587,8,Pinewood,+1-937-330-8248,+1-246-813-0817,2026-06-01 05:38:51,0,SMS,,5G,0.0,0.05
R08-0001588,8,Pinewood,+1-667-983-4678,+1-537-576-8858,2026-06-01 01:15:19,3242,VOICE,,4G,0.1,5.4
R08-0001589,8,Pinewood,+1-364-857-4277,+1-748-282-4146,2026-06-01 18:37:58,0,SMS,,4G,0.0,0.05
R08-0001590,8,Pinewood,+1-942-537-2828,+1-881-514-3927,2026-06-01 21:48:12,2523,VOICE,,5G,0.08,3.36
R08-0001591,8,Pinewood,+1-223-991-2600,,2026-06-01 16:23:24,6323,DATA,450561112,3G,0.0,4.51
R08-0001592,8,Pinewood,+1-679-786-9479,,2026-06-01 01:05:28,4343,DATA,374616904,5G,0.0,3.75
R08-0001593,8,Pinewood,+1-946-425-4621,+1-388-645-4303,2026-06-01 21:50:48,0,SMS,,4G,0.0,0.05
R08-0001594,8,Pinewood,+1-467-692-4040,+1-825-858-7264,2026-06-01 15:12:42,3185,VOICE,,5G,0.08,4.25
R08-0001595,8,Pinewood,+1-531-306-4895,+1-841-294-6203,2026-06-01 21:48:11,1756,VOICE,,3G,0.12,3.51
R08-0001596,8,Pinewood,+1-812-808-2742,+1-340-538-1818,2026-06-01 09:42:08,0,SMS,,3G,0.0,0.05
R08-0001597,8,Pinewood,+1-276-408-8984,+1-746-560-8011,2026-06-01 01:43:04,0,SMS,,4G,0.0,0.05
R08-0001598,8,Pinewood,+1-241-892-3416,+1-694-741-9001,2026-06-01 07:19:57,1200,VOICE,,5G,0.08,1.6
R08-0001599,8,Pinewood,+1-834-961-0464,+1-232-631-3422,2026-06-01 04:45:12,0,SMS,,4G,0.0,0.05
R08-0001600,8,Pinewood,+1-866-977-0878,+1-792-511-3121,2026-06-01 19:30:29,822,VOICE,,4G,0.1,1.37
R08-0001601,8,Pinewood,+1-322-972-3316,+1-811-898-8908,2026-06-01 11:27:31,0,SMS,,4G,0.0,0.05
R08-0001602,8,Pinewood,+1-607-377-0944,+1-398-662-8799,2026-06-01 17:28:15,3079,VOICE,,5G,0.08,4.11
R08-0001603,8,Pinewood,+1-563-316-3123,+1-504-873-4601,2026-06-01 14:51:09,716,VOICE,,4G,0.1,1.19
R08-0001604,8,Pinewood,+1-525-222-4267,+1-834-568-1871,2026-06-01 05:41:50,565,VOICE,,3G,0.12,1.13
R08-0001605,8,Pinewood,+1-604-272-0889,+1-293-724-3699,2026-06-01 14:39:45,3588,VOICE,,5G,0.08,4.78
R08-0001606,8,Pinewood,+1-756-669-3687,,2026-06-01 03:44:26,3417,DATA,156869099,5G,0.0,1.57
R08-0001607,8,Pinewood,+1-833-674-6017,+1-206-599-7384,2026-06-01 03:54:58,0,SMS,,4G,0.0,0.05
R08-0001608,8,Pinewood,+1-865-813-9311,+1-806-277-7351,2026-06-01 13:49:58,0,SMS,,5G,0.0,0.05
R08-0001609,8,Pinewood,+1-839-386-5578,,2026-06-01 02:10:58,357,DATA,328204010,5G,0.0,3.28
R08-0001610,8,Pinewood,+1-544-897-1979,+1-514-432-2485,2026-06-01 07:57:31,3225,VOICE,,5G,0.08,4.3
R08-0001611,8,Pinewood,+1-311-317-7637,+1-202-635-9062,2026-06-01 08:09:14,912,VOICE,,3G,0.12,1.82
R08-0001612,8,Pinewood,+1-494-877-1022,+1-221-865-1337,2026-06-01 14:37:00,0,SMS,,5G,0.0,0.05
R08-0001613,8,Pinewood,+1-458-339-3774,+1-507-265-0835,2026-06-01 08:28:09,1017,VOICE,,4G,0.1,1.7
R08-0001614,8,Pinewood,+1-542-344-4973,+1-243-291-4986,2026-06-01 14:39:42,194,VOICE,,4G,0.1,0.32
R08-0001615,8,Pinewood,+1-694-439-6492,+1-307-214-6006,2026-06-01 12:07:24,3199,VOICE,,4G,0.1,5.33
R08-0001616,8,Pinewood,+1-280-306-4609,+1-665-523-7241,2026-06-01 09:54:39,2690,VOICE,,4G,0.1,4.48
R08-0001617,8,Pinewood,+1-260-673-6017,+1-545-562-4448,2026-06-01 08:51:55,0,SMS,,5G,0.0,0.05
R08-0001618,8,Pinewood,+1-982-664-7332,+1-505-534-9040,2026-06-01 06:51:59,0,SMS,,5G,0.0,0.05
R08-0001619,8,Pinewood,+1-731-419-4900,+1-674-548-6398,2026-06-01 09:47:43,1725,VOICE,,3G,0.12,3.45
R08-0001620,8,Pinewood,+1-480-447-2547,+1-209-368-4064,2026-06-01 13:01:56,0,SMS,,5G,0.0,0.05
R08-0001621,8,Pinewood,+1-394-680-3926,,2026-06-01 22:57:13,562,DATA,431359327,5G,0.0,4.31
R08-0001622,8,Pinewood,+1-259-774-2981,,2026-06-01 19:12:21,4420,DATA,199554882,4G,0.0,2.0
R08-0001623,8,Pinewood,+1-565-947-7862,,2026-06-01 15:05:34,4094,DATA,250215111,5G,0.0,2.5
R08-0001624,8,Pinewood,+1-783-644-2015,,2026-06-01 19:04:29,4792,DATA,268818622,4G,0.0,2.69
R08-0001625,8,Pinewood,+1-417-285-1677,+1-659-208-1268,2026-06-01 03:51:18,2867,VOICE,,4G,0.1,4.78
R08-0001626,8,Pinewood,+1-686-855-8703,+1-545-605-4389,2026-06-01 13:15:36,291,VOICE,,5G,0.08,0.39
R08-0001627,8,Pinewood,+1-309-877-4839,+1-291-848-3612,2026-06-01 17:21:02,0,SMS,,5G,0.0,0.05
R08-0001628,8,Pinewood,+1-568-722-6386,,2026-06-01 06:33:09,6595,DATA,476155895,4G,0.0,4.76
R08-0001629,8,Pinewood,+1-781-748-0504,+1-765-597-1204,2026-06-01 07:06:54,87,VOICE,,5G,0.08,0.12
R08-0001630,8,Pinewood,+1-966-863-8292,+1-583-987-5094,2026-06-01 06:14:30,0,SMS,,5G,0.0,0.05
R08-0001631,8,Pinewood,+1-969-890-6142,+1-223-667-7315,2026-06-01 04:51:38,965,VOICE,,4G,0.1,1.61
R08-0001632,8,Pinewood,+1-368-847-4586,+1-267-480-7219,2026-06-01 23:46:01,585,VOICE,,4G,0.1,0.98
R08-0001633,8,Pinewood,+1-949-764-4153,+1-490-575-9627,2026-06-01 08:04:54,0,SMS,,4G,0.0,0.05
R08-0001634,8,Pinewood,+1-886-737-3951,+1-959-261-7919,2026-06-01 13:12:45,0,SMS,,5G,0.0,0.05
R08-0001635,8,Pinewood,+1-702-816-6657,+1-490-684-6040,2026-06-01 20:43:25,0,SMS,,4G,0.0,0.05
R08-0001636,8,Pinewood,+1-481-507-3981,+1-326-602-1816,2026-06-01 02:05:08,0,VOICE,,3G,0.12,0.0
R08-0001637,8,Pinewood,+1-768-677-7279,+1-757-822-0024,2026-06-01 10:54:22,2519,VOICE,,3G,0.12,5.04
R08-0001638,8,Pinewood,+1-549-411-0796,,2026-06-01 22:56:50,4626,DATA,366478069,5G,0.0,3.66
R08-0001639,8,Pinewood,+1-311-465-8060,+1-749-882-3534,2026-06-01 07:13:25,3129,VOICE,,4G,0.1,5.21
R08-0001640,8,Pinewood,+1-924-998-6537,+1-439-689-0005,2026-06-01 04:33:40,1107,VOICE,,4G,0.1,1.84
R08-0001641,8,Pinewood,+1-262-923-2753,+1-693-837-7112,2026-06-01 13:25:00,0,VOICE,,4G,0.1,0.0
R08-0001642,8,Pinewood,+1-664-261-1558,,2026-06-01 09:27:15,1780,DATA,258940235,5G,0.0,2.59
R08-0001643,8,Pinewood,+1-455-423-2586,+1-718-245-2860,2026-06-01 10:21:04,487,VOICE,,4G,0.1,0.81
R08-0001644,8,Pinewood,+1-762-749-3788,,2026-06-01 09:49:16,6338,DATA,132471067,4G,0.0,1.32
R08-0001645,8,Pinewood,+1-438-287-5907,+1-210-722-4014,2026-06-01 22:23:51,3078,VOICE,,4G,0.1,5.13
R08-0001646,8,Pinewood,+1-752-969-9634,,2026-06-01 18:01:08,5768,DATA,350894005,4G,0.0,3.51
R08-0001647,8,Pinewood,+1-755-743-3451,,2026-06-01 12:36:43,740,DATA,201550004,4G,0.0,2.02
R08-0001648,8,Pinewood,+1-238-821-9781,+1-351-501-7634,2026-06-01 18:25:13,1862,VOICE,,5G,0.08,2.48
R08-0001649,8,Pinewood,+1-680-824-6919,+1-230-710-0421,2026-06-01 05:19:41,3206,VOICE,,4G,0.1,5.34
R08-0001650,8,Pinewood,+1-285-262-1516,,2026-06-01 16:16:51,405,DATA,6944434,4G,0.0,0.07
R08-0001651,8,Pinewood,+1-859-574-0088,+1-768-712-0827,2026-06-01 00:42:41,3265,VOICE,,4G,0.1,5.44
R08-0001652,8,Pinewood,+1-697-497-2134,+1-459-796-3102,2026-06-01 06:04:17,2613,VOICE,,3G,0.12,5.23
R08-0001653,8,Pinewood,+1-573-274-8050,+1-756-461-4950,2026-06-01 05:55:04,557,VOICE,,4G,0.1,0.93
R08-0001654,8,Pinewood,+1-702-393-2652,+1-912-887-3462,2026-06-01 09:20:11,2796,VOICE,,5G,0.08,3.73
R08-0001655,8,Pinewood,+1-228-341-8790,+1-732-895-9832,2026-06-01 09:02:17,2739,VOICE,,4G,0.1,4.57
R08-0001656,8,Pinewood,+1-553-790-8630,+1-207-282-9644,2026-06-01 20:26:58,0,SMS,,3G,0.0,0.05
R08-0001657,8,Pinewood,+1-556-218-0325,+1-220-660-4744,2026-06-01 00:13:49,3173,VOICE,,5G,0.08,4.23
R08-0001658,8,Pinewood,+1-911-784-5556,,2026-06-01 02:14:28,7040,DATA,116622498,3G,0.0,1.17
R08-0001659,8,Pinewood,+1-885-441-7267,+1-634-719-8751,2026-06-01 10:31:31,550,VOICE,,4G,0.1,0.92
R08-0001660,8,Pinewood,+1-882-674-5525,+1-411-286-6192,2026-06-01 22:50:02,1412,VOICE,,5G,0.08,1.88
R08-0001661,8,Pinewood,+1-628-906-4607,+1-517-718-0592,2026-06-01 18:04:06,2739,VOICE,,4G,0.1,4.57
R08-0001662,8,Pinewood,+1-339-523-9050,+1-302-630-8531,2026-06-01 15:41:10,1121,VOICE,,4G,0.1,1.87
R08-0001663,8,Pinewood,+1-707-210-2982,+1-500-373-8098,2026-06-01 19:07:25,3188,VOICE,,3G,0.12,6.38
R08-0001664,8,Pinewood,+1-662-490-1561,,2026-06-01 10:17:21,952,DATA,466646366,5G,0.0,4.67
R08-0001665,8,Pinewood,+1-601-260-6242,+1-628-798-7664,2026-06-01 12:41:03,1775,VOICE,,4G,0.1,2.96
R08-0001666,8,Pinewood,+1-538-302-3413,+1-899-855-6656,2026-06-01 04:40:34,1089,VOICE,,4G,0.1,1.81
R08-0001667,8,Pinewood,+1-300-721-6793,+1-854-620-5079,2026-06-01 06:04:14,0,SMS,,3G,0.0,0.05
R08-0001668,8,Pinewood,+1-564-848-8118,,2026-06-01 10:38:47,3151,DATA,177085804,4G,0.0,1.77
R08-0001669,8,Pinewood,+1-810-629-1557,+1-942-902-4426,2026-06-01 17:55:13,3151,VOICE,,5G,0.08,4.2
R08-0001670,8,Pinewood,+1-952-395-5985,+1-458-642-5551,2026-06-01 12:33:20,3061,VOICE,,4G,0.1,5.1
R08-0001671,8,Pinewood,+1-557-379-1662,+1-800-515-3265,2026-06-01 03:44:51,0,SMS,,4G,0.0,0.05
R08-0001672,8,Pinewood,+1-576-477-5263,+1-695-346-9155,2026-06-01 17:34:06,0,SMS,,5G,0.0,0.05
R08-0001673,8,Pinewood,+1-287-290-1916,+1-890-922-4931,2026-06-01 13:13:24,2888,VOICE,,3G,0.12,5.78
R08-0001674,8,Pinewood,+1-354-755-0819,+1-449-984-9120,2026-06-01 11:30:15,1143,VOICE,,4G,0.1,1.91
R08-0001675,8,Pinewood,+1-886-633-8469,,2026-06-01 15:03:59,3998,DATA,473984646,4G,0.0,4.74
R08-0001676,8,Pinewood,+1-521-354-5456,+1-890-548-2131,2026-06-01 04:06:57,0,SMS,,4G,0.0,0.05
R08-0001677,8,Pinewood,+1-433-480-6611,+1-512-255-7184,2026-06-01 16:07:47,3005,VOICE,,4G,0.1,5.01
R08-0001678,8,Pinewood,+1-274-631-6417,+1-252-894-7418,2026-06-01 23:10:06,1859,VOICE,,3G,0.12,3.72
R08-0001679,8,Pinewood,+1-359-456-1376,,2026-06-01 05:20:13,292,DATA,56306186,4G,0.0,0.56
R08-0001680,8,Pinewood,+1-402-601-8679,+1-238-907-0629,2026-06-01 11:56:00,0,SMS,,4G,0.0,0.05
R08-0001681,8,Pinewood,+1-228-590-3201,+1-752-213-3865,2026-06-01 16:23:21,0,VOICE,,3G,0.12,0.0
R08-0001682,8,Pinewood,+1-774-770-3070,+1-913-491-1132,2026-06-01 16:08:40,1374,VOICE,,4G,0.1,2.29
R08-0001683,8,Pinewood,+1-891-471-5675,+1-758-602-3901,2026-06-01 08:55:20,1506,VOICE,,5G,0.08,2.01
R08-0001684,8,Pinewood,+1-612-694-8518,+1-565-782-3627,2026-06-01 01:48:02,3478,VOICE,,5G,0.08,4.64
R08-0001685,8,Pinewood,+1-235-634-4667,+1-716-285-0733,2026-06-01 03:34:57,0,SMS,,4G,0.0,0.05
R08-0001686,8,Pinewood,+1-346-572-4980,+1-652-596-9421,2026-06-01 23:39:34,0,SMS,,5G,0.0,0.05
R08-0001687,8,Pinewood,+1-566-200-8182,,2026-06-01 09:05:17,3844,DATA,268397986,4G,0.0,2.68
R08-0001688,8,Pinewood,+1-484-781-6621,+1-614-830-5912,2026-06-01 07:36:46,0,SMS,,5G,0.0,0.05
R08-0001689,8,Pinewood,+1-948-952-8812,+1-857-867-4610,2026-06-01 16:34:28,2239,VOICE,,4G,0.1,3.73
R08-0001690,8,Pinewood,+1-566-379-8494,+1-909-357-1457,2026-06-01 03:19:59,0,SMS,,4G,0.0,0.05
R08-0001691,8,Pinewood,+1-338-275-9528,+1-782-318-3371,2026-06-01 19:47:24,0,SMS,,4G,0.0,0.05
R08-0001692,8,Pinewood,+1-434-862-6914,+1-229-517-9934,2026-06-01 14:59:54,1968,VOICE,,5G,0.08,2.62
R08-0001693,8,Pinewood,+1-384-915-3045,+1-538-984-4865,2026-06-01 00:13:36,2700,VOICE,,4G,0.1,4.5
R08-0001694,8,Pinewood,+1-690-272-4547,+1-356-327-2464,2026-06-01 15:35:57,3324,VOICE,,3G,0.12,6.65
R08-0001695,8,Pinewood,+1-250-869-0671,+1-233-217-8533,2026-06-01 06:08:09,2847,VOICE,,4G,0.1,4.75
R08-0001696,8,Pinewood,+1-884-267-9796,+1-758-548-0185,2026-06-01 22:32:24,1949,VOICE,,4G,0.1,3.25
R08-0001697,8,Pinewood,+1-378-927-7284,+1-380-392-3280,2026-06-01 15:04:44,2365,VOICE,,5G,0.08,3.15
R08-0001698,8,Pinewood,+1-802-630-7676,+1-534-696-4642,2026-06-01 22:21:44,1078,VOICE,,4G,0.1,1.8
R08-0001699,8,Pinewood,+1-661-573-6557,+1-369-737-1836,2026-06-01 23:36:48,0,SMS,,5G,0.0,0.05
R08-0001700,8,Pinewood,+1-558-512-3155,+1-220-662-3313,2026-06-01 07:34:59,718,VOICE,,3G,0.12,1.44
R08-0001701,8,Pinewood,+1-548-624-5196,,2026-06-01 06:15:00,1273,DATA,121702431,4G,0.0,1.22
R08-0001702,8,Pinewood,+1-356-798-6993,,2026-06-01 18:49:02,2154,DATA,217041142,4G,0.0,2.17
R08-0001703,8,Pinewood,+1-734-977-2403,+1-510-747-3906,2026-06-01 10:30:41,1830,VOICE,,5G,0.08,2.44
R08-0001704,8,Pinewood,+1-981-461-0000,+1-623-585-3909,2026-06-01 04:11:23,283,VOICE,,4G,0.1,0.47
R08-0001705,8,Pinewood,+1-875-780-5575,+1-645-985-3971,2026-06-01 05:31:03,0,SMS,,4G,0.0,0.05
R08-0001706,8,Pinewood,+1-434-870-1195,+1-401-472-9375,2026-06-01 11:04:10,0,SMS,,5G,0.0,0.05
R08-0001707,8,Pinewood,+1-315-721-9016,+1-588-809-5767,2026-06-01 13:50:01,1267,VOICE,,5G,0.08,1.69
R08-0001708,8,Pinewood,+1-675-593-0217,+1-257-873-6615,2026-06-01 21:49:59,2591,VOICE,,4G,0.1,4.32
R08-0001709,8,Pinewood,+1-785-380-1635,,2026-06-01 01:42:45,2037,DATA,59039675,3G,0.0,0.59
R08-0001710,8,Pinewood,+1-644-657-6567,+1-606-907-4199,2026-06-01 22:57:05,860,VOICE,,5G,0.08,1.15
R08-0001711,8,Pinewood,+1-583-391-7628,+1-600-863-3473,2026-06-01 08:24:36,0,SMS,,4G,0.0,0.05
R08-0001712,8,Pinewood,+1-604-469-0529,+1-483-248-6470,2026-06-01 22:25:31,1292,VOICE,,4G,0.1,2.15
R08-0001713,8,Pinewood,+1-633-775-8435,+1-551-800-7518,2026-06-01 18:30:41,308,VOICE,,5G,0.08,0.41
R08-0001714,8,Pinewood,+1-502-996-2176,+1-211-899-9054,2026-06-01 06:53:50,900,VOICE,,5G,0.08,1.2
R08-0001715,8,Pinewood,+1-595-405-4384,,2026-06-01 17:07:33,3006,DATA,214117476,3G,0.0,2.14
R08-0001716,8,Pinewood,+1-904-956-7102,+1-452-527-8950,2026-06-01 10:45:03,0,SMS,,4G,0.0,0.05
R08-0001717,8,Pinewood,+1-395-911-7733,,2026-06-01 22:18:49,6878,DATA,103535032,5G,0.0,1.04
R08-0001718,8,Pinewood,+1-336-688-1754,+1-282-762-1022,2026-06-01 01:49:12,2935,VOICE,,3G,0.12,5.87
R08-0001719,8,Pinewood,+1-729-498-9227,,2026-06-01 21:37:54,4664,DATA,94191036,3G,0.0,0.94
R08-0001720,8,Pinewood,+1-736-438-9609,+1-381-687-1878,2026-06-01 09:54:58,0,VOICE,,5G,0.08,0.0
R08-0001721,8,Pinewood,+1-827-656-9257,+1-894-601-8648,2026-06-01 02:12:44,0,SMS,,4G,0.0,0.05
R08-0001722,8,Pinewood,+1-582-400-7810,+1-210-763-6258,2026-06-01 18:14:48,0,SMS,,3G,0.0,0.05
R08-0001723,8,Pinewood,+1-721-664-6164,+1-621-602-7510,2026-06-01 13:56:39,0,SMS,,4G,0.0,0.05
R08-0001724,8,Pinewood,+1-662-385-3774,+1-885-581-9035,2026-06-01 10:35:08,1207,VOICE,,5G,0.08,1.61
R08-0001725,8,Pinewood,+1-730-975-1892,+1-235-336-5505,2026-06-01 10:48:31,0,SMS,,4G,0.0,0.05
R08-0001726,8,Pinewood,+1-676-799-8574,+1-822-978-1878,2026-06-01 08:41:25,1918,VOICE,,4G,0.1,3.2
R08-0001727,8,Pinewood,+1-528-543-1088,+1-713-445-7180,2026-06-01 21:07:08,3480,VOICE,,4G,0.1,5.8
R08-0001728,8,Pinewood,+1-444-580-0459,+1-392-296-6377,2026-06-01 10:41:44,646,VOICE,,4G,0.1,1.08
R08-0001729,8,Pinewood,+1-774-230-3855,+1-354-749-6463,2026-06-01 18:10:44,0,SMS,,5G,0.0,0.05
R08-0001730,8,Pinewood,+1-607-868-3995,+1-500-228-4154,2026-06-01 06:24:27,1069,VOICE,,5G,0.08,1.43
R08-0001731,8,Pinewood,+1-217-203-8212,+1-652-703-5869,2026-06-01 07:03:42,3146,VOICE,,4G,0.1,5.24
R08-0001732,8,Pinewood,+1-899-407-8107,,2026-06-01 14:12:52,4068,DATA,464119827,4G,0.0,4.64
R08-0001733,8,Pinewood,+1-338-224-4558,+1-241-861-2524,2026-06-01 21:36:58,244,VOICE,,4G,0.1,0.41
R08-0001734,8,Pinewood,+1-504-431-5102,,2026-06-01 18:43:37,7082,DATA,329899483,3G,0.0,3.3
R08-0001735,8,Pinewood,+1-793-534-9477,+1-342-572-2206,2026-06-01 21:10:24,1563,VOICE,,3G,0.12,3.13
R08-0001736,8,Pinewood,+1-374-325-7042,+1-433-765-9923,2026-06-01 11:08:21,2235,VOICE,,4G,0.1,3.73
R08-0001737,8,Pinewood,+1-954-904-1577,,2026-06-01 07:25:21,636,DATA,451489230,5G,0.0,4.51
R08-0001738,8,Pinewood,+1-729-448-1541,,2026-06-01 06:38:18,1566,DATA,356472698,3G,0.0,3.56
R08-0001739,8,Pinewood,+1-210-676-3464,+1-710-984-4987,2026-06-01 21:36:15,105,VOICE,,4G,0.1,0.18
R08-0001740,8,Pinewood,+1-262-488-3858,+1-616-978-7561,2026-06-01 07:47:54,581,VOICE,,4G,0.1,0.97
R08-0001741,8,Pinewood,+1-218-654-6162,+1-269-611-5398,2026-06-01 02:01:35,1057,VOICE,,4G,0.1,1.76
R08-0001742,8,Pinewood,+1-247-963-9752,+1-878-566-8800,2026-06-01 23:36:50,0,SMS,,5G,0.0,0.05
R08-0001743,8,Pinewood,+1-255-755-0811,+1-352-896-5665,2026-06-01 17:56:45,0,SMS,,4G,0.0,0.05
R08-0001744,8,Pinewood,+1-901-315-8105,+1-329-761-6445,2026-06-01 05:27:52,2389,VOICE,,4G,0.1,3.98
R08-0001745,8,Pinewood,+1-445-940-8422,+1-204-369-5506,2026-06-01 14:39:56,1866,VOICE,,4G,0.1,3.11
R08-0001746,8,Pinewood,+1-834-774-1880,+1-810-903-2885,2026-06-01 23:22:44,0,SMS,,5G,0.0,0.05
R08-0001747,8,Pinewood,+1-635-216-9936,+1-709-916-4124,2026-06-01 19:04:05,0,SMS,,3G,0.0,0.05
R08-0001748,8,Pinewood,+1-968-945-9592,+1-782-743-4837,2026-06-01 08:22:20,2641,VOICE,,3G,0.12,5.28
R08-0001749,8,Pinewood,+1-850-363-4976,,2026-06-01 14:10:39,4740,DATA,361926078,4G,0.0,3.62
R08-0001750,8,Pinewood,+1-545-620-3007,+1-507-941-9001,2026-06-01 01:33:06,2807,VOICE,,4G,0.1,4.68
R08-0001751,8,Pinewood,+1-762-344-5458,+1-258-808-9742,2026-06-01 19:43:07,0,SMS,,5G,0.0,0.05
R08-0001752,8,Pinewood,+1-332-433-5407,+1-742-517-5289,2026-06-01 06:52:38,2611,VOICE,,4G,0.1,4.35
R08-0001753,8,Pinewood,+1-871-535-0870,,2026-06-01 00:17:26,6733,DATA,371673724,4G,0.0,3.72
R08-0001754,8,Pinewood,+1-329-714-9573,+1-489-443-7711,2026-06-01 01:01:33,0,SMS,,4G,0.0,0.05
R08-0001755,8,Pinewood,+1-336-556-9434,+1-754-800-9853,2026-06-01 08:47:19,0,SMS,,5G,0.0,0.05
R08-0001756,8,Pinewood,+1-635-299-2256,+1-303-809-7077,2026-06-01 21:39:09,2298,VOICE,,3G,0.12,4.6
R08-0001757,8,Pinewood,+1-418-268-4179,,2026-06-01 13:37:51,1684,DATA,335329411,4G,0.0,3.35
R08-0001758,8,Pinewood,+1-444-344-2598,+1-585-464-3240,2026-06-01 23:41:33,3076,VOICE,,4G,0.1,5.13
R08-0001759,8,Pinewood,+1-905-389-2335,+1-495-526-9825,2026-06-01 08:34:40,2277,VOICE,,5G,0.08,3.04
R08-0001760,8,Pinewood,+1-225-360-8116,+1-866-911-8557,2026-06-01 01:55:27,0,SMS,,4G,0.0,0.05
R08-0001761,8,Pinewood,+1-428-971-3252,+1-250-878-7913,2026-06-01 05:58:16,1727,VOICE,,5G,0.08,2.3
R08-0001762,8,Pinewood,+1-867-714-7069,+1-783-201-7155,2026-06-01 03:35:48,0,SMS,,4G,0.0,0.05
R08-0001763,8,Pinewood,+1-376-483-4562,,2026-06-01 22:24:54,4802,DATA,400603370,4G,0.0,4.01
R08-0001764,8,Pinewood,+1-401-438-5595,+1-383-640-7431,2026-06-01 23:43:03,1570,VOICE,,5G,0.08,2.09
R08-0001765,8,Pinewood,+1-462-825-0620,,2026-06-01 17:27:38,2851,DATA,49095352,4G,0.0,0.49
R08-0001766,8,Pinewood,+1-439-352-3404,+1-215-695-3548,2026-06-01 03:38:37,0,SMS,,4G,0.0,0.05
R08-0001767,8,Pinewood,+1-452-518-5158,+1-232-581-1039,2026-06-01 15:22:06,2880,VOICE,,3G,0.12,5.76
R08-0001768,8,Pinewood,+1-616-656-1701,+1-731-230-8213,2026-06-01 08:49:44,0,SMS,,3G,0.0,0.05
R08-0001769,8,Pinewood,+1-761-428-1597,+1-662-938-1307,2026-06-01 20:34:45,0,SMS,,4G,0.0,0.05
R08-0001770,8,Pinewood,+1-478-270-2367,+1-238-862-0251,2026-06-01 00:12:22,2893,VOICE,,4G,0.1,4.82
R08-0001771,8,Pinewood,+1-556-813-3587,,2026-06-01 15:50:54,2917,DATA,351902699,4G,0.0,3.52
R08-0001772,8,Pinewood,+1-481-537-5261,+1-574-988-8614,2026-06-01 04:41:08,1297,VOICE,,5G,0.08,1.73
R08-0001773,8,Pinewood,+1-555-706-7012,+1-570-633-2761,2026-06-01 15:37:43,1009,VOICE,,4G,0.1,1.68
R08-0001774,8,Pinewood,+1-472-783-3852,+1-959-966-2067,2026-06-01 12:49:02,0,SMS,,4G,0.0,0.05
R08-0001775,8,Pinewood,+1-577-783-7872,+1-542-821-0079,2026-06-01 09:01:32,0,SMS,,5G,0.0,0.05
R08-0001776,8,Pinewood,+1-393-875-7364,+1-383-756-6565,2026-06-01 03:07:57,2248,VOICE,,4G,0.1,3.75
R08-0001777,8,Pinewood,+1-757-638-2185,,2026-06-01 06:18:36,3136,DATA,493061238,4G,0.0,4.93
R08-0001778,8,Pinewood,+1-728-574-1420,+1-396-280-3652,2026-06-01 15:35:28,3493,VOICE,,4G,0.1,5.82
R08-0001779,8,Pinewood,+1-521-788-0913,+1-502-376-3580,2026-06-01 15:18:07,2607,VOICE,,5G,0.08,3.48
R08-0001780,8,Pinewood,+1-214-345-2123,+1-593-358-2806,2026-06-01 00:42:35,174,VOICE,,4G,0.1,0.29
R08-0001781,8,Pinewood,+1-948-961-5638,+1-487-298-0767,2026-06-01 10:20:59,0,SMS,,4G,0.0,0.05
R08-0001782,8,Pinewood,+1-901-628-2852,+1-710-788-0440,2026-06-01 05:02:41,0,SMS,,4G,0.0,0.05
R08-0001783,8,Pinewood,+1-979-289-5829,+1-449-792-3723,2026-06-01 13:49:55,0,SMS,,4G,0.0,0.05
R08-0001784,8,Pinewood,+1-421-773-1836,,2026-06-01 08:06:14,4492,DATA,170388272,4G,0.0,1.7
R08-0001785,8,Pinewood,+1-318-202-5365,+1-925-963-5591,2026-06-01 06:32:27,1054,VOICE,,4G,0.1,1.76
R08-0001786,8,Pinewood,+1-370-228-6611,+1-989-452-4898,2026-06-01 08:35:22,0,SMS,,3G,0.0,0.05
R08-0001787,8,Pinewood,+1-861-610-6648,,2026-06-01 00:50:45,4288,DATA,238312939,4G,0.0,2.38
R08-0001788,8,Pinewood,+1-614-410-8105,,2026-06-01 08:46:36,1288,DATA,218511124,4G,0.0,2.19
R08-0001789,8,Pinewood,+1-347-314-6363,+1-499-917-2337,2026-06-01 06:29:24,1137,VOICE,,5G,0.08,1.52
R08-0001790,8,Pinewood,+1-800-301-4147,+1-888-459-0568,2026-06-01 07:23:22,800,VOICE,,5G,0.08,1.07
R08-0001791,8,Pinewood,+1-922-439-6140,,2026-06-01 04:50:44,6443,DATA,13578197,3G,0.0,0.14
R08-0001792,8,Pinewood,+1-786-484-6205,+1-293-311-2443,2026-06-01 16:54:50,850,VOICE,,4G,0.1,1.42
R08-0001793,8,Pinewood,+1-382-400-3062,+1-482-332-2193,2026-06-01 21:07:17,0,SMS,,4G,0.0,0.05
R08-0001794,8,Pinewood,+1-948-571-2657,+1-635-560-5836,2026-06-01 06:18:51,31,VOICE,,5G,0.08,0.04
R08-0001795,8,Pinewood,+1-479-357-8207,+1-262-295-5789,2026-06-01 13:06:56,0,SMS,,4G,0.0,0.05
R08-0001796,8,Pinewood,+1-520-374-1691,+1-897-800-4423,2026-06-01 04:20:21,3550,VOICE,,4G,0.1,5.92
R08-0001797,8,Pinewood,+1-830-391-2087,+1-486-250-1140,2026-06-01 11:11:50,2469,VOICE,,4G,0.1,4.12
R08-0001798,8,Pinewood,+1-484-417-4942,,2026-06-01 15:52:34,1633,DATA,181896206,4G,0.0,1.82
R08-0001799,8,Pinewood,+1-856-264-7585,+1-448-788-2546,2026-06-01 19:35:43,2855,VOICE,,4G,0.1,4.76
R08-0001800,8,Pinewood,+1-660-400-9499,,2026-06-01 18:20:45,6259,DATA,96019123,5G,0.0,0.96
R08-0001801,8,Pinewood,+1-363-201-2176,+1-399-265-7012,2026-06-01 17:10:43,3408,VOICE,,4G,0.1,5.68
R08-0001802,8,Pinewood,+1-767-651-1907,,2026-06-01 11:17:09,3802,DATA,265034668,5G,0.0,2.65
R08-0001803,8,Pinewood,+1-376-437-9879,+1-976-491-6365,2026-06-01 19:06:52,2143,VOICE,,5G,0.08,2.86
R08-0001804,8,Pinewood,+1-254-416-5922,+1-485-602-8864,2026-06-01 23:19:30,1773,VOICE,,5G,0.08,2.36
R08-0001805,8,Pinewood,+1-556-348-2013,+1-332-385-3725,2026-06-01 04:56:11,0,SMS,,4G,0.0,0.05
R08-0001806,8,Pinewood,+1-629-824-7421,+1-694-724-1577,2026-06-01 22:47:25,0,SMS,,4G,0.0,0.05
R08-0001807,8,Pinewood,+1-871-580-1710,+1-918-961-6286,2026-06-01 12:38:44,1014,VOICE,,4G,0.1,1.69
R08-0001808,8,Pinewood,+1-786-478-2100,+1-268-259-2562,2026-06-01 17:19:38,0,SMS,,4G,0.0,0.05
R08-0001809,8,Pinewood,+1-957-586-3989,+1-751-480-4273,2026-06-01 20:26:02,2076,VOICE,,4G,0.1,3.46
R08-0001810,8,Pinewood,+1-519-737-4960,,2026-06-01 14:31:47,6689,DATA,9851517,4G,0.0,0.1
R08-0001811,8,Pinewood,+1-827-847-9625,+1-835-816-6058,2026-06-01 00:26:35,0,SMS,,4G,0.0,0.05
R08-0001812,8,Pinewood,+1-504-479-5179,+1-205-647-3945,2026-06-01 08:28:29,0,SMS,,3G,0.0,0.05
R08-0001813,8,Pinewood,+1-592-356-1200,+1-245-485-3860,2026-06-01 10:53:28,1942,VOICE,,5G,0.08,2.59
R08-0001814,8,Pinewood,+1-752-422-0230,+1-419-633-5255,2026-06-01 04:37:50,0,SMS,,4G,0.0,0.05
R08-0001815,8,Pinewood,+1-645-325-5334,+1-289-756-4110,2026-06-01 03:37:45,0,SMS,,3G,0.0,0.05
R08-0001816,8,Pinewood,+1-760-612-0703,+1-632-305-1779,2026-06-01 23:13:05,0,SMS,,4G,0.0,0.05
R08-0001817,8,Pinewood,+1-615-517-1342,,2026-06-01 18:22:15,6386,DATA,288637205,4G,0.0,2.89
R08-0001818,8,Pinewood,+1-576-680-5156,+1-398-562-8689,2026-06-01 04:11:52,0,SMS,,4G,0.0,0.05
R08-0001819,8,Pinewood,+1-837-675-0080,,2026-06-01 16:30:43,7087,DATA,108336907,4G,0.0,1.08
R08-0001820,8,Pinewood,+1-824-762-6869,+1-714-671-7484,2026-06-01 15:36:45,415,VOICE,,3G,0.12,0.83
R08-0001821,8,Pinewood,+1-780-553-0861,+1-512-959-7605,2026-06-01 17:54:35,1841,VOICE,,4G,0.1,3.07
R08-0001822,8,Pinewood,+1-323-327-8654,+1-290-736-8300,2026-06-01 02:29:38,3268,VOICE,,5G,0.08,4.36
R08-0001823,8,Pinewood,+1-836-459-6986,+1-587-359-9107,2026-06-01 21:12:31,965,VOICE,,5G,0.08,1.29
R08-0001824,8,Pinewood,+1-927-262-3652,+1-859-977-7175,2026-06-01 00:29:03,2450,VOICE,,3G,0.12,4.9
R08-0001825,8,Pinewood,+1-615-655-4742,+1-670-921-5763,2026-06-01 16:30:18,1317,VOICE,,4G,0.1,2.19
R08-0001826,8,Pinewood,+1-384-365-8010,+1-380-963-8400,2026-06-01 15:19:06,143,VOICE,,4G,0.1,0.24
R08-0001827,8,Pinewood,+1-335-899-1886,+1-359-340-3211,2026-06-01 20:03:03,155,VOICE,,5G,0.08,0.21
R08-0001828,8,Pinewood,+1-237-588-6649,,2026-06-01 05:20:35,5412,DATA,17112829,4G,0.0,0.17
R08-0001829,8,Pinewood,+1-825-909-8516,,2026-06-01 04:18:21,6327,DATA,18852404,5G,0.0,0.19
R08-0001830,8,Pinewood,+1-502-327-7568,+1-864-577-6689,2026-06-01 13:18:12,0,SMS,,3G,0.0,0.05
R08-0001831,8,Pinewood,+1-839-422-7116,+1-865-595-7664,2026-06-01 00:55:08,0,SMS,,3G,0.0,0.05
R08-0001832,8,Pinewood,+1-295-932-2138,+1-491-530-9867,2026-06-01 18:39:59,0,SMS,,5G,0.0,0.05
R08-0001833,8,Pinewood,+1-434-426-6027,+1-799-894-0517,2026-06-01 04:39:36,2878,VOICE,,4G,0.1,4.8
R08-0001834,8,Pinewood,+1-508-995-5328,+1-363-482-7980,2026-06-01 16:45:15,0,SMS,,4G,0.0,0.05
R08-0001835,8,Pinewood,+1-447-967-9217,+1-357-220-1975,2026-06-01 06:21:37,3160,VOICE,,4G,0.1,5.27
R08-0001836,8,Pinewood,+1-987-921-7604,+1-944-690-9152,2026-06-01 20:14:07,1650,VOICE,,5G,0.08,2.2
R08-0001837,8,Pinewood,+1-319-382-2662,,2026-06-01 11:12:40,5777,DATA,39443078,4G,0.0,0.39
R08-0001838,8,Pinewood,+1-949-924-6860,,2026-06-01 07:11:08,2148,DATA,81027686,3G,0.0,0.81
R08-0001839,8,Pinewood,+1-564-791-0489,+1-427-487-8449,2026-06-01 04:46:23,2320,VOICE,,4G,0.1,3.87
R08-0001840,8,Pinewood,+1-705-789-8293,+1-969-634-1085,2026-06-01 00:14:38,0,SMS,,4G,0.0,0.05
R08-0001841,8,Pinewood,+1-869-275-4216,+1-853-930-9478,2026-06-01 16:21:14,3218,VOICE,,4G,0.1,5.36
R08-0001842,8,Pinewood,+1-666-283-0654,,2026-06-01 20:28:36,1367,DATA,456012532,4G,0.0,4.56
R08-0001843,8,Pinewood,+1-832-207-7182,+1-427-421-7819,2026-06-01 23:03:05,0,SMS,,3G,0.0,0.05
R08-0001844,8,Pinewood,+1-987-373-0493,+1-383-644-7622,2026-06-01 04:10:07,0,SMS,,3G,0.0,0.05
R08-0001845,8,Pinewood,+1-679-526-9507,+1-439-302-3765,2026-06-01 21:50:58,3543,VOICE,,4G,0.1,5.91
R08-0001846,8,Pinewood,+1-290-350-8366,+1-937-256-5788,2026-06-01 14:06:47,0,SMS,,3G,0.0,0.05
R08-0001847,8,Pinewood,+1-955-574-9080,+1-785-243-4139,2026-06-01 20:12:06,0,SMS,,4G,0.0,0.05
R08-0001848,8,Pinewood,+1-583-285-6568,,2026-06-01 00:55:41,508,DATA,13450117,5G,0.0,0.13
R08-0001849,8,Pinewood,+1-581-419-0903,,2026-06-01 09:33:46,907,DATA,363404699,5G,0.0,3.63
R08-0001850,8,Pinewood,+1-885-810-9586,,2026-06-01 21:22:01,830,DATA,475563019,4G,0.0,4.76
R08-0001851,8,Pinewood,+1-899-305-6844,+1-229-695-6929,2026-06-01 01:44:30,0,SMS,,4G,0.0,0.05
R08-0001852,8,Pinewood,+1-358-397-0970,+1-825-397-8767,2026-06-01 08:12:50,672,VOICE,,4G,0.1,1.12
R08-0001853,8,Pinewood,+1-732-338-0000,+1-754-973-2014,2026-06-01 18:28:17,0,SMS,,4G,0.0,0.05
R08-0001854,8,Pinewood,+1-409-626-7782,+1-705-348-7315,2026-06-01 20:28:05,0,SMS,,4G,0.0,0.05
R08-0001855,8,Pinewood,+1-811-253-8541,+1-598-213-6400,2026-06-01 13:19:27,2235,VOICE,,3G,0.12,4.47
R08-0001856,8,Pinewood,+1-406-430-8561,,2026-06-01 15:53:17,5711,DATA,315926944,5G,0.0,3.16
R08-0001857,8,Pinewood,+1-346-786-6204,+1-203-919-1782,2026-06-01 20:44:40,2321,VOICE,,4G,0.1,3.87
R08-0001858,8,Pinewood,+1-822-341-3216,+1-712-726-7220,2026-06-01 07:39:49,0,SMS,,5G,0.0,0.05
R08-0001859,8,Pinewood,+1-348-413-8521,+1-218-932-2412,2026-06-01 00:53:04,0,SMS,,5G,0.0,0.05
R08-0001860,8,Pinewood,+1-417-479-2058,,2026-06-01 20:16:52,6506,DATA,315363496,4G,0.0,3.15
R08-0001861,8,Pinewood,+1-978-980-7541,,2026-06-01 03:36:58,6187,DATA,371282790,3G,0.0,3.71
R08-0001862,8,Pinewood,+1-234-684-8538,+1-257-954-0438,2026-06-01 19:10:45,0,SMS,,4G,0.0,0.05
R08-0001863,8,Pinewood,+1-604-514-1080,+1-256-648-7594,2026-06-01 14:00:40,2782,VOICE,,4G,0.1,4.64
R08-0001864,8,Pinewood,+1-972-244-4624,+1-977-303-8185,2026-06-01 00:44:28,2108,VOICE,,3G,0.12,4.22
R08-0001865,8,Pinewood,+1-697-902-2725,+1-831-983-3593,2026-06-01 23:37:52,1848,VOICE,,3G,0.12,3.7
R08-0001866,8,Pinewood,+1-569-284-4214,+1-364-706-4945,2026-06-01 03:56:28,588,VOICE,,4G,0.1,0.98
R08-0001867,8,Pinewood,+1-687-605-1886,,2026-06-01 10:29:37,5284,DATA,461738852,4G,0.0,4.62
R08-0001868,8,Pinewood,+1-580-886-5282,,2026-06-01 15:03:39,1306,DATA,119335642,5G,0.0,1.19
R08-0001869,8,Pinewood,+1-745-391-3572,+1-277-558-2457,2026-06-01 09:28:44,552,VOICE,,4G,0.1,0.92
R08-0001870,8,Pinewood,+1-288-817-5363,,2026-06-01 06:55:39,4172,DATA,120131396,3G,0.0,1.2
R08-0001871,8,Pinewood,+1-613-454-4090,+1-652-394-4363,2026-06-01 14:48:37,0,SMS,,5G,0.0,0.05
R08-0001872,8,Pinewood,+1-704-291-7002,+1-663-577-5856,2026-06-01 13:01:43,0,SMS,,5G,0.0,0.05
R08-0001873,8,Pinewood,+1-782-393-3978,+1-423-206-0099,2026-06-01 02:52:33,585,VOICE,,4G,0.1,0.98
R08-0001874,8,Pinewood,+1-544-685-3043,+1-934-949-0800,2026-06-01 03:54:05,3195,VOICE,,4G,0.1,5.33
R08-0001875,8,Pinewood,+1-864-949-6163,+1-818-738-6282,2026-06-01 17:37:00,0,VOICE,,5G,0.08,0.0
R08-0001876,8,Pinewood,+1-651-900-0299,+1-495-949-5056,2026-06-01 05:30:04,0,SMS,,4G,0.0,0.05
R08-0001877,8,Pinewood,+1-984-815-9720,,2026-06-01 09:54:45,3692,DATA,375129656,3G,0.0,3.75
R08-0001878,8,Pinewood,+1-478-969-3916,+1-693-660-9987,2026-06-01 16:49:01,0,VOICE,,3G,0.12,0.0
R08-0001879,8,Pinewood,+1-973-392-3026,,2026-06-01 07:48:30,6801,DATA,327734353,4G,0.0,3.28
R08-0001880,8,Pinewood,+1-816-447-6802,+1-558-969-9992,2026-06-01 17:50:50,0,SMS,,5G,0.0,0.05
R08-0001881,8,Pinewood,+1-687-459-5852,+1-809-298-4063,2026-06-01 21:20:13,952,VOICE,,4G,0.1,1.59
R08-0001882,8,Pinewood,+1-600-460-8293,,2026-06-01 15:50:39,4530,DATA,104413930,3G,0.0,1.04
R08-0001883,8,Pinewood,+1-330-734-5737,+1-943-392-9049,2026-06-01 07:07:29,0,SMS,,3G,0.0,0.05
R08-0001884,8,Pinewood,+1-649-491-8215,+1-253-377-4790,2026-06-01 11:25:21,0,SMS,,3G,0.0,0.05
R08-0001885,8,Pinewood,+1-601-940-7536,+1-705-990-3475,2026-06-01 04:54:01,0,SMS,,4G,0.0,0.05
R08-0001886,8,Pinewood,+1-950-354-1119,+1-654-660-3934,2026-06-01 14:27:44,2255,VOICE,,4G,0.1,3.76
R08-0001887,8,Pinewood,+1-203-768-3293,+1-617-913-8163,2026-06-01 20:10:53,1574,VOICE,,4G,0.1,2.62
R08-0001888,8,Pinewood,+1-237-713-9063,,2026-06-01 00:43:58,7079,DATA,228166785,4G,0.0,2.28
R08-0001889,8,Pinewood,+1-555-354-2522,+1-913-958-1114,2026-06-01 14:00:36,0,SMS,,4G,0.0,0.05
R08-0001890,8,Pinewood,+1-282-940-8915,+1-549-350-1100,2026-06-01 20:08:34,0,SMS,,4G,0.0,0.05
R08-0001891,8,Pinewood,+1-647-834-1515,+1-269-323-1762,2026-06-01 00:33:56,0,SMS,,5G,0.0,0.05
R08-0001892,8,Pinewood,+1-936-551-7401,+1-349-600-5810,2026-06-01 12:15:32,0,SMS,,4G,0.0,0.05
R08-0001893,8,Pinewood,+1-902-676-1527,+1-557-784-8446,2026-06-01 00:51:06,0,SMS,,3G,0.0,0.05
R08-0001894,8,Pinewood,+1-413-440-0666,+1-500-953-7716,2026-06-01 09:51:10,499,VOICE,,5G,0.08,0.67
R08-0001895,8,Pinewood,+1-500-861-4250,+1-757-918-2647,2026-06-01 14:51:53,0,SMS,,5G,0.0,0.05
R08-0001896,8,Pinewood,+1-756-902-8782,,2026-06-01 12:35:55,1821,DATA,327378222,5G,0.0,3.27
R08-0001897,8,Pinewood,+1-536-927-2319,+1-411-210-1245,2026-06-01 13:45:33,2873,VOICE,,4G,0.1,4.79
R08-0001898,8,Pinewood,+1-341-439-1264,+1-442-961-0024,2026-06-01 03:39:46,0,SMS,,4G,0.0,0.05
R08-0001899,8,Pinewood,+1-367-952-5633,,2026-06-01 06:21:19,6580,DATA,165897765,4G,0.0,1.66
R08-0001900,8,Pinewood,+1-362-250-4544,+1-641-235-9701,2026-06-01 08:37:08,3239,VOICE,,4G,0.1,5.4
R08-0001901,8,Pinewood,+1-837-823-6481,+1-547-267-3884,2026-06-01 19:16:50,0,VOICE,,4G,0.1,0.0
R08-0001902,8,Pinewood,+1-367-992-8599,+1-499-285-2548,2026-06-01 08:40:00,0,SMS,,3G,0.0,0.05
R08-0001903,8,Pinewood,+1-262-823-0312,+1-588-393-0589,2026-06-01 11:26:14,0,SMS,,5G,0.0,0.05
R08-0001904,8,Pinewood,+1-298-831-4425,,2026-06-01 17:39:17,2033,DATA,8221384,4G,0.0,0.08
R08-0001905,8,Pinewood,+1-962-818-6247,+1-244-403-4640,2026-06-01 16:37:16,1036,VOICE,,5G,0.08,1.38
R08-0001906,8,Pinewood,+1-255-225-8487,+1-789-804-3617,2026-06-01 20:23:36,0,SMS,,4G,0.0,0.05
R08-0001907,8,Pinewood,+1-451-224-4321,+1-574-922-6697,2026-06-01 02:50:45,0,SMS,,3G,0.0,0.05
R08-0001908,8,Pinewood,+1-462-407-1301,+1-217-414-1865,2026-06-01 12:01:07,0,SMS,,4G,0.0,0.05
R08-0001909,8,Pinewood,+1-785-841-6683,+1-653-216-4666,2026-06-01 23:23:23,481,VOICE,,4G,0.1,0.8
R08-0001910,8,Pinewood,+1-302-672-8112,+1-814-284-7480,2026-06-01 18:27:02,16,VOICE,,4G,0.1,0.03
R08-0001911,8,Pinewood,+1-594-445-0130,+1-621-978-9176,2026-06-01 23:23:16,3195,VOICE,,4G,0.1,5.33
R08-0001912,8,Pinewood,+1-852-271-5581,+1-478-383-9665,2026-06-01 07:51:35,0,SMS,,4G,0.0,0.05
R08-0001913,8,Pinewood,+1-344-657-1412,+1-849-474-8803,2026-06-01 04:41:26,0,SMS,,5G,0.0,0.05
R08-0001914,8,Pinewood,+1-566-673-4391,+1-592-428-1966,2026-06-01 16:49:02,2041,VOICE,,4G,0.1,3.4
R08-0001915,8,Pinewood,+1-918-918-4898,+1-557-440-6932,2026-06-01 06:46:50,0,SMS,,3G,0.0,0.05
R08-0001916,8,Pinewood,+1-708-363-0709,+1-959-335-7997,2026-06-01 06:50:17,2417,VOICE,,5G,0.08,3.22
R08-0001917,8,Pinewood,+1-958-468-2809,+1-382-733-0203,2026-06-01 23:43:55,0,SMS,,5G,0.0,0.05
R08-0001918,8,Pinewood,+1-828-216-4381,,2026-06-01 15:32:53,3201,DATA,350368703,5G,0.0,3.5
R08-0001919,8,Pinewood,+1-416-768-9666,+1-952-222-2662,2026-06-01 04:16:57,812,VOICE,,4G,0.1,1.35
R08-0001920,8,Pinewood,+1-212-780-1618,+1-239-502-1848,2026-06-01 20:15:57,1775,VOICE,,5G,0.08,2.37
R08-0001921,8,Pinewood,+1-369-806-9959,+1-892-259-9177,2026-06-01 03:11:32,523,VOICE,,4G,0.1,0.87
R08-0001922,8,Pinewood,+1-255-939-5944,,2026-06-01 21:33:52,1913,DATA,363734135,4G,0.0,3.64
R08-0001923,8,Pinewood,+1-612-688-8876,+1-544-537-2705,2026-06-01 11:53:21,3556,VOICE,,3G,0.12,7.11
R08-0001924,8,Pinewood,+1-806-810-4137,+1-943-530-3556,2026-06-01 10:39:22,1596,VOICE,,5G,0.08,2.13
R08-0001925,8,Pinewood,+1-819-335-7666,+1-385-240-2857,2026-06-01 12:47:30,0,SMS,,5G,0.0,0.05
R08-0001926,8,Pinewood,+1-943-630-3479,+1-272-912-7227,2026-06-01 11:35:31,0,SMS,,4G,0.0,0.05
R08-0001927,8,Pinewood,+1-649-639-8479,+1-943-751-4008,2026-06-01 15:58:40,2843,VOICE,,4G,0.1,4.74
R08-0001928,8,Pinewood,+1-745-211-7820,+1-843-423-9883,2026-06-01 07:49:54,0,SMS,,5G,0.0,0.05
R08-0001929,8,Pinewood,+1-380-938-5806,+1-347-354-7928,2026-06-01 03:59:14,0,SMS,,5G,0.0,0.05
R08-0001930,8,Pinewood,+1-822-251-9528,+1-740-333-1171,2026-06-01 23:22:51,0,SMS,,4G,0.0,0.05
R08-0001931,8,Pinewood,+1-768-882-8311,,2026-06-01 07:55:02,1873,DATA,183403168,4G,0.0,1.83
R08-0001932,8,Pinewood,+1-612-378-8110,+1-875-326-0364,2026-06-01 03:29:47,736,VOICE,,5G,0.08,0.98
R08-0001933,8,Pinewood,+1-499-686-2052,,2026-06-01 14:24:03,6728,DATA,66600025,4G,0.0,0.67
R08-0001934,8,Pinewood,+1-521-513-6210,+1-308-515-6261,2026-06-01 03:10:13,1724,VOICE,,3G,0.12,3.45
R08-0001935,8,Pinewood,+1-445-569-4201,+1-424-801-3915,2026-06-01 21:46:30,1494,VOICE,,5G,0.08,1.99
R08-0001936,8,Pinewood,+1-390-844-9935,,2026-06-01 02:28:35,6065,DATA,320439792,4G,0.0,3.2
R08-0001937,8,Pinewood,+1-398-228-1879,,2026-06-01 22:08:24,2631,DATA,437295876,5G,0.0,4.37
R08-0001938,8,Pinewood,+1-406-359-2498,+1-539-357-2225,2026-06-01 03:28:38,2661,VOICE,,4G,0.1,4.44
R08-0001939,8,Pinewood,+1-913-836-2160,+1-898-400-3827,2026-06-01 14:40:19,429,VOICE,,3G,0.12,0.86
R08-0001940,8,Pinewood,+1-547-597-0354,+1-770-311-7097,2026-06-01 15:21:11,530,VOICE,,4G,0.1,0.88
R08-0001941,8,Pinewood,+1-351-842-6189,+1-508-927-0870,2026-06-01 01:04:09,0,SMS,,4G,0.0,0.05
R08-0001942,8,Pinewood,+1-378-562-0508,+1-299-369-7859,2026-06-01 08:54:03,1156,VOICE,,4G,0.1,1.93
R08-0001943,8,Pinewood,+1-794-533-5082,+1-241-438-9938,2026-06-01 06:46:38,372,VOICE,,5G,0.08,0.5
R08-0001944,8,Pinewood,+1-937-482-2096,+1-737-734-4591,2026-06-01 10:02:10,0,VOICE,,4G,0.1,0.0
R08-0001945,8,Pinewood,+1-209-350-7397,+1-686-397-2219,2026-06-01 03:53:13,855,VOICE,,5G,0.08,1.14
R08-0001946,8,Pinewood,+1-900-288-2002,+1-301-704-1030,2026-06-01 09:04:03,69,VOICE,,4G,0.1,0.11
R08-0001947,8,Pinewood,+1-836-998-5618,,2026-06-01 21:34:06,6098,DATA,156532271,4G,0.0,1.57
R08-0001948,8,Pinewood,+1-491-383-7977,+1-632-363-1981,2026-06-01 13:36:58,0,SMS,,5G,0.0,0.05
R08-0001949,8,Pinewood,+1-414-596-2374,,2026-06-01 19:11:36,1850,DATA,275107543,4G,0.0,2.75
R08-0001950,8,Pinewood,+1-476-256-5693,+1-609-242-0524,2026-06-01 22:29:18,1723,VOICE,,4G,0.1,2.87
R08-0001951,8,Pinewood,+1-615-353-3498,+1-968-326-8692,2026-06-01 18:56:21,0,SMS,,4G,0.0,0.05
R08-0001952,8,Pinewood,+1-856-659-5408,+1-249-580-9642,2026-06-01 08:13:25,0,SMS,,3G,0.0,0.05
R08-0001953,8,Pinewood,+1-231-736-7933,,2026-06-01 18:04:26,3364,DATA,105551721,4G,0.0,1.06
R08-0001954,8,Pinewood,+1-515-387-7148,+1-302-667-8655,2026-06-01 11:41:59,2335,VOICE,,4G,0.1,3.89
R08-0001955,8,Pinewood,+1-907-444-2479,,2026-06-01 06:20:11,5837,DATA,375295656,3G,0.0,3.75
R08-0001956,8,Pinewood,+1-204-416-0409,+1-479-221-9985,2026-06-01 07:34:09,339,VOICE,,3G,0.12,0.68
R08-0001957,8,Pinewood,+1-738-436-7392,+1-791-531-4658,2026-06-01 06:29:14,942,VOICE,,4G,0.1,1.57
R08-0001958,8,Pinewood,+1-771-937-8196,+1-828-717-9135,2026-06-01 10:19:42,2666,VOICE,,5G,0.08,3.55
R08-0001959,8,Pinewood,+1-230-415-4119,+1-816-763-0485,2026-06-01 05:36:16,0,SMS,,4G,0.0,0.05
R08-0001960,8,Pinewood,+1-965-649-7179,+1-625-466-4237,2026-06-01 16:38:09,3538,VOICE,,4G,0.1,5.9
R08-0001961,8,Pinewood,+1-933-273-1290,+1-827-809-4287,2026-06-01 04:57:41,1966,VOICE,,4G,0.1,3.28
R08-0001962,8,Pinewood,+1-295-409-2878,+1-926-345-2304,2026-06-01 05:16:53,0,SMS,,3G,0.0,0.05
R08-0001963,8,Pinewood,+1-604-279-3309,+1-917-349-2621,2026-06-01 23:22:05,2572,VOICE,,5G,0.08,3.43
R08-0001964,8,Pinewood,+1-848-890-5154,+1-903-484-6041,2026-06-01 03:11:09,3433,VOICE,,5G,0.08,4.58
R08-0001965,8,Pinewood,+1-319-504-3734,+1-946-730-9422,2026-06-01 15:09:48,2940,VOICE,,4G,0.1,4.9
R08-0001966,8,Pinewood,+1-270-962-2591,+1-441-214-6597,2026-06-01 17:14:53,0,SMS,,4G,0.0,0.05
R08-0001967,8,Pinewood,+1-882-578-3893,+1-218-543-2730,2026-06-01 02:04:31,2728,VOICE,,4G,0.1,4.55
R08-0001968,8,Pinewood,+1-942-523-1936,,2026-06-01 10:46:34,6530,DATA,19018814,5G,0.0,0.19
R08-0001969,8,Pinewood,+1-545-502-0557,+1-291-635-6417,2026-06-01 07:58:05,0,SMS,,5G,0.0,0.05
R08-0001970,8,Pinewood,+1-409-908-7739,,2026-06-01 04:02:29,2674,DATA,355653562,4G,0.0,3.56
R08-0001971,8,Pinewood,+1-517-782-8883,+1-211-307-3505,2026-06-01 12:58:37,167,VOICE,,3G,0.12,0.33
R08-0001972,8,Pinewood,+1-696-440-4914,+1-671-526-4509,2026-06-01 19:46:12,3509,VOICE,,4G,0.1,5.85
R08-0001973,8,Pinewood,+1-783-236-6436,+1-583-296-0181,2026-06-01 02:16:19,3030,VOICE,,4G,0.1,5.05
R08-0001974,8,Pinewood,+1-629-846-5363,+1-928-324-7404,2026-06-01 01:02:01,2076,VOICE,,4G,0.1,3.46
R08-0001975,8,Pinewood,+1-608-466-6827,+1-460-228-3447,2026-06-01 04:39:05,2462,VOICE,,4G,0.1,4.1
R08-0001976,8,Pinewood,+1-664-800-1801,+1-439-621-7616,2026-06-01 15:33:14,2649,VOICE,,5G,0.08,3.53
R08-0001977,8,Pinewood,+1-742-793-4969,,2026-06-01 18:35:50,4818,DATA,397718895,3G,0.0,3.98
R08-0001978,8,Pinewood,+1-605-294-2158,+1-908-923-1337,2026-06-01 18:56:59,588,VOICE,,4G,0.1,0.98
R08-0001979,8,Pinewood,+1-283-339-3828,+1-315-678-7937,2026-06-01 07:21:03,137,VOICE,,4G,0.1,0.23
R08-0001980,8,Pinewood,+1-284-216-4886,,2026-06-01 01:47:13,3303,DATA,1470597,4G,0.0,0.01
R08-0001981,8,Pinewood,+1-527-502-3652,,2026-06-01 18:40:32,2998,DATA,207905648,5G,0.0,2.08
R08-0001982,8,Pinewood,+1-680-217-6011,,2026-06-01 10:28:07,1447,DATA,340008533,4G,0.0,3.4
R08-0001983,8,Pinewood,+1-927-730-6643,+1-285-574-7432,2026-06-01 00:27:04,790,VOICE,,4G,0.1,1.32
R08-0001984,8,Pinewood,+1-774-700-9515,+1-217-420-3638,2026-06-01 06:16:09,2432,VOICE,,4G,0.1,4.05
R08-0001985,8,Pinewood,+1-839-223-0457,,2026-06-01 20:13:12,1238,DATA,141783424,4G,0.0,1.42
R08-0001986,8,Pinewood,+1-433-897-8322,+1-715-275-1688,2026-06-01 12:21:14,0,SMS,,4G,0.0,0.05
R08-0001987,8,Pinewood,+1-852-504-0351,,2026-06-01 21:24:46,114,DATA,106244845,3G,0.0,1.06
R08-0001988,8,Pinewood,+1-697-805-0143,+1-344-498-1282,2026-06-01 06:15:03,2385,VOICE,,5G,0.08,3.18
R08-0001989,8,Pinewood,+1-663-686-8906,,2026-06-01 00:37:18,3868,DATA,62414383,5G,0.0,0.62
R08-0001990,8,Pinewood,+1-341-662-4127,+1-453-687-9835,2026-06-01 05:24:14,2712,VOICE,,4G,0.1,4.52
R08-0001991,8,Pinewood,+1-239-592-5298,+1-621-484-5029,2026-06-01 12:38:02,0,SMS,,5G,0.0,0.05
R08-0001992,8,Pinewood,+1-733-987-1123,,2026-06-01 13:32:52,3060,DATA,57003696,3G,0.0,0.57
R08-0001993,8,Pinewood,+1-304-634-8157,,2026-06-01 22:20:35,6988,DATA,37040811,4G,0.0,0.37
R08-0001994,8,Pinewood,+1-779-718-3602,+1-393-446-9666,2026-06-01 02:46:42,0,SMS,,4G,0.0,0.05
R08-0001995,8,Pinewood,+1-229-247-6557,+1-481-777-1947,2026-06-01 13:49:55,0,SMS,,5G,0.0,0.05
R08-0001996,8,Pinewood,+1-941-412-3693,+1-729-803-2619,2026-06-01 22:46:32,3521,VOICE,,4G,0.1,5.87
R08-0001997,8,Pinewood,+1-442-939-3545,,2026-06-01 22:27:54,5575,DATA,311761451,5G,0.0,3.12
R08-0001998,8,Pinewood,+1-600-318-6560,+1-393-296-6972,2026-06-01 19:57:47,2234,VOICE,,4G,0.1,3.72
R08-0001999,8,Pinewood,+1-700-647-0392,+1-702-287-3541,2026-06-01 07:40:27,0,SMS,,4G,0.0,0.05
R08-0002000,8,Pinewood,+1-225-689-7552,+1-556-757-8835,2026-06-01 11:49:59,435,VOICE,,5G,0.08,0.58
R08-0002001,8,Pinewood,+1-494-510-9084,+1-424-331-1545,2026-06-01 14:59:18,3455,VOICE,,4G,0.1,5.76
R08-0002002,8,Pinewood,+1-980-298-2365,,2026-06-01 11:51:35,5910,DATA,181088284,5G,0.0,1.81
R08-0002003,8,Pinewood,+1-870-729-6039,+1-785-320-2156,2026-06-01 17:05:05,2833,VOICE,,3G,0.12,5.67
R08-0002004,8,Pinewood,+1-886-541-7186,+1-931-532-6075,2026-06-01 14:50:56,2942,VOICE,,4G,0.1,4.9
R08-0002005,8,Pinewood,+1-418-487-0326,+1-849-555-5655,2026-06-01 23:37:50,2220,VOICE,,4G,0.1,3.7
R08-0002006,8,Pinewood,+1-323-980-5555,+1-436-262-7580,2026-06-01 15:43:12,72,VOICE,,5G,0.08,0.1
R08-0002007,8,Pinewood,+1-352-326-6698,+1-915-862-5371,2026-06-01 03:41:17,327,VOICE,,4G,0.1,0.55
R08-0002008,8,Pinewood,+1-832-659-9975,+1-301-452-3238,2026-06-01 11:22:15,2995,VOICE,,3G,0.12,5.99
R08-0002009,8,Pinewood,+1-947-433-0684,+1-652-502-7751,2026-06-01 05:30:41,0,SMS,,4G,0.0,0.05
R08-0002010,8,Pinewood,+1-396-203-4860,+1-338-425-6962,2026-06-01 06:02:59,1773,VOICE,,4G,0.1,2.96
R08-0002011,8,Pinewood,+1-744-801-3895,+1-870-378-0007,2026-06-01 11:06:10,0,SMS,,4G,0.0,0.05
R08-0002012,8,Pinewood,+1-708-348-9576,+1-761-772-2381,2026-06-01 15:53:10,0,SMS,,4G,0.0,0.05
R08-0002013,8,Pinewood,+1-324-541-7740,+1-582-591-5457,2026-06-01 06:57:15,1623,VOICE,,3G,0.12,3.25
R08-0002014,8,Pinewood,+1-498-264-8577,+1-203-821-0111,2026-06-01 20:40:02,1322,VOICE,,4G,0.1,2.2
R08-0002015,8,Pinewood,+1-743-201-6970,,2026-06-01 13:16:36,1290,DATA,166061914,5G,0.0,1.66
R08-0002016,8,Pinewood,+1-445-354-7277,,2026-06-01 20:29:14,2401,DATA,11496417,4G,0.0,0.11
R08-0002017,8,Pinewood,+1-686-869-2509,,2026-06-01 14:26:37,2624,DATA,138808455,3G,0.0,1.39
R08-0002018,8,Pinewood,+1-602-401-4368,+1-541-969-0565,2026-06-01 20:51:30,3033,VOICE,,4G,0.1,5.05
R08-0002019,8,Pinewood,+1-388-395-8259,+1-579-211-6178,2026-06-01 06:01:17,2385,VOICE,,4G,0.1,3.98
R08-0002020,8,Pinewood,+1-590-789-8264,,2026-06-01 03:31:46,5085,DATA,446387855,5G,0.0,4.46
R08-0002021,8,Pinewood,+1-290-762-9957,+1-249-623-1826,2026-06-01 14:55:23,0,SMS,,4G,0.0,0.05
R08-0002022,8,Pinewood,+1-721-445-4680,+1-413-277-2617,2026-06-01 18:49:12,2635,VOICE,,5G,0.08,3.51
R08-0002023,8,Pinewood,+1-310-761-2895,,2026-06-01 10:23:01,6248,DATA,218958211,5G,0.0,2.19
R08-0002024,8,Pinewood,+1-521-574-6316,+1-768-809-0345,2026-06-01 20:59:13,333,VOICE,,3G,0.12,0.67
R08-0002025,8,Pinewood,+1-864-987-4087,+1-647-924-6986,2026-06-01 00:39:59,2634,VOICE,,4G,0.1,4.39
R08-0002026,8,Pinewood,+1-665-630-4040,+1-424-933-8521,2026-06-01 03:01:24,0,SMS,,5G,0.0,0.05
R08-0002027,8,Pinewood,+1-939-306-1142,+1-435-683-9982,2026-06-01 00:57:08,2764,VOICE,,5G,0.08,3.69
R08-0002028,8,Pinewood,+1-553-362-0136,+1-701-456-3072,2026-06-01 11:11:19,1383,VOICE,,4G,0.1,2.31
R08-0002029,8,Pinewood,+1-641-503-3259,,2026-06-01 00:04:45,300,DATA,400111395,4G,0.0,4.0
R08-0002030,8,Pinewood,+1-442-257-6931,+1-478-330-1671,2026-06-01 04:35:29,335,VOICE,,4G,0.1,0.56
R08-0002031,8,Pinewood,+1-584-975-8691,,2026-06-01 17:30:01,4398,DATA,98909068,4G,0.0,0.99
R08-0002032,8,Pinewood,+1-410-466-6255,+1-940-572-0549,2026-06-01 03:32:19,0,SMS,,3G,0.0,0.05
R08-0002033,8,Pinewood,+1-323-495-1978,+1-559-373-9818,2026-06-01 14:40:01,0,SMS,,3G,0.0,0.05
R08-0002034,8,Pinewood,+1-770-981-9056,+1-201-768-5141,2026-06-01 03:15:40,0,SMS,,3G,0.0,0.05
R08-0002035,8,Pinewood,+1-806-929-6827,+1-989-276-6150,2026-06-01 10:59:59,3296,VOICE,,3G,0.12,6.59
R08-0002036,8,Pinewood,+1-775-905-4035,+1-562-754-7079,2026-06-01 06:26:39,0,SMS,,5G,0.0,0.05
R08-0002037,8,Pinewood,+1-469-562-2256,+1-531-529-8215,2026-06-01 23:25:22,2326,VOICE,,4G,0.1,3.88
R08-0002038,8,Pinewood,+1-905-582-5780,+1-955-297-1274,2026-06-01 15:51:15,761,VOICE,,4G,0.1,1.27
R08-0002039,8,Pinewood,+1-289-573-1027,+1-790-786-1554,2026-06-01 08:42:46,0,SMS,,4G,0.0,0.05
R08-0002040,8,Pinewood,+1-428-947-6158,+1-462-959-6539,2026-06-01 11:36:18,0,SMS,,4G,0.0,0.05
R08-0002041,8,Pinewood,+1-864-979-8070,+1-448-474-0035,2026-06-01 05:30:14,0,SMS,,5G,0.0,0.05
R08-0002042,8,Pinewood,+1-373-501-4247,+1-954-771-8860,2026-06-01 17:15:09,0,SMS,,4G,0.0,0.05
R08-0002043,8,Pinewood,+1-845-551-4994,+1-567-697-2162,2026-06-01 07:29:44,0,SMS,,5G,0.0,0.05
R08-0002044,8,Pinewood,+1-920-449-7577,,2026-06-01 14:41:57,4011,DATA,161289679,3G,0.0,1.61
R08-0002045,8,Pinewood,+1-720-969-8233,+1-667-853-7175,2026-06-01 07:54:45,453,VOICE,,3G,0.12,0.91
R08-0002046,8,Pinewood,+1-827-565-9355,,2026-06-01 04:13:17,2780,DATA,233866122,5G,0.0,2.34
R08-0002047,8,Pinewood,+1-790-470-5171,+1-416-551-3807,2026-06-01 18:27:28,0,SMS,,5G,0.0,0.05
R08-0002048,8,Pinewood,+1-207-280-6149,+1-793-314-4374,2026-06-01 08:59:13,2952,VOICE,,4G,0.1,4.92
R08-0002049,8,Pinewood,+1-472-861-3609,+1-292-896-7452,2026-06-01 03:33:27,2135,VOICE,,4G,0.1,3.56
R08-0002050,8,Pinewood,+1-421-478-8057,,2026-06-01 08:29:50,1324,DATA,235952536,5G,0.0,2.36
R08-0002051,8,Pinewood,+1-899-856-8573,+1-839-539-0495,2026-06-01 20:13:40,162,VOICE,,4G,0.1,0.27
R08-0002052,8,Pinewood,+1-553-246-6775,+1-987-747-4095,2026-06-01 02:07:37,0,SMS,,4G,0.0,0.05
R08-0002053,8,Pinewood,+1-200-977-8139,+1-436-535-3977,2026-06-01 17:27:02,3446,VOICE,,4G,0.1,5.74
R08-0002054,8,Pinewood,+1-762-720-6858,+1-281-308-2909,2026-06-01 16:51:02,1889,VOICE,,5G,0.08,2.52
R08-0002055,8,Pinewood,+1-374-388-5732,,2026-06-01 17:36:58,4362,DATA,309196145,4G,0.0,3.09
R08-0002056,8,Pinewood,+1-777-464-8922,+1-808-364-1658,2026-06-01 05:54:20,1763,VOICE,,4G,0.1,2.94
R08-0002057,8,Pinewood,+1-538-221-0844,,2026-06-01 14:18:37,6092,DATA,155045167,4G,0.0,1.55
R08-0002058,8,Pinewood,+1-386-777-6433,+1-387-327-5487,2026-06-01 19:33:56,2270,VOICE,,4G,0.1,3.78
R08-0002059,8,Pinewood,+1-625-435-9051,+1-236-615-2315,2026-06-01 14:49:16,0,SMS,,4G,0.0,0.05
R08-0002060,8,Pinewood,+1-535-832-6309,+1-499-851-2649,2026-06-01 16:49:13,0,SMS,,5G,0.0,0.05
R08-0002061,8,Pinewood,+1-465-229-3011,+1-512-280-3860,2026-06-01 23:59:58,2620,VOICE,,4G,0.1,4.37
R08-0002062,8,Pinewood,+1-704-761-0081,+1-468-685-4999,2026-06-01 13:54:05,0,SMS,,5G,0.0,0.05
R08-0002063,8,Pinewood,+1-237-457-0894,+1-250-433-5226,2026-06-01 05:57:44,0,SMS,,4G,0.0,0.05
R08-0002064,8,Pinewood,+1-609-472-6918,+1-969-681-5966,2026-06-01 11:07:31,0,VOICE,,4G,0.1,0.0
R08-0002065,8,Pinewood,+1-544-660-7384,+1-439-721-8228,2026-06-01 03:37:31,1410,VOICE,,5G,0.08,1.88
R08-0002066,8,Pinewood,+1-330-349-3125,+1-796-307-9324,2026-06-01 06:35:34,3569,VOICE,,4G,0.1,5.95
R08-0002067,8,Pinewood,+1-952-896-4232,+1-650-300-0578,2026-06-01 12:18:48,2309,VOICE,,4G,0.1,3.85
R08-0002068,8,Pinewood,+1-767-968-1014,+1-800-801-1581,2026-06-01 21:27:58,0,SMS,,4G,0.0,0.05
R08-0002069,8,Pinewood,+1-305-648-8279,+1-968-328-1555,2026-06-01 17:22:00,3347,VOICE,,5G,0.08,4.46
R08-0002070,8,Pinewood,+1-877-306-0563,+1-680-874-1464,2026-06-01 17:17:28,0,SMS,,4G,0.0,0.05
R08-0002071,8,Pinewood,+1-937-227-5589,+1-719-852-4606,2026-06-01 07:30:04,468,VOICE,,5G,0.08,0.62
R08-0002072,8,Pinewood,+1-338-887-0979,+1-279-459-9619,2026-06-01 01:18:36,0,SMS,,4G,0.0,0.05
R08-0002073,8,Pinewood,+1-783-438-7706,+1-679-980-9085,2026-06-01 06:06:40,0,SMS,,4G,0.0,0.05
R08-0002074,8,Pinewood,+1-417-662-8180,,2026-06-01 04:36:38,2335,DATA,482340496,4G,0.0,4.82
R08-0002075,8,Pinewood,+1-600-310-8802,,2026-06-01 13:30:46,1697,DATA,427561778,5G,0.0,4.28
R08-0002076,8,Pinewood,+1-489-535-8442,+1-414-465-0479,2026-06-01 03:11:46,2300,VOICE,,4G,0.1,3.83
R08-0002077,8,Pinewood,+1-946-932-5687,+1-329-564-2461,2026-06-01 22:32:58,0,SMS,,4G,0.0,0.05
R08-0002078,8,Pinewood,+1-235-566-3775,+1-392-675-5941,2026-06-01 04:03:06,0,SMS,,4G,0.0,0.05
R08-0002079,8,Pinewood,+1-749-963-9926,+1-290-433-4525,2026-06-01 11:45:24,0,SMS,,4G,0.0,0.05
R08-0002080,8,Pinewood,+1-461-804-8468,,2026-06-01 08:20:10,5891,DATA,203888711,5G,0.0,2.04
R08-0002081,8,Pinewood,+1-705-771-5677,+1-965-903-7282,2026-06-01 14:33:13,0,SMS,,4G,0.0,0.05
R08-0002082,8,Pinewood,+1-584-347-8739,,2026-06-01 21:31:13,6708,DATA,232880659,4G,0.0,2.33
R08-0002083,8,Pinewood,+1-851-707-7205,+1-706-784-2951,2026-06-01 23:17:55,0,SMS,,5G,0.0,0.05
R08-0002084,8,Pinewood,+1-335-620-1697,+1-250-542-3737,2026-06-01 22:27:30,3349,VOICE,,3G,0.12,6.7
R08-0002085,8,Pinewood,+1-529-539-1937,+1-582-378-1722,2026-06-01 17:59:41,2376,VOICE,,4G,0.1,3.96
R08-0002086,8,Pinewood,+1-876-234-6441,+1-556-709-3619,2026-06-01 06:07:40,0,SMS,,5G,0.0,0.05
R08-0002087,8,Pinewood,+1-629-985-5567,,2026-06-01 21:28:28,3448,DATA,63615557,4G,0.0,0.64
R08-0002088,8,Pinewood,+1-942-253-4925,+1-489-943-8590,2026-06-01 05:30:26,0,SMS,,4G,0.0,0.05
R08-0002089,8,Pinewood,+1-408-947-2520,+1-816-241-0108,2026-06-01 18:04:14,2934,VOICE,,5G,0.08,3.91
R08-0002090,8,Pinewood,+1-238-718-6192,+1-763-288-1150,2026-06-01 06:56:19,0,SMS,,4G,0.0,0.05
R08-0002091,8,Pinewood,+1-661-518-9338,+1-283-937-1633,2026-06-01 19:40:10,0,SMS,,4G,0.0,0.05
R08-0002092,8,Pinewood,+1-733-259-6178,+1-543-681-8953,2026-06-01 03:52:49,0,SMS,,4G,0.0,0.05
R08-0002093,8,Pinewood,+1-358-776-9129,+1-216-880-8349,2026-06-01 00:46:47,2259,VOICE,,4G,0.1,3.77
R08-0002094,8,Pinewood,+1-701-664-4155,+1-605-353-1641,2026-06-01 15:03:47,1801,VOICE,,5G,0.08,2.4
R08-0002095,8,Pinewood,+1-942-349-9802,+1-474-917-5216,2026-06-01 00:29:46,3161,VOICE,,4G,0.1,5.27
R08-0002096,8,Pinewood,+1-792-467-6561,+1-808-881-4729,2026-06-01 08:57:10,2950,VOICE,,5G,0.08,3.93
R08-0002097,8,Pinewood,+1-494-527-5185,+1-333-208-6118,2026-06-01 14:27:11,0,SMS,,4G,0.0,0.05
R08-0002098,8,Pinewood,+1-736-457-0412,+1-774-358-4537,2026-06-01 13:01:42,0,SMS,,4G,0.0,0.05
R08-0002099,8,Pinewood,+1-330-634-3189,+1-881-285-5229,2026-06-01 02:16:11,0,SMS,,5G,0.0,0.05
R08-0002100,8,Pinewood,+1-593-408-4309,+1-988-238-4099,2026-06-01 16:45:40,2602,VOICE,,5G,0.08,3.47
R08-0002101,8,Pinewood,+1-537-899-8909,+1-385-709-1564,2026-06-01 12:34:37,0,SMS,,4G,0.0,0.05
R08-0002102,8,Pinewood,+1-832-587-5747,+1-920-921-2532,2026-06-01 20:54:00,0,SMS,,5G,0.0,0.05
R08-0002103,8,Pinewood,+1-325-733-7353,+1-239-882-7886,2026-06-01 08:41:20,1154,VOICE,,4G,0.1,1.92
R08-0002104,8,Pinewood,+1-352-234-4757,+1-905-515-5223,2026-06-01 13:12:19,0,SMS,,4G,0.0,0.05
R08-0002105,8,Pinewood,+1-745-518-4233,+1-282-615-5657,2026-06-01 04:52:52,2959,VOICE,,5G,0.08,3.95
R08-0002106,8,Pinewood,+1-358-873-1493,+1-453-951-8270,2026-06-01 00:16:47,2206,VOICE,,4G,0.1,3.68
R08-0002107,8,Pinewood,+1-200-718-3451,,2026-06-01 12:33:20,6395,DATA,387747810,4G,0.0,3.88
R08-0002108,8,Pinewood,+1-473-614-6191,+1-429-712-1777,2026-06-01 13:58:42,18,VOICE,,4G,0.1,0.03
R08-0002109,8,Pinewood,+1-953-691-4008,,2026-06-01 07:41:21,5984,DATA,262135011,3G,0.0,2.62
R08-0002110,8,Pinewood,+1-931-329-8378,+1-271-918-3092,2026-06-01 16:29:43,732,VOICE,,5G,0.08,0.98
R08-0002111,8,Pinewood,+1-203-796-8444,+1-715-792-6280,2026-06-01 02:43:52,856,VOICE,,4G,0.1,1.43
R08-0002112,8,Pinewood,+1-221-913-5242,+1-632-728-2924,2026-06-01 16:32:54,1774,VOICE,,5G,0.08,2.37
R08-0002113,8,Pinewood,+1-778-573-2762,+1-969-999-2367,2026-06-01 05:24:33,3403,VOICE,,4G,0.1,5.67
R08-0002114,8,Pinewood,+1-292-748-2037,+1-955-232-0315,2026-06-01 09:46:31,0,SMS,,5G,0.0,0.05
R08-0002115,8,Pinewood,+1-860-975-5909,+1-416-377-3723,2026-06-01 04:04:25,0,SMS,,4G,0.0,0.05
R08-0002116,8,Pinewood,+1-792-811-1883,+1-526-857-2611,2026-06-01 20:40:23,1762,VOICE,,4G,0.1,2.94
R08-0002117,8,Pinewood,+1-262-543-8585,+1-339-666-1674,2026-06-01 01:46:47,214,VOICE,,5G,0.08,0.29
R08-0002118,8,Pinewood,+1-578-891-6493,,2026-06-01 23:58:08,4781,DATA,15423962,3G,0.0,0.15
R08-0002119,8,Pinewood,+1-401-662-6922,+1-981-326-7552,2026-06-01 03:09:19,669,VOICE,,4G,0.1,1.11
R08-0002120,8,Pinewood,+1-234-248-1618,+1-203-613-7811,2026-06-01 14:55:01,0,SMS,,4G,0.0,0.05
